domain,split,path_a,path_b,sim,tau,same
market1501,0,/root/autodl-tmp/reid-data/market1501/Market-1501-v15.09.15/bounding_box_train/0470_c1s2_050471_01.jpg,/root/autodl-tmp/reid-data/market1501/Market-1501-v15.09.15/bounding_box_train/0470_c3s1_123358_01.jpg,0.7100819945335388,0.569092869758606,1
market1501,0,/root/autodl-tmp/reid-data/market1501/Market-1501-v15.09.15/bounding_box_train/0442_c3s1_109267_05.jpg,/root/autodl-tmp/reid-data/market1501/Market-1501-v15.09.15/bounding_box_train/0442_c5s1_111995_01.jpg,0.6945019960403442,0.569092869758606,1
market1501,0,/root/autodl-tmp/reid-data/market1501/Market-1501-v15.09.15/bounding_box_train/0704_c1s3_073681_01.jpg,/root/autodl-tmp/reid-data/market1501/Market-1501-v15.09.15/bounding_box_train/0704_c5s2_055680_01.jpg,0.652400553226471,0.569092869758606,1
market1501,0,/root/autodl-tmp/reid-data/market1501/Market-1501-v15.09.15/bounding_box_train/0303_c5s1_082623_01.jpg,/root/autodl-tmp/reid-data/market1501/Market-1501-v15.09.15/bounding_box_train/0303_c6s1_068151_02.jpg,0.6686275601387024,0.569092869758606,1
market1501,0,/root/autodl-tmp/reid-data/market1501/Market-1501-v15.09.15/bounding_box_train/0670_c1s3_058726_01.jpg,/root/autodl-tmp/reid-data/market1501/Market-1501-v15.09.15/bounding_box_train/0670_c2s2_041262_01.jpg,0.6515658497810364,0.569092869758606,1
market1501,0,/root/autodl-tmp/reid-data/market1501/Market-1501-v15.09.15/bounding_box_train/1176_c3s3_018953_02.jpg,/root/autodl-tmp/reid-data/market1501/Market-1501-v15.09.15/bounding_box_train/1176_c6s3_042692_06.jpg,0.5724008083343506,0.569092869758606,1
market1501,0,/root/autodl-tmp/reid-data/market1501/Market-1501-v15.09.15/bounding_box_train/1385_c2s3_039582_01.jpg,/root/autodl-tmp/reid-data/market1501/Market-1501-v15.09.15/bounding_box_train/1385_c6s4_002252_05.jpg,0.5998618602752686,0.569092869758606,1
market1501,0,/root/autodl-tmp/reid-data/market1501/Market-1501-v15.09.15/bounding_box_train/1408_c2s2_038112_01.jpg,/root/autodl-tmp/reid-data/market1501/Market-1501-v15.09.15/bounding_box_train/1408_c6s2_034968_01.jpg,0.6841152906417847,0.569092869758606,1
market1501,0,/root/autodl-tmp/reid-data/market1501/Market-1501-v15.09.15/bounding_box_train/1480_c1s6_014446_02.jpg,/root/autodl-tmp/reid-data/market1501/Market-1501-v15.09.15/bounding_box_train/1480_c5s3_063412_02.jpg,0.7131143808364868,0.569092869758606,1
market1501,0,/root/autodl-tmp/reid-data/market1501/Market-1501-v15.09.15/bounding_box_train/1263_c4s5_049785_02.jpg,/root/autodl-tmp/reid-data/market1501/Market-1501-v15.09.15/bounding_box_train/1263_c3s3_022878_04.jpg,0.6850529313087463,0.569092869758606,1
market1501,0,/root/autodl-tmp/reid-data/market1501/Market-1501-v15.09.15/bounding_box_train/0032_c1s1_002876_02.jpg,/root/autodl-tmp/reid-data/market1501/Market-1501-v15.09.15/bounding_box_train/0032_c6s1_002876_01.jpg,0.5424675941467285,0.569092869758606,1
market1501,0,/root/autodl-tmp/reid-data/market1501/Market-1501-v15.09.15/bounding_box_train/1094_c3s2_148169_03.jpg,/root/autodl-tmp/reid-data/market1501/Market-1501-v15.09.15/bounding_box_train/1094_c5s2_148474_02.jpg,0.6169570684432983,0.569092869758606,1
market1501,0,/root/autodl-tmp/reid-data/market1501/Market-1501-v15.09.15/bounding_box_train/0955_c3s2_119894_01.jpg,/root/autodl-tmp/reid-data/market1501/Market-1501-v15.09.15/bounding_box_train/0955_c5s2_120599_03.jpg,0.7981787919998169,0.569092869758606,1
market1501,0,/root/autodl-tmp/reid-data/market1501/Market-1501-v15.09.15/bounding_box_train/0648_c6s2_042493_01.jpg,/root/autodl-tmp/reid-data/market1501/Market-1501-v15.09.15/bounding_box_train/0648_c3s2_048412_01.jpg,0.5988834500312805,0.569092869758606,1
market1501,0,/root/autodl-tmp/reid-data/market1501/Market-1501-v15.09.15/bounding_box_train/0370_c2s1_087496_04.jpg,/root/autodl-tmp/reid-data/market1501/Market-1501-v15.09.15/bounding_box_train/0370_c3s1_095042_04.jpg,0.6176202893257141,0.569092869758606,1
market1501,0,/root/autodl-tmp/reid-data/market1501/Market-1501-v15.09.15/bounding_box_train/0739_c1s6_018771_01.jpg,/root/autodl-tmp/reid-data/market1501/Market-1501-v15.09.15/bounding_box_train/0739_c3s3_067669_02.jpg,0.6737001538276672,0.569092869758606,1
market1501,0,/root/autodl-tmp/reid-data/market1501/Market-1501-v15.09.15/bounding_box_train/0508_c3s2_081428_04.jpg,/root/autodl-tmp/reid-data/market1501/Market-1501-v15.09.15/bounding_box_train/0508_c6s2_075318_05.jpg,0.5920842289924622,0.569092869758606,1
market1501,0,/root/autodl-tmp/reid-data/market1501/Market-1501-v15.09.15/bounding_box_train/0384_c1s2_020566_02.jpg,/root/autodl-tmp/reid-data/market1501/Market-1501-v15.09.15/bounding_box_train/0384_c5s1_093273_04.jpg,0.691953182220459,0.569092869758606,1
market1501,0,/root/autodl-tmp/reid-data/market1501/Market-1501-v15.09.15/bounding_box_train/1320_c2s3_047307_02.jpg,/root/autodl-tmp/reid-data/market1501/Market-1501-v15.09.15/bounding_box_train/1320_c5s3_035890_03.jpg,0.7062930464744568,0.569092869758606,1
market1501,0,/root/autodl-tmp/reid-data/market1501/Market-1501-v15.09.15/bounding_box_train/1391_c5s3_047715_02.jpg,/root/autodl-tmp/reid-data/market1501/Market-1501-v15.09.15/bounding_box_train/1391_c6s3_070842_02.jpg,0.7438142895698547,0.569092869758606,1
market1501,0,/root/autodl-tmp/reid-data/market1501/Market-1501-v15.09.15/bounding_box_train/0332_c5s3_025565_04.jpg,/root/autodl-tmp/reid-data/market1501/Market-1501-v15.09.15/bounding_box_train/0332_c3s3_025203_06.jpg,0.7049749493598938,0.569092869758606,1
market1501,0,/root/autodl-tmp/reid-data/market1501/Market-1501-v15.09.15/bounding_box_train/1240_c2s3_014807_01.jpg,/root/autodl-tmp/reid-data/market1501/Market-1501-v15.09.15/bounding_box_train/1240_c5s3_019290_02.jpg,0.6475608348846436,0.569092869758606,1
market1501,0,/root/autodl-tmp/reid-data/market1501/Market-1501-v15.09.15/bounding_box_train/0407_c2s1_096646_01.jpg,/root/autodl-tmp/reid-data/market1501/Market-1501-v15.09.15/bounding_box_train/0407_c5s1_101273_01.jpg,0.652091383934021,0.569092869758606,1
market1501,0,/root/autodl-tmp/reid-data/market1501/Market-1501-v15.09.15/bounding_box_train/0709_c1s3_071151_01.jpg,/root/autodl-tmp/reid-data/market1501/Market-1501-v15.09.15/bounding_box_train/0709_c4s3_071479_01.jpg,0.7650335431098938,0.569092869758606,1
market1501,0,/root/autodl-tmp/reid-data/market1501/Market-1501-v15.09.15/bounding_box_train/0534_c2s1_160016_01.jpg,/root/autodl-tmp/reid-data/market1501/Market-1501-v15.09.15/bounding_box_train/0534_c3s1_159158_02.jpg,0.5781133770942688,0.569092869758606,1
market1501,0,/root/autodl-tmp/reid-data/market1501/Market-1501-v15.09.15/bounding_box_train/1079_c3s2_144069_04.jpg,/root/autodl-tmp/reid-data/market1501/Market-1501-v15.09.15/bounding_box_train/1079_c5s2_144824_02.jpg,0.8411837220191956,0.569092869758606,1
market1501,0,/root/autodl-tmp/reid-data/market1501/Market-1501-v15.09.15/bounding_box_train/0605_c4s3_031404_02.jpg,/root/autodl-tmp/reid-data/market1501/Market-1501-v15.09.15/bounding_box_train/0605_c5s2_057930_04.jpg,0.6905866861343384,0.569092869758606,1
market1501,0,/root/autodl-tmp/reid-data/market1501/Market-1501-v15.09.15/bounding_box_train/0810_c6s2_100168_06.jpg,/root/autodl-tmp/reid-data/market1501/Market-1501-v15.09.15/bounding_box_train/0810_c4s4_037235_01.jpg,0.7284440994262695,0.569092869758606,1
market1501,0,/root/autodl-tmp/reid-data/market1501/Market-1501-v15.09.15/bounding_box_train/1449_c3s3_058353_03.jpg,/root/autodl-tmp/reid-data/market1501/Market-1501-v15.09.15/bounding_box_train/1449_c4s6_009210_03.jpg,0.6396607160568237,0.569092869758606,1
market1501,0,/root/autodl-tmp/reid-data/market1501/Market-1501-v15.09.15/bounding_box_train/0639_c2s2_026462_01.jpg,/root/autodl-tmp/reid-data/market1501/Market-1501-v15.09.15/bounding_box_train/0639_c6s2_023843_01.jpg,0.6675261855125427,0.569092869758606,1
market1501,0,/root/autodl-tmp/reid-data/market1501/Market-1501-v15.09.15/bounding_box_train/0655_c3s2_063553_02.jpg,/root/autodl-tmp/reid-data/market1501/Market-1501-v15.09.15/bounding_box_train/0655_c6s2_030993_01.jpg,0.5677917003631592,0.569092869758606,1
market1501,0,/root/autodl-tmp/reid-data/market1501/Market-1501-v15.09.15/bounding_box_train/0895_c1s4_049681_04.jpg,/root/autodl-tmp/reid-data/market1501/Market-1501-v15.09.15/bounding_box_train/0895_c6s2_104118_03.jpg,0.7120614647865295,0.569092869758606,1
market1501,0,/root/autodl-tmp/reid-data/market1501/Market-1501-v15.09.15/bounding_box_train/1159_c5s3_021790_04.jpg,/root/autodl-tmp/reid-data/market1501/Market-1501-v15.09.15/bounding_box_train/1159_c6s3_044992_03.jpg,0.6510642766952515,0.569092869758606,1
market1501,0,/root/autodl-tmp/reid-data/market1501/Market-1501-v15.09.15/bounding_box_train/0915_c2s2_110357_03.jpg,/root/autodl-tmp/reid-data/market1501/Market-1501-v15.09.15/bounding_box_train/0915_c3s2_113828_02.jpg,0.7654200196266174,0.569092869758606,1
market1501,0,/root/autodl-tmp/reid-data/market1501/Market-1501-v15.09.15/bounding_box_train/1408_c1s3_055601_01.jpg,/root/autodl-tmp/reid-data/market1501/Market-1501-v15.09.15/bounding_box_train/1408_c2s3_060752_01.jpg,0.6826071739196777,0.569092869758606,1
market1501,0,/root/autodl-tmp/reid-data/market1501/Market-1501-v15.09.15/bounding_box_train/1097_c5s2_149224_03.jpg,/root/autodl-tmp/reid-data/market1501/Market-1501-v15.09.15/bounding_box_train/1097_c6s3_010892_02.jpg,0.6614537239074707,0.569092869758606,1
market1501,0,/root/autodl-tmp/reid-data/market1501/Market-1501-v15.09.15/bounding_box_train/0466_c3s1_120633_03.jpg,/root/autodl-tmp/reid-data/market1501/Market-1501-v15.09.15/bounding_box_train/0466_c5s1_121195_01.jpg,0.8650069832801819,0.569092869758606,1
market1501,0,/root/autodl-tmp/reid-data/market1501/Market-1501-v15.09.15/bounding_box_train/0299_c5s1_092773_02.jpg,/root/autodl-tmp/reid-data/market1501/Market-1501-v15.09.15/bounding_box_train/0299_c3s1_066592_02.jpg,0.7581533193588257,0.569092869758606,1
market1501,0,/root/autodl-tmp/reid-data/market1501/Market-1501-v15.09.15/bounding_box_train/0193_c1s1_060181_02.jpg,/root/autodl-tmp/reid-data/market1501/Market-1501-v15.09.15/bounding_box_train/0193_c2s1_037501_01.jpg,0.7777119874954224,0.569092869758606,1
market1501,0,/root/autodl-tmp/reid-data/market1501/Market-1501-v15.09.15/bounding_box_train/0615_c1s3_050101_01.jpg,/root/autodl-tmp/reid-data/market1501/Market-1501-v15.09.15/bounding_box_train/0615_c3s2_035437_01.jpg,0.7890271544456482,0.569092869758606,1
market1501,0,/root/autodl-tmp/reid-data/market1501/Market-1501-v15.09.15/bounding_box_train/1455_c3s3_058028_03.jpg,/root/autodl-tmp/reid-data/market1501/Market-1501-v15.09.15/bounding_box_train/1455_c2s3_051582_01.jpg,0.7996082305908203,0.569092869758606,1
market1501,0,/root/autodl-tmp/reid-data/market1501/Market-1501-v15.09.15/bounding_box_train/1232_c1s6_010291_03.jpg,/root/autodl-tmp/reid-data/market1501/Market-1501-v15.09.15/bounding_box_train/1232_c5s3_016240_02.jpg,0.68663090467453,0.569092869758606,1
market1501,0,/root/autodl-tmp/reid-data/market1501/Market-1501-v15.09.15/bounding_box_train/0820_c4s4_044010_03.jpg,/root/autodl-tmp/reid-data/market1501/Market-1501-v15.09.15/bounding_box_train/0820_c6s2_096293_01.jpg,0.8094682097434998,0.569092869758606,1
market1501,0,/root/autodl-tmp/reid-data/market1501/Market-1501-v15.09.15/bounding_box_train/0779_c3s2_081553_04.jpg,/root/autodl-tmp/reid-data/market1501/Market-1501-v15.09.15/bounding_box_train/0779_c6s2_121768_03.jpg,0.736757218837738,0.569092869758606,1
market1501,0,/root/autodl-tmp/reid-data/market1501/Market-1501-v15.09.15/bounding_box_train/0430_c4s2_033967_01.jpg,/root/autodl-tmp/reid-data/market1501/Market-1501-v15.09.15/bounding_box_train/0430_c5s1_107123_01.jpg,0.7696509957313538,0.569092869758606,1
market1501,0,/root/autodl-tmp/reid-data/market1501/Market-1501-v15.09.15/bounding_box_train/0762_c1s4_037856_03.jpg,/root/autodl-tmp/reid-data/market1501/Market-1501-v15.09.15/bounding_box_train/0762_c2s2_070707_05.jpg,0.7040049433708191,0.569092869758606,1
market1501,0,/root/autodl-tmp/reid-data/market1501/Market-1501-v15.09.15/bounding_box_train/0202_c1s5_014111_04.jpg,/root/autodl-tmp/reid-data/market1501/Market-1501-v15.09.15/bounding_box_train/0202_c2s2_146627_05.jpg,0.7595385313034058,0.569092869758606,1
market1501,0,/root/autodl-tmp/reid-data/market1501/Market-1501-v15.09.15/bounding_box_train/0380_c3s2_056762_03.jpg,/root/autodl-tmp/reid-data/market1501/Market-1501-v15.09.15/bounding_box_train/0380_c6s2_050893_02.jpg,0.617385745048523,0.569092869758606,1
market1501,0,/root/autodl-tmp/reid-data/market1501/Market-1501-v15.09.15/bounding_box_train/0652_c1s3_065201_02.jpg,/root/autodl-tmp/reid-data/market1501/Market-1501-v15.09.15/bounding_box_train/0652_c2s2_032637_01.jpg,0.7025336027145386,0.569092869758606,1
market1501,0,/root/autodl-tmp/reid-data/market1501/Market-1501-v15.09.15/bounding_box_train/0766_c1s4_014656_01.jpg,/root/autodl-tmp/reid-data/market1501/Market-1501-v15.09.15/bounding_box_train/0766_c5s2_082527_03.jpg,0.6779659986495972,0.569092869758606,1
market1501,0,/root/autodl-tmp/reid-data/market1501/Market-1501-v15.09.15/bounding_box_train/0762_c1s4_037681_02.jpg,/root/autodl-tmp/reid-data/market1501/Market-1501-v15.09.15/bounding_box_train/0762_c3s2_074353_01.jpg,0.7335304021835327,0.569092869758606,1
market1501,0,/root/autodl-tmp/reid-data/market1501/Market-1501-v15.09.15/bounding_box_train/0975_c3s3_085969_03.jpg,/root/autodl-tmp/reid-data/market1501/Market-1501-v15.09.15/bounding_box_train/0975_c6s4_012502_04.jpg,0.6111255884170532,0.569092869758606,1
market1501,0,/root/autodl-tmp/reid-data/market1501/Market-1501-v15.09.15/bounding_box_train/0306_c3s3_067144_07.jpg,/root/autodl-tmp/reid-data/market1501/Market-1501-v15.09.15/bounding_box_train/0306_c5s3_067612_01.jpg,0.7565379738807678,0.569092869758606,1
market1501,0,/root/autodl-tmp/reid-data/market1501/Market-1501-v15.09.15/bounding_box_train/1433_c1s6_010991_02.jpg,/root/autodl-tmp/reid-data/market1501/Market-1501-v15.09.15/bounding_box_train/1433_c6s3_079042_01.jpg,0.6018556356430054,0.569092869758606,1
market1501,0,/root/autodl-tmp/reid-data/market1501/Market-1501-v15.09.15/bounding_box_train/1335_c1s6_003116_01.jpg,/root/autodl-tmp/reid-data/market1501/Market-1501-v15.09.15/bounding_box_train/1335_c2s3_031757_02.jpg,0.748320996761322,0.569092869758606,1
market1501,0,/root/autodl-tmp/reid-data/market1501/Market-1501-v15.09.15/bounding_box_train/1000_c5s2_154899_03.jpg,/root/autodl-tmp/reid-data/market1501/Market-1501-v15.09.15/bounding_box_train/1000_c6s3_016067_05.jpg,0.6334144473075867,0.569092869758606,1
market1501,0,/root/autodl-tmp/reid-data/market1501/Market-1501-v15.09.15/bounding_box_train/0741_c1s4_006656_01.jpg,/root/autodl-tmp/reid-data/market1501/Market-1501-v15.09.15/bounding_box_train/0741_c6s2_068568_01.jpg,0.5236047506332397,0.569092869758606,1
market1501,0,/root/autodl-tmp/reid-data/market1501/Market-1501-v15.09.15/bounding_box_train/1135_c1s5_022486_01.jpg,/root/autodl-tmp/reid-data/market1501/Market-1501-v15.09.15/bounding_box_train/1135_c5s2_161724_01.jpg,0.7146396636962891,0.569092869758606,1
market1501,0,/root/autodl-tmp/reid-data/market1501/Market-1501-v15.09.15/bounding_box_train/0914_c3s2_118894_04.jpg,/root/autodl-tmp/reid-data/market1501/Market-1501-v15.09.15/bounding_box_train/0914_c2s2_116377_04.jpg,0.6436372399330139,0.569092869758606,1
market1501,0,/root/autodl-tmp/reid-data/market1501/Market-1501-v15.09.15/bounding_box_train/1471_c3s3_060178_02.jpg,/root/autodl-tmp/reid-data/market1501/Market-1501-v15.09.15/bounding_box_train/1471_c5s3_060465_01.jpg,0.6532354950904846,0.569092869758606,1
market1501,0,/root/autodl-tmp/reid-data/market1501/Market-1501-v15.09.15/bounding_box_train/0697_c6s2_046718_01.jpg,/root/autodl-tmp/reid-data/market1501/Market-1501-v15.09.15/bounding_box_train/0697_c3s2_052462_02.jpg,0.6870778799057007,0.569092869758606,1
market1501,0,/root/autodl-tmp/reid-data/market1501/Market-1501-v15.09.15/bounding_box_train/1474_c5s3_060890_08.jpg,/root/autodl-tmp/reid-data/market1501/Market-1501-v15.09.15/bounding_box_train/1474_c6s3_084317_02.jpg,0.5970089435577393,0.569092869758606,1
market1501,0,/root/autodl-tmp/reid-data/market1501/Market-1501-v15.09.15/bounding_box_train/0700_c4s3_067954_02.jpg,/root/autodl-tmp/reid-data/market1501/Market-1501-v15.09.15/bounding_box_train/0700_c6s2_048093_03.jpg,0.5885707139968872,0.569092869758606,1
market1501,0,/root/autodl-tmp/reid-data/market1501/Market-1501-v15.09.15/bounding_box_train/0332_c5s1_078648_01.jpg,/root/autodl-tmp/reid-data/market1501/Market-1501-v15.09.15/bounding_box_train/0332_c6s1_076451_03.jpg,0.7088876962661743,0.569092869758606,1
market1501,0,/root/autodl-tmp/reid-data/market1501/Market-1501-v15.09.15/bounding_box_train/0915_c1s4_053061_02.jpg,/root/autodl-tmp/reid-data/market1501/Market-1501-v15.09.15/bounding_box_train/0915_c3s2_118894_05.jpg,0.8106722235679626,0.569092869758606,1
market1501,0,/root/autodl-tmp/reid-data/market1501/Market-1501-v15.09.15/bounding_box_train/0629_c6s2_018268_01.jpg,/root/autodl-tmp/reid-data/market1501/Market-1501-v15.09.15/bounding_box_train/0629_c3s2_024212_04.jpg,0.6838933825492859,0.569092869758606,1
market1501,0,/root/autodl-tmp/reid-data/market1501/Market-1501-v15.09.15/bounding_box_train/0565_c1s4_052506_05.jpg,/root/autodl-tmp/reid-data/market1501/Market-1501-v15.09.15/bounding_box_train/0565_c3s2_003962_03.jpg,0.6858102679252625,0.569092869758606,1
market1501,0,/root/autodl-tmp/reid-data/market1501/Market-1501-v15.09.15/bounding_box_train/0224_c3s1_055217_01.jpg,/root/autodl-tmp/reid-data/market1501/Market-1501-v15.09.15/bounding_box_train/0224_c5s1_055998_01.jpg,0.7152513861656189,0.569092869758606,1
market1501,0,/root/autodl-tmp/reid-data/market1501/Market-1501-v15.09.15/bounding_box_train/0711_c3s2_085378_03.jpg,/root/autodl-tmp/reid-data/market1501/Market-1501-v15.09.15/bounding_box_train/0711_c5s2_086002_02.jpg,0.8407552242279053,0.569092869758606,1
market1501,0,/root/autodl-tmp/reid-data/market1501/Market-1501-v15.09.15/bounding_box_train/1318_c1s5_061666_02.jpg,/root/autodl-tmp/reid-data/market1501/Market-1501-v15.09.15/bounding_box_train/1318_c2s3_029307_01.jpg,0.5975584983825684,0.569092869758606,1
market1501,0,/root/autodl-tmp/reid-data/market1501/Market-1501-v15.09.15/bounding_box_train/0676_c3s2_057837_01.jpg,/root/autodl-tmp/reid-data/market1501/Market-1501-v15.09.15/bounding_box_train/0676_c5s2_058405_03.jpg,0.7594904899597168,0.569092869758606,1
market1501,0,/root/autodl-tmp/reid-data/market1501/Market-1501-v15.09.15/bounding_box_train/0104_c3s1_017076_02.jpg,/root/autodl-tmp/reid-data/market1501/Market-1501-v15.09.15/bounding_box_train/0104_c6s1_018001_01.jpg,0.6365545988082886,0.569092869758606,1
market1501,0,/root/autodl-tmp/reid-data/market1501/Market-1501-v15.09.15/bounding_box_train/0681_c3s2_049412_01.jpg,/root/autodl-tmp/reid-data/market1501/Market-1501-v15.09.15/bounding_box_train/0681_c5s2_054930_01.jpg,0.6937839984893799,0.569092869758606,1
market1501,0,/root/autodl-tmp/reid-data/market1501/Market-1501-v15.09.15/bounding_box_train/1231_c3s3_092819_03.jpg,/root/autodl-tmp/reid-data/market1501/Market-1501-v15.09.15/bounding_box_train/1231_c5s3_093362_03.jpg,0.8310161232948303,0.569092869758606,1
market1501,0,/root/autodl-tmp/reid-data/market1501/Market-1501-v15.09.15/bounding_box_train/1081_c3s2_149594_06.jpg,/root/autodl-tmp/reid-data/market1501/Market-1501-v15.09.15/bounding_box_train/1081_c4s5_015979_03.jpg,0.6800675988197327,0.569092869758606,1
market1501,0,/root/autodl-tmp/reid-data/market1501/Market-1501-v15.09.15/bounding_box_train/1200_c1s5_037566_01.jpg,/root/autodl-tmp/reid-data/market1501/Market-1501-v15.09.15/bounding_box_train/1200_c4s5_037885_01.jpg,0.7636768221855164,0.569092869758606,1
market1501,0,/root/autodl-tmp/reid-data/market1501/Market-1501-v15.09.15/bounding_box_train/0741_c3s2_074653_03.jpg,/root/autodl-tmp/reid-data/market1501/Market-1501-v15.09.15/bounding_box_train/0741_c5s2_067602_02.jpg,0.7272486090660095,0.569092869758606,1
market1501,0,/root/autodl-tmp/reid-data/market1501/Market-1501-v15.09.15/bounding_box_train/0254_c3s2_093203_01.jpg,/root/autodl-tmp/reid-data/market1501/Market-1501-v15.09.15/bounding_box_train/0254_c5s1_053401_02.jpg,0.7897648811340332,0.569092869758606,1
market1501,0,/root/autodl-tmp/reid-data/market1501/Market-1501-v15.09.15/bounding_box_train/0592_c3s2_039612_04.jpg,/root/autodl-tmp/reid-data/market1501/Market-1501-v15.09.15/bounding_box_train/0592_c6s2_033693_01.jpg,0.7270188331604004,0.569092869758606,1
market1501,0,/root/autodl-tmp/reid-data/market1501/Market-1501-v15.09.15/bounding_box_train/0665_c5s2_042080_02.jpg,/root/autodl-tmp/reid-data/market1501/Market-1501-v15.09.15/bounding_box_train/0665_c1s3_061901_01.jpg,0.5906865000724792,0.569092869758606,1
market1501,0,/root/autodl-tmp/reid-data/market1501/Market-1501-v15.09.15/bounding_box_train/1391_c5s3_047640_02.jpg,/root/autodl-tmp/reid-data/market1501/Market-1501-v15.09.15/bounding_box_train/1391_c3s3_047153_01.jpg,0.8907703161239624,0.569092869758606,1
market1501,0,/root/autodl-tmp/reid-data/market1501/Market-1501-v15.09.15/bounding_box_train/1336_c1s5_073416_03.jpg,/root/autodl-tmp/reid-data/market1501/Market-1501-v15.09.15/bounding_box_train/1336_c3s3_037978_01.jpg,0.8462247848510742,0.569092869758606,1
market1501,0,/root/autodl-tmp/reid-data/market1501/Market-1501-v15.09.15/bounding_box_train/0742_c2s2_072807_02.jpg,/root/autodl-tmp/reid-data/market1501/Market-1501-v15.09.15/bounding_box_train/0742_c3s2_075253_01.jpg,0.8157593011856079,0.569092869758606,1
market1501,0,/root/autodl-tmp/reid-data/market1501/Market-1501-v15.09.15/bounding_box_train/0466_c1s2_048146_02.jpg,/root/autodl-tmp/reid-data/market1501/Market-1501-v15.09.15/bounding_box_train/0466_c3s1_120733_02.jpg,0.6410998106002808,0.569092869758606,1
market1501,0,/root/autodl-tmp/reid-data/market1501/Market-1501-v15.09.15/bounding_box_train/0384_c2s1_090821_04.jpg,/root/autodl-tmp/reid-data/market1501/Market-1501-v15.09.15/bounding_box_train/0384_c5s1_091273_01.jpg,0.660328209400177,0.569092869758606,1
market1501,0,/root/autodl-tmp/reid-data/market1501/Market-1501-v15.09.15/bounding_box_train/0566_c3s2_004637_02.jpg,/root/autodl-tmp/reid-data/market1501/Market-1501-v15.09.15/bounding_box_train/0566_c6s2_007718_02.jpg,0.7284488081932068,0.569092869758606,1
market1501,0,/root/autodl-tmp/reid-data/market1501/Market-1501-v15.09.15/bounding_box_train/0685_c5s2_049655_03.jpg,/root/autodl-tmp/reid-data/market1501/Market-1501-v15.09.15/bounding_box_train/0685_c6s2_043368_02.jpg,0.6928327679634094,0.569092869758606,1
market1501,0,/root/autodl-tmp/reid-data/market1501/Market-1501-v15.09.15/bounding_box_train/0368_c3s1_085592_01.jpg,/root/autodl-tmp/reid-data/market1501/Market-1501-v15.09.15/bounding_box_train/0368_c6s1_086126_03.jpg,0.5954978466033936,0.569092869758606,1
market1501,0,/root/autodl-tmp/reid-data/market1501/Market-1501-v15.09.15/bounding_box_train/0432_c1s2_032516_01.jpg,/root/autodl-tmp/reid-data/market1501/Market-1501-v15.09.15/bounding_box_train/0432_c3s2_070328_02.jpg,0.8079528212547302,0.569092869758606,1
market1501,0,/root/autodl-tmp/reid-data/market1501/Market-1501-v15.09.15/bounding_box_train/0933_c3s2_132794_02.jpg,/root/autodl-tmp/reid-data/market1501/Market-1501-v15.09.15/bounding_box_train/0933_c6s2_110943_01.jpg,0.6553171873092651,0.569092869758606,1
market1501,0,/root/autodl-tmp/reid-data/market1501/Market-1501-v15.09.15/bounding_box_train/1250_c3s3_023078_05.jpg,/root/autodl-tmp/reid-data/market1501/Market-1501-v15.09.15/bounding_box_train/1250_c6s3_044217_03.jpg,0.6686812043190002,0.569092869758606,1
market1501,0,/root/autodl-tmp/reid-data/market1501/Market-1501-v15.09.15/bounding_box_train/0296_c1s1_066781_03.jpg,/root/autodl-tmp/reid-data/market1501/Market-1501-v15.09.15/bounding_box_train/0296_c3s1_070917_05.jpg,0.6980323195457458,0.569092869758606,1
market1501,0,/root/autodl-tmp/reid-data/market1501/Market-1501-v15.09.15/bounding_box_train/0666_c6s2_050518_04.jpg,/root/autodl-tmp/reid-data/market1501/Market-1501-v15.09.15/bounding_box_train/0666_c5s2_043030_02.jpg,0.7386434674263,0.569092869758606,1
market1501,0,/root/autodl-tmp/reid-data/market1501/Market-1501-v15.09.15/bounding_box_train/1443_c3s3_068594_03.jpg,/root/autodl-tmp/reid-data/market1501/Market-1501-v15.09.15/bounding_box_train/1443_c1s6_008341_01.jpg,0.6761813759803772,0.569092869758606,1
market1501,0,/root/autodl-tmp/reid-data/market1501/Market-1501-v15.09.15/bounding_box_train/1197_c1s5_046741_01.jpg,/root/autodl-tmp/reid-data/market1501/Market-1501-v15.09.15/bounding_box_train/1197_c3s3_010978_02.jpg,0.7038867473602295,0.569092869758606,1
market1501,0,/root/autodl-tmp/reid-data/market1501/Market-1501-v15.09.15/bounding_box_train/0754_c3s2_071703_01.jpg,/root/autodl-tmp/reid-data/market1501/Market-1501-v15.09.15/bounding_box_train/0754_c6s2_065893_01.jpg,0.6318333745002747,0.569092869758606,1
market1501,0,/root/autodl-tmp/reid-data/market1501/Market-1501-v15.09.15/bounding_box_train/0269_c1s1_061581_03.jpg,/root/autodl-tmp/reid-data/market1501/Market-1501-v15.09.15/bounding_box_train/0269_c4s1_059132_02.jpg,0.7858773469924927,0.569092869758606,1
market1501,0,/root/autodl-tmp/reid-data/market1501/Market-1501-v15.09.15/bounding_box_train/0037_c2s1_003176_01.jpg,/root/autodl-tmp/reid-data/market1501/Market-1501-v15.09.15/bounding_box_train/0037_c3s1_003151_01.jpg,0.6568741798400879,0.569092869758606,1
market1501,0,/root/autodl-tmp/reid-data/market1501/Market-1501-v15.09.15/bounding_box_train/0973_c2s2_137652_01.jpg,/root/autodl-tmp/reid-data/market1501/Market-1501-v15.09.15/bounding_box_train/0973_c5s2_140999_03.jpg,0.6879660487174988,0.569092869758606,1
market1501,0,/root/autodl-tmp/reid-data/market1501/Market-1501-v15.09.15/bounding_box_train/0132_c5s1_041151_02.jpg,/root/autodl-tmp/reid-data/market1501/Market-1501-v15.09.15/bounding_box_train/0132_c6s1_041101_01.jpg,0.7275495529174805,0.569092869758606,1
market1501,0,/root/autodl-tmp/reid-data/market1501/Market-1501-v15.09.15/bounding_box_train/0081_c4s5_063635_01.jpg,/root/autodl-tmp/reid-data/market1501/Market-1501-v15.09.15/bounding_box_train/0081_c1s1_013226_03.jpg,0.7522783279418945,0.569092869758606,1
market1501,0,/root/autodl-tmp/reid-data/market1501/Market-1501-v15.09.15/bounding_box_train/0216_c3s1_044601_03.jpg,/root/autodl-tmp/reid-data/market1501/Market-1501-v15.09.15/bounding_box_train/0216_c4s1_045201_03.jpg,0.7753311395645142,0.569092869758606,1
market1501,0,/root/autodl-tmp/reid-data/market1501/Market-1501-v15.09.15/bounding_box_train/0100_c4s5_013354_01.jpg,/root/autodl-tmp/reid-data/market1501/Market-1501-v15.09.15/bounding_box_train/0100_c6s3_011117_03.jpg,0.7310167551040649,0.569092869758606,1
market1501,0,/root/autodl-tmp/reid-data/market1501/Market-1501-v15.09.15/bounding_box_train/0408_c1s2_024566_02.jpg,/root/autodl-tmp/reid-data/market1501/Market-1501-v15.09.15/bounding_box_train/0408_c5s1_103898_05.jpg,0.705832839012146,0.569092869758606,1
market1501,0,/root/autodl-tmp/reid-data/market1501/Market-1501-v15.09.15/bounding_box_train/1244_c1s5_046291_03.jpg,/root/autodl-tmp/reid-data/market1501/Market-1501-v15.09.15/bounding_box_train/1244_c2s3_013832_02.jpg,0.6638265252113342,0.569092869758606,1
market1501,0,/root/autodl-tmp/reid-data/market1501/Market-1501-v15.09.15/bounding_box_train/0193_c2s1_059721_05.jpg,/root/autodl-tmp/reid-data/market1501/Market-1501-v15.09.15/bounding_box_train/0193_c6s1_059926_02.jpg,0.5759109854698181,0.569092869758606,1
market1501,0,/root/autodl-tmp/reid-data/market1501/Market-1501-v15.09.15/bounding_box_train/0139_c5s1_069023_01.jpg,/root/autodl-tmp/reid-data/market1501/Market-1501-v15.09.15/bounding_box_train/0139_c6s1_069301_01.jpg,0.6325094103813171,0.569092869758606,1
market1501,0,/root/autodl-tmp/reid-data/market1501/Market-1501-v15.09.15/bounding_box_train/1101_c1s5_014186_03.jpg,/root/autodl-tmp/reid-data/market1501/Market-1501-v15.09.15/bounding_box_train/1101_c5s2_150024_05.jpg,0.7113692164421082,0.569092869758606,1
market1501,0,/root/autodl-tmp/reid-data/market1501/Market-1501-v15.09.15/bounding_box_train/1344_c1s5_066391_01.jpg,/root/autodl-tmp/reid-data/market1501/Market-1501-v15.09.15/bounding_box_train/1344_c2s3_033882_05.jpg,0.6440408229827881,0.569092869758606,1
market1501,0,/root/autodl-tmp/reid-data/market1501/Market-1501-v15.09.15/bounding_box_train/0264_c5s1_061298_02.jpg,/root/autodl-tmp/reid-data/market1501/Market-1501-v15.09.15/bounding_box_train/0264_c6s1_060851_01.jpg,0.6871036291122437,0.569092869758606,1
market1501,0,/root/autodl-tmp/reid-data/market1501/Market-1501-v15.09.15/bounding_box_train/0384_c3s1_092567_04.jpg,/root/autodl-tmp/reid-data/market1501/Market-1501-v15.09.15/bounding_box_train/0384_c5s1_093273_04.jpg,0.783089280128479,0.569092869758606,1
market1501,0,/root/autodl-tmp/reid-data/market1501/Market-1501-v15.09.15/bounding_box_train/0269_c3s1_059067_02.jpg,/root/autodl-tmp/reid-data/market1501/Market-1501-v15.09.15/bounding_box_train/0269_c5s1_058673_07.jpg,0.8061243295669556,0.569092869758606,1
market1501,0,/root/autodl-tmp/reid-data/market1501/Market-1501-v15.09.15/bounding_box_train/0277_c3s1_065267_04.jpg,/root/autodl-tmp/reid-data/market1501/Market-1501-v15.09.15/bounding_box_train/0277_c6s1_065826_02.jpg,0.6845760941505432,0.569092869758606,1
market1501,0,/root/autodl-tmp/reid-data/market1501/Market-1501-v15.09.15/bounding_box_train/0592_c3s2_039612_04.jpg,/root/autodl-tmp/reid-data/market1501/Market-1501-v15.09.15/bounding_box_train/0592_c6s2_007893_01.jpg,0.6775676608085632,0.569092869758606,1
market1501,0,/root/autodl-tmp/reid-data/market1501/Market-1501-v15.09.15/bounding_box_train/1338_c1s5_068641_02.jpg,/root/autodl-tmp/reid-data/market1501/Market-1501-v15.09.15/bounding_box_train/1338_c3s3_038703_08.jpg,0.8032316565513611,0.569092869758606,1
market1501,0,/root/autodl-tmp/reid-data/market1501/Market-1501-v15.09.15/bounding_box_train/0441_c4s2_036892_01.jpg,/root/autodl-tmp/reid-data/market1501/Market-1501-v15.09.15/bounding_box_train/0441_c5s1_109673_02.jpg,0.7986007332801819,0.569092869758606,1
market1501,0,/root/autodl-tmp/reid-data/market1501/Market-1501-v15.09.15/bounding_box_train/0605_c1s4_017081_03.jpg,/root/autodl-tmp/reid-data/market1501/Market-1501-v15.09.15/bounding_box_train/0605_c5s2_058230_02.jpg,0.6951950192451477,0.569092869758606,1
market1501,0,/root/autodl-tmp/reid-data/market1501/Market-1501-v15.09.15/bounding_box_train/0685_c3s2_049337_02.jpg,/root/autodl-tmp/reid-data/market1501/Market-1501-v15.09.15/bounding_box_train/0685_c5s2_049680_02.jpg,0.7584341764450073,0.569092869758606,1
market1501,0,/root/autodl-tmp/reid-data/market1501/Market-1501-v15.09.15/bounding_box_train/0726_c1s4_021206_01.jpg,/root/autodl-tmp/reid-data/market1501/Market-1501-v15.09.15/bounding_box_train/0726_c5s2_082277_01.jpg,0.6645507216453552,0.569092869758606,1
market1501,0,/root/autodl-tmp/reid-data/market1501/Market-1501-v15.09.15/bounding_box_train/0197_c6s1_045126_05.jpg,/root/autodl-tmp/reid-data/market1501/Market-1501-v15.09.15/bounding_box_train/0197_c1s1_045276_07.jpg,0.7254359126091003,0.569092869758606,1
market1501,0,/root/autodl-tmp/reid-data/market1501/Market-1501-v15.09.15/bounding_box_train/0673_c3s2_044712_01.jpg,/root/autodl-tmp/reid-data/market1501/Market-1501-v15.09.15/bounding_box_train/0673_c6s2_041068_01.jpg,0.6286323070526123,0.569092869758606,1
market1501,0,/root/autodl-tmp/reid-data/market1501/Market-1501-v15.09.15/bounding_box_train/1132_c1s6_029271_01.jpg,/root/autodl-tmp/reid-data/market1501/Market-1501-v15.09.15/bounding_box_train/1132_c3s3_071419_01.jpg,0.7046306729316711,0.569092869758606,1
market1501,0,/root/autodl-tmp/reid-data/market1501/Market-1501-v15.09.15/bounding_box_train/0298_c4s1_065532_03.jpg,/root/autodl-tmp/reid-data/market1501/Market-1501-v15.09.15/bounding_box_train/0298_c5s1_071923_04.jpg,0.7869382500648499,0.569092869758606,1
market1501,0,/root/autodl-tmp/reid-data/market1501/Market-1501-v15.09.15/bounding_box_train/0676_c3s2_047862_02.jpg,/root/autodl-tmp/reid-data/market1501/Market-1501-v15.09.15/bounding_box_train/0676_c4s3_061929_01.jpg,0.7747064828872681,0.569092869758606,1
market1501,0,/root/autodl-tmp/reid-data/market1501/Market-1501-v15.09.15/bounding_box_train/0264_c1s1_061881_01.jpg,/root/autodl-tmp/reid-data/market1501/Market-1501-v15.09.15/bounding_box_train/0264_c5s1_061298_02.jpg,0.7603760957717896,0.569092869758606,1
market1501,0,/root/autodl-tmp/reid-data/market1501/Market-1501-v15.09.15/bounding_box_train/1111_c1s5_016361_01.jpg,/root/autodl-tmp/reid-data/market1501/Market-1501-v15.09.15/bounding_box_train/1111_c5s2_160199_02.jpg,0.7739327549934387,0.569092869758606,1
market1501,0,/root/autodl-tmp/reid-data/market1501/Market-1501-v15.09.15/bounding_box_train/0616_c1s3_047851_01.jpg,/root/autodl-tmp/reid-data/market1501/Market-1501-v15.09.15/bounding_box_train/0616_c3s2_033037_03.jpg,0.7922307252883911,0.569092869758606,1
market1501,0,/root/autodl-tmp/reid-data/market1501/Market-1501-v15.09.15/bounding_box_train/0430_c4s2_033942_01.jpg,/root/autodl-tmp/reid-data/market1501/Market-1501-v15.09.15/bounding_box_train/0430_c5s1_107073_01.jpg,0.7851109504699707,0.569092869758606,1
market1501,0,/root/autodl-tmp/reid-data/market1501/Market-1501-v15.09.15/bounding_box_train/0139_c1s2_002816_03.jpg,/root/autodl-tmp/reid-data/market1501/Market-1501-v15.09.15/bounding_box_train/0139_c5s1_023451_01.jpg,0.6793174147605896,0.569092869758606,1
market1501,0,/root/autodl-tmp/reid-data/market1501/Market-1501-v15.09.15/bounding_box_train/0224_c1s1_055956_01.jpg,/root/autodl-tmp/reid-data/market1501/Market-1501-v15.09.15/bounding_box_train/0224_c2s1_046426_07.jpg,0.6951092481613159,0.569092869758606,1
market1501,0,/root/autodl-tmp/reid-data/market1501/Market-1501-v15.09.15/bounding_box_train/0755_c2s2_071482_03.jpg,/root/autodl-tmp/reid-data/market1501/Market-1501-v15.09.15/bounding_box_train/0755_c3s2_074678_03.jpg,0.6191985011100769,0.569092869758606,1
market1501,0,/root/autodl-tmp/reid-data/market1501/Market-1501-v15.09.15/bounding_box_train/0002_c1s2_050821_02.jpg,/root/autodl-tmp/reid-data/market1501/Market-1501-v15.09.15/bounding_box_train/0002_c2s1_123141_01.jpg,0.6575126051902771,0.569092869758606,1
market1501,0,/root/autodl-tmp/reid-data/market1501/Market-1501-v15.09.15/bounding_box_train/0390_c2s1_091346_03.jpg,/root/autodl-tmp/reid-data/market1501/Market-1501-v15.09.15/bounding_box_train/0390_c5s1_116320_05.jpg,0.6024783849716187,0.569092869758606,1
market1501,0,/root/autodl-tmp/reid-data/market1501/Market-1501-v15.09.15/bounding_box_train/0677_c4s3_062479_01.jpg,/root/autodl-tmp/reid-data/market1501/Market-1501-v15.09.15/bounding_box_train/0677_c5s2_049030_04.jpg,0.6051307916641235,0.569092869758606,1
market1501,0,/root/autodl-tmp/reid-data/market1501/Market-1501-v15.09.15/bounding_box_train/0850_c1s4_047231_04.jpg,/root/autodl-tmp/reid-data/market1501/Market-1501-v15.09.15/bounding_box_train/0850_c2s2_104732_03.jpg,0.7383657693862915,0.569092869758606,1
market1501,0,/root/autodl-tmp/reid-data/market1501/Market-1501-v15.09.15/bounding_box_train/1407_c5s3_049990_01.jpg,/root/autodl-tmp/reid-data/market1501/Market-1501-v15.09.15/bounding_box_train/1407_c6s3_073142_02.jpg,0.6155102849006653,0.569092869758606,1
market1501,0,/root/autodl-tmp/reid-data/market1501/Market-1501-v15.09.15/bounding_box_train/0592_c5s2_040180_01.jpg,/root/autodl-tmp/reid-data/market1501/Market-1501-v15.09.15/bounding_box_train/0592_c6s2_033693_01.jpg,0.7523087859153748,0.569092869758606,1
market1501,0,/root/autodl-tmp/reid-data/market1501/Market-1501-v15.09.15/bounding_box_train/0499_c5s2_068502_01.jpg,/root/autodl-tmp/reid-data/market1501/Market-1501-v15.09.15/bounding_box_train/0499_c6s2_062118_03.jpg,0.6858242154121399,0.569092869758606,1
market1501,0,/root/autodl-tmp/reid-data/market1501/Market-1501-v15.09.15/bounding_box_train/0557_c3s2_008212_02.jpg,/root/autodl-tmp/reid-data/market1501/Market-1501-v15.09.15/bounding_box_train/0557_c6s2_002393_01.jpg,0.6944727301597595,0.569092869758606,1
market1501,0,/root/autodl-tmp/reid-data/market1501/Market-1501-v15.09.15/bounding_box_train/0309_c2s1_074371_01.jpg,/root/autodl-tmp/reid-data/market1501/Market-1501-v15.09.15/bounding_box_train/0309_c3s2_037587_04.jpg,0.6205669045448303,0.569092869758606,1
market1501,0,/root/autodl-tmp/reid-data/market1501/Market-1501-v15.09.15/bounding_box_train/0579_c3s2_012437_03.jpg,/root/autodl-tmp/reid-data/market1501/Market-1501-v15.09.15/bounding_box_train/0579_c2s2_009212_01.jpg,0.5896700024604797,0.569092869758606,1
market1501,0,/root/autodl-tmp/reid-data/market1501/Market-1501-v15.09.15/bounding_box_train/0639_c3s2_029662_01.jpg,/root/autodl-tmp/reid-data/market1501/Market-1501-v15.09.15/bounding_box_train/0639_c6s2_023868_01.jpg,0.6351259350776672,0.569092869758606,1
market1501,0,/root/autodl-tmp/reid-data/market1501/Market-1501-v15.09.15/bounding_box_train/0605_c6s2_051443_05.jpg,/root/autodl-tmp/reid-data/market1501/Market-1501-v15.09.15/bounding_box_train/0605_c3s2_017987_02.jpg,0.6777439713478088,0.569092869758606,1
market1501,0,/root/autodl-tmp/reid-data/market1501/Market-1501-v15.09.15/bounding_box_train/0620_c4s3_037479_05.jpg,/root/autodl-tmp/reid-data/market1501/Market-1501-v15.09.15/bounding_box_train/0620_c5s2_024105_03.jpg,0.7241058349609375,0.569092869758606,1
market1501,0,/root/autodl-tmp/reid-data/market1501/Market-1501-v15.09.15/bounding_box_train/0515_c1s2_069371_02.jpg,/root/autodl-tmp/reid-data/market1501/Market-1501-v15.09.15/bounding_box_train/0515_c4s2_068373_01.jpg,0.747442901134491,0.569092869758606,1
market1501,0,/root/autodl-tmp/reid-data/market1501/Market-1501-v15.09.15/bounding_box_train/0762_c3s2_097753_01.jpg,/root/autodl-tmp/reid-data/market1501/Market-1501-v15.09.15/bounding_box_train/0762_c5s2_098452_02.jpg,0.7928009629249573,0.569092869758606,1
market1501,0,/root/autodl-tmp/reid-data/market1501/Market-1501-v15.09.15/bounding_box_train/0666_c6s2_050443_01.jpg,/root/autodl-tmp/reid-data/market1501/Market-1501-v15.09.15/bounding_box_train/0666_c5s2_043030_02.jpg,0.6403185725212097,0.569092869758606,1
market1501,0,/root/autodl-tmp/reid-data/market1501/Market-1501-v15.09.15/bounding_box_train/0254_c1s4_032931_02.jpg,/root/autodl-tmp/reid-data/market1501/Market-1501-v15.09.15/bounding_box_train/0254_c3s1_054276_01.jpg,0.7668205499649048,0.569092869758606,1
market1501,0,/root/autodl-tmp/reid-data/market1501/Market-1501-v15.09.15/bounding_box_train/0914_c3s2_118894_04.jpg,/root/autodl-tmp/reid-data/market1501/Market-1501-v15.09.15/bounding_box_train/0914_c1s4_058786_02.jpg,0.7502707242965698,0.569092869758606,1
market1501,0,/root/autodl-tmp/reid-data/market1501/Market-1501-v15.09.15/bounding_box_train/0449_c2s1_148266_08.jpg,/root/autodl-tmp/reid-data/market1501/Market-1501-v15.09.15/bounding_box_train/0449_c3s1_148558_11.jpg,0.7862417101860046,0.569092869758606,1
market1501,0,/root/autodl-tmp/reid-data/market1501/Market-1501-v15.09.15/bounding_box_train/0594_c3s2_014037_01.jpg,/root/autodl-tmp/reid-data/market1501/Market-1501-v15.09.15/bounding_box_train/0594_c6s2_008068_01.jpg,0.5893919467926025,0.569092869758606,1
market1501,0,/root/autodl-tmp/reid-data/market1501/Market-1501-v15.09.15/bounding_box_train/1260_c3s3_062178_06.jpg,/root/autodl-tmp/reid-data/market1501/Market-1501-v15.09.15/bounding_box_train/1260_c6s3_085917_02.jpg,0.612043023109436,0.569092869758606,1
market1501,0,/root/autodl-tmp/reid-data/market1501/Market-1501-v15.09.15/bounding_box_train/0754_c5s2_072002_02.jpg,/root/autodl-tmp/reid-data/market1501/Market-1501-v15.09.15/bounding_box_train/0754_c6s2_086818_01.jpg,0.636711597442627,0.569092869758606,1
market1501,0,/root/autodl-tmp/reid-data/market1501/Market-1501-v15.09.15/bounding_box_train/1080_c6s3_006167_01.jpg,/root/autodl-tmp/reid-data/market1501/Market-1501-v15.09.15/bounding_box_train/1080_c2s2_141552_01.jpg,0.567821204662323,0.569092869758606,1
market1501,0,/root/autodl-tmp/reid-data/market1501/Market-1501-v15.09.15/bounding_box_train/0441_c4s2_036892_01.jpg,/root/autodl-tmp/reid-data/market1501/Market-1501-v15.09.15/bounding_box_train/0441_c5s1_109573_01.jpg,0.7287627458572388,0.569092869758606,1
market1501,0,/root/autodl-tmp/reid-data/market1501/Market-1501-v15.09.15/bounding_box_train/0707_c3s2_056012_01.jpg,/root/autodl-tmp/reid-data/market1501/Market-1501-v15.09.15/bounding_box_train/0707_c5s2_059252_02.jpg,0.7298582196235657,0.569092869758606,1
market1501,0,/root/autodl-tmp/reid-data/market1501/Market-1501-v15.09.15/bounding_box_train/1391_c6s3_076417_01.jpg,/root/autodl-tmp/reid-data/market1501/Market-1501-v15.09.15/bounding_box_train/1391_c1s6_004366_03.jpg,0.7295078039169312,0.569092869758606,1
market1501,0,/root/autodl-tmp/reid-data/market1501/Market-1501-v15.09.15/bounding_box_train/0202_c4s5_013354_02.jpg,/root/autodl-tmp/reid-data/market1501/Market-1501-v15.09.15/bounding_box_train/0202_c5s3_033715_05.jpg,0.8179522752761841,0.569092869758606,1
market1501,0,/root/autodl-tmp/reid-data/market1501/Market-1501-v15.09.15/bounding_box_train/0127_c4s3_074660_01.jpg,/root/autodl-tmp/reid-data/market1501/Market-1501-v15.09.15/bounding_box_train/0127_c6s1_021426_02.jpg,0.5433345437049866,0.569092869758606,1
market1501,0,/root/autodl-tmp/reid-data/market1501/Market-1501-v15.09.15/bounding_box_train/0741_c1s4_006556_01.jpg,/root/autodl-tmp/reid-data/market1501/Market-1501-v15.09.15/bounding_box_train/0741_c6s2_068618_01.jpg,0.6013335585594177,0.569092869758606,1
market1501,0,/root/autodl-tmp/reid-data/market1501/Market-1501-v15.09.15/bounding_box_train/0224_c3s1_046551_01.jpg,/root/autodl-tmp/reid-data/market1501/Market-1501-v15.09.15/bounding_box_train/0224_c6s1_055726_02.jpg,0.7337996363639832,0.569092869758606,1
market1501,0,/root/autodl-tmp/reid-data/market1501/Market-1501-v15.09.15/bounding_box_train/0444_c1s2_039046_01.jpg,/root/autodl-tmp/reid-data/market1501/Market-1501-v15.09.15/bounding_box_train/0444_c5s1_111870_03.jpg,0.6897820830345154,0.569092869758606,1
market1501,0,/root/autodl-tmp/reid-data/market1501/Market-1501-v15.09.15/bounding_box_train/0225_c5s1_054926_04.jpg,/root/autodl-tmp/reid-data/market1501/Market-1501-v15.09.15/bounding_box_train/0225_c3s1_046826_03.jpg,0.8300568461418152,0.569092869758606,1
market1501,0,/root/autodl-tmp/reid-data/market1501/Market-1501-v15.09.15/bounding_box_train/0954_c3s2_120069_02.jpg,/root/autodl-tmp/reid-data/market1501/Market-1501-v15.09.15/bounding_box_train/0954_c5s2_120449_11.jpg,0.6945261359214783,0.569092869758606,1
market1501,0,/root/autodl-tmp/reid-data/market1501/Market-1501-v15.09.15/bounding_box_train/0565_c4s3_017904_01.jpg,/root/autodl-tmp/reid-data/market1501/Market-1501-v15.09.15/bounding_box_train/0565_c6s3_052217_01.jpg,0.659775972366333,0.569092869758606,1
market1501,0,/root/autodl-tmp/reid-data/market1501/Market-1501-v15.09.15/bounding_box_train/0449_c2s1_148266_08.jpg,/root/autodl-tmp/reid-data/market1501/Market-1501-v15.09.15/bounding_box_train/0449_c1s2_039946_03.jpg,0.8298085927963257,0.569092869758606,1
market1501,0,/root/autodl-tmp/reid-data/market1501/Market-1501-v15.09.15/bounding_box_train/1421_c3s3_052928_06.jpg,/root/autodl-tmp/reid-data/market1501/Market-1501-v15.09.15/bounding_box_train/1421_c6s3_080892_02.jpg,0.6626789569854736,0.569092869758606,1
market1501,0,/root/autodl-tmp/reid-data/market1501/Market-1501-v15.09.15/bounding_box_train/0575_c3s2_081153_06.jpg,/root/autodl-tmp/reid-data/market1501/Market-1501-v15.09.15/bounding_box_train/0575_c5s2_081702_01.jpg,0.8013118505477905,0.569092869758606,1
market1501,0,/root/autodl-tmp/reid-data/market1501/Market-1501-v15.09.15/bounding_box_train/0605_c6s2_071343_02.jpg,/root/autodl-tmp/reid-data/market1501/Market-1501-v15.09.15/bounding_box_train/0605_c4s3_031304_01.jpg,0.5885568261146545,0.569092869758606,1
market1501,0,/root/autodl-tmp/reid-data/market1501/Market-1501-v15.09.15/bounding_box_train/1177_c5s3_007193_01.jpg,/root/autodl-tmp/reid-data/market1501/Market-1501-v15.09.15/bounding_box_train/1177_c6s3_042692_03.jpg,0.7359931468963623,0.569092869758606,1
market1501,0,/root/autodl-tmp/reid-data/market1501/Market-1501-v15.09.15/bounding_box_train/1437_c3s3_055978_03.jpg,/root/autodl-tmp/reid-data/market1501/Market-1501-v15.09.15/bounding_box_train/1437_c4s6_011735_01.jpg,0.7724393010139465,0.569092869758606,1
market1501,0,/root/autodl-tmp/reid-data/market1501/Market-1501-v15.09.15/bounding_box_train/1017_c1s5_006311_02.jpg,/root/autodl-tmp/reid-data/market1501/Market-1501-v15.09.15/bounding_box_train/1017_c5s2_130999_09.jpg,0.6822655200958252,0.569092869758606,1
market1501,0,/root/autodl-tmp/reid-data/market1501/Market-1501-v15.09.15/bounding_box_train/0105_c5s1_037301_01.jpg,/root/autodl-tmp/reid-data/market1501/Market-1501-v15.09.15/bounding_box_train/0105_c6s1_036676_01.jpg,0.7101466059684753,0.569092869758606,1
market1501,0,/root/autodl-tmp/reid-data/market1501/Market-1501-v15.09.15/bounding_box_train/0606_c3s2_017512_01.jpg,/root/autodl-tmp/reid-data/market1501/Market-1501-v15.09.15/bounding_box_train/0606_c5s2_018055_01.jpg,0.7853887677192688,0.569092869758606,1
market1501,0,/root/autodl-tmp/reid-data/market1501/Market-1501-v15.09.15/bounding_box_train/0648_c6s2_042518_01.jpg,/root/autodl-tmp/reid-data/market1501/Market-1501-v15.09.15/bounding_box_train/0648_c1s3_063201_02.jpg,0.6151689291000366,0.569092869758606,1
market1501,0,/root/autodl-tmp/reid-data/market1501/Market-1501-v15.09.15/bounding_box_train/0499_c2s2_065282_04.jpg,/root/autodl-tmp/reid-data/market1501/Market-1501-v15.09.15/bounding_box_train/0499_c3s2_067953_03.jpg,0.7161188125610352,0.569092869758606,1
market1501,0,/root/autodl-tmp/reid-data/market1501/Market-1501-v15.09.15/bounding_box_train/0558_c1s3_015621_01.jpg,/root/autodl-tmp/reid-data/market1501/Market-1501-v15.09.15/bounding_box_train/0558_c3s2_029812_01.jpg,0.6874759793281555,0.569092869758606,1
market1501,0,/root/autodl-tmp/reid-data/market1501/Market-1501-v15.09.15/bounding_box_train/0110_c4s1_035126_01.jpg,/root/autodl-tmp/reid-data/market1501/Market-1501-v15.09.15/bounding_box_train/0110_c5s1_035226_01.jpg,0.6959707736968994,0.569092869758606,1
market1501,0,/root/autodl-tmp/reid-data/market1501/Market-1501-v15.09.15/bounding_box_train/0104_c6s1_019426_03.jpg,/root/autodl-tmp/reid-data/market1501/Market-1501-v15.09.15/bounding_box_train/0104_c3s1_019026_01.jpg,0.6674075126647949,0.569092869758606,1
market1501,0,/root/autodl-tmp/reid-data/market1501/Market-1501-v15.09.15/bounding_box_train/1179_c4s5_038410_03.jpg,/root/autodl-tmp/reid-data/market1501/Market-1501-v15.09.15/bounding_box_train/1179_c6s3_029942_02.jpg,0.8080899715423584,0.569092869758606,1
market1501,0,/root/autodl-tmp/reid-data/market1501/Market-1501-v15.09.15/bounding_box_train/0105_c3s1_017076_01.jpg,/root/autodl-tmp/reid-data/market1501/Market-1501-v15.09.15/bounding_box_train/0105_c5s1_017701_01.jpg,0.8783529996871948,0.569092869758606,1
market1501,0,/root/autodl-tmp/reid-data/market1501/Market-1501-v15.09.15/bounding_box_train/0555_c5s2_014030_01.jpg,/root/autodl-tmp/reid-data/market1501/Market-1501-v15.09.15/bounding_box_train/0555_c6s2_007393_01.jpg,0.5296646356582642,0.569092869758606,1
market1501,0,/root/autodl-tmp/reid-data/market1501/Market-1501-v15.09.15/bounding_box_train/1198_c2s3_004882_01.jpg,/root/autodl-tmp/reid-data/market1501/Market-1501-v15.09.15/bounding_box_train/1198_c3s3_010678_02.jpg,0.5548631548881531,0.569092869758606,1
market1501,0,/root/autodl-tmp/reid-data/market1501/Market-1501-v15.09.15/bounding_box_train/0636_c3s2_026537_03.jpg,/root/autodl-tmp/reid-data/market1501/Market-1501-v15.09.15/bounding_box_train/0636_c4s3_041154_01.jpg,0.7588600516319275,0.569092869758606,1
market1501,0,/root/autodl-tmp/reid-data/market1501/Market-1501-v15.09.15/bounding_box_train/0261_c5s1_060773_02.jpg,/root/autodl-tmp/reid-data/market1501/Market-1501-v15.09.15/bounding_box_train/0261_c6s1_055726_03.jpg,0.6259741187095642,0.569092869758606,1
market1501,0,/root/autodl-tmp/reid-data/market1501/Market-1501-v15.09.15/bounding_box_train/0190_c3s3_078444_02.jpg,/root/autodl-tmp/reid-data/market1501/Market-1501-v15.09.15/bounding_box_train/0190_c6s4_004927_04.jpg,0.6527049541473389,0.569092869758606,1
market1501,0,/root/autodl-tmp/reid-data/market1501/Market-1501-v15.09.15/bounding_box_train/1442_c3s3_057028_05.jpg,/root/autodl-tmp/reid-data/market1501/Market-1501-v15.09.15/bounding_box_train/1442_c6s3_080742_01.jpg,0.6516782641410828,0.569092869758606,1
market1501,0,/root/autodl-tmp/reid-data/market1501/Market-1501-v15.09.15/bounding_box_train/0432_c2s2_067557_02.jpg,/root/autodl-tmp/reid-data/market1501/Market-1501-v15.09.15/bounding_box_train/0432_c3s2_070328_02.jpg,0.7589326500892639,0.569092869758606,1
market1501,0,/root/autodl-tmp/reid-data/market1501/Market-1501-v15.09.15/bounding_box_train/1010_c2s2_128127_02.jpg,/root/autodl-tmp/reid-data/market1501/Market-1501-v15.09.15/bounding_box_train/1010_c5s2_131349_03.jpg,0.7817711234092712,0.569092869758606,1
market1501,0,/root/autodl-tmp/reid-data/market1501/Market-1501-v15.09.15/bounding_box_train/0414_c2s1_116966_01.jpg,/root/autodl-tmp/reid-data/market1501/Market-1501-v15.09.15/bounding_box_train/0414_c5s1_117345_02.jpg,0.7578577995300293,0.569092869758606,1
market1501,0,/root/autodl-tmp/reid-data/market1501/Market-1501-v15.09.15/bounding_box_train/1426_c1s6_005041_02.jpg,/root/autodl-tmp/reid-data/market1501/Market-1501-v15.09.15/bounding_box_train/1426_c3s3_053553_04.jpg,0.6868035197257996,0.569092869758606,1
market1501,0,/root/autodl-tmp/reid-data/market1501/Market-1501-v15.09.15/bounding_box_train/0222_c3s1_046101_04.jpg,/root/autodl-tmp/reid-data/market1501/Market-1501-v15.09.15/bounding_box_train/0222_c5s1_046601_03.jpg,0.7102229595184326,0.569092869758606,1
market1501,0,/root/autodl-tmp/reid-data/market1501/Market-1501-v15.09.15/bounding_box_train/0485_c3s2_108303_08.jpg,/root/autodl-tmp/reid-data/market1501/Market-1501-v15.09.15/bounding_box_train/0485_c5s2_109152_02.jpg,0.608043372631073,0.569092869758606,1
market1501,0,/root/autodl-tmp/reid-data/market1501/Market-1501-v15.09.15/bounding_box_train/0354_c3s1_080417_01.jpg,/root/autodl-tmp/reid-data/market1501/Market-1501-v15.09.15/bounding_box_train/0354_c5s1_106023_02.jpg,0.6949471235275269,0.569092869758606,1
market1501,0,/root/autodl-tmp/reid-data/market1501/Market-1501-v15.09.15/bounding_box_train/0022_c3s1_003401_02.jpg,/root/autodl-tmp/reid-data/market1501/Market-1501-v15.09.15/bounding_box_train/0022_c5s1_004051_01.jpg,0.7589506506919861,0.569092869758606,1
market1501,0,/root/autodl-tmp/reid-data/market1501/Market-1501-v15.09.15/bounding_box_train/0221_c2s1_045626_01.jpg,/root/autodl-tmp/reid-data/market1501/Market-1501-v15.09.15/bounding_box_train/0221_c3s1_045976_02.jpg,0.7259801626205444,0.569092869758606,1
market1501,0,/root/autodl-tmp/reid-data/market1501/Market-1501-v15.09.15/bounding_box_train/0820_c1s4_041656_01.jpg,/root/autodl-tmp/reid-data/market1501/Market-1501-v15.09.15/bounding_box_train/0820_c6s2_098443_02.jpg,0.7432851195335388,0.569092869758606,1
market1501,0,/root/autodl-tmp/reid-data/market1501/Market-1501-v15.09.15/bounding_box_train/1453_c3s3_057703_03.jpg,/root/autodl-tmp/reid-data/market1501/Market-1501-v15.09.15/bounding_box_train/1453_c6s3_081467_01.jpg,0.6498547792434692,0.569092869758606,1
market1501,0,/root/autodl-tmp/reid-data/market1501/Market-1501-v15.09.15/bounding_box_train/0139_c3s1_068867_02.jpg,/root/autodl-tmp/reid-data/market1501/Market-1501-v15.09.15/bounding_box_train/0139_c5s1_025351_05.jpg,0.6404563784599304,0.569092869758606,1
market1501,0,/root/autodl-tmp/reid-data/market1501/Market-1501-v15.09.15/bounding_box_train/0266_c3s1_064892_02.jpg,/root/autodl-tmp/reid-data/market1501/Market-1501-v15.09.15/bounding_box_train/0266_c5s1_057348_01.jpg,0.6728607416152954,0.569092869758606,1
market1501,0,/root/autodl-tmp/reid-data/market1501/Market-1501-v15.09.15/bounding_box_train/0641_c3s2_043037_01.jpg,/root/autodl-tmp/reid-data/market1501/Market-1501-v15.09.15/bounding_box_train/0707_c6s2_050243_01.jpg,0.5213716626167297,0.569092869758606,0
market1501,0,/root/autodl-tmp/reid-data/market1501/Market-1501-v15.09.15/bounding_box_train/0429_c3s1_104392_04.jpg,/root/autodl-tmp/reid-data/market1501/Market-1501-v15.09.15/bounding_box_train/1339_c6s3_062717_01.jpg,0.6328303217887878,0.569092869758606,0
market1501,0,/root/autodl-tmp/reid-data/market1501/Market-1501-v15.09.15/bounding_box_train/0930_c1s4_056086_02.jpg,/root/autodl-tmp/reid-data/market1501/Market-1501-v15.09.15/bounding_box_train/1158_c6s3_085617_02.jpg,0.6189053654670715,0.569092869758606,0
market1501,0,/root/autodl-tmp/reid-data/market1501/Market-1501-v15.09.15/bounding_box_train/0184_c6s3_043917_01.jpg,/root/autodl-tmp/reid-data/market1501/Market-1501-v15.09.15/bounding_box_train/1243_c3s3_019878_04.jpg,0.5504160523414612,0.569092869758606,0
market1501,0,/root/autodl-tmp/reid-data/market1501/Market-1501-v15.09.15/bounding_box_train/0030_c1s1_002551_03.jpg,/root/autodl-tmp/reid-data/market1501/Market-1501-v15.09.15/bounding_box_train/0704_c4s3_074285_03.jpg,0.7606932520866394,0.569092869758606,0
market1501,0,/root/autodl-tmp/reid-data/market1501/Market-1501-v15.09.15/bounding_box_train/0663_c3s3_085444_03.jpg,/root/autodl-tmp/reid-data/market1501/Market-1501-v15.09.15/bounding_box_train/1086_c5s2_146724_02.jpg,0.6416236758232117,0.569092869758606,0
market1501,0,/root/autodl-tmp/reid-data/market1501/Market-1501-v15.09.15/bounding_box_train/0370_c5s1_095773_03.jpg,/root/autodl-tmp/reid-data/market1501/Market-1501-v15.09.15/bounding_box_train/1078_c3s2_144094_01.jpg,0.6601593494415283,0.569092869758606,0
market1501,0,/root/autodl-tmp/reid-data/market1501/Market-1501-v15.09.15/bounding_box_train/0324_c4s2_001392_01.jpg,/root/autodl-tmp/reid-data/market1501/Market-1501-v15.09.15/bounding_box_train/0375_c5s1_090723_01.jpg,0.7046700716018677,0.569092869758606,0
market1501,0,/root/autodl-tmp/reid-data/market1501/Market-1501-v15.09.15/bounding_box_train/0178_c5s1_037051_01.jpg,/root/autodl-tmp/reid-data/market1501/Market-1501-v15.09.15/bounding_box_train/0990_c3s2_159544_06.jpg,0.6361463665962219,0.569092869758606,0
market1501,0,/root/autodl-tmp/reid-data/market1501/Market-1501-v15.09.15/bounding_box_train/0326_c6s4_007552_02.jpg,/root/autodl-tmp/reid-data/market1501/Market-1501-v15.09.15/bounding_box_train/1372_c1s6_013446_02.jpg,0.5653291940689087,0.569092869758606,0
market1501,0,/root/autodl-tmp/reid-data/market1501/Market-1501-v15.09.15/bounding_box_train/0987_c3s2_125144_03.jpg,/root/autodl-tmp/reid-data/market1501/Market-1501-v15.09.15/bounding_box_train/1007_c1s4_069736_04.jpg,0.6101765632629395,0.569092869758606,0
market1501,0,/root/autodl-tmp/reid-data/market1501/Market-1501-v15.09.15/bounding_box_train/0374_c2s1_095446_02.jpg,/root/autodl-tmp/reid-data/market1501/Market-1501-v15.09.15/bounding_box_train/1330_c5s3_037340_02.jpg,0.6384809017181396,0.569092869758606,0
market1501,0,/root/autodl-tmp/reid-data/market1501/Market-1501-v15.09.15/bounding_box_train/0718_c2s2_058282_01.jpg,/root/autodl-tmp/reid-data/market1501/Market-1501-v15.09.15/bounding_box_train/0879_c3s2_109203_05.jpg,0.5793924927711487,0.569092869758606,0
market1501,0,/root/autodl-tmp/reid-data/market1501/Market-1501-v15.09.15/bounding_box_train/0500_c4s2_060498_01.jpg,/root/autodl-tmp/reid-data/market1501/Market-1501-v15.09.15/bounding_box_train/1114_c2s2_149177_02.jpg,0.6564612984657288,0.569092869758606,0
market1501,0,/root/autodl-tmp/reid-data/market1501/Market-1501-v15.09.15/bounding_box_train/0204_c2s1_040526_02.jpg,/root/autodl-tmp/reid-data/market1501/Market-1501-v15.09.15/bounding_box_train/0223_c6s1_046476_01.jpg,0.5893455743789673,0.569092869758606,0
market1501,0,/root/autodl-tmp/reid-data/market1501/Market-1501-v15.09.15/bounding_box_train/0266_c5s1_057248_01.jpg,/root/autodl-tmp/reid-data/market1501/Market-1501-v15.09.15/bounding_box_train/0806_c1s4_034181_01.jpg,0.6655258536338806,0.569092869758606,0
market1501,0,/root/autodl-tmp/reid-data/market1501/Market-1501-v15.09.15/bounding_box_train/0111_c5s1_018976_02.jpg,/root/autodl-tmp/reid-data/market1501/Market-1501-v15.09.15/bounding_box_train/0500_c4s2_066098_01.jpg,0.6491715908050537,0.569092869758606,0
market1501,0,/root/autodl-tmp/reid-data/market1501/Market-1501-v15.09.15/bounding_box_train/0435_c2s1_106071_01.jpg,/root/autodl-tmp/reid-data/market1501/Market-1501-v15.09.15/bounding_box_train/0863_c1s4_047806_02.jpg,0.6675252318382263,0.569092869758606,0
market1501,0,/root/autodl-tmp/reid-data/market1501/Market-1501-v15.09.15/bounding_box_train/0917_c3s2_114594_03.jpg,/root/autodl-tmp/reid-data/market1501/Market-1501-v15.09.15/bounding_box_train/1112_c4s5_014204_01.jpg,0.6427606344223022,0.569092869758606,0
market1501,0,/root/autodl-tmp/reid-data/market1501/Market-1501-v15.09.15/bounding_box_train/0979_c2s2_120802_01.jpg,/root/autodl-tmp/reid-data/market1501/Market-1501-v15.09.15/bounding_box_train/1114_c3s2_152344_02.jpg,0.6602539420127869,0.569092869758606,0
market1501,0,/root/autodl-tmp/reid-data/market1501/Market-1501-v15.09.15/bounding_box_train/0604_c6s2_011068_02.jpg,/root/autodl-tmp/reid-data/market1501/Market-1501-v15.09.15/bounding_box_train/0744_c3s2_068453_01.jpg,0.5213580131530762,0.569092869758606,0
market1501,0,/root/autodl-tmp/reid-data/market1501/Market-1501-v15.09.15/bounding_box_train/0457_c3s1_116783_03.jpg,/root/autodl-tmp/reid-data/market1501/Market-1501-v15.09.15/bounding_box_train/1220_c6s3_037467_06.jpg,0.5734893083572388,0.569092869758606,0
market1501,0,/root/autodl-tmp/reid-data/market1501/Market-1501-v15.09.15/bounding_box_train/0248_c5s1_051851_03.jpg,/root/autodl-tmp/reid-data/market1501/Market-1501-v15.09.15/bounding_box_train/0636_c1s3_041176_01.jpg,0.5957154631614685,0.569092869758606,0
market1501,0,/root/autodl-tmp/reid-data/market1501/Market-1501-v15.09.15/bounding_box_train/0896_c3s2_109978_05.jpg,/root/autodl-tmp/reid-data/market1501/Market-1501-v15.09.15/bounding_box_train/0904_c5s2_111852_02.jpg,0.6908111572265625,0.569092869758606,0
market1501,0,/root/autodl-tmp/reid-data/market1501/Market-1501-v15.09.15/bounding_box_train/0513_c3s3_082269_02.jpg,/root/autodl-tmp/reid-data/market1501/Market-1501-v15.09.15/bounding_box_train/1198_c1s5_037291_01.jpg,0.6569187045097351,0.569092869758606,0
market1501,0,/root/autodl-tmp/reid-data/market1501/Market-1501-v15.09.15/bounding_box_train/0104_c1s2_018591_01.jpg,/root/autodl-tmp/reid-data/market1501/Market-1501-v15.09.15/bounding_box_train/1469_c2s3_053482_02.jpg,0.6232465505599976,0.569092869758606,0
market1501,0,/root/autodl-tmp/reid-data/market1501/Market-1501-v15.09.15/bounding_box_train/0481_c1s2_053371_02.jpg,/root/autodl-tmp/reid-data/market1501/Market-1501-v15.09.15/bounding_box_train/0545_c2s1_157316_01.jpg,0.5998836755752563,0.569092869758606,0
market1501,0,/root/autodl-tmp/reid-data/market1501/Market-1501-v15.09.15/bounding_box_train/0657_c3s2_039637_01.jpg,/root/autodl-tmp/reid-data/market1501/Market-1501-v15.09.15/bounding_box_train/0816_c5s2_111052_01.jpg,0.6180800199508667,0.569092869758606,0
market1501,0,/root/autodl-tmp/reid-data/market1501/Market-1501-v15.09.15/bounding_box_train/0287_c4s1_062182_01.jpg,/root/autodl-tmp/reid-data/market1501/Market-1501-v15.09.15/bounding_box_train/1334_c5s3_038165_02.jpg,0.6781231164932251,0.569092869758606,0
market1501,0,/root/autodl-tmp/reid-data/market1501/Market-1501-v15.09.15/bounding_box_train/0437_c1s2_056471_03.jpg,/root/autodl-tmp/reid-data/market1501/Market-1501-v15.09.15/bounding_box_train/0718_c2s2_058282_08.jpg,0.5302044749259949,0.569092869758606,0
market1501,0,/root/autodl-tmp/reid-data/market1501/Market-1501-v15.09.15/bounding_box_train/0486_c5s2_109127_08.jpg,/root/autodl-tmp/reid-data/market1501/Market-1501-v15.09.15/bounding_box_train/0926_c1s4_061611_04.jpg,0.6446149945259094,0.569092869758606,0
market1501,0,/root/autodl-tmp/reid-data/market1501/Market-1501-v15.09.15/bounding_box_train/0399_c2s1_094471_01.jpg,/root/autodl-tmp/reid-data/market1501/Market-1501-v15.09.15/bounding_box_train/0636_c4s3_041054_01.jpg,0.5812430381774902,0.569092869758606,0
market1501,0,/root/autodl-tmp/reid-data/market1501/Market-1501-v15.09.15/bounding_box_train/0375_c5s1_089448_04.jpg,/root/autodl-tmp/reid-data/market1501/Market-1501-v15.09.15/bounding_box_train/1380_c6s3_069092_01.jpg,0.5890325307846069,0.569092869758606,0
market1501,0,/root/autodl-tmp/reid-data/market1501/Market-1501-v15.09.15/bounding_box_train/0148_c5s2_045105_03.jpg,/root/autodl-tmp/reid-data/market1501/Market-1501-v15.09.15/bounding_box_train/0367_c4s2_013667_03.jpg,0.6218577027320862,0.569092869758606,0
market1501,0,/root/autodl-tmp/reid-data/market1501/Market-1501-v15.09.15/bounding_box_train/0162_c4s6_050116_05.jpg,/root/autodl-tmp/reid-data/market1501/Market-1501-v15.09.15/bounding_box_train/1088_c1s5_010736_01.jpg,0.5896860361099243,0.569092869758606,0
market1501,0,/root/autodl-tmp/reid-data/market1501/Market-1501-v15.09.15/bounding_box_train/0236_c6s1_049576_02.jpg,/root/autodl-tmp/reid-data/market1501/Market-1501-v15.09.15/bounding_box_train/0862_c3s2_107853_04.jpg,0.6046556234359741,0.569092869758606,0
market1501,0,/root/autodl-tmp/reid-data/market1501/Market-1501-v15.09.15/bounding_box_train/0242_c3s1_092917_01.jpg,/root/autodl-tmp/reid-data/market1501/Market-1501-v15.09.15/bounding_box_train/0450_c5s1_122170_01.jpg,0.6141335964202881,0.569092869758606,0
market1501,0,/root/autodl-tmp/reid-data/market1501/Market-1501-v15.09.15/bounding_box_train/0842_c5s2_108102_03.jpg,/root/autodl-tmp/reid-data/market1501/Market-1501-v15.09.15/bounding_box_train/1093_c3s2_145669_02.jpg,0.6402753591537476,0.569092869758606,0
market1501,0,/root/autodl-tmp/reid-data/market1501/Market-1501-v15.09.15/bounding_box_train/0325_c2s1_074371_02.jpg,/root/autodl-tmp/reid-data/market1501/Market-1501-v15.09.15/bounding_box_train/1420_c3s3_061978_03.jpg,0.6092209219932556,0.569092869758606,0
market1501,0,/root/autodl-tmp/reid-data/market1501/Market-1501-v15.09.15/bounding_box_train/0792_c5s2_088052_01.jpg,/root/autodl-tmp/reid-data/market1501/Market-1501-v15.09.15/bounding_box_train/0796_c1s4_028881_02.jpg,0.6107491254806519,0.569092869758606,0
market1501,0,/root/autodl-tmp/reid-data/market1501/Market-1501-v15.09.15/bounding_box_train/0175_c4s6_017066_02.jpg,/root/autodl-tmp/reid-data/market1501/Market-1501-v15.09.15/bounding_box_train/0663_c1s6_036846_02.jpg,0.6687142848968506,0.569092869758606,0
market1501,0,/root/autodl-tmp/reid-data/market1501/Market-1501-v15.09.15/bounding_box_train/0002_c3s1_123283_03.jpg,/root/autodl-tmp/reid-data/market1501/Market-1501-v15.09.15/bounding_box_train/1300_c6s3_063992_03.jpg,0.4740676283836365,0.569092869758606,0
market1501,0,/root/autodl-tmp/reid-data/market1501/Market-1501-v15.09.15/bounding_box_train/0943_c4s4_066766_01.jpg,/root/autodl-tmp/reid-data/market1501/Market-1501-v15.09.15/bounding_box_train/1219_c1s6_043971_06.jpg,0.6508767008781433,0.569092869758606,0
market1501,0,/root/autodl-tmp/reid-data/market1501/Market-1501-v15.09.15/bounding_box_train/0042_c3s3_064169_01.jpg,/root/autodl-tmp/reid-data/market1501/Market-1501-v15.09.15/bounding_box_train/1364_c6s3_074417_01.jpg,0.6006354689598083,0.569092869758606,0
market1501,0,/root/autodl-tmp/reid-data/market1501/Market-1501-v15.09.15/bounding_box_train/1140_c6s3_094767_01.jpg,/root/autodl-tmp/reid-data/market1501/Market-1501-v15.09.15/bounding_box_train/1193_c3s3_042403_03.jpg,0.5818894505500793,0.569092869758606,0
market1501,0,/root/autodl-tmp/reid-data/market1501/Market-1501-v15.09.15/bounding_box_train/0272_c5s1_065948_01.jpg,/root/autodl-tmp/reid-data/market1501/Market-1501-v15.09.15/bounding_box_train/0303_c2s1_082346_01.jpg,0.6690274477005005,0.569092869758606,0
market1501,0,/root/autodl-tmp/reid-data/market1501/Market-1501-v15.09.15/bounding_box_train/0110_c5s1_035201_01.jpg,/root/autodl-tmp/reid-data/market1501/Market-1501-v15.09.15/bounding_box_train/0787_c3s2_082728_02.jpg,0.7213109135627747,0.569092869758606,0
market1501,0,/root/autodl-tmp/reid-data/market1501/Market-1501-v15.09.15/bounding_box_train/0620_c4s3_037604_04.jpg,/root/autodl-tmp/reid-data/market1501/Market-1501-v15.09.15/bounding_box_train/0726_c5s2_082352_01.jpg,0.6792816519737244,0.569092869758606,0
market1501,0,/root/autodl-tmp/reid-data/market1501/Market-1501-v15.09.15/bounding_box_train/0030_c4s1_002476_03.jpg,/root/autodl-tmp/reid-data/market1501/Market-1501-v15.09.15/bounding_box_train/0179_c1s6_029396_02.jpg,0.6018797159194946,0.569092869758606,0
market1501,0,/root/autodl-tmp/reid-data/market1501/Market-1501-v15.09.15/bounding_box_train/1296_c2s3_031482_01.jpg,/root/autodl-tmp/reid-data/market1501/Market-1501-v15.09.15/bounding_box_train/1447_c1s6_008491_05.jpg,0.6393190026283264,0.569092869758606,0
market1501,0,/root/autodl-tmp/reid-data/market1501/Market-1501-v15.09.15/bounding_box_train/0903_c3s2_111278_02.jpg,/root/autodl-tmp/reid-data/market1501/Market-1501-v15.09.15/bounding_box_train/0984_c5s2_125624_01.jpg,0.7695412635803223,0.569092869758606,0
market1501,0,/root/autodl-tmp/reid-data/market1501/Market-1501-v15.09.15/bounding_box_train/0010_c6s4_002427_02.jpg,/root/autodl-tmp/reid-data/market1501/Market-1501-v15.09.15/bounding_box_train/1001_c3s2_154394_01.jpg,0.5844308137893677,0.569092869758606,0
market1501,0,/root/autodl-tmp/reid-data/market1501/Market-1501-v15.09.15/bounding_box_train/0868_c3s2_108278_06.jpg,/root/autodl-tmp/reid-data/market1501/Market-1501-v15.09.15/bounding_box_train/0955_c5s2_120724_05.jpg,0.6281049847602844,0.569092869758606,0
market1501,0,/root/autodl-tmp/reid-data/market1501/Market-1501-v15.09.15/bounding_box_train/0657_c6s2_033843_01.jpg,/root/autodl-tmp/reid-data/market1501/Market-1501-v15.09.15/bounding_box_train/1114_c3s2_157019_01.jpg,0.4929320216178894,0.569092869758606,0
market1501,0,/root/autodl-tmp/reid-data/market1501/Market-1501-v15.09.15/bounding_box_train/0369_c5s1_087773_02.jpg,/root/autodl-tmp/reid-data/market1501/Market-1501-v15.09.15/bounding_box_train/1326_c6s3_059917_01.jpg,0.6334840059280396,0.569092869758606,0
market1501,0,/root/autodl-tmp/reid-data/market1501/Market-1501-v15.09.15/bounding_box_train/0368_c5s1_085948_03.jpg,/root/autodl-tmp/reid-data/market1501/Market-1501-v15.09.15/bounding_box_train/1075_c3s2_143444_01.jpg,0.6709856390953064,0.569092869758606,0
market1501,0,/root/autodl-tmp/reid-data/market1501/Market-1501-v15.09.15/bounding_box_train/0785_c5s2_101802_01.jpg,/root/autodl-tmp/reid-data/market1501/Market-1501-v15.09.15/bounding_box_train/1321_c3s3_038528_01.jpg,0.7124530673027039,0.569092869758606,0
market1501,0,/root/autodl-tmp/reid-data/market1501/Market-1501-v15.09.15/bounding_box_train/0688_c6s2_058393_01.jpg,/root/autodl-tmp/reid-data/market1501/Market-1501-v15.09.15/bounding_box_train/1135_c3s2_158069_05.jpg,0.5451139807701111,0.569092869758606,0
market1501,0,/root/autodl-tmp/reid-data/market1501/Market-1501-v15.09.15/bounding_box_train/0095_c2s1_015351_05.jpg,/root/autodl-tmp/reid-data/market1501/Market-1501-v15.09.15/bounding_box_train/1269_c4s5_071435_01.jpg,0.65186607837677,0.569092869758606,0
market1501,0,/root/autodl-tmp/reid-data/market1501/Market-1501-v15.09.15/bounding_box_train/0470_c5s1_123520_01.jpg,/root/autodl-tmp/reid-data/market1501/Market-1501-v15.09.15/bounding_box_train/1007_c1s4_069886_02.jpg,0.6833475828170776,0.569092869758606,0
market1501,0,/root/autodl-tmp/reid-data/market1501/Market-1501-v15.09.15/bounding_box_train/0281_c6s1_062251_02.jpg,/root/autodl-tmp/reid-data/market1501/Market-1501-v15.09.15/bounding_box_train/1467_c3s3_069019_05.jpg,0.5420635342597961,0.569092869758606,0
market1501,0,/root/autodl-tmp/reid-data/market1501/Market-1501-v15.09.15/bounding_box_train/0787_c1s4_028531_01.jpg,/root/autodl-tmp/reid-data/market1501/Market-1501-v15.09.15/bounding_box_train/1315_c4s5_057360_01.jpg,0.7819770574569702,0.569092869758606,0
market1501,0,/root/autodl-tmp/reid-data/market1501/Market-1501-v15.09.15/bounding_box_train/0606_c5s2_078077_02.jpg,/root/autodl-tmp/reid-data/market1501/Market-1501-v15.09.15/bounding_box_train/1422_c3s3_057028_06.jpg,0.6833307147026062,0.569092869758606,0
market1501,0,/root/autodl-tmp/reid-data/market1501/Market-1501-v15.09.15/bounding_box_train/0943_c3s2_118194_03.jpg,/root/autodl-tmp/reid-data/market1501/Market-1501-v15.09.15/bounding_box_train/1219_c2s3_086377_01.jpg,0.6431885957717896,0.569092869758606,0
market1501,0,/root/autodl-tmp/reid-data/market1501/Market-1501-v15.09.15/bounding_box_train/0035_c5s1_003776_01.jpg,/root/autodl-tmp/reid-data/market1501/Market-1501-v15.09.15/bounding_box_train/0688_c3s2_064303_03.jpg,0.7195665836334229,0.569092869758606,0
market1501,0,/root/autodl-tmp/reid-data/market1501/Market-1501-v15.09.15/bounding_box_train/0250_c5s3_079912_04.jpg,/root/autodl-tmp/reid-data/market1501/Market-1501-v15.09.15/bounding_box_train/0338_c1s2_005266_05.jpg,0.6037003993988037,0.569092869758606,0
market1501,0,/root/autodl-tmp/reid-data/market1501/Market-1501-v15.09.15/bounding_box_train/0414_c5s1_117320_01.jpg,/root/autodl-tmp/reid-data/market1501/Market-1501-v15.09.15/bounding_box_train/0420_c3s1_105442_03.jpg,0.5847136378288269,0.569092869758606,0
market1501,0,/root/autodl-tmp/reid-data/market1501/Market-1501-v15.09.15/bounding_box_train/0384_c5s1_093398_03.jpg,/root/autodl-tmp/reid-data/market1501/Market-1501-v15.09.15/bounding_box_train/1232_c6s3_082217_03.jpg,0.5992963910102844,0.569092869758606,0
market1501,0,/root/autodl-tmp/reid-data/market1501/Market-1501-v15.09.15/bounding_box_train/0048_c4s1_005651_01.jpg,/root/autodl-tmp/reid-data/market1501/Market-1501-v15.09.15/bounding_box_train/0702_c1s3_069151_01.jpg,0.6688032150268555,0.569092869758606,0
market1501,0,/root/autodl-tmp/reid-data/market1501/Market-1501-v15.09.15/bounding_box_train/0665_c5s2_048055_01.jpg,/root/autodl-tmp/reid-data/market1501/Market-1501-v15.09.15/bounding_box_train/1204_c1s5_038366_03.jpg,0.5762556791305542,0.569092869758606,0
market1501,0,/root/autodl-tmp/reid-data/market1501/Market-1501-v15.09.15/bounding_box_train/0158_c2s1_026501_01.jpg,/root/autodl-tmp/reid-data/market1501/Market-1501-v15.09.15/bounding_box_train/1012_c6s2_124643_06.jpg,0.6100369095802307,0.569092869758606,0
market1501,0,/root/autodl-tmp/reid-data/market1501/Market-1501-v15.09.15/bounding_box_train/0069_c2s3_057977_03.jpg,/root/autodl-tmp/reid-data/market1501/Market-1501-v15.09.15/bounding_box_train/0655_c3s2_036887_01.jpg,0.6320390701293945,0.569092869758606,0
market1501,0,/root/autodl-tmp/reid-data/market1501/Market-1501-v15.09.15/bounding_box_train/0177_c2s1_032301_03.jpg,/root/autodl-tmp/reid-data/market1501/Market-1501-v15.09.15/bounding_box_train/0623_c6s2_028443_02.jpg,0.5481107831001282,0.569092869758606,0
market1501,0,/root/autodl-tmp/reid-data/market1501/Market-1501-v15.09.15/bounding_box_train/0441_c1s2_036666_01.jpg,/root/autodl-tmp/reid-data/market1501/Market-1501-v15.09.15/bounding_box_train/1080_c6s3_006142_01.jpg,0.5285424590110779,0.569092869758606,0
market1501,0,/root/autodl-tmp/reid-data/market1501/Market-1501-v15.09.15/bounding_box_train/0410_c2s1_105696_10.jpg,/root/autodl-tmp/reid-data/market1501/Market-1501-v15.09.15/bounding_box_train/1140_c1s6_022221_01.jpg,0.6284788846969604,0.569092869758606,0
market1501,0,/root/autodl-tmp/reid-data/market1501/Market-1501-v15.09.15/bounding_box_train/0433_c4s2_032267_03.jpg,/root/autodl-tmp/reid-data/market1501/Market-1501-v15.09.15/bounding_box_train/0957_c6s3_004017_02.jpg,0.5705916881561279,0.569092869758606,0
market1501,0,/root/autodl-tmp/reid-data/market1501/Market-1501-v15.09.15/bounding_box_train/0377_c5s1_097473_04.jpg,/root/autodl-tmp/reid-data/market1501/Market-1501-v15.09.15/bounding_box_train/0633_c1s3_039926_02.jpg,0.632664680480957,0.569092869758606,0
market1501,0,/root/autodl-tmp/reid-data/market1501/Market-1501-v15.09.15/bounding_box_train/0022_c6s1_003001_03.jpg,/root/autodl-tmp/reid-data/market1501/Market-1501-v15.09.15/bounding_box_train/0575_c1s4_020706_01.jpg,0.6245967149734497,0.569092869758606,0
market1501,0,/root/autodl-tmp/reid-data/market1501/Market-1501-v15.09.15/bounding_box_train/0407_c5s1_101148_01.jpg,/root/autodl-tmp/reid-data/market1501/Market-1501-v15.09.15/bounding_box_train/0667_c6s2_037368_02.jpg,0.5772609710693359,0.569092869758606,0
market1501,0,/root/autodl-tmp/reid-data/market1501/Market-1501-v15.09.15/bounding_box_train/0516_c6s2_014243_02.jpg,/root/autodl-tmp/reid-data/market1501/Market-1501-v15.09.15/bounding_box_train/0616_c3s2_019962_04.jpg,0.6924698352813721,0.569092869758606,0
market1501,0,/root/autodl-tmp/reid-data/market1501/Market-1501-v15.09.15/bounding_box_train/0704_c3s2_055337_01.jpg,/root/autodl-tmp/reid-data/market1501/Market-1501-v15.09.15/bounding_box_train/0895_c6s2_104043_02.jpg,0.548541784286499,0.569092869758606,0
market1501,0,/root/autodl-tmp/reid-data/market1501/Market-1501-v15.09.15/bounding_box_train/0204_c5s1_040901_02.jpg,/root/autodl-tmp/reid-data/market1501/Market-1501-v15.09.15/bounding_box_train/1091_c6s3_094292_05.jpg,0.512139081954956,0.569092869758606,0
market1501,0,/root/autodl-tmp/reid-data/market1501/Market-1501-v15.09.15/bounding_box_train/0255_c5s1_060148_05.jpg,/root/autodl-tmp/reid-data/market1501/Market-1501-v15.09.15/bounding_box_train/0429_c3s1_104367_01.jpg,0.6285615563392639,0.569092869758606,0
market1501,0,/root/autodl-tmp/reid-data/market1501/Market-1501-v15.09.15/bounding_box_train/0456_c2s2_075757_02.jpg,/root/autodl-tmp/reid-data/market1501/Market-1501-v15.09.15/bounding_box_train/1400_c1s5_074466_02.jpg,0.5492761135101318,0.569092869758606,0
market1501,0,/root/autodl-tmp/reid-data/market1501/Market-1501-v15.09.15/bounding_box_train/0892_c2s2_106982_03.jpg,/root/autodl-tmp/reid-data/market1501/Market-1501-v15.09.15/bounding_box_train/1101_c3s2_149294_06.jpg,0.6212864518165588,0.569092869758606,0
market1501,0,/root/autodl-tmp/reid-data/market1501/Market-1501-v15.09.15/bounding_box_train/0446_c1s2_038771_03.jpg,/root/autodl-tmp/reid-data/market1501/Market-1501-v15.09.15/bounding_box_train/1126_c5s3_002968_02.jpg,0.633399486541748,0.569092869758606,0
market1501,0,/root/autodl-tmp/reid-data/market1501/Market-1501-v15.09.15/bounding_box_train/0739_c3s3_067519_03.jpg,/root/autodl-tmp/reid-data/market1501/Market-1501-v15.09.15/bounding_box_train/0987_c6s2_119068_03.jpg,0.50678950548172,0.569092869758606,0
market1501,0,/root/autodl-tmp/reid-data/market1501/Market-1501-v15.09.15/bounding_box_train/0792_c4s4_027160_02.jpg,/root/autodl-tmp/reid-data/market1501/Market-1501-v15.09.15/bounding_box_train/1445_c2s3_050807_07.jpg,0.6739014387130737,0.569092869758606,0
market1501,0,/root/autodl-tmp/reid-data/market1501/Market-1501-v15.09.15/bounding_box_train/1291_c2s3_049457_11.jpg,/root/autodl-tmp/reid-data/market1501/Market-1501-v15.09.15/bounding_box_train/1372_c1s6_013671_01.jpg,0.5935054421424866,0.569092869758606,0
market1501,0,/root/autodl-tmp/reid-data/market1501/Market-1501-v15.09.15/bounding_box_train/0714_c2s3_095477_03.jpg,/root/autodl-tmp/reid-data/market1501/Market-1501-v15.09.15/bounding_box_train/0901_c1s4_064786_07.jpg,0.5964398980140686,0.569092869758606,0
market1501,0,/root/autodl-tmp/reid-data/market1501/Market-1501-v15.09.15/bounding_box_train/0243_c5s1_050801_01.jpg,/root/autodl-tmp/reid-data/market1501/Market-1501-v15.09.15/bounding_box_train/0979_c3s2_123944_03.jpg,0.7058142423629761,0.569092869758606,0
market1501,0,/root/autodl-tmp/reid-data/market1501/Market-1501-v15.09.15/bounding_box_train/0457_c3s1_120333_01.jpg,/root/autodl-tmp/reid-data/market1501/Market-1501-v15.09.15/bounding_box_train/0703_c5s2_065677_01.jpg,0.7094728946685791,0.569092869758606,0
market1501,0,/root/autodl-tmp/reid-data/market1501/Market-1501-v15.09.15/bounding_box_train/0605_c5s2_077952_02.jpg,/root/autodl-tmp/reid-data/market1501/Market-1501-v15.09.15/bounding_box_train/0849_c6s2_101543_03.jpg,0.6004911661148071,0.569092869758606,0
market1501,0,/root/autodl-tmp/reid-data/market1501/Market-1501-v15.09.15/bounding_box_train/0606_c1s3_032051_01.jpg,/root/autodl-tmp/reid-data/market1501/Market-1501-v15.09.15/bounding_box_train/0705_c6s2_077793_01.jpg,0.5356729626655579,0.569092869758606,0
market1501,0,/root/autodl-tmp/reid-data/market1501/Market-1501-v15.09.15/bounding_box_train/0175_c4s6_017116_02.jpg,/root/autodl-tmp/reid-data/market1501/Market-1501-v15.09.15/bounding_box_train/1169_c5s3_003893_03.jpg,0.6351301074028015,0.569092869758606,0
market1501,0,/root/autodl-tmp/reid-data/market1501/Market-1501-v15.09.15/bounding_box_train/0946_c1s4_058161_03.jpg,/root/autodl-tmp/reid-data/market1501/Market-1501-v15.09.15/bounding_box_train/1463_c3s3_104469_03.jpg,0.6515921950340271,0.569092869758606,0
market1501,0,/root/autodl-tmp/reid-data/market1501/Market-1501-v15.09.15/bounding_box_train/0139_c1s1_023301_01.jpg,/root/autodl-tmp/reid-data/market1501/Market-1501-v15.09.15/bounding_box_train/1492_c5s3_062290_01.jpg,0.6920554041862488,0.569092869758606,0
market1501,0,/root/autodl-tmp/reid-data/market1501/Market-1501-v15.09.15/bounding_box_train/0496_c5s1_139070_01.jpg,/root/autodl-tmp/reid-data/market1501/Market-1501-v15.09.15/bounding_box_train/1129_c2s3_076277_03.jpg,0.7398025989532471,0.569092869758606,0
market1501,0,/root/autodl-tmp/reid-data/market1501/Market-1501-v15.09.15/bounding_box_train/0127_c3s1_020801_01.jpg,/root/autodl-tmp/reid-data/market1501/Market-1501-v15.09.15/bounding_box_train/0273_c6s1_060576_05.jpg,0.5885599851608276,0.569092869758606,0
market1501,0,/root/autodl-tmp/reid-data/market1501/Market-1501-v15.09.15/bounding_box_train/1114_c2s2_154202_02.jpg,/root/autodl-tmp/reid-data/market1501/Market-1501-v15.09.15/bounding_box_train/1339_c1s5_065166_01.jpg,0.6701967120170593,0.569092869758606,0
market1501,0,/root/autodl-tmp/reid-data/market1501/Market-1501-v15.09.15/bounding_box_train/0081_c5s3_038190_01.jpg,/root/autodl-tmp/reid-data/market1501/Market-1501-v15.09.15/bounding_box_train/0603_c3s2_020687_03.jpg,0.6859449744224548,0.569092869758606,0
market1501,0,/root/autodl-tmp/reid-data/market1501/Market-1501-v15.09.15/bounding_box_train/0571_c2s2_004337_02.jpg,/root/autodl-tmp/reid-data/market1501/Market-1501-v15.09.15/bounding_box_train/0946_c1s4_058286_02.jpg,0.6346744298934937,0.569092869758606,0
market1501,0,/root/autodl-tmp/reid-data/market1501/Market-1501-v15.09.15/bounding_box_train/0178_c6s1_036876_01.jpg,/root/autodl-tmp/reid-data/market1501/Market-1501-v15.09.15/bounding_box_train/0383_c2s1_090696_03.jpg,0.4278407096862793,0.569092869758606,0
market1501,0,/root/autodl-tmp/reid-data/market1501/Market-1501-v15.09.15/bounding_box_train/0546_c2s1_157316_02.jpg,/root/autodl-tmp/reid-data/market1501/Market-1501-v15.09.15/bounding_box_train/0803_c4s4_040285_01.jpg,0.5922279357910156,0.569092869758606,0
market1501,0,/root/autodl-tmp/reid-data/market1501/Market-1501-v15.09.15/bounding_box_train/0020_c1s1_001526_03.jpg,/root/autodl-tmp/reid-data/market1501/Market-1501-v15.09.15/bounding_box_train/0434_c5s1_113495_02.jpg,0.6610011458396912,0.569092869758606,0
market1501,0,/root/autodl-tmp/reid-data/market1501/Market-1501-v15.09.15/bounding_box_train/0516_c6s2_014243_02.jpg,/root/autodl-tmp/reid-data/market1501/Market-1501-v15.09.15/bounding_box_train/0616_c2s2_030412_03.jpg,0.6423648595809937,0.569092869758606,0
market1501,0,/root/autodl-tmp/reid-data/market1501/Market-1501-v15.09.15/bounding_box_train/0820_c4s4_044010_03.jpg,/root/autodl-tmp/reid-data/market1501/Market-1501-v15.09.15/bounding_box_train/1427_c1s6_046596_06.jpg,0.7166232466697693,0.569092869758606,0
market1501,0,/root/autodl-tmp/reid-data/market1501/Market-1501-v15.09.15/bounding_box_train/0115_c2s1_020851_01.jpg,/root/autodl-tmp/reid-data/market1501/Market-1501-v15.09.15/bounding_box_train/1213_c1s5_039766_01.jpg,0.6062437295913696,0.569092869758606,0
market1501,0,/root/autodl-tmp/reid-data/market1501/Market-1501-v15.09.15/bounding_box_train/1038_c2s2_131277_01.jpg,/root/autodl-tmp/reid-data/market1501/Market-1501-v15.09.15/bounding_box_train/1086_c6s3_012367_01.jpg,0.5674604177474976,0.569092869758606,0
market1501,0,/root/autodl-tmp/reid-data/market1501/Market-1501-v15.09.15/bounding_box_train/0630_c6s2_031843_01.jpg,/root/autodl-tmp/reid-data/market1501/Market-1501-v15.09.15/bounding_box_train/0652_c3s2_035812_01.jpg,0.591311514377594,0.569092869758606,0
market1501,0,/root/autodl-tmp/reid-data/market1501/Market-1501-v15.09.15/bounding_box_train/0159_c1s1_031126_01.jpg,/root/autodl-tmp/reid-data/market1501/Market-1501-v15.09.15/bounding_box_train/0434_c5s1_113470_01.jpg,0.6390545964241028,0.569092869758606,0
market1501,0,/root/autodl-tmp/reid-data/market1501/Market-1501-v15.09.15/bounding_box_train/0222_c2s1_045801_02.jpg,/root/autodl-tmp/reid-data/market1501/Market-1501-v15.09.15/bounding_box_train/1437_c5s3_056440_01.jpg,0.7618601322174072,0.569092869758606,0
market1501,0,/root/autodl-tmp/reid-data/market1501/Market-1501-v15.09.15/bounding_box_train/1321_c5s3_036215_03.jpg,/root/autodl-tmp/reid-data/market1501/Market-1501-v15.09.15/bounding_box_train/1492_c2s3_055557_01.jpg,0.638422429561615,0.569092869758606,0
market1501,0,/root/autodl-tmp/reid-data/market1501/Market-1501-v15.09.15/bounding_box_train/1234_c1s5_042641_01.jpg,/root/autodl-tmp/reid-data/market1501/Market-1501-v15.09.15/bounding_box_train/1258_c3s3_021278_03.jpg,0.6980344653129578,0.569092869758606,0
market1501,0,/root/autodl-tmp/reid-data/market1501/Market-1501-v15.09.15/bounding_box_train/0430_c5s1_109748_02.jpg,/root/autodl-tmp/reid-data/market1501/Market-1501-v15.09.15/bounding_box_train/0963_c2s2_122352_06.jpg,0.6020827293395996,0.569092869758606,0
market1501,0,/root/autodl-tmp/reid-data/market1501/Market-1501-v15.09.15/bounding_box_train/0536_c3s1_150933_05.jpg,/root/autodl-tmp/reid-data/market1501/Market-1501-v15.09.15/bounding_box_train/1173_c6s3_045592_03.jpg,0.6350284218788147,0.569092869758606,0
market1501,0,/root/autodl-tmp/reid-data/market1501/Market-1501-v15.09.15/bounding_box_train/0243_c2s1_050276_01.jpg,/root/autodl-tmp/reid-data/market1501/Market-1501-v15.09.15/bounding_box_train/0419_c4s2_027267_01.jpg,0.6202598810195923,0.569092869758606,0
market1501,0,/root/autodl-tmp/reid-data/market1501/Market-1501-v15.09.15/bounding_box_train/0255_c2s1_060071_04.jpg,/root/autodl-tmp/reid-data/market1501/Market-1501-v15.09.15/bounding_box_train/0886_c3s2_109303_12.jpg,0.7298151850700378,0.569092869758606,0
market1501,0,/root/autodl-tmp/reid-data/market1501/Market-1501-v15.09.15/bounding_box_train/0670_c3s2_052012_02.jpg,/root/autodl-tmp/reid-data/market1501/Market-1501-v15.09.15/bounding_box_train/0726_c4s3_074360_02.jpg,0.5848342180252075,0.569092869758606,0
market1501,0,/root/autodl-tmp/reid-data/market1501/Market-1501-v15.09.15/bounding_box_train/0430_c4s2_036917_02.jpg,/root/autodl-tmp/reid-data/market1501/Market-1501-v15.09.15/bounding_box_train/1343_c2s3_045582_01.jpg,0.6498254537582397,0.569092869758606,0
market1501,0,/root/autodl-tmp/reid-data/market1501/Market-1501-v15.09.15/bounding_box_train/0368_c5s1_085948_03.jpg,/root/autodl-tmp/reid-data/market1501/Market-1501-v15.09.15/bounding_box_train/1001_c3s2_129019_02.jpg,0.5895776748657227,0.569092869758606,0
market1501,0,/root/autodl-tmp/reid-data/market1501/Market-1501-v15.09.15/bounding_box_train/0399_c5s1_095098_03.jpg,/root/autodl-tmp/reid-data/market1501/Market-1501-v15.09.15/bounding_box_train/1230_c1s5_041241_08.jpg,0.5819538235664368,0.569092869758606,0
market1501,0,/root/autodl-tmp/reid-data/market1501/Market-1501-v15.09.15/bounding_box_train/0314_c3s1_070467_03.jpg,/root/autodl-tmp/reid-data/market1501/Market-1501-v15.09.15/bounding_box_train/0635_c2s2_023137_02.jpg,0.6323838233947754,0.569092869758606,0
market1501,0,/root/autodl-tmp/reid-data/market1501/Market-1501-v15.09.15/bounding_box_train/0571_c3s2_007312_04.jpg,/root/autodl-tmp/reid-data/market1501/Market-1501-v15.09.15/bounding_box_train/1443_c5s3_057415_02.jpg,0.6014510989189148,0.569092869758606,0
market1501,0,/root/autodl-tmp/reid-data/market1501/Market-1501-v15.09.15/bounding_box_train/0623_c5s2_023505_04.jpg,/root/autodl-tmp/reid-data/market1501/Market-1501-v15.09.15/bounding_box_train/1129_c3s3_082444_01.jpg,0.6251310110092163,0.569092869758606,0
market1501,0,/root/autodl-tmp/reid-data/market1501/Market-1501-v15.09.15/bounding_box_train/0633_c3s2_025637_01.jpg,/root/autodl-tmp/reid-data/market1501/Market-1501-v15.09.15/bounding_box_train/0702_c1s3_069151_01.jpg,0.634932279586792,0.569092869758606,0
market1501,0,/root/autodl-tmp/reid-data/market1501/Market-1501-v15.09.15/bounding_box_train/0114_c2s3_071602_01.jpg,/root/autodl-tmp/reid-data/market1501/Market-1501-v15.09.15/bounding_box_train/0281_c5s1_063573_01.jpg,0.7772868871688843,0.569092869758606,0
market1501,0,/root/autodl-tmp/reid-data/market1501/Market-1501-v15.09.15/bounding_box_train/0872_c2s2_105882_06.jpg,/root/autodl-tmp/reid-data/market1501/Market-1501-v15.09.15/bounding_box_train/1400_c5s3_048690_02.jpg,0.6297734975814819,0.569092869758606,0
market1501,0,/root/autodl-tmp/reid-data/market1501/Market-1501-v15.09.15/bounding_box_train/0251_c5s1_064348_04.jpg,/root/autodl-tmp/reid-data/market1501/Market-1501-v15.09.15/bounding_box_train/1198_c3s3_010753_02.jpg,0.637015700340271,0.569092869758606,0
market1501,0,/root/autodl-tmp/reid-data/market1501/Market-1501-v15.09.15/bounding_box_train/0636_c5s2_027280_04.jpg,/root/autodl-tmp/reid-data/market1501/Market-1501-v15.09.15/bounding_box_train/0892_c1s4_049556_04.jpg,0.5941221117973328,0.569092869758606,0
market1501,0,/root/autodl-tmp/reid-data/market1501/Market-1501-v15.09.15/bounding_box_train/0333_c3s1_075817_04.jpg,/root/autodl-tmp/reid-data/market1501/Market-1501-v15.09.15/bounding_box_train/0516_c5s1_143070_01.jpg,0.6532959938049316,0.569092869758606,0
market1501,0,/root/autodl-tmp/reid-data/market1501/Market-1501-v15.09.15/bounding_box_train/0022_c1s1_002851_01.jpg,/root/autodl-tmp/reid-data/market1501/Market-1501-v15.09.15/bounding_box_train/0875_c6s2_102718_02.jpg,0.5738389492034912,0.569092869758606,0
market1501,0,/root/autodl-tmp/reid-data/market1501/Market-1501-v15.09.15/bounding_box_train/0307_c5s1_069673_02.jpg,/root/autodl-tmp/reid-data/market1501/Market-1501-v15.09.15/bounding_box_train/1116_c3s2_152444_02.jpg,0.7038844227790833,0.569092869758606,0
market1501,0,/root/autodl-tmp/reid-data/market1501/Market-1501-v15.09.15/bounding_box_train/0792_c6s2_081693_01.jpg,/root/autodl-tmp/reid-data/market1501/Market-1501-v15.09.15/bounding_box_train/1140_c1s6_022346_01.jpg,0.6127443909645081,0.569092869758606,0
market1501,0,/root/autodl-tmp/reid-data/market1501/Market-1501-v15.09.15/bounding_box_train/0204_c3s1_076217_03.jpg,/root/autodl-tmp/reid-data/market1501/Market-1501-v15.09.15/bounding_box_train/1231_c5s3_093362_03.jpg,0.6906315088272095,0.569092869758606,0
market1501,0,/root/autodl-tmp/reid-data/market1501/Market-1501-v15.09.15/bounding_box_train/0158_c5s1_028326_01.jpg,/root/autodl-tmp/reid-data/market1501/Market-1501-v15.09.15/bounding_box_train/0785_c1s4_021506_01.jpg,0.6870675086975098,0.569092869758606,0
market1501,0,/root/autodl-tmp/reid-data/market1501/Market-1501-v15.09.15/bounding_box_train/0160_c3s1_027501_01.jpg,/root/autodl-tmp/reid-data/market1501/Market-1501-v15.09.15/bounding_box_train/1480_c5s3_063412_02.jpg,0.640683650970459,0.569092869758606,0
market1501,0,/root/autodl-tmp/reid-data/market1501/Market-1501-v15.09.15/bounding_box_train/0421_c2s1_111216_01.jpg,/root/autodl-tmp/reid-data/market1501/Market-1501-v15.09.15/bounding_box_train/0666_c6s2_050618_03.jpg,0.6654509902000427,0.569092869758606,0
market1501,0,/root/autodl-tmp/reid-data/market1501/Market-1501-v15.09.15/bounding_box_train/0534_c2s1_160041_01.jpg,/root/autodl-tmp/reid-data/market1501/Market-1501-v15.09.15/bounding_box_train/0704_c5s2_055680_01.jpg,0.5629591345787048,0.569092869758606,0
market1501,0,/root/autodl-tmp/reid-data/market1501/Market-1501-v15.09.15/bounding_box_train/1124_c5s2_157774_02.jpg,/root/autodl-tmp/reid-data/market1501/Market-1501-v15.09.15/bounding_box_train/1158_c3s3_044103_04.jpg,0.6903664469718933,0.569092869758606,0
market1501,0,/root/autodl-tmp/reid-data/market1501/Market-1501-v15.09.15/bounding_box_train/0839_c2s2_104082_05.jpg,/root/autodl-tmp/reid-data/market1501/Market-1501-v15.09.15/bounding_box_train/1045_c3s2_134394_03.jpg,0.6529344320297241,0.569092869758606,0
market1501,0,/root/autodl-tmp/reid-data/market1501/Market-1501-v15.09.15/bounding_box_train/0022_c5s1_002901_02.jpg,/root/autodl-tmp/reid-data/market1501/Market-1501-v15.09.15/bounding_box_train/0255_c2s1_060046_01.jpg,0.7270084619522095,0.569092869758606,0
market1501,0,/root/autodl-tmp/reid-data/market1501/Market-1501-v15.09.15/bounding_box_train/0022_c5s1_045401_04.jpg,/root/autodl-tmp/reid-data/market1501/Market-1501-v15.09.15/bounding_box_train/0990_c1s4_073261_07.jpg,0.581649661064148,0.569092869758606,0
market1501,0,/root/autodl-tmp/reid-data/market1501/Market-1501-v15.09.15/bounding_box_train/0352_c2s1_079696_01.jpg,/root/autodl-tmp/reid-data/market1501/Market-1501-v15.09.15/bounding_box_train/0397_c1s2_021866_02.jpg,0.6067114472389221,0.569092869758606,0
market1501,0,/root/autodl-tmp/reid-data/market1501/Market-1501-v15.09.15/bounding_box_train/0513_c4s6_033266_01.jpg,/root/autodl-tmp/reid-data/market1501/Market-1501-v15.09.15/bounding_box_train/0658_c2s2_035112_01.jpg,0.6525178551673889,0.569092869758606,0
market1501,0,/root/autodl-tmp/reid-data/market1501/Market-1501-v15.09.15/bounding_box_train/0012_c1s1_000776_02.jpg,/root/autodl-tmp/reid-data/market1501/Market-1501-v15.09.15/bounding_box_train/1292_c5s3_030190_02.jpg,0.6395249962806702,0.569092869758606,0
market1501,0,/root/autodl-tmp/reid-data/market1501/Market-1501-v15.09.15/bounding_box_train/0475_c5s1_123220_02.jpg,/root/autodl-tmp/reid-data/market1501/Market-1501-v15.09.15/bounding_box_train/0714_c3s3_102044_01.jpg,0.6119595170021057,0.569092869758606,0
market1501,0,/root/autodl-tmp/reid-data/market1501/Market-1501-v15.09.15/bounding_box_train/0037_c5s1_005176_04.jpg,/root/autodl-tmp/reid-data/market1501/Market-1501-v15.09.15/bounding_box_train/0212_c3s1_042976_04.jpg,0.6950050592422485,0.569092869758606,0
market1501,0,/root/autodl-tmp/reid-data/market1501/Market-1501-v15.09.15/bounding_box_train/0826_c4s4_043310_05.jpg,/root/autodl-tmp/reid-data/market1501/Market-1501-v15.09.15/bounding_box_train/0991_c6s2_121043_03.jpg,0.3790111839771271,0.569092869758606,0
market1501,0,/root/autodl-tmp/reid-data/market1501/Market-1501-v15.09.15/bounding_box_train/0712_c1s3_068151_01.jpg,/root/autodl-tmp/reid-data/market1501/Market-1501-v15.09.15/bounding_box_train/1117_c5s2_154074_01.jpg,0.7185671925544739,0.569092869758606,0
market1501,0,/root/autodl-tmp/reid-data/market1501/Market-1501-v15.09.15/bounding_box_train/0104_c3s1_017426_02.jpg,/root/autodl-tmp/reid-data/market1501/Market-1501-v15.09.15/bounding_box_train/0795_c2s2_086307_01.jpg,0.6603720188140869,0.569092869758606,0
market1501,0,/root/autodl-tmp/reid-data/market1501/Market-1501-v15.09.15/bounding_box_train/1117_c2s2_161702_01.jpg,/root/autodl-tmp/reid-data/market1501/Market-1501-v15.09.15/bounding_box_train/1393_c1s5_074216_01.jpg,0.5580779314041138,0.569092869758606,0
market1501,0,/root/autodl-tmp/reid-data/market1501/Market-1501-v15.09.15/bounding_box_train/0820_c6s2_096293_01.jpg,/root/autodl-tmp/reid-data/market1501/Market-1501-v15.09.15/bounding_box_train/0843_c2s2_104732_05.jpg,0.6257354617118835,0.569092869758606,0
market1501,0,/root/autodl-tmp/reid-data/market1501/Market-1501-v15.09.15/bounding_box_train/0134_c1s1_022501_01.jpg,/root/autodl-tmp/reid-data/market1501/Market-1501-v15.09.15/bounding_box_train/0139_c4s1_025726_01.jpg,0.6694247722625732,0.569092869758606,0
market1501,0,/root/autodl-tmp/reid-data/market1501/Market-1501-v15.09.15/bounding_box_train/0239_c5s1_068548_03.jpg,/root/autodl-tmp/reid-data/market1501/Market-1501-v15.09.15/bounding_box_train/1495_c3s3_062178_07.jpg,0.6523919701576233,0.569092869758606,0
market1501,0,/root/autodl-tmp/reid-data/market1501/Market-1501-v15.09.15/bounding_box_train/0594_c6s2_008068_01.jpg,/root/autodl-tmp/reid-data/market1501/Market-1501-v15.09.15/bounding_box_train/0946_c1s4_058161_03.jpg,0.569932758808136,0.569092869758606,0
market1501,0,/root/autodl-tmp/reid-data/market1501/Market-1501-v15.09.15/bounding_box_train/1007_c1s4_070336_01.jpg,/root/autodl-tmp/reid-data/market1501/Market-1501-v15.09.15/bounding_box_train/1206_c2s3_006432_05.jpg,0.5644123554229736,0.569092869758606,0
market1501,0,/root/autodl-tmp/reid-data/market1501/Market-1501-v15.09.15/bounding_box_train/0620_c4s3_037529_04.jpg,/root/autodl-tmp/reid-data/market1501/Market-1501-v15.09.15/bounding_box_train/1473_c1s6_011641_04.jpg,0.6757091879844666,0.569092869758606,0
market1501,0,/root/autodl-tmp/reid-data/market1501/Market-1501-v15.09.15/bounding_box_train/0261_c6s1_082301_03.jpg,/root/autodl-tmp/reid-data/market1501/Market-1501-v15.09.15/bounding_box_train/0673_c5s2_045105_04.jpg,0.6312498450279236,0.569092869758606,0
market1501,0,/root/autodl-tmp/reid-data/market1501/Market-1501-v15.09.15/bounding_box_train/0375_c2s1_088646_05.jpg,/root/autodl-tmp/reid-data/market1501/Market-1501-v15.09.15/bounding_box_train/0730_c6s2_102093_04.jpg,0.545875072479248,0.569092869758606,0
market1501,0,/root/autodl-tmp/reid-data/market1501/Market-1501-v15.09.15/bounding_box_train/0184_c2s3_013732_01.jpg,/root/autodl-tmp/reid-data/market1501/Market-1501-v15.09.15/bounding_box_train/0318_c6s1_073251_05.jpg,0.5409280061721802,0.569092869758606,0
market1501,0,/root/autodl-tmp/reid-data/market1501/Market-1501-v15.09.15/bounding_box_train/0409_c5s1_098548_01.jpg,/root/autodl-tmp/reid-data/market1501/Market-1501-v15.09.15/bounding_box_train/0566_c2s2_010937_01.jpg,0.6039392352104187,0.569092869758606,0
market1501,0,/root/autodl-tmp/reid-data/market1501/Market-1501-v15.09.15/bounding_box_train/0245_c2s3_073327_01.jpg,/root/autodl-tmp/reid-data/market1501/Market-1501-v15.09.15/bounding_box_train/1365_c3s3_042928_04.jpg,0.6392336487770081,0.569092869758606,0
market1501,0,/root/autodl-tmp/reid-data/market1501/Market-1501-v15.09.15/bounding_box_train/0383_c2s1_090696_03.jpg,/root/autodl-tmp/reid-data/market1501/Market-1501-v15.09.15/bounding_box_train/1291_c6s3_053642_03.jpg,0.5497603416442871,0.569092869758606,0
market1501,0,/root/autodl-tmp/reid-data/market1501/Market-1501-v15.09.15/bounding_box_train/1198_c1s5_037191_02.jpg,/root/autodl-tmp/reid-data/market1501/Market-1501-v15.09.15/bounding_box_train/1281_c3s3_027378_01.jpg,0.603239893913269,0.569092869758606,0
market1501,0,/root/autodl-tmp/reid-data/market1501/Market-1501-v15.09.15/bounding_box_train/0032_c3s1_002401_02.jpg,/root/autodl-tmp/reid-data/market1501/Market-1501-v15.09.15/bounding_box_train/0603_c5s2_017480_02.jpg,0.706285297870636,0.569092869758606,0
market1501,0,/root/autodl-tmp/reid-data/market1501/Market-1501-v15.09.15/bounding_box_train/1129_c3s3_082744_02.jpg,/root/autodl-tmp/reid-data/market1501/Market-1501-v15.09.15/bounding_box_train/1392_c6s3_071717_02.jpg,0.5559263825416565,0.569092869758606,0
market1501,0,/root/autodl-tmp/reid-data/market1501/Market-1501-v15.09.15/bounding_box_train/0110_c3s1_018226_01.jpg,/root/autodl-tmp/reid-data/market1501/Market-1501-v15.09.15/bounding_box_train/1364_c6s3_071467_01.jpg,0.6750984191894531,0.569092869758606,0
market1501,0,/root/autodl-tmp/reid-data/market1501/Market-1501-v15.09.15/bounding_box_train/0557_c5s2_134049_08.jpg,/root/autodl-tmp/reid-data/market1501/Market-1501-v15.09.15/bounding_box_train/1455_c3s3_058028_03.jpg,0.6392776370048523,0.569092869758606,0
market1501,0,/root/autodl-tmp/reid-data/market1501/Market-1501-v15.09.15/bounding_box_train/0613_c5s2_018905_02.jpg,/root/autodl-tmp/reid-data/market1501/Market-1501-v15.09.15/bounding_box_train/0761_c3s2_082553_04.jpg,0.5937983989715576,0.569092869758606,0
market1501,0,/root/autodl-tmp/reid-data/market1501/Market-1501-v15.09.15/bounding_box_train/0494_c5s1_131345_03.jpg,/root/autodl-tmp/reid-data/market1501/Market-1501-v15.09.15/bounding_box_train/1426_c3s3_053553_04.jpg,0.6558911204338074,0.569092869758606,0
market1501,0,/root/autodl-tmp/reid-data/market1501/Market-1501-v15.09.15/bounding_box_train/0324_c1s2_001441_02.jpg,/root/autodl-tmp/reid-data/market1501/Market-1501-v15.09.15/bounding_box_train/0652_c5s2_051280_05.jpg,0.6509741544723511,0.569092869758606,0
market1501,0,/root/autodl-tmp/reid-data/market1501/Market-1501-v15.09.15/bounding_box_train/0895_c6s2_104118_03.jpg,/root/autodl-tmp/reid-data/market1501/Market-1501-v15.09.15/bounding_box_train/1408_c5s3_049990_02.jpg,0.6055306792259216,0.569092869758606,0
market1501,0,/root/autodl-tmp/reid-data/market1501/Market-1501-v15.09.15/bounding_box_train/0206_c5s1_052801_04.jpg,/root/autodl-tmp/reid-data/market1501/Market-1501-v15.09.15/bounding_box_train/0676_c6s2_050968_03.jpg,0.5588427186012268,0.569092869758606,0
market1501,0,/root/autodl-tmp/reid-data/market1501/Market-1501-v15.09.15/bounding_box_train/0606_c5s2_057805_02.jpg,/root/autodl-tmp/reid-data/market1501/Market-1501-v15.09.15/bounding_box_train/0816_c6s2_104693_01.jpg,0.5559583902359009,0.569092869758606,0
market1501,0,/root/autodl-tmp/reid-data/market1501/Market-1501-v15.09.15/bounding_box_train/0081_c5s3_038090_01.jpg,/root/autodl-tmp/reid-data/market1501/Market-1501-v15.09.15/bounding_box_train/0413_c2s1_132366_01.jpg,0.6327497363090515,0.569092869758606,0
market1501,0,/root/autodl-tmp/reid-data/market1501/Market-1501-v15.09.15/bounding_box_train/0517_c5s1_149545_05.jpg,/root/autodl-tmp/reid-data/market1501/Market-1501-v15.09.15/bounding_box_train/1296_c3s3_037428_01.jpg,0.6113306879997253,0.569092869758606,0
market1501,0,/root/autodl-tmp/reid-data/market1501/Market-1501-v15.09.15/bounding_box_train/0177_c1s1_032851_01.jpg,/root/autodl-tmp/reid-data/market1501/Market-1501-v15.09.15/bounding_box_train/0761_c3s2_073878_01.jpg,0.7207208871841431,0.569092869758606,0
market1501,0,/root/autodl-tmp/reid-data/market1501/Market-1501-v15.09.15/bounding_box_train/0255_c6s1_054401_01.jpg,/root/autodl-tmp/reid-data/market1501/Market-1501-v15.09.15/bounding_box_train/1114_c3s2_157019_01.jpg,0.6086593270301819,0.569092869758606,0
market1501,0,/root/autodl-tmp/reid-data/market1501/Market-1501-v15.09.15/bounding_box_train/0030_c1s1_002576_01.jpg,/root/autodl-tmp/reid-data/market1501/Market-1501-v15.09.15/bounding_box_train/0338_c4s2_004592_05.jpg,0.6356819272041321,0.569092869758606,0
market1501,0,/root/autodl-tmp/reid-data/market1501/Market-1501-v15.09.15/bounding_box_train/0046_c1s1_004101_04.jpg,/root/autodl-tmp/reid-data/market1501/Market-1501-v15.09.15/bounding_box_train/0730_c5s2_063502_07.jpg,0.614974319934845,0.569092869758606,0
market1501,0,/root/autodl-tmp/reid-data/market1501/Market-1501-v15.09.15/bounding_box_train/0571_c1s3_022051_02.jpg,/root/autodl-tmp/reid-data/market1501/Market-1501-v15.09.15/bounding_box_train/0946_c5s2_119224_06.jpg,0.6158534288406372,0.569092869758606,0
market1501,0,/root/autodl-tmp/reid-data/market1501/Market-1501-v15.09.15/bounding_box_train/1325_c6s3_059892_02.jpg,/root/autodl-tmp/reid-data/market1501/Market-1501-v15.09.15/bounding_box_train/1473_c5s3_060890_05.jpg,0.6119239330291748,0.569092869758606,0
market1501,0,/root/autodl-tmp/reid-data/market1501/Market-1501-v15.09.15/bounding_box_train/0104_c1s1_019601_03.jpg,/root/autodl-tmp/reid-data/market1501/Market-1501-v15.09.15/bounding_box_train/1422_c6s3_076342_01.jpg,0.5830153226852417,0.569092869758606,0
market1501,0,/root/autodl-tmp/reid-data/market1501/Market-1501-v15.09.15/bounding_box_train/0123_c5s1_029751_01.jpg,/root/autodl-tmp/reid-data/market1501/Market-1501-v15.09.15/bounding_box_train/0139_c1s2_002816_03.jpg,0.6694470047950745,0.569092869758606,0
market1501,0,/root/autodl-tmp/reid-data/market1501/Market-1501-v15.09.15/bounding_box_train/0434_c5s1_113395_01.jpg,/root/autodl-tmp/reid-data/market1501/Market-1501-v15.09.15/bounding_box_train/0620_c3s2_023837_06.jpg,0.6561943888664246,0.569092869758606,0
market1501,0,/root/autodl-tmp/reid-data/market1501/Market-1501-v15.09.15/bounding_box_train/0107_c3s1_017576_01.jpg,/root/autodl-tmp/reid-data/market1501/Market-1501-v15.09.15/bounding_box_train/0209_c5s1_043526_01.jpg,0.7055694460868835,0.569092869758606,0
market1501,0,/root/autodl-tmp/reid-data/market1501/Market-1501-v15.09.15/bounding_box_train/0022_c3s1_002376_01.jpg,/root/autodl-tmp/reid-data/market1501/Market-1501-v15.09.15/bounding_box_train/0255_c2s1_060071_01.jpg,0.786052405834198,0.569092869758606,0
market1501,0,/root/autodl-tmp/reid-data/market1501/Market-1501-v15.09.15/bounding_box_train/0525_c2s1_146516_01.jpg,/root/autodl-tmp/reid-data/market1501/Market-1501-v15.09.15/bounding_box_train/0955_c6s2_114093_02.jpg,0.6040215492248535,0.569092869758606,0
market1501,0,/root/autodl-tmp/reid-data/market1501/Market-1501-v15.09.15/bounding_box_train/0682_c6s2_058143_02.jpg,/root/autodl-tmp/reid-data/market1501/Market-1501-v15.09.15/bounding_box_train/0703_c5s2_065727_01.jpg,0.5665421485900879,0.569092869758606,0
market1501,0,/root/autodl-tmp/reid-data/market1501/Market-1501-v15.09.15/bounding_box_train/0637_c1s3_059301_01.jpg,/root/autodl-tmp/reid-data/market1501/Market-1501-v15.09.15/bounding_box_train/1158_c3s3_061978_02.jpg,0.6594840288162231,0.569092869758606,0
market1501,0,/root/autodl-tmp/reid-data/market1501/Market-1501-v15.09.15/bounding_box_train/0953_c5s2_120624_04.jpg,/root/autodl-tmp/reid-data/market1501/Market-1501-v15.09.15/bounding_box_train/0972_c6s2_116968_04.jpg,0.5980859994888306,0.569092869758606,0
market1501,0,/root/autodl-tmp/reid-data/market1501/Market-1501-v15.09.15/bounding_box_train/0411_c5s1_098273_01.jpg,/root/autodl-tmp/reid-data/market1501/Market-1501-v15.09.15/bounding_box_train/0456_c3s1_116508_02.jpg,0.6392994523048401,0.569092869758606,0
market1501,0,/root/autodl-tmp/reid-data/market1501/Market-1501-v15.09.15/bounding_box_train/0115_c5s1_021401_02.jpg,/root/autodl-tmp/reid-data/market1501/Market-1501-v15.09.15/bounding_box_train/1213_c6s3_037367_03.jpg,0.5800430774688721,0.569092869758606,0
market1501,0,/root/autodl-tmp/reid-data/market1501/Market-1501-v15.09.15/bounding_box_train/0056_c3s1_006851_02.jpg,/root/autodl-tmp/reid-data/market1501/Market-1501-v15.09.15/bounding_box_train/0148_c5s1_029676_01.jpg,0.6529515385627747,0.569092869758606,0
market1501,0,/root/autodl-tmp/reid-data/market1501/Market-1501-v15.09.15/bounding_box_train/0409_c1s2_042746_01.jpg,/root/autodl-tmp/reid-data/market1501/Market-1501-v15.09.15/bounding_box_train/0939_c6s2_112243_02.jpg,0.5971066355705261,0.569092869758606,0
market1501,0,/root/autodl-tmp/reid-data/market1501/Market-1501-v15.09.15/bounding_box_train/1051_c3s2_136219_02.jpg,/root/autodl-tmp/reid-data/market1501/Market-1501-v15.09.15/bounding_box_train/1281_c5s3_027665_02.jpg,0.5555762052536011,0.569092869758606,0
market1501,0,/root/autodl-tmp/reid-data/market1501/Market-1501-v15.09.15/bounding_box_train/0279_c2s1_086971_02.jpg,/root/autodl-tmp/reid-data/market1501/Market-1501-v15.09.15/bounding_box_train/0666_c3s2_042437_02.jpg,0.604117751121521,0.569092869758606,0
market1501,0,/root/autodl-tmp/reid-data/market1501/Market-1501-v15.09.15/bounding_box_train/0738_c6s2_086043_01.jpg,/root/autodl-tmp/reid-data/market1501/Market-1501-v15.09.15/bounding_box_train/0930_c3s2_116194_04.jpg,0.4826648235321045,0.569092869758606,0
market1501,0,/root/autodl-tmp/reid-data/market1501/Market-1501-v15.09.15/bounding_box_train/1007_c2s2_128052_06.jpg,/root/autodl-tmp/reid-data/market1501/Market-1501-v15.09.15/bounding_box_train/1400_c1s5_074466_02.jpg,0.6151200532913208,0.569092869758606,0
