domain,method,draw,seed,step,mAP,rank1,rank5,gain_base,effective_identities,n_fail,n_dup,anchor_set_hash,support_hash,reused_equivalent,status,actual_updates
grid,random,0,42,100,68.03483366966248,59.20000076293945,80.80000281333923,6.801104545593262,16,0,0,d2ad76e93f0dddb0647ce3f07d7bc13bd9670be72f0fb6862017442ad5c70ec0,ad9276010a18b7740785de1b5c5502d1aec272261f253d0d15adced6aa81964a,False,complete,5000
grid,random,0,42,300,67.9481029510498,59.20000076293945,80.0000011920929,6.714373826980591,16,0,0,d2ad76e93f0dddb0647ce3f07d7bc13bd9670be72f0fb6862017442ad5c70ec0,ad9276010a18b7740785de1b5c5502d1aec272261f253d0d15adced6aa81964a,False,complete,5000
grid,random,0,42,1000,64.61235284805298,54.40000295639038,78.39999794960022,3.3786237239837646,16,0,0,d2ad76e93f0dddb0647ce3f07d7bc13bd9670be72f0fb6862017442ad5c70ec0,ad9276010a18b7740785de1b5c5502d1aec272261f253d0d15adced6aa81964a,False,complete,5000
grid,random,0,42,3000,64.44383263587952,54.40000295639038,75.19999742507935,3.2101035118103027,16,0,0,d2ad76e93f0dddb0647ce3f07d7bc13bd9670be72f0fb6862017442ad5c70ec0,ad9276010a18b7740785de1b5c5502d1aec272261f253d0d15adced6aa81964a,False,complete,5000
grid,random,0,42,5000,64.41356539726257,56.00000023841858,72.79999852180481,3.1798362731933594,16,0,0,d2ad76e93f0dddb0647ce3f07d7bc13bd9670be72f0fb6862017442ad5c70ec0,ad9276010a18b7740785de1b5c5502d1aec272261f253d0d15adced6aa81964a,False,complete,5000
grid,random,0,43,100,68.50625276565552,60.00000238418579,78.39999794960022,7.272523641586304,16,0,0,d2ad76e93f0dddb0647ce3f07d7bc13bd9670be72f0fb6862017442ad5c70ec0,ad9276010a18b7740785de1b5c5502d1aec272261f253d0d15adced6aa81964a,False,complete,5000
grid,random,0,43,300,68.04367899894714,60.00000238418579,79.19999957084656,6.80994987487793,16,0,0,d2ad76e93f0dddb0647ce3f07d7bc13bd9670be72f0fb6862017442ad5c70ec0,ad9276010a18b7740785de1b5c5502d1aec272261f253d0d15adced6aa81964a,False,complete,5000
grid,random,0,43,1000,66.18491411209106,56.80000185966492,76.80000066757202,4.951184988021851,16,0,0,d2ad76e93f0dddb0647ce3f07d7bc13bd9670be72f0fb6862017442ad5c70ec0,ad9276010a18b7740785de1b5c5502d1aec272261f253d0d15adced6aa81964a,False,complete,5000
grid,random,0,43,3000,62.63103485107422,51.20000243186951,77.60000228881836,1.3973057270050049,16,0,0,d2ad76e93f0dddb0647ce3f07d7bc13bd9670be72f0fb6862017442ad5c70ec0,ad9276010a18b7740785de1b5c5502d1aec272261f253d0d15adced6aa81964a,False,complete,5000
grid,random,0,43,5000,66.53374433517456,55.19999861717224,79.19999957084656,5.300015211105347,16,0,0,d2ad76e93f0dddb0647ce3f07d7bc13bd9670be72f0fb6862017442ad5c70ec0,ad9276010a18b7740785de1b5c5502d1aec272261f253d0d15adced6aa81964a,False,complete,5000
grid,random,1,42,100,68.33139061927795,57.59999752044678,82.40000009536743,7.09766149520874,15,0,1,c0ccc667a71d0f348e287efac4fa9f7d4d4d4b576dbccc1f1d7683b6c8ed0bae,faad77eee93546259b425929d74e62bb82f2aa6aa4e7269e601afe829f45ee71,False,complete,5000
grid,random,1,42,300,69.13216710090637,59.20000076293945,80.0000011920929,7.898437976837158,15,0,1,c0ccc667a71d0f348e287efac4fa9f7d4d4d4b576dbccc1f1d7683b6c8ed0bae,faad77eee93546259b425929d74e62bb82f2aa6aa4e7269e601afe829f45ee71,False,complete,5000
grid,random,1,42,1000,66.78681373596191,56.80000185966492,80.80000281333923,5.5530846118927,15,0,1,c0ccc667a71d0f348e287efac4fa9f7d4d4d4b576dbccc1f1d7683b6c8ed0bae,faad77eee93546259b425929d74e62bb82f2aa6aa4e7269e601afe829f45ee71,False,complete,5000
grid,random,1,42,3000,68.5728132724762,59.20000076293945,80.0000011920929,7.339084148406982,15,0,1,c0ccc667a71d0f348e287efac4fa9f7d4d4d4b576dbccc1f1d7683b6c8ed0bae,faad77eee93546259b425929d74e62bb82f2aa6aa4e7269e601afe829f45ee71,False,complete,5000
grid,random,1,42,5000,69.45841908454895,60.00000238418579,80.80000281333923,8.224689960479736,15,0,1,c0ccc667a71d0f348e287efac4fa9f7d4d4d4b576dbccc1f1d7683b6c8ed0bae,faad77eee93546259b425929d74e62bb82f2aa6aa4e7269e601afe829f45ee71,False,complete,5000
grid,random,1,43,100,66.89889430999756,56.00000023841858,80.0000011920929,5.665165185928345,15,0,1,c0ccc667a71d0f348e287efac4fa9f7d4d4d4b576dbccc1f1d7683b6c8ed0bae,faad77eee93546259b425929d74e62bb82f2aa6aa4e7269e601afe829f45ee71,False,complete,5000
grid,random,1,43,300,69.65611577033997,57.59999752044678,80.80000281333923,8.422386646270752,15,0,1,c0ccc667a71d0f348e287efac4fa9f7d4d4d4b576dbccc1f1d7683b6c8ed0bae,faad77eee93546259b425929d74e62bb82f2aa6aa4e7269e601afe829f45ee71,False,complete,5000
grid,random,1,43,1000,69.32440400123596,58.399999141693115,82.40000009536743,8.090674877166748,15,0,1,c0ccc667a71d0f348e287efac4fa9f7d4d4d4b576dbccc1f1d7683b6c8ed0bae,faad77eee93546259b425929d74e62bb82f2aa6aa4e7269e601afe829f45ee71,False,complete,5000
grid,random,1,43,3000,66.48112535476685,57.59999752044678,78.39999794960022,5.247396230697632,15,0,1,c0ccc667a71d0f348e287efac4fa9f7d4d4d4b576dbccc1f1d7683b6c8ed0bae,faad77eee93546259b425929d74e62bb82f2aa6aa4e7269e601afe829f45ee71,False,complete,5000
grid,random,1,43,5000,69.19054388999939,60.00000238418579,79.19999957084656,7.956814765930176,15,0,1,c0ccc667a71d0f348e287efac4fa9f7d4d4d4b576dbccc1f1d7683b6c8ed0bae,faad77eee93546259b425929d74e62bb82f2aa6aa4e7269e601afe829f45ee71,False,complete,5000
grid,random,2,42,100,66.48383140563965,55.19999861717224,80.0000011920929,5.250102281570435,16,0,0,a2edb23564aa415f61e21884770bec9fe7d14183d15b1d67bba8664077a85003,d8e89d48a0678f3dcea9d6008ec87aace2579a38f4e42d3867c6b204a6813962,False,complete,5000
grid,random,2,42,300,66.66054725646973,58.399999141693115,78.39999794960022,5.426818132400513,16,0,0,a2edb23564aa415f61e21884770bec9fe7d14183d15b1d67bba8664077a85003,d8e89d48a0678f3dcea9d6008ec87aace2579a38f4e42d3867c6b204a6813962,False,complete,5000
grid,random,2,42,1000,68.12537908554077,60.79999804496765,76.80000066757202,6.891649961471558,16,0,0,a2edb23564aa415f61e21884770bec9fe7d14183d15b1d67bba8664077a85003,d8e89d48a0678f3dcea9d6008ec87aace2579a38f4e42d3867c6b204a6813962,False,complete,5000
grid,random,2,42,3000,69.61875557899475,62.40000128746033,79.19999957084656,8.385026454925537,16,0,0,a2edb23564aa415f61e21884770bec9fe7d14183d15b1d67bba8664077a85003,d8e89d48a0678f3dcea9d6008ec87aace2579a38f4e42d3867c6b204a6813962,False,complete,5000
grid,random,2,42,5000,63.337743282318115,52.799999713897705,76.80000066757202,2.1040141582489014,16,0,0,a2edb23564aa415f61e21884770bec9fe7d14183d15b1d67bba8664077a85003,d8e89d48a0678f3dcea9d6008ec87aace2579a38f4e42d3867c6b204a6813962,False,complete,5000
grid,random,2,43,100,69.76833939552307,60.79999804496765,80.80000281333923,8.534610271453857,16,0,0,a2edb23564aa415f61e21884770bec9fe7d14183d15b1d67bba8664077a85003,d8e89d48a0678f3dcea9d6008ec87aace2579a38f4e42d3867c6b204a6813962,False,complete,5000
grid,random,2,43,300,69.0680742263794,61.59999966621399,79.19999957084656,7.834345102310181,16,0,0,a2edb23564aa415f61e21884770bec9fe7d14183d15b1d67bba8664077a85003,d8e89d48a0678f3dcea9d6008ec87aace2579a38f4e42d3867c6b204a6813962,False,complete,5000
grid,random,2,43,1000,67.64360070228577,60.00000238418579,73.60000014305115,6.409871578216553,16,0,0,a2edb23564aa415f61e21884770bec9fe7d14183d15b1d67bba8664077a85003,d8e89d48a0678f3dcea9d6008ec87aace2579a38f4e42d3867c6b204a6813962,False,complete,5000
grid,random,2,43,3000,70.22397518157959,61.59999966621399,80.0000011920929,8.990246057510376,16,0,0,a2edb23564aa415f61e21884770bec9fe7d14183d15b1d67bba8664077a85003,d8e89d48a0678f3dcea9d6008ec87aace2579a38f4e42d3867c6b204a6813962,False,complete,5000
grid,random,2,43,5000,66.4624273777008,56.00000023841858,79.19999957084656,5.228698253631592,16,0,0,a2edb23564aa415f61e21884770bec9fe7d14183d15b1d67bba8664077a85003,d8e89d48a0678f3dcea9d6008ec87aace2579a38f4e42d3867c6b204a6813962,False,complete,5000
grid,dedup,0,42,100,68.03483366966248,59.20000076293945,80.80000281333923,6.801104545593262,16,0,0,d2ad76e93f0dddb0647ce3f07d7bc13bd9670be72f0fb6862017442ad5c70ec0,ad9276010a18b7740785de1b5c5502d1aec272261f253d0d15adced6aa81964a,False,complete,5000
grid,dedup,0,42,300,67.9481029510498,59.20000076293945,80.0000011920929,6.714373826980591,16,0,0,d2ad76e93f0dddb0647ce3f07d7bc13bd9670be72f0fb6862017442ad5c70ec0,ad9276010a18b7740785de1b5c5502d1aec272261f253d0d15adced6aa81964a,False,complete,5000
grid,dedup,0,42,1000,64.61235284805298,54.40000295639038,78.39999794960022,3.3786237239837646,16,0,0,d2ad76e93f0dddb0647ce3f07d7bc13bd9670be72f0fb6862017442ad5c70ec0,ad9276010a18b7740785de1b5c5502d1aec272261f253d0d15adced6aa81964a,False,complete,5000
grid,dedup,0,42,3000,64.44383263587952,54.40000295639038,75.19999742507935,3.2101035118103027,16,0,0,d2ad76e93f0dddb0647ce3f07d7bc13bd9670be72f0fb6862017442ad5c70ec0,ad9276010a18b7740785de1b5c5502d1aec272261f253d0d15adced6aa81964a,False,complete,5000
grid,dedup,0,42,5000,64.41356539726257,56.00000023841858,72.79999852180481,3.1798362731933594,16,0,0,d2ad76e93f0dddb0647ce3f07d7bc13bd9670be72f0fb6862017442ad5c70ec0,ad9276010a18b7740785de1b5c5502d1aec272261f253d0d15adced6aa81964a,False,complete,5000
grid,dedup,0,43,100,68.50625276565552,60.00000238418579,78.39999794960022,7.272523641586304,16,0,0,d2ad76e93f0dddb0647ce3f07d7bc13bd9670be72f0fb6862017442ad5c70ec0,ad9276010a18b7740785de1b5c5502d1aec272261f253d0d15adced6aa81964a,False,complete,5000
grid,dedup,0,43,300,68.04367899894714,60.00000238418579,79.19999957084656,6.80994987487793,16,0,0,d2ad76e93f0dddb0647ce3f07d7bc13bd9670be72f0fb6862017442ad5c70ec0,ad9276010a18b7740785de1b5c5502d1aec272261f253d0d15adced6aa81964a,False,complete,5000
grid,dedup,0,43,1000,66.18491411209106,56.80000185966492,76.80000066757202,4.951184988021851,16,0,0,d2ad76e93f0dddb0647ce3f07d7bc13bd9670be72f0fb6862017442ad5c70ec0,ad9276010a18b7740785de1b5c5502d1aec272261f253d0d15adced6aa81964a,False,complete,5000
grid,dedup,0,43,3000,62.63103485107422,51.20000243186951,77.60000228881836,1.3973057270050049,16,0,0,d2ad76e93f0dddb0647ce3f07d7bc13bd9670be72f0fb6862017442ad5c70ec0,ad9276010a18b7740785de1b5c5502d1aec272261f253d0d15adced6aa81964a,False,complete,5000
grid,dedup,0,43,5000,66.53374433517456,55.19999861717224,79.19999957084656,5.300015211105347,16,0,0,d2ad76e93f0dddb0647ce3f07d7bc13bd9670be72f0fb6862017442ad5c70ec0,ad9276010a18b7740785de1b5c5502d1aec272261f253d0d15adced6aa81964a,False,complete,5000
grid,dedup,1,42,100,68.0755615234375,57.59999752044678,83.20000171661377,6.841832399368286,16,0,0,bfc13db11aa68c2ffa3f0094eb195a3e31e1741aa62df182925f520cc81543d6,ef5cf260bfac982c13293f93cbbc2ab20c704ed8d40f4f3a3252b26d6f84d9f4,False,complete,5000
grid,dedup,1,42,300,70.29227018356323,61.59999966621399,79.19999957084656,9.058541059494019,16,0,0,bfc13db11aa68c2ffa3f0094eb195a3e31e1741aa62df182925f520cc81543d6,ef5cf260bfac982c13293f93cbbc2ab20c704ed8d40f4f3a3252b26d6f84d9f4,False,complete,5000
grid,dedup,1,42,1000,66.97331070899963,57.59999752044678,78.39999794960022,5.73958158493042,16,0,0,bfc13db11aa68c2ffa3f0094eb195a3e31e1741aa62df182925f520cc81543d6,ef5cf260bfac982c13293f93cbbc2ab20c704ed8d40f4f3a3252b26d6f84d9f4,False,complete,5000
grid,dedup,1,42,3000,69.30444240570068,60.79999804496765,80.0000011920929,8.07071328163147,16,0,0,bfc13db11aa68c2ffa3f0094eb195a3e31e1741aa62df182925f520cc81543d6,ef5cf260bfac982c13293f93cbbc2ab20c704ed8d40f4f3a3252b26d6f84d9f4,False,complete,5000
grid,dedup,1,42,5000,71.39546871185303,63.999998569488525,80.0000011920929,10.161739587783813,16,0,0,bfc13db11aa68c2ffa3f0094eb195a3e31e1741aa62df182925f520cc81543d6,ef5cf260bfac982c13293f93cbbc2ab20c704ed8d40f4f3a3252b26d6f84d9f4,False,complete,5000
grid,dedup,1,43,100,68.29370856285095,58.399999141693115,80.80000281333923,7.059979438781738,16,0,0,bfc13db11aa68c2ffa3f0094eb195a3e31e1741aa62df182925f520cc81543d6,ef5cf260bfac982c13293f93cbbc2ab20c704ed8d40f4f3a3252b26d6f84d9f4,False,complete,5000
grid,dedup,1,43,300,67.70986914634705,59.20000076293945,77.60000228881836,6.476140022277832,16,0,0,bfc13db11aa68c2ffa3f0094eb195a3e31e1741aa62df182925f520cc81543d6,ef5cf260bfac982c13293f93cbbc2ab20c704ed8d40f4f3a3252b26d6f84d9f4,False,complete,5000
grid,dedup,1,43,1000,67.63529777526855,59.20000076293945,79.19999957084656,6.401568651199341,16,0,0,bfc13db11aa68c2ffa3f0094eb195a3e31e1741aa62df182925f520cc81543d6,ef5cf260bfac982c13293f93cbbc2ab20c704ed8d40f4f3a3252b26d6f84d9f4,False,complete,5000
grid,dedup,1,43,3000,65.97497463226318,55.19999861717224,80.0000011920929,4.74124550819397,16,0,0,bfc13db11aa68c2ffa3f0094eb195a3e31e1741aa62df182925f520cc81543d6,ef5cf260bfac982c13293f93cbbc2ab20c704ed8d40f4f3a3252b26d6f84d9f4,False,complete,5000
grid,dedup,1,43,5000,65.39662480354309,56.00000023841858,75.99999904632568,4.162895679473877,16,0,0,bfc13db11aa68c2ffa3f0094eb195a3e31e1741aa62df182925f520cc81543d6,ef5cf260bfac982c13293f93cbbc2ab20c704ed8d40f4f3a3252b26d6f84d9f4,False,complete,5000
grid,dedup,2,42,100,66.48383140563965,55.19999861717224,80.0000011920929,5.250102281570435,16,0,0,a2edb23564aa415f61e21884770bec9fe7d14183d15b1d67bba8664077a85003,d8e89d48a0678f3dcea9d6008ec87aace2579a38f4e42d3867c6b204a6813962,False,complete,5000
grid,dedup,2,42,300,66.66054725646973,58.399999141693115,78.39999794960022,5.426818132400513,16,0,0,a2edb23564aa415f61e21884770bec9fe7d14183d15b1d67bba8664077a85003,d8e89d48a0678f3dcea9d6008ec87aace2579a38f4e42d3867c6b204a6813962,False,complete,5000
grid,dedup,2,42,1000,68.12537908554077,60.79999804496765,76.80000066757202,6.891649961471558,16,0,0,a2edb23564aa415f61e21884770bec9fe7d14183d15b1d67bba8664077a85003,d8e89d48a0678f3dcea9d6008ec87aace2579a38f4e42d3867c6b204a6813962,False,complete,5000
grid,dedup,2,42,3000,69.61875557899475,62.40000128746033,79.19999957084656,8.385026454925537,16,0,0,a2edb23564aa415f61e21884770bec9fe7d14183d15b1d67bba8664077a85003,d8e89d48a0678f3dcea9d6008ec87aace2579a38f4e42d3867c6b204a6813962,False,complete,5000
grid,dedup,2,42,5000,63.337743282318115,52.799999713897705,76.80000066757202,2.1040141582489014,16,0,0,a2edb23564aa415f61e21884770bec9fe7d14183d15b1d67bba8664077a85003,d8e89d48a0678f3dcea9d6008ec87aace2579a38f4e42d3867c6b204a6813962,False,complete,5000
grid,dedup,2,43,100,69.76833939552307,60.79999804496765,80.80000281333923,8.534610271453857,16,0,0,a2edb23564aa415f61e21884770bec9fe7d14183d15b1d67bba8664077a85003,d8e89d48a0678f3dcea9d6008ec87aace2579a38f4e42d3867c6b204a6813962,False,complete,5000
grid,dedup,2,43,300,69.0680742263794,61.59999966621399,79.19999957084656,7.834345102310181,16,0,0,a2edb23564aa415f61e21884770bec9fe7d14183d15b1d67bba8664077a85003,d8e89d48a0678f3dcea9d6008ec87aace2579a38f4e42d3867c6b204a6813962,False,complete,5000
grid,dedup,2,43,1000,67.64360070228577,60.00000238418579,73.60000014305115,6.409871578216553,16,0,0,a2edb23564aa415f61e21884770bec9fe7d14183d15b1d67bba8664077a85003,d8e89d48a0678f3dcea9d6008ec87aace2579a38f4e42d3867c6b204a6813962,False,complete,5000
grid,dedup,2,43,3000,70.22397518157959,61.59999966621399,80.0000011920929,8.990246057510376,16,0,0,a2edb23564aa415f61e21884770bec9fe7d14183d15b1d67bba8664077a85003,d8e89d48a0678f3dcea9d6008ec87aace2579a38f4e42d3867c6b204a6813962,False,complete,5000
grid,dedup,2,43,5000,66.4624273777008,56.00000023841858,79.19999957084656,5.228698253631592,16,0,0,a2edb23564aa415f61e21884770bec9fe7d14183d15b1d67bba8664077a85003,d8e89d48a0678f3dcea9d6008ec87aace2579a38f4e42d3867c6b204a6813962,False,complete,5000
grid,kcenter,0,42,100,68.74849796295166,60.79999804496765,78.39999794960022,7.514768838882446,16,0,0,f945c933c292a2098d1f65919bf1e15f6f8f34cb994f06d7725c201a62b1b9e1,e10e4bc0a7a3bb5049967fa5220573a38561b3e1ed937378f70362e48e9bee8b,False,complete,5000
grid,kcenter,0,42,300,68.78912448883057,60.00000238418579,80.0000011920929,7.5553953647613525,16,0,0,f945c933c292a2098d1f65919bf1e15f6f8f34cb994f06d7725c201a62b1b9e1,e10e4bc0a7a3bb5049967fa5220573a38561b3e1ed937378f70362e48e9bee8b,False,complete,5000
grid,kcenter,0,42,1000,66.32238626480103,57.59999752044678,75.99999904632568,5.0886571407318115,16,0,0,f945c933c292a2098d1f65919bf1e15f6f8f34cb994f06d7725c201a62b1b9e1,e10e4bc0a7a3bb5049967fa5220573a38561b3e1ed937378f70362e48e9bee8b,False,complete,5000
grid,kcenter,0,42,3000,64.72851634025574,55.19999861717224,75.99999904632568,3.4947872161865234,16,0,0,f945c933c292a2098d1f65919bf1e15f6f8f34cb994f06d7725c201a62b1b9e1,e10e4bc0a7a3bb5049967fa5220573a38561b3e1ed937378f70362e48e9bee8b,False,complete,5000
grid,kcenter,0,42,5000,67.78282523155212,60.79999804496765,75.19999742507935,6.54909610748291,16,0,0,f945c933c292a2098d1f65919bf1e15f6f8f34cb994f06d7725c201a62b1b9e1,e10e4bc0a7a3bb5049967fa5220573a38561b3e1ed937378f70362e48e9bee8b,False,complete,5000
grid,kcenter,0,43,100,68.05609464645386,60.00000238418579,78.39999794960022,6.8223655223846436,16,0,0,f945c933c292a2098d1f65919bf1e15f6f8f34cb994f06d7725c201a62b1b9e1,e10e4bc0a7a3bb5049967fa5220573a38561b3e1ed937378f70362e48e9bee8b,False,complete,5000
grid,kcenter,0,43,300,66.51953458786011,58.399999141693115,78.39999794960022,5.2858054637908936,16,0,0,f945c933c292a2098d1f65919bf1e15f6f8f34cb994f06d7725c201a62b1b9e1,e10e4bc0a7a3bb5049967fa5220573a38561b3e1ed937378f70362e48e9bee8b,False,complete,5000
grid,kcenter,0,43,1000,69.95134949684143,63.200002908706665,77.60000228881836,8.717620372772217,16,0,0,f945c933c292a2098d1f65919bf1e15f6f8f34cb994f06d7725c201a62b1b9e1,e10e4bc0a7a3bb5049967fa5220573a38561b3e1ed937378f70362e48e9bee8b,False,complete,5000
grid,kcenter,0,43,3000,65.68945646286011,55.19999861717224,79.19999957084656,4.4557273387908936,16,0,0,f945c933c292a2098d1f65919bf1e15f6f8f34cb994f06d7725c201a62b1b9e1,e10e4bc0a7a3bb5049967fa5220573a38561b3e1ed937378f70362e48e9bee8b,False,complete,5000
grid,kcenter,0,43,5000,61.23359799385071,50.40000081062317,72.79999852180481,-0.00013113021850585938,16,0,0,f945c933c292a2098d1f65919bf1e15f6f8f34cb994f06d7725c201a62b1b9e1,e10e4bc0a7a3bb5049967fa5220573a38561b3e1ed937378f70362e48e9bee8b,False,complete,5000
grid,kcenter,1,42,100,65.3551459312439,55.19999861717224,79.19999957084656,4.121416807174683,16,0,0,32e78dfafd3c54c2027ef54a338302a1a70aadf40164c680bf2b180d3fcfd010,bce618ae4487034cd39bdbc4836617d1c5bb58c8a1d6656cad00d4c0404a9274,False,complete,5000
grid,kcenter,1,42,300,65.56568741798401,56.00000023841858,76.80000066757202,4.331958293914795,16,0,0,32e78dfafd3c54c2027ef54a338302a1a70aadf40164c680bf2b180d3fcfd010,bce618ae4487034cd39bdbc4836617d1c5bb58c8a1d6656cad00d4c0404a9274,False,complete,5000
grid,kcenter,1,42,1000,68.26990246772766,60.00000238418579,77.60000228881836,7.036173343658447,16,0,0,32e78dfafd3c54c2027ef54a338302a1a70aadf40164c680bf2b180d3fcfd010,bce618ae4487034cd39bdbc4836617d1c5bb58c8a1d6656cad00d4c0404a9274,False,complete,5000
grid,kcenter,1,42,3000,64.91129398345947,56.00000023841858,76.80000066757202,3.677564859390259,16,0,0,32e78dfafd3c54c2027ef54a338302a1a70aadf40164c680bf2b180d3fcfd010,bce618ae4487034cd39bdbc4836617d1c5bb58c8a1d6656cad00d4c0404a9274,False,complete,5000
grid,kcenter,1,42,5000,66.03866219520569,57.59999752044678,78.39999794960022,4.804933071136475,16,0,0,32e78dfafd3c54c2027ef54a338302a1a70aadf40164c680bf2b180d3fcfd010,bce618ae4487034cd39bdbc4836617d1c5bb58c8a1d6656cad00d4c0404a9274,False,complete,5000
grid,kcenter,1,43,100,68.60841512680054,60.00000238418579,80.80000281333923,7.374686002731323,16,0,0,32e78dfafd3c54c2027ef54a338302a1a70aadf40164c680bf2b180d3fcfd010,bce618ae4487034cd39bdbc4836617d1c5bb58c8a1d6656cad00d4c0404a9274,False,complete,5000
grid,kcenter,1,43,300,68.42273473739624,60.79999804496765,76.80000066757202,7.189005613327026,16,0,0,32e78dfafd3c54c2027ef54a338302a1a70aadf40164c680bf2b180d3fcfd010,bce618ae4487034cd39bdbc4836617d1c5bb58c8a1d6656cad00d4c0404a9274,False,complete,5000
grid,kcenter,1,43,1000,66.26907587051392,57.59999752044678,76.80000066757202,5.035346746444702,16,0,0,32e78dfafd3c54c2027ef54a338302a1a70aadf40164c680bf2b180d3fcfd010,bce618ae4487034cd39bdbc4836617d1c5bb58c8a1d6656cad00d4c0404a9274,False,complete,5000
grid,kcenter,1,43,3000,60.93132495880127,52.799999713897705,70.39999961853027,-0.30240416526794434,16,0,0,32e78dfafd3c54c2027ef54a338302a1a70aadf40164c680bf2b180d3fcfd010,bce618ae4487034cd39bdbc4836617d1c5bb58c8a1d6656cad00d4c0404a9274,False,complete,5000
grid,kcenter,1,43,5000,66.6480541229248,58.399999141693115,75.99999904632568,5.414324998855591,16,0,0,32e78dfafd3c54c2027ef54a338302a1a70aadf40164c680bf2b180d3fcfd010,bce618ae4487034cd39bdbc4836617d1c5bb58c8a1d6656cad00d4c0404a9274,False,complete,5000
grid,kcenter,2,42,100,70.70862054824829,63.200002908706665,80.0000011920929,9.474891424179077,16,0,0,b2233674e735ae11fee5e2a6b07844f821fca98bcfa69eaa7afd59e14989c33b,c7c0d3f3310db0deee9491fee7f9defbbe3a8397b2baa1ef5dddf64ebc10e003,False,complete,5000
grid,kcenter,2,42,300,66.85568690299988,58.399999141693115,78.39999794960022,5.621957778930664,16,0,0,b2233674e735ae11fee5e2a6b07844f821fca98bcfa69eaa7afd59e14989c33b,c7c0d3f3310db0deee9491fee7f9defbbe3a8397b2baa1ef5dddf64ebc10e003,False,complete,5000
grid,kcenter,2,42,1000,67.17210412025452,58.399999141693115,78.39999794960022,5.938374996185303,16,0,0,b2233674e735ae11fee5e2a6b07844f821fca98bcfa69eaa7afd59e14989c33b,c7c0d3f3310db0deee9491fee7f9defbbe3a8397b2baa1ef5dddf64ebc10e003,False,complete,5000
grid,kcenter,2,42,3000,68.890380859375,60.79999804496765,77.60000228881836,7.656651735305786,16,0,0,b2233674e735ae11fee5e2a6b07844f821fca98bcfa69eaa7afd59e14989c33b,c7c0d3f3310db0deee9491fee7f9defbbe3a8397b2baa1ef5dddf64ebc10e003,False,complete,5000
grid,kcenter,2,42,5000,64.35480117797852,54.40000295639038,75.19999742507935,3.1210720539093018,16,0,0,b2233674e735ae11fee5e2a6b07844f821fca98bcfa69eaa7afd59e14989c33b,c7c0d3f3310db0deee9491fee7f9defbbe3a8397b2baa1ef5dddf64ebc10e003,False,complete,5000
grid,kcenter,2,43,100,68.99262070655823,59.20000076293945,81.5999984741211,7.758891582489014,16,0,0,b2233674e735ae11fee5e2a6b07844f821fca98bcfa69eaa7afd59e14989c33b,c7c0d3f3310db0deee9491fee7f9defbbe3a8397b2baa1ef5dddf64ebc10e003,False,complete,5000
grid,kcenter,2,43,300,67.82215237617493,59.20000076293945,78.39999794960022,6.588423252105713,16,0,0,b2233674e735ae11fee5e2a6b07844f821fca98bcfa69eaa7afd59e14989c33b,c7c0d3f3310db0deee9491fee7f9defbbe3a8397b2baa1ef5dddf64ebc10e003,False,complete,5000
grid,kcenter,2,43,1000,68.33083033561707,60.00000238418579,80.80000281333923,7.097101211547852,16,0,0,b2233674e735ae11fee5e2a6b07844f821fca98bcfa69eaa7afd59e14989c33b,c7c0d3f3310db0deee9491fee7f9defbbe3a8397b2baa1ef5dddf64ebc10e003,False,complete,5000
grid,kcenter,2,43,3000,66.23309850692749,56.80000185966492,76.80000066757202,4.999369382858276,16,0,0,b2233674e735ae11fee5e2a6b07844f821fca98bcfa69eaa7afd59e14989c33b,c7c0d3f3310db0deee9491fee7f9defbbe3a8397b2baa1ef5dddf64ebc10e003,False,complete,5000
grid,kcenter,2,43,5000,65.75862169265747,56.80000185966492,76.80000066757202,4.524892568588257,16,0,0,b2233674e735ae11fee5e2a6b07844f821fca98bcfa69eaa7afd59e14989c33b,c7c0d3f3310db0deee9491fee7f9defbbe3a8397b2baa1ef5dddf64ebc10e003,False,complete,5000
grid,typical,0,42,100,70.09779810905457,60.00000238418579,80.0000011920929,8.864068984985352,16,0,0,0a39e88be3f1e23f458b35500188d95cd668dc4f1305ee4051a40c85131af89d,939ed8233109e77726895e2bb36b94dddc4297e4bc7d0c48f81523deafb2c79d,False,complete,5000
grid,typical,0,42,300,70.96197009086609,61.59999966621399,80.80000281333923,9.728240966796875,16,0,0,0a39e88be3f1e23f458b35500188d95cd668dc4f1305ee4051a40c85131af89d,939ed8233109e77726895e2bb36b94dddc4297e4bc7d0c48f81523deafb2c79d,False,complete,5000
grid,typical,0,42,1000,70.11216878890991,61.59999966621399,82.40000009536743,8.878439664840698,16,0,0,0a39e88be3f1e23f458b35500188d95cd668dc4f1305ee4051a40c85131af89d,939ed8233109e77726895e2bb36b94dddc4297e4bc7d0c48f81523deafb2c79d,False,complete,5000
grid,typical,0,42,3000,66.43543839454651,58.399999141693115,74.40000176429749,5.201709270477295,16,0,0,0a39e88be3f1e23f458b35500188d95cd668dc4f1305ee4051a40c85131af89d,939ed8233109e77726895e2bb36b94dddc4297e4bc7d0c48f81523deafb2c79d,False,complete,5000
grid,typical,0,42,5000,64.44643139839172,53.60000133514404,76.80000066757202,3.2127022743225098,16,0,0,0a39e88be3f1e23f458b35500188d95cd668dc4f1305ee4051a40c85131af89d,939ed8233109e77726895e2bb36b94dddc4297e4bc7d0c48f81523deafb2c79d,False,complete,5000
grid,typical,0,43,100,71.98927998542786,63.200002908706665,83.99999737739563,10.755550861358643,16,0,0,0a39e88be3f1e23f458b35500188d95cd668dc4f1305ee4051a40c85131af89d,939ed8233109e77726895e2bb36b94dddc4297e4bc7d0c48f81523deafb2c79d,False,complete,5000
grid,typical,0,43,300,70.06643414497375,61.59999966621399,79.19999957084656,8.832705020904541,16,0,0,0a39e88be3f1e23f458b35500188d95cd668dc4f1305ee4051a40c85131af89d,939ed8233109e77726895e2bb36b94dddc4297e4bc7d0c48f81523deafb2c79d,False,complete,5000
grid,typical,0,43,1000,70.49524188041687,63.200002908706665,79.19999957084656,9.261512756347656,16,0,0,0a39e88be3f1e23f458b35500188d95cd668dc4f1305ee4051a40c85131af89d,939ed8233109e77726895e2bb36b94dddc4297e4bc7d0c48f81523deafb2c79d,False,complete,5000
grid,typical,0,43,3000,67.87791848182678,58.399999141693115,78.39999794960022,6.644189357757568,16,0,0,0a39e88be3f1e23f458b35500188d95cd668dc4f1305ee4051a40c85131af89d,939ed8233109e77726895e2bb36b94dddc4297e4bc7d0c48f81523deafb2c79d,False,complete,5000
grid,typical,0,43,5000,65.29592871665955,54.40000295639038,78.39999794960022,4.062199592590332,16,0,0,0a39e88be3f1e23f458b35500188d95cd668dc4f1305ee4051a40c85131af89d,939ed8233109e77726895e2bb36b94dddc4297e4bc7d0c48f81523deafb2c79d,False,complete,5000
grid,typical,1,42,100,64.60878849029541,54.40000295639038,76.80000066757202,3.3750593662261963,16,0,0,518854c9eb85a3036c84aa315cd8b904a8f6a2e5de692cbd42c80a3ad70c241e,673df235c612c207979f41f649761d4c7eb3ed09cf6a9a56dc6900c6fb5108e3,False,complete,5000
grid,typical,1,42,300,66.31120443344116,56.80000185966492,76.80000066757202,5.077475309371948,16,0,0,518854c9eb85a3036c84aa315cd8b904a8f6a2e5de692cbd42c80a3ad70c241e,673df235c612c207979f41f649761d4c7eb3ed09cf6a9a56dc6900c6fb5108e3,False,complete,5000
grid,typical,1,42,1000,61.204445362091064,50.40000081062317,74.40000176429749,-0.029283761978149414,16,0,0,518854c9eb85a3036c84aa315cd8b904a8f6a2e5de692cbd42c80a3ad70c241e,673df235c612c207979f41f649761d4c7eb3ed09cf6a9a56dc6900c6fb5108e3,False,complete,5000
grid,typical,1,42,3000,63.250476121902466,52.799999713897705,77.60000228881836,2.016746997833252,16,0,0,518854c9eb85a3036c84aa315cd8b904a8f6a2e5de692cbd42c80a3ad70c241e,673df235c612c207979f41f649761d4c7eb3ed09cf6a9a56dc6900c6fb5108e3,False,complete,5000
grid,typical,1,42,5000,58.317822217941284,47.200000286102295,70.39999961853027,-2.9159069061279297,16,0,0,518854c9eb85a3036c84aa315cd8b904a8f6a2e5de692cbd42c80a3ad70c241e,673df235c612c207979f41f649761d4c7eb3ed09cf6a9a56dc6900c6fb5108e3,False,complete,5000
grid,typical,1,43,100,68.12877655029297,60.00000238418579,76.80000066757202,6.895047426223755,16,0,0,518854c9eb85a3036c84aa315cd8b904a8f6a2e5de692cbd42c80a3ad70c241e,673df235c612c207979f41f649761d4c7eb3ed09cf6a9a56dc6900c6fb5108e3,False,complete,5000
grid,typical,1,43,300,63.60020041465759,51.99999809265137,77.60000228881836,2.366471290588379,16,0,0,518854c9eb85a3036c84aa315cd8b904a8f6a2e5de692cbd42c80a3ad70c241e,673df235c612c207979f41f649761d4c7eb3ed09cf6a9a56dc6900c6fb5108e3,False,complete,5000
grid,typical,1,43,1000,62.542909383773804,52.799999713897705,73.60000014305115,1.3091802597045898,16,0,0,518854c9eb85a3036c84aa315cd8b904a8f6a2e5de692cbd42c80a3ad70c241e,673df235c612c207979f41f649761d4c7eb3ed09cf6a9a56dc6900c6fb5108e3,False,complete,5000
grid,typical,1,43,3000,63.71077299118042,55.19999861717224,72.79999852180481,2.477043867111206,16,0,0,518854c9eb85a3036c84aa315cd8b904a8f6a2e5de692cbd42c80a3ad70c241e,673df235c612c207979f41f649761d4c7eb3ed09cf6a9a56dc6900c6fb5108e3,False,complete,5000
grid,typical,1,43,5000,64.47693109512329,55.19999861717224,75.19999742507935,3.243201971054077,16,0,0,518854c9eb85a3036c84aa315cd8b904a8f6a2e5de692cbd42c80a3ad70c241e,673df235c612c207979f41f649761d4c7eb3ed09cf6a9a56dc6900c6fb5108e3,False,complete,5000
grid,typical,2,42,100,66.58042669296265,56.00000023841858,82.40000009536743,5.346697568893433,16,0,0,ba4ee3730a2be35532f5ea4e4b898b9981150dfb2345c799fa2ad8b84bb6324a,43d46e79553c14fb35c64a9ad1d9b13148a4fd03ee3fbe5559b901e96800f41c,False,complete,5000
grid,typical,2,42,300,68.449866771698,57.59999752044678,83.20000171661377,7.216137647628784,16,0,0,ba4ee3730a2be35532f5ea4e4b898b9981150dfb2345c799fa2ad8b84bb6324a,43d46e79553c14fb35c64a9ad1d9b13148a4fd03ee3fbe5559b901e96800f41c,False,complete,5000
grid,typical,2,42,1000,69.4429337978363,58.399999141693115,83.20000171661377,8.20920467376709,16,0,0,ba4ee3730a2be35532f5ea4e4b898b9981150dfb2345c799fa2ad8b84bb6324a,43d46e79553c14fb35c64a9ad1d9b13148a4fd03ee3fbe5559b901e96800f41c,False,complete,5000
grid,typical,2,42,3000,66.12125635147095,57.59999752044678,75.19999742507935,4.887527227401733,16,0,0,ba4ee3730a2be35532f5ea4e4b898b9981150dfb2345c799fa2ad8b84bb6324a,43d46e79553c14fb35c64a9ad1d9b13148a4fd03ee3fbe5559b901e96800f41c,False,complete,5000
grid,typical,2,42,5000,68.3357834815979,57.59999752044678,82.40000009536743,7.1020543575286865,16,0,0,ba4ee3730a2be35532f5ea4e4b898b9981150dfb2345c799fa2ad8b84bb6324a,43d46e79553c14fb35c64a9ad1d9b13148a4fd03ee3fbe5559b901e96800f41c,False,complete,5000
grid,typical,2,43,100,65.64583778381348,56.00000023841858,77.60000228881836,4.412108659744263,16,0,0,ba4ee3730a2be35532f5ea4e4b898b9981150dfb2345c799fa2ad8b84bb6324a,43d46e79553c14fb35c64a9ad1d9b13148a4fd03ee3fbe5559b901e96800f41c,False,complete,5000
grid,typical,2,43,300,69.82894539833069,61.59999966621399,78.39999794960022,8.595216274261475,16,0,0,ba4ee3730a2be35532f5ea4e4b898b9981150dfb2345c799fa2ad8b84bb6324a,43d46e79553c14fb35c64a9ad1d9b13148a4fd03ee3fbe5559b901e96800f41c,False,complete,5000
grid,typical,2,43,1000,61.71241998672485,51.20000243186951,74.40000176429749,0.47869086265563965,16,0,0,ba4ee3730a2be35532f5ea4e4b898b9981150dfb2345c799fa2ad8b84bb6324a,43d46e79553c14fb35c64a9ad1d9b13148a4fd03ee3fbe5559b901e96800f41c,False,complete,5000
grid,typical,2,43,3000,66.11957550048828,58.399999141693115,75.19999742507935,4.885846376419067,16,0,0,ba4ee3730a2be35532f5ea4e4b898b9981150dfb2345c799fa2ad8b84bb6324a,43d46e79553c14fb35c64a9ad1d9b13148a4fd03ee3fbe5559b901e96800f41c,False,complete,5000
grid,typical,2,43,5000,66.20171666145325,56.80000185966492,75.99999904632568,4.967987537384033,16,0,0,ba4ee3730a2be35532f5ea4e4b898b9981150dfb2345c799fa2ad8b84bb6324a,43d46e79553c14fb35c64a9ad1d9b13148a4fd03ee3fbe5559b901e96800f41c,False,complete,5000
grid,hard_negative,0,42,100,66.32700562477112,57.59999752044678,77.60000228881836,5.093276500701904,16,0,0,74bb398b8a7055685c96fc5f1014f6b3befaff47302bf9c4cdbd0e54cac97d24,2420e0ce11b70f8acb3009b18891c276631ad3b24a60aa36a5edb1f572e2f69e,False,complete,5000
grid,hard_negative,0,42,300,67.84895658493042,58.399999141693115,80.80000281333923,6.615227460861206,16,0,0,74bb398b8a7055685c96fc5f1014f6b3befaff47302bf9c4cdbd0e54cac97d24,2420e0ce11b70f8acb3009b18891c276631ad3b24a60aa36a5edb1f572e2f69e,False,complete,5000
grid,hard_negative,0,42,1000,63.480186462402344,53.60000133514404,75.19999742507935,2.24645733833313,16,0,0,74bb398b8a7055685c96fc5f1014f6b3befaff47302bf9c4cdbd0e54cac97d24,2420e0ce11b70f8acb3009b18891c276631ad3b24a60aa36a5edb1f572e2f69e,False,complete,5000
grid,hard_negative,0,42,3000,66.01965427398682,55.19999861717224,78.39999794960022,4.7859251499176025,16,0,0,74bb398b8a7055685c96fc5f1014f6b3befaff47302bf9c4cdbd0e54cac97d24,2420e0ce11b70f8acb3009b18891c276631ad3b24a60aa36a5edb1f572e2f69e,False,complete,5000
grid,hard_negative,0,42,5000,65.41352272033691,56.00000023841858,79.19999957084656,4.1797935962677,16,0,0,74bb398b8a7055685c96fc5f1014f6b3befaff47302bf9c4cdbd0e54cac97d24,2420e0ce11b70f8acb3009b18891c276631ad3b24a60aa36a5edb1f572e2f69e,False,complete,5000
grid,hard_negative,0,43,100,64.76434469223022,56.00000023841858,76.80000066757202,3.5306155681610107,16,0,0,74bb398b8a7055685c96fc5f1014f6b3befaff47302bf9c4cdbd0e54cac97d24,2420e0ce11b70f8acb3009b18891c276631ad3b24a60aa36a5edb1f572e2f69e,False,complete,5000
grid,hard_negative,0,43,300,64.90166187286377,57.59999752044678,72.79999852180481,3.6679327487945557,16,0,0,74bb398b8a7055685c96fc5f1014f6b3befaff47302bf9c4cdbd0e54cac97d24,2420e0ce11b70f8acb3009b18891c276631ad3b24a60aa36a5edb1f572e2f69e,False,complete,5000
grid,hard_negative,0,43,1000,64.12793397903442,55.19999861717224,73.60000014305115,2.89420485496521,16,0,0,74bb398b8a7055685c96fc5f1014f6b3befaff47302bf9c4cdbd0e54cac97d24,2420e0ce11b70f8acb3009b18891c276631ad3b24a60aa36a5edb1f572e2f69e,False,complete,5000
grid,hard_negative,0,43,3000,62.862300872802734,52.799999713897705,76.80000066757202,1.6285717487335205,16,0,0,74bb398b8a7055685c96fc5f1014f6b3befaff47302bf9c4cdbd0e54cac97d24,2420e0ce11b70f8acb3009b18891c276631ad3b24a60aa36a5edb1f572e2f69e,False,complete,5000
grid,hard_negative,0,43,5000,61.64153814315796,53.60000133514404,69.59999799728394,0.4078090190887451,16,0,0,74bb398b8a7055685c96fc5f1014f6b3befaff47302bf9c4cdbd0e54cac97d24,2420e0ce11b70f8acb3009b18891c276631ad3b24a60aa36a5edb1f572e2f69e,False,complete,5000
grid,hard_negative,1,42,100,70.33098936080933,61.59999966621399,80.0000011920929,9.097260236740112,16,0,0,b4bc85696db300c1a2a4422c11a036f43e208cdd8d2fe8a287bdb6c580402d0c,a809f20a3816fc25c69917543b6562c56cad6f71999f16e9b957867857adb76b,False,complete,5000
grid,hard_negative,1,42,300,71.94644808769226,63.999998569488525,81.5999984741211,10.712718963623047,16,0,0,b4bc85696db300c1a2a4422c11a036f43e208cdd8d2fe8a287bdb6c580402d0c,a809f20a3816fc25c69917543b6562c56cad6f71999f16e9b957867857adb76b,False,complete,5000
grid,hard_negative,1,42,1000,70.17115354537964,60.00000238418579,80.80000281333923,8.937424421310425,16,0,0,b4bc85696db300c1a2a4422c11a036f43e208cdd8d2fe8a287bdb6c580402d0c,a809f20a3816fc25c69917543b6562c56cad6f71999f16e9b957867857adb76b,False,complete,5000
grid,hard_negative,1,42,3000,68.19493174552917,58.399999141693115,79.19999957084656,6.961202621459961,16,0,0,b4bc85696db300c1a2a4422c11a036f43e208cdd8d2fe8a287bdb6c580402d0c,a809f20a3816fc25c69917543b6562c56cad6f71999f16e9b957867857adb76b,False,complete,5000
grid,hard_negative,1,42,5000,63.95670771598816,54.40000295639038,76.80000066757202,2.7229785919189453,16,0,0,b4bc85696db300c1a2a4422c11a036f43e208cdd8d2fe8a287bdb6c580402d0c,a809f20a3816fc25c69917543b6562c56cad6f71999f16e9b957867857adb76b,False,complete,5000
grid,hard_negative,1,43,100,69.16225552558899,59.20000076293945,81.5999984741211,7.928526401519775,16,0,0,b4bc85696db300c1a2a4422c11a036f43e208cdd8d2fe8a287bdb6c580402d0c,a809f20a3816fc25c69917543b6562c56cad6f71999f16e9b957867857adb76b,False,complete,5000
grid,hard_negative,1,43,300,70.00478506088257,62.40000128746033,79.19999957084656,8.771055936813354,16,0,0,b4bc85696db300c1a2a4422c11a036f43e208cdd8d2fe8a287bdb6c580402d0c,a809f20a3816fc25c69917543b6562c56cad6f71999f16e9b957867857adb76b,False,complete,5000
grid,hard_negative,1,43,1000,67.13500022888184,56.00000023841858,80.0000011920929,5.901271104812622,16,0,0,b4bc85696db300c1a2a4422c11a036f43e208cdd8d2fe8a287bdb6c580402d0c,a809f20a3816fc25c69917543b6562c56cad6f71999f16e9b957867857adb76b,False,complete,5000
grid,hard_negative,1,43,3000,64.46584463119507,56.80000185966492,73.60000014305115,3.2321155071258545,16,0,0,b4bc85696db300c1a2a4422c11a036f43e208cdd8d2fe8a287bdb6c580402d0c,a809f20a3816fc25c69917543b6562c56cad6f71999f16e9b957867857adb76b,False,complete,5000
grid,hard_negative,1,43,5000,66.30827188491821,56.80000185966492,77.60000228881836,5.074542760848999,16,0,0,b4bc85696db300c1a2a4422c11a036f43e208cdd8d2fe8a287bdb6c580402d0c,a809f20a3816fc25c69917543b6562c56cad6f71999f16e9b957867857adb76b,False,complete,5000
grid,hard_negative,2,42,100,68.90065670013428,60.00000238418579,77.60000228881836,7.6669275760650635,16,0,0,1440f3fdc580475ea691e1706b100f8194b468b020455bc36b5c1abe98de79b7,e2f9ba0ba4a120dfce80114d02ab86792419a7a5f007fb36c8797cc5cbe25065,False,complete,5000
grid,hard_negative,2,42,300,69.60004568099976,62.40000128746033,79.19999957084656,8.366316556930542,16,0,0,1440f3fdc580475ea691e1706b100f8194b468b020455bc36b5c1abe98de79b7,e2f9ba0ba4a120dfce80114d02ab86792419a7a5f007fb36c8797cc5cbe25065,False,complete,5000
grid,hard_negative,2,42,1000,70.43450474739075,62.40000128746033,80.0000011920929,9.200775623321533,16,0,0,1440f3fdc580475ea691e1706b100f8194b468b020455bc36b5c1abe98de79b7,e2f9ba0ba4a120dfce80114d02ab86792419a7a5f007fb36c8797cc5cbe25065,False,complete,5000
grid,hard_negative,2,42,3000,69.18740272521973,60.00000238418579,78.39999794960022,7.953673601150513,16,0,0,1440f3fdc580475ea691e1706b100f8194b468b020455bc36b5c1abe98de79b7,e2f9ba0ba4a120dfce80114d02ab86792419a7a5f007fb36c8797cc5cbe25065,False,complete,5000
grid,hard_negative,2,42,5000,63.45213055610657,53.60000133514404,75.99999904632568,2.2184014320373535,16,0,0,1440f3fdc580475ea691e1706b100f8194b468b020455bc36b5c1abe98de79b7,e2f9ba0ba4a120dfce80114d02ab86792419a7a5f007fb36c8797cc5cbe25065,False,complete,5000
grid,hard_negative,2,43,100,68.22801232337952,60.00000238418579,77.60000228881836,6.994283199310303,16,0,0,1440f3fdc580475ea691e1706b100f8194b468b020455bc36b5c1abe98de79b7,e2f9ba0ba4a120dfce80114d02ab86792419a7a5f007fb36c8797cc5cbe25065,False,complete,5000
grid,hard_negative,2,43,300,68.30670833587646,58.399999141693115,80.0000011920929,7.072979211807251,16,0,0,1440f3fdc580475ea691e1706b100f8194b468b020455bc36b5c1abe98de79b7,e2f9ba0ba4a120dfce80114d02ab86792419a7a5f007fb36c8797cc5cbe25065,False,complete,5000
grid,hard_negative,2,43,1000,66.8266773223877,56.80000185966492,78.39999794960022,5.5929481983184814,16,0,0,1440f3fdc580475ea691e1706b100f8194b468b020455bc36b5c1abe98de79b7,e2f9ba0ba4a120dfce80114d02ab86792419a7a5f007fb36c8797cc5cbe25065,False,complete,5000
grid,hard_negative,2,43,3000,65.22893905639648,54.40000295639038,80.0000011920929,3.9952099323272705,16,0,0,1440f3fdc580475ea691e1706b100f8194b468b020455bc36b5c1abe98de79b7,e2f9ba0ba4a120dfce80114d02ab86792419a7a5f007fb36c8797cc5cbe25065,False,complete,5000
grid,hard_negative,2,43,5000,65.24501442909241,55.19999861717224,75.99999904632568,4.011285305023193,16,0,0,1440f3fdc580475ea691e1706b100f8194b468b020455bc36b5c1abe98de79b7,e2f9ba0ba4a120dfce80114d02ab86792419a7a5f007fb36c8797cc5cbe25065,False,complete,5000
grid,facility,0,42,100,64.15565609931946,56.80000185966492,72.79999852180481,2.921926975250244,16,0,0,bccc0ff1ed3a43691bce12e7de6e716c5a2fa8ca7f25fedc7bcf4c56d244049e,248dbb60eaad0804e7d360369f6a73efe0a5f512b3f2ba14624f5741d0136bcc,False,complete,5000
grid,facility,0,42,300,61.66955828666687,54.40000295639038,69.59999799728394,0.43582916259765625,16,0,0,bccc0ff1ed3a43691bce12e7de6e716c5a2fa8ca7f25fedc7bcf4c56d244049e,248dbb60eaad0804e7d360369f6a73efe0a5f512b3f2ba14624f5741d0136bcc,False,complete,5000
grid,facility,0,42,1000,60.73525547981262,51.20000243186951,75.19999742507935,-0.4984736442565918,16,0,0,bccc0ff1ed3a43691bce12e7de6e716c5a2fa8ca7f25fedc7bcf4c56d244049e,248dbb60eaad0804e7d360369f6a73efe0a5f512b3f2ba14624f5741d0136bcc,False,complete,5000
grid,facility,0,42,3000,57.37043619155884,49.59999918937683,65.6000018119812,-3.863292932510376,16,0,0,bccc0ff1ed3a43691bce12e7de6e716c5a2fa8ca7f25fedc7bcf4c56d244049e,248dbb60eaad0804e7d360369f6a73efe0a5f512b3f2ba14624f5741d0136bcc,False,complete,5000
grid,facility,0,42,5000,58.965712785720825,50.40000081062317,68.80000233650208,-2.2680163383483887,16,0,0,bccc0ff1ed3a43691bce12e7de6e716c5a2fa8ca7f25fedc7bcf4c56d244049e,248dbb60eaad0804e7d360369f6a73efe0a5f512b3f2ba14624f5741d0136bcc,False,complete,5000
grid,facility,0,43,100,64.33785557746887,55.19999861717224,75.19999742507935,3.104126453399658,16,0,0,bccc0ff1ed3a43691bce12e7de6e716c5a2fa8ca7f25fedc7bcf4c56d244049e,248dbb60eaad0804e7d360369f6a73efe0a5f512b3f2ba14624f5741d0136bcc,False,complete,5000
grid,facility,0,43,300,62.27779984474182,53.60000133514404,72.00000286102295,1.0440707206726074,16,0,0,bccc0ff1ed3a43691bce12e7de6e716c5a2fa8ca7f25fedc7bcf4c56d244049e,248dbb60eaad0804e7d360369f6a73efe0a5f512b3f2ba14624f5741d0136bcc,False,complete,5000
grid,facility,0,43,1000,64.40280675888062,57.59999752044678,73.60000014305115,3.1690776348114014,16,0,0,bccc0ff1ed3a43691bce12e7de6e716c5a2fa8ca7f25fedc7bcf4c56d244049e,248dbb60eaad0804e7d360369f6a73efe0a5f512b3f2ba14624f5741d0136bcc,False,complete,5000
grid,facility,0,43,3000,62.91279196739197,55.19999861717224,72.00000286102295,1.679062843322754,16,0,0,bccc0ff1ed3a43691bce12e7de6e716c5a2fa8ca7f25fedc7bcf4c56d244049e,248dbb60eaad0804e7d360369f6a73efe0a5f512b3f2ba14624f5741d0136bcc,False,complete,5000
grid,facility,0,43,5000,59.68705415725708,49.59999918937683,73.60000014305115,-1.5466749668121338,16,0,0,bccc0ff1ed3a43691bce12e7de6e716c5a2fa8ca7f25fedc7bcf4c56d244049e,248dbb60eaad0804e7d360369f6a73efe0a5f512b3f2ba14624f5741d0136bcc,False,complete,5000
grid,facility,1,42,100,64.15565609931946,56.80000185966492,72.79999852180481,2.921926975250244,16,0,0,bccc0ff1ed3a43691bce12e7de6e716c5a2fa8ca7f25fedc7bcf4c56d244049e,248dbb60eaad0804e7d360369f6a73efe0a5f512b3f2ba14624f5741d0136bcc,False,complete,5000
grid,facility,1,42,300,61.66955828666687,54.40000295639038,69.59999799728394,0.43582916259765625,16,0,0,bccc0ff1ed3a43691bce12e7de6e716c5a2fa8ca7f25fedc7bcf4c56d244049e,248dbb60eaad0804e7d360369f6a73efe0a5f512b3f2ba14624f5741d0136bcc,False,complete,5000
grid,facility,1,42,1000,60.73525547981262,51.20000243186951,75.19999742507935,-0.4984736442565918,16,0,0,bccc0ff1ed3a43691bce12e7de6e716c5a2fa8ca7f25fedc7bcf4c56d244049e,248dbb60eaad0804e7d360369f6a73efe0a5f512b3f2ba14624f5741d0136bcc,False,complete,5000
grid,facility,1,42,3000,57.37043619155884,49.59999918937683,65.6000018119812,-3.863292932510376,16,0,0,bccc0ff1ed3a43691bce12e7de6e716c5a2fa8ca7f25fedc7bcf4c56d244049e,248dbb60eaad0804e7d360369f6a73efe0a5f512b3f2ba14624f5741d0136bcc,False,complete,5000
grid,facility,1,42,5000,58.965712785720825,50.40000081062317,68.80000233650208,-2.2680163383483887,16,0,0,bccc0ff1ed3a43691bce12e7de6e716c5a2fa8ca7f25fedc7bcf4c56d244049e,248dbb60eaad0804e7d360369f6a73efe0a5f512b3f2ba14624f5741d0136bcc,False,complete,5000
grid,facility,1,43,100,64.33785557746887,55.19999861717224,75.19999742507935,3.104126453399658,16,0,0,bccc0ff1ed3a43691bce12e7de6e716c5a2fa8ca7f25fedc7bcf4c56d244049e,248dbb60eaad0804e7d360369f6a73efe0a5f512b3f2ba14624f5741d0136bcc,False,complete,5000
grid,facility,1,43,300,62.27779984474182,53.60000133514404,72.00000286102295,1.0440707206726074,16,0,0,bccc0ff1ed3a43691bce12e7de6e716c5a2fa8ca7f25fedc7bcf4c56d244049e,248dbb60eaad0804e7d360369f6a73efe0a5f512b3f2ba14624f5741d0136bcc,False,complete,5000
grid,facility,1,43,1000,64.40280675888062,57.59999752044678,73.60000014305115,3.1690776348114014,16,0,0,bccc0ff1ed3a43691bce12e7de6e716c5a2fa8ca7f25fedc7bcf4c56d244049e,248dbb60eaad0804e7d360369f6a73efe0a5f512b3f2ba14624f5741d0136bcc,False,complete,5000
grid,facility,1,43,3000,62.91279196739197,55.19999861717224,72.00000286102295,1.679062843322754,16,0,0,bccc0ff1ed3a43691bce12e7de6e716c5a2fa8ca7f25fedc7bcf4c56d244049e,248dbb60eaad0804e7d360369f6a73efe0a5f512b3f2ba14624f5741d0136bcc,False,complete,5000
grid,facility,1,43,5000,59.68705415725708,49.59999918937683,73.60000014305115,-1.5466749668121338,16,0,0,bccc0ff1ed3a43691bce12e7de6e716c5a2fa8ca7f25fedc7bcf4c56d244049e,248dbb60eaad0804e7d360369f6a73efe0a5f512b3f2ba14624f5741d0136bcc,False,complete,5000
grid,facility,2,42,100,64.15565609931946,56.80000185966492,72.79999852180481,2.921926975250244,16,0,0,bccc0ff1ed3a43691bce12e7de6e716c5a2fa8ca7f25fedc7bcf4c56d244049e,248dbb60eaad0804e7d360369f6a73efe0a5f512b3f2ba14624f5741d0136bcc,False,complete,5000
grid,facility,2,42,300,61.66955828666687,54.40000295639038,69.59999799728394,0.43582916259765625,16,0,0,bccc0ff1ed3a43691bce12e7de6e716c5a2fa8ca7f25fedc7bcf4c56d244049e,248dbb60eaad0804e7d360369f6a73efe0a5f512b3f2ba14624f5741d0136bcc,False,complete,5000
grid,facility,2,42,1000,60.73525547981262,51.20000243186951,75.19999742507935,-0.4984736442565918,16,0,0,bccc0ff1ed3a43691bce12e7de6e716c5a2fa8ca7f25fedc7bcf4c56d244049e,248dbb60eaad0804e7d360369f6a73efe0a5f512b3f2ba14624f5741d0136bcc,False,complete,5000
grid,facility,2,42,3000,57.37043619155884,49.59999918937683,65.6000018119812,-3.863292932510376,16,0,0,bccc0ff1ed3a43691bce12e7de6e716c5a2fa8ca7f25fedc7bcf4c56d244049e,248dbb60eaad0804e7d360369f6a73efe0a5f512b3f2ba14624f5741d0136bcc,False,complete,5000
grid,facility,2,42,5000,58.965712785720825,50.40000081062317,68.80000233650208,-2.2680163383483887,16,0,0,bccc0ff1ed3a43691bce12e7de6e716c5a2fa8ca7f25fedc7bcf4c56d244049e,248dbb60eaad0804e7d360369f6a73efe0a5f512b3f2ba14624f5741d0136bcc,False,complete,5000
grid,facility,2,43,100,64.33785557746887,55.19999861717224,75.19999742507935,3.104126453399658,16,0,0,bccc0ff1ed3a43691bce12e7de6e716c5a2fa8ca7f25fedc7bcf4c56d244049e,248dbb60eaad0804e7d360369f6a73efe0a5f512b3f2ba14624f5741d0136bcc,False,complete,5000
grid,facility,2,43,300,62.27779984474182,53.60000133514404,72.00000286102295,1.0440707206726074,16,0,0,bccc0ff1ed3a43691bce12e7de6e716c5a2fa8ca7f25fedc7bcf4c56d244049e,248dbb60eaad0804e7d360369f6a73efe0a5f512b3f2ba14624f5741d0136bcc,False,complete,5000
grid,facility,2,43,1000,64.40280675888062,57.59999752044678,73.60000014305115,3.1690776348114014,16,0,0,bccc0ff1ed3a43691bce12e7de6e716c5a2fa8ca7f25fedc7bcf4c56d244049e,248dbb60eaad0804e7d360369f6a73efe0a5f512b3f2ba14624f5741d0136bcc,False,complete,5000
grid,facility,2,43,3000,62.91279196739197,55.19999861717224,72.00000286102295,1.679062843322754,16,0,0,bccc0ff1ed3a43691bce12e7de6e716c5a2fa8ca7f25fedc7bcf4c56d244049e,248dbb60eaad0804e7d360369f6a73efe0a5f512b3f2ba14624f5741d0136bcc,False,complete,5000
grid,facility,2,43,5000,59.68705415725708,49.59999918937683,73.60000014305115,-1.5466749668121338,16,0,0,bccc0ff1ed3a43691bce12e7de6e716c5a2fa8ca7f25fedc7bcf4c56d244049e,248dbb60eaad0804e7d360369f6a73efe0a5f512b3f2ba14624f5741d0136bcc,False,complete,5000
grid,facility_camera,0,42,100,67.53645539283752,59.20000076293945,78.39999794960022,6.3027262687683105,16,0,0,6909351a19f88eb59f3ffd9650746f7cfc0dc15cc3252a34d6f15528fed1eb5c,7beeeec74a0c53e133532aee0d73c2803137cff815d3783b5507bedc1014f670,False,complete,5000
grid,facility_camera,0,42,300,65.68602919578552,56.80000185966492,76.80000066757202,4.452300071716309,16,0,0,6909351a19f88eb59f3ffd9650746f7cfc0dc15cc3252a34d6f15528fed1eb5c,7beeeec74a0c53e133532aee0d73c2803137cff815d3783b5507bedc1014f670,False,complete,5000
grid,facility_camera,0,42,1000,60.1560115814209,51.99999809265137,68.80000233650208,-1.0777175426483154,16,0,0,6909351a19f88eb59f3ffd9650746f7cfc0dc15cc3252a34d6f15528fed1eb5c,7beeeec74a0c53e133532aee0d73c2803137cff815d3783b5507bedc1014f670,False,complete,5000
grid,facility_camera,0,42,3000,56.335294246673584,47.200000286102295,67.1999990940094,-4.89843487739563,16,0,0,6909351a19f88eb59f3ffd9650746f7cfc0dc15cc3252a34d6f15528fed1eb5c,7beeeec74a0c53e133532aee0d73c2803137cff815d3783b5507bedc1014f670,False,complete,5000
grid,facility_camera,0,42,5000,58.91163349151611,51.20000243186951,66.39999747276306,-2.3220956325531006,16,0,0,6909351a19f88eb59f3ffd9650746f7cfc0dc15cc3252a34d6f15528fed1eb5c,7beeeec74a0c53e133532aee0d73c2803137cff815d3783b5507bedc1014f670,False,complete,5000
grid,facility_camera,0,43,100,68.1778073310852,60.79999804496765,80.0000011920929,6.944078207015991,16,0,0,6909351a19f88eb59f3ffd9650746f7cfc0dc15cc3252a34d6f15528fed1eb5c,7beeeec74a0c53e133532aee0d73c2803137cff815d3783b5507bedc1014f670,False,complete,5000
grid,facility_camera,0,43,300,64.80607986450195,57.59999752044678,75.19999742507935,3.5723507404327393,16,0,0,6909351a19f88eb59f3ffd9650746f7cfc0dc15cc3252a34d6f15528fed1eb5c,7beeeec74a0c53e133532aee0d73c2803137cff815d3783b5507bedc1014f670,False,complete,5000
grid,facility_camera,0,43,1000,63.64400386810303,56.00000023841858,72.79999852180481,2.4102747440338135,16,0,0,6909351a19f88eb59f3ffd9650746f7cfc0dc15cc3252a34d6f15528fed1eb5c,7beeeec74a0c53e133532aee0d73c2803137cff815d3783b5507bedc1014f670,False,complete,5000
grid,facility_camera,0,43,3000,58.25015306472778,47.999998927116394,71.20000123977661,-2.9835760593414307,16,0,0,6909351a19f88eb59f3ffd9650746f7cfc0dc15cc3252a34d6f15528fed1eb5c,7beeeec74a0c53e133532aee0d73c2803137cff815d3783b5507bedc1014f670,False,complete,5000
grid,facility_camera,0,43,5000,59.05153155326843,50.40000081062317,67.1999990940094,-2.1821975708007812,16,0,0,6909351a19f88eb59f3ffd9650746f7cfc0dc15cc3252a34d6f15528fed1eb5c,7beeeec74a0c53e133532aee0d73c2803137cff815d3783b5507bedc1014f670,False,complete,5000
grid,facility_camera,1,42,100,67.53645539283752,59.20000076293945,78.39999794960022,6.3027262687683105,16,0,0,6909351a19f88eb59f3ffd9650746f7cfc0dc15cc3252a34d6f15528fed1eb5c,7beeeec74a0c53e133532aee0d73c2803137cff815d3783b5507bedc1014f670,False,complete,5000
grid,facility_camera,1,42,300,65.68602919578552,56.80000185966492,76.80000066757202,4.452300071716309,16,0,0,6909351a19f88eb59f3ffd9650746f7cfc0dc15cc3252a34d6f15528fed1eb5c,7beeeec74a0c53e133532aee0d73c2803137cff815d3783b5507bedc1014f670,False,complete,5000
grid,facility_camera,1,42,1000,60.1560115814209,51.99999809265137,68.80000233650208,-1.0777175426483154,16,0,0,6909351a19f88eb59f3ffd9650746f7cfc0dc15cc3252a34d6f15528fed1eb5c,7beeeec74a0c53e133532aee0d73c2803137cff815d3783b5507bedc1014f670,False,complete,5000
grid,facility_camera,1,42,3000,56.335294246673584,47.200000286102295,67.1999990940094,-4.89843487739563,16,0,0,6909351a19f88eb59f3ffd9650746f7cfc0dc15cc3252a34d6f15528fed1eb5c,7beeeec74a0c53e133532aee0d73c2803137cff815d3783b5507bedc1014f670,False,complete,5000
grid,facility_camera,1,42,5000,58.91163349151611,51.20000243186951,66.39999747276306,-2.3220956325531006,16,0,0,6909351a19f88eb59f3ffd9650746f7cfc0dc15cc3252a34d6f15528fed1eb5c,7beeeec74a0c53e133532aee0d73c2803137cff815d3783b5507bedc1014f670,False,complete,5000
grid,facility_camera,1,43,100,68.1778073310852,60.79999804496765,80.0000011920929,6.944078207015991,16,0,0,6909351a19f88eb59f3ffd9650746f7cfc0dc15cc3252a34d6f15528fed1eb5c,7beeeec74a0c53e133532aee0d73c2803137cff815d3783b5507bedc1014f670,False,complete,5000
grid,facility_camera,1,43,300,64.80607986450195,57.59999752044678,75.19999742507935,3.5723507404327393,16,0,0,6909351a19f88eb59f3ffd9650746f7cfc0dc15cc3252a34d6f15528fed1eb5c,7beeeec74a0c53e133532aee0d73c2803137cff815d3783b5507bedc1014f670,False,complete,5000
grid,facility_camera,1,43,1000,63.64400386810303,56.00000023841858,72.79999852180481,2.4102747440338135,16,0,0,6909351a19f88eb59f3ffd9650746f7cfc0dc15cc3252a34d6f15528fed1eb5c,7beeeec74a0c53e133532aee0d73c2803137cff815d3783b5507bedc1014f670,False,complete,5000
grid,facility_camera,1,43,3000,58.25015306472778,47.999998927116394,71.20000123977661,-2.9835760593414307,16,0,0,6909351a19f88eb59f3ffd9650746f7cfc0dc15cc3252a34d6f15528fed1eb5c,7beeeec74a0c53e133532aee0d73c2803137cff815d3783b5507bedc1014f670,False,complete,5000
grid,facility_camera,1,43,5000,59.05153155326843,50.40000081062317,67.1999990940094,-2.1821975708007812,16,0,0,6909351a19f88eb59f3ffd9650746f7cfc0dc15cc3252a34d6f15528fed1eb5c,7beeeec74a0c53e133532aee0d73c2803137cff815d3783b5507bedc1014f670,False,complete,5000
grid,facility_camera,2,42,100,67.53645539283752,59.20000076293945,78.39999794960022,6.3027262687683105,16,0,0,6909351a19f88eb59f3ffd9650746f7cfc0dc15cc3252a34d6f15528fed1eb5c,7beeeec74a0c53e133532aee0d73c2803137cff815d3783b5507bedc1014f670,False,complete,5000
grid,facility_camera,2,42,300,65.68602919578552,56.80000185966492,76.80000066757202,4.452300071716309,16,0,0,6909351a19f88eb59f3ffd9650746f7cfc0dc15cc3252a34d6f15528fed1eb5c,7beeeec74a0c53e133532aee0d73c2803137cff815d3783b5507bedc1014f670,False,complete,5000
grid,facility_camera,2,42,1000,60.1560115814209,51.99999809265137,68.80000233650208,-1.0777175426483154,16,0,0,6909351a19f88eb59f3ffd9650746f7cfc0dc15cc3252a34d6f15528fed1eb5c,7beeeec74a0c53e133532aee0d73c2803137cff815d3783b5507bedc1014f670,False,complete,5000
grid,facility_camera,2,42,3000,56.335294246673584,47.200000286102295,67.1999990940094,-4.89843487739563,16,0,0,6909351a19f88eb59f3ffd9650746f7cfc0dc15cc3252a34d6f15528fed1eb5c,7beeeec74a0c53e133532aee0d73c2803137cff815d3783b5507bedc1014f670,False,complete,5000
grid,facility_camera,2,42,5000,58.91163349151611,51.20000243186951,66.39999747276306,-2.3220956325531006,16,0,0,6909351a19f88eb59f3ffd9650746f7cfc0dc15cc3252a34d6f15528fed1eb5c,7beeeec74a0c53e133532aee0d73c2803137cff815d3783b5507bedc1014f670,False,complete,5000
grid,facility_camera,2,43,100,68.1778073310852,60.79999804496765,80.0000011920929,6.944078207015991,16,0,0,6909351a19f88eb59f3ffd9650746f7cfc0dc15cc3252a34d6f15528fed1eb5c,7beeeec74a0c53e133532aee0d73c2803137cff815d3783b5507bedc1014f670,False,complete,5000
grid,facility_camera,2,43,300,64.80607986450195,57.59999752044678,75.19999742507935,3.5723507404327393,16,0,0,6909351a19f88eb59f3ffd9650746f7cfc0dc15cc3252a34d6f15528fed1eb5c,7beeeec74a0c53e133532aee0d73c2803137cff815d3783b5507bedc1014f670,False,complete,5000
grid,facility_camera,2,43,1000,63.64400386810303,56.00000023841858,72.79999852180481,2.4102747440338135,16,0,0,6909351a19f88eb59f3ffd9650746f7cfc0dc15cc3252a34d6f15528fed1eb5c,7beeeec74a0c53e133532aee0d73c2803137cff815d3783b5507bedc1014f670,False,complete,5000
grid,facility_camera,2,43,3000,58.25015306472778,47.999998927116394,71.20000123977661,-2.9835760593414307,16,0,0,6909351a19f88eb59f3ffd9650746f7cfc0dc15cc3252a34d6f15528fed1eb5c,7beeeec74a0c53e133532aee0d73c2803137cff815d3783b5507bedc1014f670,False,complete,5000
grid,facility_camera,2,43,5000,59.05153155326843,50.40000081062317,67.1999990940094,-2.1821975708007812,16,0,0,6909351a19f88eb59f3ffd9650746f7cfc0dc15cc3252a34d6f15528fed1eb5c,7beeeec74a0c53e133532aee0d73c2803137cff815d3783b5507bedc1014f670,False,complete,5000
viper,random,0,42,100,82.7397108078003,75.63291192054749,91.77215099334717,1.421433687210083,15,0,1,a561b6d040801d85e70a6a17ef8a965d4e3813c635f987dc8e81f3a4037850de,b72fbd378acff9f8c663b67994dfe11feb2a1bf8c784254b2dcbee2bc034b6af,False,complete,5000
viper,random,0,42,300,80.7959258556366,73.10126423835754,90.1898741722107,-0.5223512649536133,15,0,1,a561b6d040801d85e70a6a17ef8a965d4e3813c635f987dc8e81f3a4037850de,b72fbd378acff9f8c663b67994dfe11feb2a1bf8c784254b2dcbee2bc034b6af,False,complete,5000
viper,random,0,42,1000,77.82134413719177,70.88607549667358,85.7594907283783,-3.4969329833984375,15,0,1,a561b6d040801d85e70a6a17ef8a965d4e3813c635f987dc8e81f3a4037850de,b72fbd378acff9f8c663b67994dfe11feb2a1bf8c784254b2dcbee2bc034b6af,False,complete,5000
viper,random,0,42,3000,75.3300130367279,68.03797483444214,84.4936728477478,-5.988264083862305,15,0,1,a561b6d040801d85e70a6a17ef8a965d4e3813c635f987dc8e81f3a4037850de,b72fbd378acff9f8c663b67994dfe11feb2a1bf8c784254b2dcbee2bc034b6af,False,complete,5000
viper,random,0,42,5000,75.29504299163818,67.72152185440063,85.44303774833679,-6.023234128952026,15,0,1,a561b6d040801d85e70a6a17ef8a965d4e3813c635f987dc8e81f3a4037850de,b72fbd378acff9f8c663b67994dfe11feb2a1bf8c784254b2dcbee2bc034b6af,False,complete,5000
viper,random,0,43,100,83.15773606300354,76.89873576164246,91.13923907279968,1.83945894241333,15,0,1,a561b6d040801d85e70a6a17ef8a965d4e3813c635f987dc8e81f3a4037850de,b72fbd378acff9f8c663b67994dfe11feb2a1bf8c784254b2dcbee2bc034b6af,False,complete,5000
viper,random,0,43,300,82.22397565841675,75.63291192054749,91.45569801330566,0.9056985378265381,15,0,1,a561b6d040801d85e70a6a17ef8a965d4e3813c635f987dc8e81f3a4037850de,b72fbd378acff9f8c663b67994dfe11feb2a1bf8c784254b2dcbee2bc034b6af,False,complete,5000
viper,random,0,43,1000,79.97352480888367,71.83544039726257,90.1898741722107,-1.344752311706543,15,0,1,a561b6d040801d85e70a6a17ef8a965d4e3813c635f987dc8e81f3a4037850de,b72fbd378acff9f8c663b67994dfe11feb2a1bf8c784254b2dcbee2bc034b6af,False,complete,5000
viper,random,0,43,3000,76.1612057685852,68.67088675498962,83.54430198669434,-5.157071352005005,15,0,1,a561b6d040801d85e70a6a17ef8a965d4e3813c635f987dc8e81f3a4037850de,b72fbd378acff9f8c663b67994dfe11feb2a1bf8c784254b2dcbee2bc034b6af,False,complete,5000
viper,random,0,43,5000,76.43672823905945,68.35442781448364,87.65822649002075,-4.881548881530762,15,0,1,a561b6d040801d85e70a6a17ef8a965d4e3813c635f987dc8e81f3a4037850de,b72fbd378acff9f8c663b67994dfe11feb2a1bf8c784254b2dcbee2bc034b6af,False,complete,5000
viper,random,1,42,100,85.02150177955627,78.79746556282043,92.08860993385315,3.7032246589660645,15,0,1,c9c8d3ed173323ac5a3b6e40a617071af514b01e2b62fe434af8d32601db8e89,20ad1104498cd90e63a9dc5b6e52a28b888130205c59e06a2e95465d4c776a1b,False,complete,5000
viper,random,1,42,300,82.51985907554626,75.63291192054749,89.87341523170471,1.2015819549560547,15,0,1,c9c8d3ed173323ac5a3b6e40a617071af514b01e2b62fe434af8d32601db8e89,20ad1104498cd90e63a9dc5b6e52a28b888130205c59e06a2e95465d4c776a1b,False,complete,5000
viper,random,1,42,1000,82.2289764881134,75.94936490058899,90.1898741722107,0.9106993675231934,15,0,1,c9c8d3ed173323ac5a3b6e40a617071af514b01e2b62fe434af8d32601db8e89,20ad1104498cd90e63a9dc5b6e52a28b888130205c59e06a2e95465d4c776a1b,False,complete,5000
viper,random,1,42,3000,81.44685626029968,75.0,89.87341523170471,0.12857913970947266,15,0,1,c9c8d3ed173323ac5a3b6e40a617071af514b01e2b62fe434af8d32601db8e89,20ad1104498cd90e63a9dc5b6e52a28b888130205c59e06a2e95465d4c776a1b,False,complete,5000
viper,random,1,42,5000,81.82463645935059,74.05063509941101,91.77215099334717,0.506359338760376,15,0,1,c9c8d3ed173323ac5a3b6e40a617071af514b01e2b62fe434af8d32601db8e89,20ad1104498cd90e63a9dc5b6e52a28b888130205c59e06a2e95465d4c776a1b,False,complete,5000
viper,random,1,43,100,84.66200828552246,78.16455960273743,93.35442781448364,3.343731164932251,15,0,1,c9c8d3ed173323ac5a3b6e40a617071af514b01e2b62fe434af8d32601db8e89,20ad1104498cd90e63a9dc5b6e52a28b888130205c59e06a2e95465d4c776a1b,False,complete,5000
viper,random,1,43,300,85.06701588630676,79.11392450332642,92.40506291389465,3.7487387657165527,15,0,1,c9c8d3ed173323ac5a3b6e40a617071af514b01e2b62fe434af8d32601db8e89,20ad1104498cd90e63a9dc5b6e52a28b888130205c59e06a2e95465d4c776a1b,False,complete,5000
viper,random,1,43,1000,80.78201413154602,73.73417615890503,89.55696225166321,-0.5362629890441895,15,0,1,c9c8d3ed173323ac5a3b6e40a617071af514b01e2b62fe434af8d32601db8e89,20ad1104498cd90e63a9dc5b6e52a28b888130205c59e06a2e95465d4c776a1b,False,complete,5000
viper,random,1,43,3000,80.65581917762756,73.41772317886353,89.87341523170471,-0.6624579429626465,15,0,1,c9c8d3ed173323ac5a3b6e40a617071af514b01e2b62fe434af8d32601db8e89,20ad1104498cd90e63a9dc5b6e52a28b888130205c59e06a2e95465d4c776a1b,False,complete,5000
viper,random,1,43,5000,82.65711069107056,75.63291192054749,91.77215099334717,1.3388335704803467,15,0,1,c9c8d3ed173323ac5a3b6e40a617071af514b01e2b62fe434af8d32601db8e89,20ad1104498cd90e63a9dc5b6e52a28b888130205c59e06a2e95465d4c776a1b,False,complete,5000
viper,random,2,42,100,81.30147457122803,73.41772317886353,89.87341523170471,-0.016802549362182617,16,0,0,5d1af8a89e9a3769e2a44584f9bd479da4ff864267ec0357e8fd4eeb37030b70,221ce80b336fd5e9b8ef4286796a5946739ce83e69fcf44009966223ab5a43ca,False,complete,5000
viper,random,2,42,300,81.30121231079102,74.36708807945251,89.55696225166321,-0.017064809799194336,16,0,0,5d1af8a89e9a3769e2a44584f9bd479da4ff864267ec0357e8fd4eeb37030b70,221ce80b336fd5e9b8ef4286796a5946739ce83e69fcf44009966223ab5a43ca,False,complete,5000
viper,random,2,42,1000,81.6291332244873,75.63291192054749,89.55696225166321,0.3108561038970947,16,0,0,5d1af8a89e9a3769e2a44584f9bd479da4ff864267ec0357e8fd4eeb37030b70,221ce80b336fd5e9b8ef4286796a5946739ce83e69fcf44009966223ab5a43ca,False,complete,5000
viper,random,2,42,3000,80.63372373580933,74.05063509941101,88.60759735107422,-0.6845533847808838,16,0,0,5d1af8a89e9a3769e2a44584f9bd479da4ff864267ec0357e8fd4eeb37030b70,221ce80b336fd5e9b8ef4286796a5946739ce83e69fcf44009966223ab5a43ca,False,complete,5000
viper,random,2,42,5000,79.96044158935547,73.41772317886353,89.55696225166321,-1.3578355312347412,16,0,0,5d1af8a89e9a3769e2a44584f9bd479da4ff864267ec0357e8fd4eeb37030b70,221ce80b336fd5e9b8ef4286796a5946739ce83e69fcf44009966223ab5a43ca,False,complete,5000
viper,random,2,43,100,82.82732367515564,76.26582384109497,90.5063271522522,1.5090465545654297,16,0,0,5d1af8a89e9a3769e2a44584f9bd479da4ff864267ec0357e8fd4eeb37030b70,221ce80b336fd5e9b8ef4286796a5946739ce83e69fcf44009966223ab5a43ca,False,complete,5000
viper,random,2,43,300,82.05575942993164,75.3164529800415,90.5063271522522,0.7374823093414307,16,0,0,5d1af8a89e9a3769e2a44584f9bd479da4ff864267ec0357e8fd4eeb37030b70,221ce80b336fd5e9b8ef4286796a5946739ce83e69fcf44009966223ab5a43ca,False,complete,5000
viper,random,2,43,1000,82.59775638580322,76.58227682113647,90.82278609275818,1.2794792652130127,16,0,0,5d1af8a89e9a3769e2a44584f9bd479da4ff864267ec0357e8fd4eeb37030b70,221ce80b336fd5e9b8ef4286796a5946739ce83e69fcf44009966223ab5a43ca,False,complete,5000
viper,random,2,43,3000,82.81859159469604,77.21518874168396,90.5063271522522,1.500314474105835,16,0,0,5d1af8a89e9a3769e2a44584f9bd479da4ff864267ec0357e8fd4eeb37030b70,221ce80b336fd5e9b8ef4286796a5946739ce83e69fcf44009966223ab5a43ca,False,complete,5000
viper,random,2,43,5000,82.82945156097412,76.26582384109497,91.77215099334717,1.5111744403839111,16,0,0,5d1af8a89e9a3769e2a44584f9bd479da4ff864267ec0357e8fd4eeb37030b70,221ce80b336fd5e9b8ef4286796a5946739ce83e69fcf44009966223ab5a43ca,False,complete,5000
viper,dedup,0,42,100,82.09465146064758,74.36708807945251,92.72152185440063,0.776374340057373,16,0,0,174b55d24e23a4e5aea241b859fc8add135a674477a01e7b92139146e037ea26,a45c0ce6ba305df191700c56b1fd16316f31d8ff8a18e70273372c17bbb0fa6f,False,complete,5000
viper,dedup,0,42,300,83.67712497711182,77.53164768218994,91.13923907279968,2.3588478565216064,16,0,0,174b55d24e23a4e5aea241b859fc8add135a674477a01e7b92139146e037ea26,a45c0ce6ba305df191700c56b1fd16316f31d8ff8a18e70273372c17bbb0fa6f,False,complete,5000
viper,dedup,0,42,1000,80.87252974510193,73.41772317886353,89.87341523170471,-0.44574737548828125,16,0,0,174b55d24e23a4e5aea241b859fc8add135a674477a01e7b92139146e037ea26,a45c0ce6ba305df191700c56b1fd16316f31d8ff8a18e70273372c17bbb0fa6f,False,complete,5000
viper,dedup,0,42,3000,81.27053380012512,73.73417615890503,89.55696225166321,-0.04774332046508789,16,0,0,174b55d24e23a4e5aea241b859fc8add135a674477a01e7b92139146e037ea26,a45c0ce6ba305df191700c56b1fd16316f31d8ff8a18e70273372c17bbb0fa6f,False,complete,5000
viper,dedup,0,42,5000,80.24631142616272,74.05063509941101,88.29113841056824,-1.0719656944274902,16,0,0,174b55d24e23a4e5aea241b859fc8add135a674477a01e7b92139146e037ea26,a45c0ce6ba305df191700c56b1fd16316f31d8ff8a18e70273372c17bbb0fa6f,False,complete,5000
viper,dedup,0,43,100,82.8714907169342,74.6835470199585,93.67088675498962,1.5532135963439941,16,0,0,174b55d24e23a4e5aea241b859fc8add135a674477a01e7b92139146e037ea26,a45c0ce6ba305df191700c56b1fd16316f31d8ff8a18e70273372c17bbb0fa6f,False,complete,5000
viper,dedup,0,43,300,83.22970271110535,76.26582384109497,91.77215099334717,1.9114255905151367,16,0,0,174b55d24e23a4e5aea241b859fc8add135a674477a01e7b92139146e037ea26,a45c0ce6ba305df191700c56b1fd16316f31d8ff8a18e70273372c17bbb0fa6f,False,complete,5000
viper,dedup,0,43,1000,79.6963632106781,72.15189933776855,88.92405033111572,-1.6219139099121094,16,0,0,174b55d24e23a4e5aea241b859fc8add135a674477a01e7b92139146e037ea26,a45c0ce6ba305df191700c56b1fd16316f31d8ff8a18e70273372c17bbb0fa6f,False,complete,5000
viper,dedup,0,43,3000,79.00221943855286,70.88607549667358,88.92405033111572,-2.3160576820373535,16,0,0,174b55d24e23a4e5aea241b859fc8add135a674477a01e7b92139146e037ea26,a45c0ce6ba305df191700c56b1fd16316f31d8ff8a18e70273372c17bbb0fa6f,False,complete,5000
viper,dedup,0,43,5000,78.8261890411377,69.62025165557861,90.1898741722107,-2.4920880794525146,16,0,0,174b55d24e23a4e5aea241b859fc8add135a674477a01e7b92139146e037ea26,a45c0ce6ba305df191700c56b1fd16316f31d8ff8a18e70273372c17bbb0fa6f,False,complete,5000
viper,dedup,1,42,100,83.96412134170532,78.16455960273743,91.77215099334717,2.6458442211151123,16,0,0,a12ba8b28403be75144c0d763ec965972255664a07ec70d2b8f060cfab6df6e5,6799978deb0ea6760caa2bcc529bff6ee58d50b26184c125602e29810f68ccf7,False,complete,5000
viper,dedup,1,42,300,82.58039355278015,75.94936490058899,91.77215099334717,1.2621164321899414,16,0,0,a12ba8b28403be75144c0d763ec965972255664a07ec70d2b8f060cfab6df6e5,6799978deb0ea6760caa2bcc529bff6ee58d50b26184c125602e29810f68ccf7,False,complete,5000
viper,dedup,1,42,1000,83.79614353179932,78.16455960273743,90.5063271522522,2.4778664112091064,16,0,0,a12ba8b28403be75144c0d763ec965972255664a07ec70d2b8f060cfab6df6e5,6799978deb0ea6760caa2bcc529bff6ee58d50b26184c125602e29810f68ccf7,False,complete,5000
viper,dedup,1,42,3000,79.4477641582489,71.83544039726257,90.1898741722107,-1.8705129623413086,16,0,0,a12ba8b28403be75144c0d763ec965972255664a07ec70d2b8f060cfab6df6e5,6799978deb0ea6760caa2bcc529bff6ee58d50b26184c125602e29810f68ccf7,False,complete,5000
viper,dedup,1,42,5000,81.70813918113708,74.6835470199585,91.13923907279968,0.389862060546875,16,0,0,a12ba8b28403be75144c0d763ec965972255664a07ec70d2b8f060cfab6df6e5,6799978deb0ea6760caa2bcc529bff6ee58d50b26184c125602e29810f68ccf7,False,complete,5000
viper,dedup,1,43,100,83.85636806488037,76.89873576164246,91.77215099334717,2.538090944290161,16,0,0,a12ba8b28403be75144c0d763ec965972255664a07ec70d2b8f060cfab6df6e5,6799978deb0ea6760caa2bcc529bff6ee58d50b26184c125602e29810f68ccf7,False,complete,5000
viper,dedup,1,43,300,84.27940011024475,77.84810066223145,92.08860993385315,2.961122989654541,16,0,0,a12ba8b28403be75144c0d763ec965972255664a07ec70d2b8f060cfab6df6e5,6799978deb0ea6760caa2bcc529bff6ee58d50b26184c125602e29810f68ccf7,False,complete,5000
viper,dedup,1,43,1000,84.74810719490051,78.79746556282043,91.45569801330566,3.4298300743103027,16,0,0,a12ba8b28403be75144c0d763ec965972255664a07ec70d2b8f060cfab6df6e5,6799978deb0ea6760caa2bcc529bff6ee58d50b26184c125602e29810f68ccf7,False,complete,5000
viper,dedup,1,43,3000,81.12937808036804,74.05063509941101,91.13923907279968,-0.18889904022216797,16,0,0,a12ba8b28403be75144c0d763ec965972255664a07ec70d2b8f060cfab6df6e5,6799978deb0ea6760caa2bcc529bff6ee58d50b26184c125602e29810f68ccf7,False,complete,5000
viper,dedup,1,43,5000,81.29490613937378,74.6835470199585,91.13923907279968,-0.023370981216430664,16,0,0,a12ba8b28403be75144c0d763ec965972255664a07ec70d2b8f060cfab6df6e5,6799978deb0ea6760caa2bcc529bff6ee58d50b26184c125602e29810f68ccf7,False,complete,5000
viper,dedup,2,42,100,81.30147457122803,73.41772317886353,89.87341523170471,-0.016802549362182617,16,0,0,5d1af8a89e9a3769e2a44584f9bd479da4ff864267ec0357e8fd4eeb37030b70,221ce80b336fd5e9b8ef4286796a5946739ce83e69fcf44009966223ab5a43ca,False,complete,5000
viper,dedup,2,42,300,81.30121231079102,74.36708807945251,89.55696225166321,-0.017064809799194336,16,0,0,5d1af8a89e9a3769e2a44584f9bd479da4ff864267ec0357e8fd4eeb37030b70,221ce80b336fd5e9b8ef4286796a5946739ce83e69fcf44009966223ab5a43ca,False,complete,5000
viper,dedup,2,42,1000,81.6291332244873,75.63291192054749,89.55696225166321,0.3108561038970947,16,0,0,5d1af8a89e9a3769e2a44584f9bd479da4ff864267ec0357e8fd4eeb37030b70,221ce80b336fd5e9b8ef4286796a5946739ce83e69fcf44009966223ab5a43ca,False,complete,5000
viper,dedup,2,42,3000,80.63372373580933,74.05063509941101,88.60759735107422,-0.6845533847808838,16,0,0,5d1af8a89e9a3769e2a44584f9bd479da4ff864267ec0357e8fd4eeb37030b70,221ce80b336fd5e9b8ef4286796a5946739ce83e69fcf44009966223ab5a43ca,False,complete,5000
viper,dedup,2,42,5000,79.96044158935547,73.41772317886353,89.55696225166321,-1.3578355312347412,16,0,0,5d1af8a89e9a3769e2a44584f9bd479da4ff864267ec0357e8fd4eeb37030b70,221ce80b336fd5e9b8ef4286796a5946739ce83e69fcf44009966223ab5a43ca,False,complete,5000
viper,dedup,2,43,100,82.82732367515564,76.26582384109497,90.5063271522522,1.5090465545654297,16,0,0,5d1af8a89e9a3769e2a44584f9bd479da4ff864267ec0357e8fd4eeb37030b70,221ce80b336fd5e9b8ef4286796a5946739ce83e69fcf44009966223ab5a43ca,False,complete,5000
viper,dedup,2,43,300,82.05575942993164,75.3164529800415,90.5063271522522,0.7374823093414307,16,0,0,5d1af8a89e9a3769e2a44584f9bd479da4ff864267ec0357e8fd4eeb37030b70,221ce80b336fd5e9b8ef4286796a5946739ce83e69fcf44009966223ab5a43ca,False,complete,5000
viper,dedup,2,43,1000,82.59775638580322,76.58227682113647,90.82278609275818,1.2794792652130127,16,0,0,5d1af8a89e9a3769e2a44584f9bd479da4ff864267ec0357e8fd4eeb37030b70,221ce80b336fd5e9b8ef4286796a5946739ce83e69fcf44009966223ab5a43ca,False,complete,5000
viper,dedup,2,43,3000,82.81859159469604,77.21518874168396,90.5063271522522,1.500314474105835,16,0,0,5d1af8a89e9a3769e2a44584f9bd479da4ff864267ec0357e8fd4eeb37030b70,221ce80b336fd5e9b8ef4286796a5946739ce83e69fcf44009966223ab5a43ca,False,complete,5000
viper,dedup,2,43,5000,82.82945156097412,76.26582384109497,91.77215099334717,1.5111744403839111,16,0,0,5d1af8a89e9a3769e2a44584f9bd479da4ff864267ec0357e8fd4eeb37030b70,221ce80b336fd5e9b8ef4286796a5946739ce83e69fcf44009966223ab5a43ca,False,complete,5000
viper,kcenter,0,42,100,82.88513422012329,76.58227682113647,90.5063271522522,1.566857099533081,16,0,0,291002699cb24c832d65c56e3a5842ed1c6c49929527ea85227fab65fc8f94ef,69d44fdfe8079a5bf3f30c06dbbcce3767bdb07db36a0124e6834e077100d5ad,False,complete,5000
viper,kcenter,0,42,300,82.78442621231079,76.89873576164246,90.5063271522522,1.466149091720581,16,0,0,291002699cb24c832d65c56e3a5842ed1c6c49929527ea85227fab65fc8f94ef,69d44fdfe8079a5bf3f30c06dbbcce3767bdb07db36a0124e6834e077100d5ad,False,complete,5000
viper,kcenter,0,42,1000,82.37754702568054,76.26582384109497,89.2405092716217,1.059269905090332,16,0,0,291002699cb24c832d65c56e3a5842ed1c6c49929527ea85227fab65fc8f94ef,69d44fdfe8079a5bf3f30c06dbbcce3767bdb07db36a0124e6834e077100d5ad,False,complete,5000
viper,kcenter,0,42,3000,80.40070533752441,73.73417615890503,88.60759735107422,-0.9175717830657959,16,0,0,291002699cb24c832d65c56e3a5842ed1c6c49929527ea85227fab65fc8f94ef,69d44fdfe8079a5bf3f30c06dbbcce3767bdb07db36a0124e6834e077100d5ad,False,complete,5000
viper,kcenter,0,42,5000,80.51730990409851,73.10126423835754,91.13923907279968,-0.8009672164916992,16,0,0,291002699cb24c832d65c56e3a5842ed1c6c49929527ea85227fab65fc8f94ef,69d44fdfe8079a5bf3f30c06dbbcce3767bdb07db36a0124e6834e077100d5ad,False,complete,5000
viper,kcenter,0,43,100,77.87710428237915,69.9367105960846,87.02531456947327,-3.4411728382110596,16,0,0,291002699cb24c832d65c56e3a5842ed1c6c49929527ea85227fab65fc8f94ef,69d44fdfe8079a5bf3f30c06dbbcce3767bdb07db36a0124e6834e077100d5ad,False,complete,5000
viper,kcenter,0,43,300,76.55995488166809,68.03797483444214,85.7594907283783,-4.758322238922119,16,0,0,291002699cb24c832d65c56e3a5842ed1c6c49929527ea85227fab65fc8f94ef,69d44fdfe8079a5bf3f30c06dbbcce3767bdb07db36a0124e6834e077100d5ad,False,complete,5000
viper,kcenter,0,43,1000,82.25692510604858,75.63291192054749,91.45569801330566,0.938647985458374,16,0,0,291002699cb24c832d65c56e3a5842ed1c6c49929527ea85227fab65fc8f94ef,69d44fdfe8079a5bf3f30c06dbbcce3767bdb07db36a0124e6834e077100d5ad,False,complete,5000
viper,kcenter,0,43,3000,82.59308338165283,76.26582384109497,89.87341523170471,1.274806261062622,16,0,0,291002699cb24c832d65c56e3a5842ed1c6c49929527ea85227fab65fc8f94ef,69d44fdfe8079a5bf3f30c06dbbcce3767bdb07db36a0124e6834e077100d5ad,False,complete,5000
viper,kcenter,0,43,5000,79.61785197257996,73.10126423835754,87.34177350997925,-1.700425148010254,16,0,0,291002699cb24c832d65c56e3a5842ed1c6c49929527ea85227fab65fc8f94ef,69d44fdfe8079a5bf3f30c06dbbcce3767bdb07db36a0124e6834e077100d5ad,False,complete,5000
viper,kcenter,1,42,100,84.44119095802307,78.16455960273743,92.08860993385315,3.1229138374328613,16,0,0,96c4767476197eb50002cb0ae5b101d818b7a703648bec28800e2deef1ad26e3,88c4e6f1520a7d7ec100ea82b561b7d7e20e2414ce5158988a087326c612afc0,False,complete,5000
viper,kcenter,1,42,300,82.63689875602722,75.63291192054749,90.5063271522522,1.3186216354370117,16,0,0,96c4767476197eb50002cb0ae5b101d818b7a703648bec28800e2deef1ad26e3,88c4e6f1520a7d7ec100ea82b561b7d7e20e2414ce5158988a087326c612afc0,False,complete,5000
viper,kcenter,1,42,1000,77.6651680469513,70.2531635761261,87.65822649002075,-3.653109073638916,16,0,0,96c4767476197eb50002cb0ae5b101d818b7a703648bec28800e2deef1ad26e3,88c4e6f1520a7d7ec100ea82b561b7d7e20e2414ce5158988a087326c612afc0,False,complete,5000
viper,kcenter,1,42,3000,78.87501120567322,70.88607549667358,87.97468543052673,-2.443265914916992,16,0,0,96c4767476197eb50002cb0ae5b101d818b7a703648bec28800e2deef1ad26e3,88c4e6f1520a7d7ec100ea82b561b7d7e20e2414ce5158988a087326c612afc0,False,complete,5000
viper,kcenter,1,42,5000,81.04182481765747,73.10126423835754,91.77215099334717,-0.27645230293273926,16,0,0,96c4767476197eb50002cb0ae5b101d818b7a703648bec28800e2deef1ad26e3,88c4e6f1520a7d7ec100ea82b561b7d7e20e2414ce5158988a087326c612afc0,False,complete,5000
viper,kcenter,1,43,100,82.74174928665161,75.94936490058899,91.45569801330566,1.4234721660614014,16,0,0,96c4767476197eb50002cb0ae5b101d818b7a703648bec28800e2deef1ad26e3,88c4e6f1520a7d7ec100ea82b561b7d7e20e2414ce5158988a087326c612afc0,False,complete,5000
viper,kcenter,1,43,300,81.67733550071716,74.36708807945251,90.1898741722107,0.3590583801269531,16,0,0,96c4767476197eb50002cb0ae5b101d818b7a703648bec28800e2deef1ad26e3,88c4e6f1520a7d7ec100ea82b561b7d7e20e2414ce5158988a087326c612afc0,False,complete,5000
viper,kcenter,1,43,1000,81.87651634216309,74.05063509941101,91.45569801330566,0.558239221572876,16,0,0,96c4767476197eb50002cb0ae5b101d818b7a703648bec28800e2deef1ad26e3,88c4e6f1520a7d7ec100ea82b561b7d7e20e2414ce5158988a087326c612afc0,False,complete,5000
viper,kcenter,1,43,3000,82.04901814460754,75.0,90.5063271522522,0.730741024017334,16,0,0,96c4767476197eb50002cb0ae5b101d818b7a703648bec28800e2deef1ad26e3,88c4e6f1520a7d7ec100ea82b561b7d7e20e2414ce5158988a087326c612afc0,False,complete,5000
viper,kcenter,1,43,5000,80.68033456802368,73.41772317886353,88.92405033111572,-0.6379425525665283,16,0,0,96c4767476197eb50002cb0ae5b101d818b7a703648bec28800e2deef1ad26e3,88c4e6f1520a7d7ec100ea82b561b7d7e20e2414ce5158988a087326c612afc0,False,complete,5000
viper,kcenter,2,42,100,81.21256828308105,74.05063509941101,89.55696225166321,-0.10570883750915527,16,0,0,3e3ad8fdd025e8037efb7d3172d54b774d23b452efb614995ca256551b977bf5,08303f97b8a699ac8ae3f3e7fea41a32fc82e9386be29fe7e2a9172a5dc14b55,False,complete,5000
viper,kcenter,2,42,300,83.37600231170654,76.26582384109497,91.45569801330566,2.057725191116333,16,0,0,3e3ad8fdd025e8037efb7d3172d54b774d23b452efb614995ca256551b977bf5,08303f97b8a699ac8ae3f3e7fea41a32fc82e9386be29fe7e2a9172a5dc14b55,False,complete,5000
viper,kcenter,2,42,1000,83.14545154571533,76.89873576164246,90.5063271522522,1.827174425125122,16,0,0,3e3ad8fdd025e8037efb7d3172d54b774d23b452efb614995ca256551b977bf5,08303f97b8a699ac8ae3f3e7fea41a32fc82e9386be29fe7e2a9172a5dc14b55,False,complete,5000
viper,kcenter,2,42,3000,83.0758273601532,77.21518874168396,90.82278609275818,1.7575502395629883,16,0,0,3e3ad8fdd025e8037efb7d3172d54b774d23b452efb614995ca256551b977bf5,08303f97b8a699ac8ae3f3e7fea41a32fc82e9386be29fe7e2a9172a5dc14b55,False,complete,5000
viper,kcenter,2,42,5000,82.32300281524658,74.6835470199585,90.82278609275818,1.004725694656372,16,0,0,3e3ad8fdd025e8037efb7d3172d54b774d23b452efb614995ca256551b977bf5,08303f97b8a699ac8ae3f3e7fea41a32fc82e9386be29fe7e2a9172a5dc14b55,False,complete,5000
viper,kcenter,2,43,100,84.1779887676239,77.53164768218994,92.40506291389465,2.8597116470336914,16,0,0,3e3ad8fdd025e8037efb7d3172d54b774d23b452efb614995ca256551b977bf5,08303f97b8a699ac8ae3f3e7fea41a32fc82e9386be29fe7e2a9172a5dc14b55,False,complete,5000
viper,kcenter,2,43,300,83.07170867919922,75.94936490058899,90.82278609275818,1.7534315586090088,16,0,0,3e3ad8fdd025e8037efb7d3172d54b774d23b452efb614995ca256551b977bf5,08303f97b8a699ac8ae3f3e7fea41a32fc82e9386be29fe7e2a9172a5dc14b55,False,complete,5000
viper,kcenter,2,43,1000,83.44780802726746,76.26582384109497,92.08860993385315,2.129530906677246,16,0,0,3e3ad8fdd025e8037efb7d3172d54b774d23b452efb614995ca256551b977bf5,08303f97b8a699ac8ae3f3e7fea41a32fc82e9386be29fe7e2a9172a5dc14b55,False,complete,5000
viper,kcenter,2,43,3000,81.822669506073,74.36708807945251,90.1898741722107,0.5043923854827881,16,0,0,3e3ad8fdd025e8037efb7d3172d54b774d23b452efb614995ca256551b977bf5,08303f97b8a699ac8ae3f3e7fea41a32fc82e9386be29fe7e2a9172a5dc14b55,False,complete,5000
viper,kcenter,2,43,5000,82.31493830680847,75.3164529800415,91.13923907279968,0.9966611862182617,16,0,0,3e3ad8fdd025e8037efb7d3172d54b774d23b452efb614995ca256551b977bf5,08303f97b8a699ac8ae3f3e7fea41a32fc82e9386be29fe7e2a9172a5dc14b55,False,complete,5000
viper,typical,0,42,100,84.03281569480896,76.58227682113647,93.35442781448364,2.71453857421875,16,0,0,f956736e8de35243214a69c32d98c1ce42bd1cd24401567ad2f86b16cdeb841a,a86406333da4d828ff3199a63e0c5c437ed63d301ec2ebb55a8727016382873e,False,complete,5000
viper,typical,0,42,300,84.97961759567261,77.84810066223145,93.35442781448364,3.6613404750823975,16,0,0,f956736e8de35243214a69c32d98c1ce42bd1cd24401567ad2f86b16cdeb841a,a86406333da4d828ff3199a63e0c5c437ed63d301ec2ebb55a8727016382873e,False,complete,5000
viper,typical,0,42,1000,82.84643888473511,75.0,91.45569801330566,1.5281617641448975,16,0,0,f956736e8de35243214a69c32d98c1ce42bd1cd24401567ad2f86b16cdeb841a,a86406333da4d828ff3199a63e0c5c437ed63d301ec2ebb55a8727016382873e,False,complete,5000
viper,typical,0,42,3000,83.88814926147461,76.58227682113647,93.98733973503113,2.5698721408843994,16,0,0,f956736e8de35243214a69c32d98c1ce42bd1cd24401567ad2f86b16cdeb841a,a86406333da4d828ff3199a63e0c5c437ed63d301ec2ebb55a8727016382873e,False,complete,5000
viper,typical,0,42,5000,83.30053091049194,76.26582384109497,92.08860993385315,1.9822537899017334,16,0,0,f956736e8de35243214a69c32d98c1ce42bd1cd24401567ad2f86b16cdeb841a,a86406333da4d828ff3199a63e0c5c437ed63d301ec2ebb55a8727016382873e,False,complete,5000
viper,typical,0,43,100,85.50246953964233,78.79746556282043,93.98733973503113,4.184192419052124,16,0,0,f956736e8de35243214a69c32d98c1ce42bd1cd24401567ad2f86b16cdeb841a,a86406333da4d828ff3199a63e0c5c437ed63d301ec2ebb55a8727016382873e,False,complete,5000
viper,typical,0,43,300,84.05911326408386,76.58227682113647,93.67088675498962,2.7408361434936523,16,0,0,f956736e8de35243214a69c32d98c1ce42bd1cd24401567ad2f86b16cdeb841a,a86406333da4d828ff3199a63e0c5c437ed63d301ec2ebb55a8727016382873e,False,complete,5000
viper,typical,0,43,1000,86.10540628433228,80.0632894039154,95.2531635761261,4.787129163742065,16,0,0,f956736e8de35243214a69c32d98c1ce42bd1cd24401567ad2f86b16cdeb841a,a86406333da4d828ff3199a63e0c5c437ed63d301ec2ebb55a8727016382873e,False,complete,5000
viper,typical,0,43,3000,83.53903889656067,76.26582384109497,92.08860993385315,2.220761775970459,16,0,0,f956736e8de35243214a69c32d98c1ce42bd1cd24401567ad2f86b16cdeb841a,a86406333da4d828ff3199a63e0c5c437ed63d301ec2ebb55a8727016382873e,False,complete,5000
viper,typical,0,43,5000,81.32076263427734,73.10126423835754,92.08860993385315,0.002485513687133789,16,0,0,f956736e8de35243214a69c32d98c1ce42bd1cd24401567ad2f86b16cdeb841a,a86406333da4d828ff3199a63e0c5c437ed63d301ec2ebb55a8727016382873e,False,complete,5000
viper,typical,1,42,100,84.35410857200623,77.53164768218994,93.35442781448364,3.0358314514160156,16,0,0,0e96c9f943a400238faa1dea95e2913451d4413253f0c553a9a44604f06c2934,ee9fb744e9c3fd0812031db2c7a037d9287b9178567ecfe5baaac75e19926d28,False,complete,5000
viper,typical,1,42,300,83.6251974105835,76.26582384109497,92.08860993385315,2.306920289993286,16,0,0,0e96c9f943a400238faa1dea95e2913451d4413253f0c553a9a44604f06c2934,ee9fb744e9c3fd0812031db2c7a037d9287b9178567ecfe5baaac75e19926d28,False,complete,5000
viper,typical,1,42,1000,82.15426802635193,74.6835470199585,90.82278609275818,0.8359909057617188,16,0,0,0e96c9f943a400238faa1dea95e2913451d4413253f0c553a9a44604f06c2934,ee9fb744e9c3fd0812031db2c7a037d9287b9178567ecfe5baaac75e19926d28,False,complete,5000
viper,typical,1,42,3000,81.17708563804626,73.10126423835754,91.13923907279968,-0.1411914825439453,16,0,0,0e96c9f943a400238faa1dea95e2913451d4413253f0c553a9a44604f06c2934,ee9fb744e9c3fd0812031db2c7a037d9287b9178567ecfe5baaac75e19926d28,False,complete,5000
viper,typical,1,42,5000,81.72076344490051,73.73417615890503,90.1898741722107,0.40248632431030273,16,0,0,0e96c9f943a400238faa1dea95e2913451d4413253f0c553a9a44604f06c2934,ee9fb744e9c3fd0812031db2c7a037d9287b9178567ecfe5baaac75e19926d28,False,complete,5000
viper,typical,1,43,100,82.1923553943634,74.6835470199585,91.45569801330566,0.8740782737731934,16,0,0,0e96c9f943a400238faa1dea95e2913451d4413253f0c553a9a44604f06c2934,ee9fb744e9c3fd0812031db2c7a037d9287b9178567ecfe5baaac75e19926d28,False,complete,5000
viper,typical,1,43,300,81.76448345184326,74.05063509941101,91.45569801330566,0.44620633125305176,16,0,0,0e96c9f943a400238faa1dea95e2913451d4413253f0c553a9a44604f06c2934,ee9fb744e9c3fd0812031db2c7a037d9287b9178567ecfe5baaac75e19926d28,False,complete,5000
viper,typical,1,43,1000,83.78546833992004,77.21518874168396,91.77215099334717,2.467191219329834,16,0,0,0e96c9f943a400238faa1dea95e2913451d4413253f0c553a9a44604f06c2934,ee9fb744e9c3fd0812031db2c7a037d9287b9178567ecfe5baaac75e19926d28,False,complete,5000
viper,typical,1,43,3000,79.96704578399658,71.20253443717957,91.13923907279968,-1.351231336593628,16,0,0,0e96c9f943a400238faa1dea95e2913451d4413253f0c553a9a44604f06c2934,ee9fb744e9c3fd0812031db2c7a037d9287b9178567ecfe5baaac75e19926d28,False,complete,5000
viper,typical,1,43,5000,82.72789120674133,76.26582384109497,90.5063271522522,1.409614086151123,16,0,0,0e96c9f943a400238faa1dea95e2913451d4413253f0c553a9a44604f06c2934,ee9fb744e9c3fd0812031db2c7a037d9287b9178567ecfe5baaac75e19926d28,False,complete,5000
viper,typical,2,42,100,84.24078822135925,76.89873576164246,93.35442781448364,2.922511100769043,16,0,0,56d613d76110d8ee33959054d27f2aef903de3935557cd79837dec74083eb9b2,4698eeec3b4bcea14591f3c659072f6a1eaea681ec9fdd44c2a072fde1579bb7,False,complete,5000
viper,typical,2,42,300,84.45066809654236,77.84810066223145,93.67088675498962,3.1323909759521484,16,0,0,56d613d76110d8ee33959054d27f2aef903de3935557cd79837dec74083eb9b2,4698eeec3b4bcea14591f3c659072f6a1eaea681ec9fdd44c2a072fde1579bb7,False,complete,5000
viper,typical,2,42,1000,82.45505690574646,74.05063509941101,91.77215099334717,1.13677978515625,16,0,0,56d613d76110d8ee33959054d27f2aef903de3935557cd79837dec74083eb9b2,4698eeec3b4bcea14591f3c659072f6a1eaea681ec9fdd44c2a072fde1579bb7,False,complete,5000
viper,typical,2,42,3000,83.18719267845154,75.63291192054749,92.08860993385315,1.8689155578613281,16,0,0,56d613d76110d8ee33959054d27f2aef903de3935557cd79837dec74083eb9b2,4698eeec3b4bcea14591f3c659072f6a1eaea681ec9fdd44c2a072fde1579bb7,False,complete,5000
viper,typical,2,42,5000,85.45350432395935,79.11392450332642,93.35442781448364,4.135227203369141,16,0,0,56d613d76110d8ee33959054d27f2aef903de3935557cd79837dec74083eb9b2,4698eeec3b4bcea14591f3c659072f6a1eaea681ec9fdd44c2a072fde1579bb7,False,complete,5000
viper,typical,2,43,100,86.335688829422,80.37974834442139,94.62025165557861,5.017411708831787,16,0,0,56d613d76110d8ee33959054d27f2aef903de3935557cd79837dec74083eb9b2,4698eeec3b4bcea14591f3c659072f6a1eaea681ec9fdd44c2a072fde1579bb7,False,complete,5000
viper,typical,2,43,300,84.84194874763489,77.21518874168396,93.98733973503113,3.5236716270446777,16,0,0,56d613d76110d8ee33959054d27f2aef903de3935557cd79837dec74083eb9b2,4698eeec3b4bcea14591f3c659072f6a1eaea681ec9fdd44c2a072fde1579bb7,False,complete,5000
viper,typical,2,43,1000,83.65557789802551,76.26582384109497,91.45569801330566,2.3373007774353027,16,0,0,56d613d76110d8ee33959054d27f2aef903de3935557cd79837dec74083eb9b2,4698eeec3b4bcea14591f3c659072f6a1eaea681ec9fdd44c2a072fde1579bb7,False,complete,5000
viper,typical,2,43,3000,83.72748494148254,76.26582384109497,92.72152185440063,2.409207820892334,16,0,0,56d613d76110d8ee33959054d27f2aef903de3935557cd79837dec74083eb9b2,4698eeec3b4bcea14591f3c659072f6a1eaea681ec9fdd44c2a072fde1579bb7,False,complete,5000
viper,typical,2,43,5000,83.80438685417175,76.58227682113647,93.03797483444214,2.486109733581543,16,0,0,56d613d76110d8ee33959054d27f2aef903de3935557cd79837dec74083eb9b2,4698eeec3b4bcea14591f3c659072f6a1eaea681ec9fdd44c2a072fde1579bb7,False,complete,5000
viper,hard_negative,0,42,100,83.91734957695007,76.89873576164246,94.9367105960846,2.5990724563598633,16,0,0,97abb544c49cc8dc151d5289427b7b348524656420da2c0e55fc6a066c262a0b,7d17c201068c5b669c518ffd7a3520d03c658872619109e452df63002d885c18,False,complete,5000
viper,hard_negative,0,42,300,84.10340547561646,77.21518874168396,93.35442781448364,2.785128355026245,16,0,0,97abb544c49cc8dc151d5289427b7b348524656420da2c0e55fc6a066c262a0b,7d17c201068c5b669c518ffd7a3520d03c658872619109e452df63002d885c18,False,complete,5000
viper,hard_negative,0,42,1000,83.29578042030334,76.26582384109497,91.45569801330566,1.9775032997131348,16,0,0,97abb544c49cc8dc151d5289427b7b348524656420da2c0e55fc6a066c262a0b,7d17c201068c5b669c518ffd7a3520d03c658872619109e452df63002d885c18,False,complete,5000
viper,hard_negative,0,42,3000,82.08781480789185,74.6835470199585,91.77215099334717,0.7695376873016357,16,0,0,97abb544c49cc8dc151d5289427b7b348524656420da2c0e55fc6a066c262a0b,7d17c201068c5b669c518ffd7a3520d03c658872619109e452df63002d885c18,False,complete,5000
viper,hard_negative,0,42,5000,80.05203008651733,72.15189933776855,90.1898741722107,-1.266247034072876,16,0,0,97abb544c49cc8dc151d5289427b7b348524656420da2c0e55fc6a066c262a0b,7d17c201068c5b669c518ffd7a3520d03c658872619109e452df63002d885c18,False,complete,5000
viper,hard_negative,0,43,100,86.17079257965088,80.0632894039154,94.62025165557861,4.852515459060669,16,0,0,97abb544c49cc8dc151d5289427b7b348524656420da2c0e55fc6a066c262a0b,7d17c201068c5b669c518ffd7a3520d03c658872619109e452df63002d885c18,False,complete,5000
viper,hard_negative,0,43,300,83.76699686050415,76.26582384109497,93.98733973503113,2.4487197399139404,16,0,0,97abb544c49cc8dc151d5289427b7b348524656420da2c0e55fc6a066c262a0b,7d17c201068c5b669c518ffd7a3520d03c658872619109e452df63002d885c18,False,complete,5000
viper,hard_negative,0,43,1000,82.45689272880554,75.0,93.03797483444214,1.138615608215332,16,0,0,97abb544c49cc8dc151d5289427b7b348524656420da2c0e55fc6a066c262a0b,7d17c201068c5b669c518ffd7a3520d03c658872619109e452df63002d885c18,False,complete,5000
viper,hard_negative,0,43,3000,81.1456024646759,73.10126423835754,90.1898741722107,-0.17267465591430664,16,0,0,97abb544c49cc8dc151d5289427b7b348524656420da2c0e55fc6a066c262a0b,7d17c201068c5b669c518ffd7a3520d03c658872619109e452df63002d885c18,False,complete,5000
viper,hard_negative,0,43,5000,82.36957788467407,75.3164529800415,90.82278609275818,1.0513007640838623,16,0,0,97abb544c49cc8dc151d5289427b7b348524656420da2c0e55fc6a066c262a0b,7d17c201068c5b669c518ffd7a3520d03c658872619109e452df63002d885c18,False,complete,5000
viper,hard_negative,1,42,100,81.93038702011108,74.05063509941101,91.77215099334717,0.612109899520874,15,0,1,69dd00945833cc76e3f2606d04eddfc6d3493079d391f44dc3bda99627ad72bf,5a798e075ec8a04d032c7ceaf8cb5e5f86dc3a48cad95a4de505e314ab37eefc,False,complete,5000
viper,hard_negative,1,42,300,78.44904661178589,71.20253443717957,86.70886158943176,-2.8692305088043213,15,0,1,69dd00945833cc76e3f2606d04eddfc6d3493079d391f44dc3bda99627ad72bf,5a798e075ec8a04d032c7ceaf8cb5e5f86dc3a48cad95a4de505e314ab37eefc,False,complete,5000
viper,hard_negative,1,42,1000,79.61505651473999,72.15189933776855,87.97468543052673,-1.7032206058502197,15,0,1,69dd00945833cc76e3f2606d04eddfc6d3493079d391f44dc3bda99627ad72bf,5a798e075ec8a04d032c7ceaf8cb5e5f86dc3a48cad95a4de505e314ab37eefc,False,complete,5000
viper,hard_negative,1,42,3000,77.28788256645203,68.03797483444214,89.87341523170471,-4.030394554138184,15,0,1,69dd00945833cc76e3f2606d04eddfc6d3493079d391f44dc3bda99627ad72bf,5a798e075ec8a04d032c7ceaf8cb5e5f86dc3a48cad95a4de505e314ab37eefc,False,complete,5000
viper,hard_negative,1,42,5000,75.59566497802734,68.35442781448364,84.17721390724182,-5.722612142562866,15,0,1,69dd00945833cc76e3f2606d04eddfc6d3493079d391f44dc3bda99627ad72bf,5a798e075ec8a04d032c7ceaf8cb5e5f86dc3a48cad95a4de505e314ab37eefc,False,complete,5000
viper,hard_negative,1,43,100,83.84485244750977,75.94936490058899,93.98733973503113,2.5265753269195557,15,0,1,69dd00945833cc76e3f2606d04eddfc6d3493079d391f44dc3bda99627ad72bf,5a798e075ec8a04d032c7ceaf8cb5e5f86dc3a48cad95a4de505e314ab37eefc,False,complete,5000
viper,hard_negative,1,43,300,81.68843984603882,75.0,90.5063271522522,0.3701627254486084,15,0,1,69dd00945833cc76e3f2606d04eddfc6d3493079d391f44dc3bda99627ad72bf,5a798e075ec8a04d032c7ceaf8cb5e5f86dc3a48cad95a4de505e314ab37eefc,False,complete,5000
viper,hard_negative,1,43,1000,80.81138730049133,73.10126423835754,90.5063271522522,-0.506889820098877,15,0,1,69dd00945833cc76e3f2606d04eddfc6d3493079d391f44dc3bda99627ad72bf,5a798e075ec8a04d032c7ceaf8cb5e5f86dc3a48cad95a4de505e314ab37eefc,False,complete,5000
viper,hard_negative,1,43,3000,80.10013699531555,72.15189933776855,89.2405092716217,-1.2181401252746582,15,0,1,69dd00945833cc76e3f2606d04eddfc6d3493079d391f44dc3bda99627ad72bf,5a798e075ec8a04d032c7ceaf8cb5e5f86dc3a48cad95a4de505e314ab37eefc,False,complete,5000
viper,hard_negative,1,43,5000,79.31962609291077,71.83544039726257,88.92405033111572,-1.9986510276794434,15,0,1,69dd00945833cc76e3f2606d04eddfc6d3493079d391f44dc3bda99627ad72bf,5a798e075ec8a04d032c7ceaf8cb5e5f86dc3a48cad95a4de505e314ab37eefc,False,complete,5000
viper,hard_negative,2,42,100,84.03756618499756,78.16455960273743,90.5063271522522,2.7192890644073486,16,0,0,c393e3201d2922eaceb7c9fb6f3927d74bd49c52867760e2d08aec6de6cc77dc,ad7a3c056f4826147dcd951ef3f312d80db75c61a98b84401aaad8ba437bc2c0,False,complete,5000
viper,hard_negative,2,42,300,83.702552318573,77.53164768218994,93.35442781448364,2.384275197982788,16,0,0,c393e3201d2922eaceb7c9fb6f3927d74bd49c52867760e2d08aec6de6cc77dc,ad7a3c056f4826147dcd951ef3f312d80db75c61a98b84401aaad8ba437bc2c0,False,complete,5000
viper,hard_negative,2,42,1000,79.09088134765625,70.88607549667358,88.92405033111572,-2.22739577293396,16,0,0,c393e3201d2922eaceb7c9fb6f3927d74bd49c52867760e2d08aec6de6cc77dc,ad7a3c056f4826147dcd951ef3f312d80db75c61a98b84401aaad8ba437bc2c0,False,complete,5000
viper,hard_negative,2,42,3000,77.53741145133972,68.67088675498962,88.60759735107422,-3.7808656692504883,16,0,0,c393e3201d2922eaceb7c9fb6f3927d74bd49c52867760e2d08aec6de6cc77dc,ad7a3c056f4826147dcd951ef3f312d80db75c61a98b84401aaad8ba437bc2c0,False,complete,5000
viper,hard_negative,2,42,5000,80.20671606063843,73.10126423835754,87.97468543052673,-1.1115610599517822,16,0,0,c393e3201d2922eaceb7c9fb6f3927d74bd49c52867760e2d08aec6de6cc77dc,ad7a3c056f4826147dcd951ef3f312d80db75c61a98b84401aaad8ba437bc2c0,False,complete,5000
viper,hard_negative,2,43,100,83.52100849151611,76.89873576164246,92.08860993385315,2.2027313709259033,16,0,0,c393e3201d2922eaceb7c9fb6f3927d74bd49c52867760e2d08aec6de6cc77dc,ad7a3c056f4826147dcd951ef3f312d80db75c61a98b84401aaad8ba437bc2c0,False,complete,5000
viper,hard_negative,2,43,300,82.56235122680664,76.26582384109497,90.82278609275818,1.2440741062164307,16,0,0,c393e3201d2922eaceb7c9fb6f3927d74bd49c52867760e2d08aec6de6cc77dc,ad7a3c056f4826147dcd951ef3f312d80db75c61a98b84401aaad8ba437bc2c0,False,complete,5000
viper,hard_negative,2,43,1000,81.79816007614136,74.6835470199585,91.77215099334717,0.47988295555114746,16,0,0,c393e3201d2922eaceb7c9fb6f3927d74bd49c52867760e2d08aec6de6cc77dc,ad7a3c056f4826147dcd951ef3f312d80db75c61a98b84401aaad8ba437bc2c0,False,complete,5000
viper,hard_negative,2,43,3000,80.22596836090088,72.46835231781006,88.92405033111572,-1.092308759689331,16,0,0,c393e3201d2922eaceb7c9fb6f3927d74bd49c52867760e2d08aec6de6cc77dc,ad7a3c056f4826147dcd951ef3f312d80db75c61a98b84401aaad8ba437bc2c0,False,complete,5000
viper,hard_negative,2,43,5000,76.91607475280762,69.30379867553711,86.07594966888428,-4.402202367782593,16,0,0,c393e3201d2922eaceb7c9fb6f3927d74bd49c52867760e2d08aec6de6cc77dc,ad7a3c056f4826147dcd951ef3f312d80db75c61a98b84401aaad8ba437bc2c0,False,complete,5000
viper,facility,0,42,100,85.06696820259094,79.11392450332642,91.77215099334717,3.7486910820007324,16,0,0,3d9f4506402805e2b6c3bf8d71958ec9a3b33c1119a96e81e7e458f505ed7e80,85c4e8999899577a1076bbd1b93d734d472404014399792abff4c1d61e6dbcb9,False,complete,5000
viper,facility,0,42,300,82.79990553855896,75.94936490058899,91.45569801330566,1.48162841796875,16,0,0,3d9f4506402805e2b6c3bf8d71958ec9a3b33c1119a96e81e7e458f505ed7e80,85c4e8999899577a1076bbd1b93d734d472404014399792abff4c1d61e6dbcb9,False,complete,5000
viper,facility,0,42,1000,85.36261916160583,80.0632894039154,90.82278609275818,4.044342041015625,16,0,0,3d9f4506402805e2b6c3bf8d71958ec9a3b33c1119a96e81e7e458f505ed7e80,85c4e8999899577a1076bbd1b93d734d472404014399792abff4c1d61e6dbcb9,False,complete,5000
viper,facility,0,42,3000,82.31646418571472,75.3164529800415,91.13923907279968,0.9981870651245117,16,0,0,3d9f4506402805e2b6c3bf8d71958ec9a3b33c1119a96e81e7e458f505ed7e80,85c4e8999899577a1076bbd1b93d734d472404014399792abff4c1d61e6dbcb9,False,complete,5000
viper,facility,0,42,5000,81.24250769615173,72.78481125831604,91.45569801330566,-0.07576942443847656,16,0,0,3d9f4506402805e2b6c3bf8d71958ec9a3b33c1119a96e81e7e458f505ed7e80,85c4e8999899577a1076bbd1b93d734d472404014399792abff4c1d61e6dbcb9,False,complete,5000
viper,facility,0,43,100,83.40902328491211,76.89873576164246,92.08860993385315,2.0907461643218994,16,0,0,3d9f4506402805e2b6c3bf8d71958ec9a3b33c1119a96e81e7e458f505ed7e80,85c4e8999899577a1076bbd1b93d734d472404014399792abff4c1d61e6dbcb9,False,complete,5000
viper,facility,0,43,300,81.29113912582397,74.05063509941101,90.82278609275818,-0.02713799476623535,16,0,0,3d9f4506402805e2b6c3bf8d71958ec9a3b33c1119a96e81e7e458f505ed7e80,85c4e8999899577a1076bbd1b93d734d472404014399792abff4c1d61e6dbcb9,False,complete,5000
viper,facility,0,43,1000,81.84978365898132,74.05063509941101,92.72152185440063,0.5315065383911133,16,0,0,3d9f4506402805e2b6c3bf8d71958ec9a3b33c1119a96e81e7e458f505ed7e80,85c4e8999899577a1076bbd1b93d734d472404014399792abff4c1d61e6dbcb9,False,complete,5000
viper,facility,0,43,3000,76.687091588974,68.03797483444214,87.97468543052673,-4.631185531616211,16,0,0,3d9f4506402805e2b6c3bf8d71958ec9a3b33c1119a96e81e7e458f505ed7e80,85c4e8999899577a1076bbd1b93d734d472404014399792abff4c1d61e6dbcb9,False,complete,5000
viper,facility,0,43,5000,80.90057969093323,74.6835470199585,88.60759735107422,-0.4176974296569824,16,0,0,3d9f4506402805e2b6c3bf8d71958ec9a3b33c1119a96e81e7e458f505ed7e80,85c4e8999899577a1076bbd1b93d734d472404014399792abff4c1d61e6dbcb9,False,complete,5000
viper,facility,1,42,100,85.06696820259094,79.11392450332642,91.77215099334717,3.7486910820007324,16,0,0,3d9f4506402805e2b6c3bf8d71958ec9a3b33c1119a96e81e7e458f505ed7e80,85c4e8999899577a1076bbd1b93d734d472404014399792abff4c1d61e6dbcb9,False,complete,5000
viper,facility,1,42,300,82.79990553855896,75.94936490058899,91.45569801330566,1.48162841796875,16,0,0,3d9f4506402805e2b6c3bf8d71958ec9a3b33c1119a96e81e7e458f505ed7e80,85c4e8999899577a1076bbd1b93d734d472404014399792abff4c1d61e6dbcb9,False,complete,5000
viper,facility,1,42,1000,85.36261916160583,80.0632894039154,90.82278609275818,4.044342041015625,16,0,0,3d9f4506402805e2b6c3bf8d71958ec9a3b33c1119a96e81e7e458f505ed7e80,85c4e8999899577a1076bbd1b93d734d472404014399792abff4c1d61e6dbcb9,False,complete,5000
viper,facility,1,42,3000,82.31646418571472,75.3164529800415,91.13923907279968,0.9981870651245117,16,0,0,3d9f4506402805e2b6c3bf8d71958ec9a3b33c1119a96e81e7e458f505ed7e80,85c4e8999899577a1076bbd1b93d734d472404014399792abff4c1d61e6dbcb9,False,complete,5000
viper,facility,1,42,5000,81.24250769615173,72.78481125831604,91.45569801330566,-0.07576942443847656,16,0,0,3d9f4506402805e2b6c3bf8d71958ec9a3b33c1119a96e81e7e458f505ed7e80,85c4e8999899577a1076bbd1b93d734d472404014399792abff4c1d61e6dbcb9,False,complete,5000
viper,facility,1,43,100,83.40902328491211,76.89873576164246,92.08860993385315,2.0907461643218994,16,0,0,3d9f4506402805e2b6c3bf8d71958ec9a3b33c1119a96e81e7e458f505ed7e80,85c4e8999899577a1076bbd1b93d734d472404014399792abff4c1d61e6dbcb9,False,complete,5000
viper,facility,1,43,300,81.29113912582397,74.05063509941101,90.82278609275818,-0.02713799476623535,16,0,0,3d9f4506402805e2b6c3bf8d71958ec9a3b33c1119a96e81e7e458f505ed7e80,85c4e8999899577a1076bbd1b93d734d472404014399792abff4c1d61e6dbcb9,False,complete,5000
viper,facility,1,43,1000,81.84978365898132,74.05063509941101,92.72152185440063,0.5315065383911133,16,0,0,3d9f4506402805e2b6c3bf8d71958ec9a3b33c1119a96e81e7e458f505ed7e80,85c4e8999899577a1076bbd1b93d734d472404014399792abff4c1d61e6dbcb9,False,complete,5000
viper,facility,1,43,3000,76.687091588974,68.03797483444214,87.97468543052673,-4.631185531616211,16,0,0,3d9f4506402805e2b6c3bf8d71958ec9a3b33c1119a96e81e7e458f505ed7e80,85c4e8999899577a1076bbd1b93d734d472404014399792abff4c1d61e6dbcb9,False,complete,5000
viper,facility,1,43,5000,80.90057969093323,74.6835470199585,88.60759735107422,-0.4176974296569824,16,0,0,3d9f4506402805e2b6c3bf8d71958ec9a3b33c1119a96e81e7e458f505ed7e80,85c4e8999899577a1076bbd1b93d734d472404014399792abff4c1d61e6dbcb9,False,complete,5000
viper,facility,2,42,100,85.06696820259094,79.11392450332642,91.77215099334717,3.7486910820007324,16,0,0,3d9f4506402805e2b6c3bf8d71958ec9a3b33c1119a96e81e7e458f505ed7e80,85c4e8999899577a1076bbd1b93d734d472404014399792abff4c1d61e6dbcb9,False,complete,5000
viper,facility,2,42,300,82.79990553855896,75.94936490058899,91.45569801330566,1.48162841796875,16,0,0,3d9f4506402805e2b6c3bf8d71958ec9a3b33c1119a96e81e7e458f505ed7e80,85c4e8999899577a1076bbd1b93d734d472404014399792abff4c1d61e6dbcb9,False,complete,5000
viper,facility,2,42,1000,85.36261916160583,80.0632894039154,90.82278609275818,4.044342041015625,16,0,0,3d9f4506402805e2b6c3bf8d71958ec9a3b33c1119a96e81e7e458f505ed7e80,85c4e8999899577a1076bbd1b93d734d472404014399792abff4c1d61e6dbcb9,False,complete,5000
viper,facility,2,42,3000,82.31646418571472,75.3164529800415,91.13923907279968,0.9981870651245117,16,0,0,3d9f4506402805e2b6c3bf8d71958ec9a3b33c1119a96e81e7e458f505ed7e80,85c4e8999899577a1076bbd1b93d734d472404014399792abff4c1d61e6dbcb9,False,complete,5000
viper,facility,2,42,5000,81.24250769615173,72.78481125831604,91.45569801330566,-0.07576942443847656,16,0,0,3d9f4506402805e2b6c3bf8d71958ec9a3b33c1119a96e81e7e458f505ed7e80,85c4e8999899577a1076bbd1b93d734d472404014399792abff4c1d61e6dbcb9,False,complete,5000
viper,facility,2,43,100,83.40902328491211,76.89873576164246,92.08860993385315,2.0907461643218994,16,0,0,3d9f4506402805e2b6c3bf8d71958ec9a3b33c1119a96e81e7e458f505ed7e80,85c4e8999899577a1076bbd1b93d734d472404014399792abff4c1d61e6dbcb9,False,complete,5000
viper,facility,2,43,300,81.29113912582397,74.05063509941101,90.82278609275818,-0.02713799476623535,16,0,0,3d9f4506402805e2b6c3bf8d71958ec9a3b33c1119a96e81e7e458f505ed7e80,85c4e8999899577a1076bbd1b93d734d472404014399792abff4c1d61e6dbcb9,False,complete,5000
viper,facility,2,43,1000,81.84978365898132,74.05063509941101,92.72152185440063,0.5315065383911133,16,0,0,3d9f4506402805e2b6c3bf8d71958ec9a3b33c1119a96e81e7e458f505ed7e80,85c4e8999899577a1076bbd1b93d734d472404014399792abff4c1d61e6dbcb9,False,complete,5000
viper,facility,2,43,3000,76.687091588974,68.03797483444214,87.97468543052673,-4.631185531616211,16,0,0,3d9f4506402805e2b6c3bf8d71958ec9a3b33c1119a96e81e7e458f505ed7e80,85c4e8999899577a1076bbd1b93d734d472404014399792abff4c1d61e6dbcb9,False,complete,5000
viper,facility,2,43,5000,80.90057969093323,74.6835470199585,88.60759735107422,-0.4176974296569824,16,0,0,3d9f4506402805e2b6c3bf8d71958ec9a3b33c1119a96e81e7e458f505ed7e80,85c4e8999899577a1076bbd1b93d734d472404014399792abff4c1d61e6dbcb9,False,complete,5000
viper,facility_camera,0,42,100,83.86744260787964,76.89873576164246,92.08860993385315,2.5491654872894287,16,0,0,98980be0e365b2b835b277b3617bf6606c4ec5f8328e20ee919ffa173efe3ebc,83c6cf9e58c8edeb7c2f46e809a57a03daa525578a8255deb1114a2363ede50e,False,complete,5000
viper,facility_camera,0,42,300,81.47940039634705,74.6835470199585,90.1898741722107,0.16112327575683594,16,0,0,98980be0e365b2b835b277b3617bf6606c4ec5f8328e20ee919ffa173efe3ebc,83c6cf9e58c8edeb7c2f46e809a57a03daa525578a8255deb1114a2363ede50e,False,complete,5000
viper,facility_camera,0,42,1000,84.20587182044983,76.89873576164246,92.40506291389465,2.887594699859619,16,0,0,98980be0e365b2b835b277b3617bf6606c4ec5f8328e20ee919ffa173efe3ebc,83c6cf9e58c8edeb7c2f46e809a57a03daa525578a8255deb1114a2363ede50e,False,complete,5000
viper,facility_camera,0,42,3000,83.52637887001038,76.58227682113647,91.45569801330566,2.208101749420166,16,0,0,98980be0e365b2b835b277b3617bf6606c4ec5f8328e20ee919ffa173efe3ebc,83c6cf9e58c8edeb7c2f46e809a57a03daa525578a8255deb1114a2363ede50e,False,complete,5000
viper,facility_camera,0,42,5000,82.69606828689575,74.6835470199585,93.67088675498962,1.377791166305542,16,0,0,98980be0e365b2b835b277b3617bf6606c4ec5f8328e20ee919ffa173efe3ebc,83c6cf9e58c8edeb7c2f46e809a57a03daa525578a8255deb1114a2363ede50e,False,complete,5000
viper,facility_camera,0,43,100,84.19401049613953,77.53164768218994,92.72152185440063,2.8757333755493164,16,0,0,98980be0e365b2b835b277b3617bf6606c4ec5f8328e20ee919ffa173efe3ebc,83c6cf9e58c8edeb7c2f46e809a57a03daa525578a8255deb1114a2363ede50e,False,complete,5000
viper,facility_camera,0,43,300,83.37290287017822,76.58227682113647,91.45569801330566,2.0546257495880127,16,0,0,98980be0e365b2b835b277b3617bf6606c4ec5f8328e20ee919ffa173efe3ebc,83c6cf9e58c8edeb7c2f46e809a57a03daa525578a8255deb1114a2363ede50e,False,complete,5000
viper,facility_camera,0,43,1000,82.3612928390503,75.0,91.77215099334717,1.043015718460083,16,0,0,98980be0e365b2b835b277b3617bf6606c4ec5f8328e20ee919ffa173efe3ebc,83c6cf9e58c8edeb7c2f46e809a57a03daa525578a8255deb1114a2363ede50e,False,complete,5000
viper,facility_camera,0,43,3000,78.81501317024231,71.20253443717957,87.34177350997925,-2.5032639503479004,16,0,0,98980be0e365b2b835b277b3617bf6606c4ec5f8328e20ee919ffa173efe3ebc,83c6cf9e58c8edeb7c2f46e809a57a03daa525578a8255deb1114a2363ede50e,False,complete,5000
viper,facility_camera,0,43,5000,80.87118864059448,72.46835231781006,91.77215099334717,-0.44708847999572754,16,0,0,98980be0e365b2b835b277b3617bf6606c4ec5f8328e20ee919ffa173efe3ebc,83c6cf9e58c8edeb7c2f46e809a57a03daa525578a8255deb1114a2363ede50e,False,complete,5000
viper,facility_camera,1,42,100,83.86744260787964,76.89873576164246,92.08860993385315,2.5491654872894287,16,0,0,98980be0e365b2b835b277b3617bf6606c4ec5f8328e20ee919ffa173efe3ebc,83c6cf9e58c8edeb7c2f46e809a57a03daa525578a8255deb1114a2363ede50e,False,complete,5000
viper,facility_camera,1,42,300,81.47940039634705,74.6835470199585,90.1898741722107,0.16112327575683594,16,0,0,98980be0e365b2b835b277b3617bf6606c4ec5f8328e20ee919ffa173efe3ebc,83c6cf9e58c8edeb7c2f46e809a57a03daa525578a8255deb1114a2363ede50e,False,complete,5000
viper,facility_camera,1,42,1000,84.20587182044983,76.89873576164246,92.40506291389465,2.887594699859619,16,0,0,98980be0e365b2b835b277b3617bf6606c4ec5f8328e20ee919ffa173efe3ebc,83c6cf9e58c8edeb7c2f46e809a57a03daa525578a8255deb1114a2363ede50e,False,complete,5000
viper,facility_camera,1,42,3000,83.52637887001038,76.58227682113647,91.45569801330566,2.208101749420166,16,0,0,98980be0e365b2b835b277b3617bf6606c4ec5f8328e20ee919ffa173efe3ebc,83c6cf9e58c8edeb7c2f46e809a57a03daa525578a8255deb1114a2363ede50e,False,complete,5000
viper,facility_camera,1,42,5000,82.69606828689575,74.6835470199585,93.67088675498962,1.377791166305542,16,0,0,98980be0e365b2b835b277b3617bf6606c4ec5f8328e20ee919ffa173efe3ebc,83c6cf9e58c8edeb7c2f46e809a57a03daa525578a8255deb1114a2363ede50e,False,complete,5000
viper,facility_camera,1,43,100,84.19401049613953,77.53164768218994,92.72152185440063,2.8757333755493164,16,0,0,98980be0e365b2b835b277b3617bf6606c4ec5f8328e20ee919ffa173efe3ebc,83c6cf9e58c8edeb7c2f46e809a57a03daa525578a8255deb1114a2363ede50e,False,complete,5000
viper,facility_camera,1,43,300,83.37290287017822,76.58227682113647,91.45569801330566,2.0546257495880127,16,0,0,98980be0e365b2b835b277b3617bf6606c4ec5f8328e20ee919ffa173efe3ebc,83c6cf9e58c8edeb7c2f46e809a57a03daa525578a8255deb1114a2363ede50e,False,complete,5000
viper,facility_camera,1,43,1000,82.3612928390503,75.0,91.77215099334717,1.043015718460083,16,0,0,98980be0e365b2b835b277b3617bf6606c4ec5f8328e20ee919ffa173efe3ebc,83c6cf9e58c8edeb7c2f46e809a57a03daa525578a8255deb1114a2363ede50e,False,complete,5000
viper,facility_camera,1,43,3000,78.81501317024231,71.20253443717957,87.34177350997925,-2.5032639503479004,16,0,0,98980be0e365b2b835b277b3617bf6606c4ec5f8328e20ee919ffa173efe3ebc,83c6cf9e58c8edeb7c2f46e809a57a03daa525578a8255deb1114a2363ede50e,False,complete,5000
viper,facility_camera,1,43,5000,80.87118864059448,72.46835231781006,91.77215099334717,-0.44708847999572754,16,0,0,98980be0e365b2b835b277b3617bf6606c4ec5f8328e20ee919ffa173efe3ebc,83c6cf9e58c8edeb7c2f46e809a57a03daa525578a8255deb1114a2363ede50e,False,complete,5000
viper,facility_camera,2,42,100,83.86744260787964,76.89873576164246,92.08860993385315,2.5491654872894287,16,0,0,98980be0e365b2b835b277b3617bf6606c4ec5f8328e20ee919ffa173efe3ebc,83c6cf9e58c8edeb7c2f46e809a57a03daa525578a8255deb1114a2363ede50e,False,complete,5000
viper,facility_camera,2,42,300,81.47940039634705,74.6835470199585,90.1898741722107,0.16112327575683594,16,0,0,98980be0e365b2b835b277b3617bf6606c4ec5f8328e20ee919ffa173efe3ebc,83c6cf9e58c8edeb7c2f46e809a57a03daa525578a8255deb1114a2363ede50e,False,complete,5000
viper,facility_camera,2,42,1000,84.20587182044983,76.89873576164246,92.40506291389465,2.887594699859619,16,0,0,98980be0e365b2b835b277b3617bf6606c4ec5f8328e20ee919ffa173efe3ebc,83c6cf9e58c8edeb7c2f46e809a57a03daa525578a8255deb1114a2363ede50e,False,complete,5000
viper,facility_camera,2,42,3000,83.52637887001038,76.58227682113647,91.45569801330566,2.208101749420166,16,0,0,98980be0e365b2b835b277b3617bf6606c4ec5f8328e20ee919ffa173efe3ebc,83c6cf9e58c8edeb7c2f46e809a57a03daa525578a8255deb1114a2363ede50e,False,complete,5000
viper,facility_camera,2,42,5000,82.69606828689575,74.6835470199585,93.67088675498962,1.377791166305542,16,0,0,98980be0e365b2b835b277b3617bf6606c4ec5f8328e20ee919ffa173efe3ebc,83c6cf9e58c8edeb7c2f46e809a57a03daa525578a8255deb1114a2363ede50e,False,complete,5000
viper,facility_camera,2,43,100,84.19401049613953,77.53164768218994,92.72152185440063,2.8757333755493164,16,0,0,98980be0e365b2b835b277b3617bf6606c4ec5f8328e20ee919ffa173efe3ebc,83c6cf9e58c8edeb7c2f46e809a57a03daa525578a8255deb1114a2363ede50e,False,complete,5000
viper,facility_camera,2,43,300,83.37290287017822,76.58227682113647,91.45569801330566,2.0546257495880127,16,0,0,98980be0e365b2b835b277b3617bf6606c4ec5f8328e20ee919ffa173efe3ebc,83c6cf9e58c8edeb7c2f46e809a57a03daa525578a8255deb1114a2363ede50e,False,complete,5000
viper,facility_camera,2,43,1000,82.3612928390503,75.0,91.77215099334717,1.043015718460083,16,0,0,98980be0e365b2b835b277b3617bf6606c4ec5f8328e20ee919ffa173efe3ebc,83c6cf9e58c8edeb7c2f46e809a57a03daa525578a8255deb1114a2363ede50e,False,complete,5000
viper,facility_camera,2,43,3000,78.81501317024231,71.20253443717957,87.34177350997925,-2.5032639503479004,16,0,0,98980be0e365b2b835b277b3617bf6606c4ec5f8328e20ee919ffa173efe3ebc,83c6cf9e58c8edeb7c2f46e809a57a03daa525578a8255deb1114a2363ede50e,False,complete,5000
viper,facility_camera,2,43,5000,80.87118864059448,72.46835231781006,91.77215099334717,-0.44708847999572754,16,0,0,98980be0e365b2b835b277b3617bf6606c4ec5f8328e20ee919ffa173efe3ebc,83c6cf9e58c8edeb7c2f46e809a57a03daa525578a8255deb1114a2363ede50e,False,complete,5000
ilids,random,0,42,100,90.34722447395325,86.66666746139526,96.66666388511658,-2.3861050605773926,14,0,2,4e86299aa3553e3e48afb74ff02b2fac39bfc51a1163cc58e27d5395809eec06,b917662409abb1da8f467b3de7940a621e87fbd00841e855f04900557beb14e0,False,complete,5000
ilids,random,0,42,300,91.12698435783386,86.66666746139526,96.66666388511658,-1.6063451766967773,14,0,2,4e86299aa3553e3e48afb74ff02b2fac39bfc51a1163cc58e27d5395809eec06,b917662409abb1da8f467b3de7940a621e87fbd00841e855f04900557beb14e0,False,complete,5000
ilids,random,0,42,1000,84.97095704078674,78.33333611488342,93.33333373069763,-7.7623724937438965,14,0,2,4e86299aa3553e3e48afb74ff02b2fac39bfc51a1163cc58e27d5395809eec06,b917662409abb1da8f467b3de7940a621e87fbd00841e855f04900557beb14e0,False,complete,5000
ilids,random,0,42,3000,86.38160824775696,80.0000011920929,93.33333373069763,-6.351721286773682,14,0,2,4e86299aa3553e3e48afb74ff02b2fac39bfc51a1163cc58e27d5395809eec06,b917662409abb1da8f467b3de7940a621e87fbd00841e855f04900557beb14e0,False,complete,5000
ilids,random,0,42,5000,86.4992082118988,80.0000011920929,93.33333373069763,-6.234121322631836,14,0,2,4e86299aa3553e3e48afb74ff02b2fac39bfc51a1163cc58e27d5395809eec06,b917662409abb1da8f467b3de7940a621e87fbd00841e855f04900557beb14e0,False,complete,5000
ilids,random,0,43,100,85.58531403541565,78.33333611488342,94.9999988079071,-7.14801549911499,14,0,2,4e86299aa3553e3e48afb74ff02b2fac39bfc51a1163cc58e27d5395809eec06,b917662409abb1da8f467b3de7940a621e87fbd00841e855f04900557beb14e0,False,complete,5000
ilids,random,0,43,300,86.06480956077576,80.0000011920929,94.9999988079071,-6.668519973754883,14,0,2,4e86299aa3553e3e48afb74ff02b2fac39bfc51a1163cc58e27d5395809eec06,b917662409abb1da8f467b3de7940a621e87fbd00841e855f04900557beb14e0,False,complete,5000
ilids,random,0,43,1000,84.84490513801575,78.33333611488342,94.9999988079071,-7.888424396514893,14,0,2,4e86299aa3553e3e48afb74ff02b2fac39bfc51a1163cc58e27d5395809eec06,b917662409abb1da8f467b3de7940a621e87fbd00841e855f04900557beb14e0,False,complete,5000
ilids,random,0,43,3000,84.47964787483215,78.33333611488342,89.99999761581421,-8.253681659698486,14,0,2,4e86299aa3553e3e48afb74ff02b2fac39bfc51a1163cc58e27d5395809eec06,b917662409abb1da8f467b3de7940a621e87fbd00841e855f04900557beb14e0,False,complete,5000
ilids,random,0,43,5000,85.7847273349762,78.33333611488342,94.9999988079071,-6.948602199554443,14,0,2,4e86299aa3553e3e48afb74ff02b2fac39bfc51a1163cc58e27d5395809eec06,b917662409abb1da8f467b3de7940a621e87fbd00841e855f04900557beb14e0,False,complete,5000
ilids,random,1,42,100,88.52777481079102,81.66666626930237,96.66666388511658,-4.205554723739624,14,0,2,f6df9bba15bb861a0f4bccde3c6422a675ff574f7bbb07bbb46c4369f532cd5a,9f94352c517c6b24787a984b55159065295dc35d63cc2a3c3f32c550809d2a6d,False,complete,5000
ilids,random,1,42,300,85.69300770759583,78.33333611488342,96.66666388511658,-7.0403218269348145,14,0,2,f6df9bba15bb861a0f4bccde3c6422a675ff574f7bbb07bbb46c4369f532cd5a,9f94352c517c6b24787a984b55159065295dc35d63cc2a3c3f32c550809d2a6d,False,complete,5000
ilids,random,1,42,1000,88.59126567840576,81.66666626930237,96.66666388511658,-4.142063856124878,14,0,2,f6df9bba15bb861a0f4bccde3c6422a675ff574f7bbb07bbb46c4369f532cd5a,9f94352c517c6b24787a984b55159065295dc35d63cc2a3c3f32c550809d2a6d,False,complete,5000
ilids,random,1,42,3000,85.47839522361755,76.66666507720947,93.33333373069763,-7.254934310913086,14,0,2,f6df9bba15bb861a0f4bccde3c6422a675ff574f7bbb07bbb46c4369f532cd5a,9f94352c517c6b24787a984b55159065295dc35d63cc2a3c3f32c550809d2a6d,False,complete,5000
ilids,random,1,42,5000,81.40859603881836,71.66666388511658,91.66666865348816,-11.32473349571228,14,0,2,f6df9bba15bb861a0f4bccde3c6422a675ff574f7bbb07bbb46c4369f532cd5a,9f94352c517c6b24787a984b55159065295dc35d63cc2a3c3f32c550809d2a6d,False,complete,5000
ilids,random,1,43,100,90.60185551643372,85.00000238418579,96.66666388511658,-2.131474018096924,14,0,2,f6df9bba15bb861a0f4bccde3c6422a675ff574f7bbb07bbb46c4369f532cd5a,9f94352c517c6b24787a984b55159065295dc35d63cc2a3c3f32c550809d2a6d,False,complete,5000
ilids,random,1,43,300,89.30556178092957,83.33333134651184,94.9999988079071,-3.427767753601074,14,0,2,f6df9bba15bb861a0f4bccde3c6422a675ff574f7bbb07bbb46c4369f532cd5a,9f94352c517c6b24787a984b55159065295dc35d63cc2a3c3f32c550809d2a6d,False,complete,5000
ilids,random,1,43,1000,79.25794124603271,68.33333373069763,94.9999988079071,-13.475388288497925,14,0,2,f6df9bba15bb861a0f4bccde3c6422a675ff574f7bbb07bbb46c4369f532cd5a,9f94352c517c6b24787a984b55159065295dc35d63cc2a3c3f32c550809d2a6d,False,complete,5000
ilids,random,1,43,3000,78.89041900634766,66.66666865348816,93.33333373069763,-13.842910528182983,14,0,2,f6df9bba15bb861a0f4bccde3c6422a675ff574f7bbb07bbb46c4369f532cd5a,9f94352c517c6b24787a984b55159065295dc35d63cc2a3c3f32c550809d2a6d,False,complete,5000
ilids,random,1,43,5000,85.7103168964386,78.33333611488342,94.9999988079071,-7.023012638092041,14,0,2,f6df9bba15bb861a0f4bccde3c6422a675ff574f7bbb07bbb46c4369f532cd5a,9f94352c517c6b24787a984b55159065295dc35d63cc2a3c3f32c550809d2a6d,False,complete,5000
ilids,random,2,42,100,90.76388478279114,85.00000238418579,98.33333492279053,-1.969444751739502,14,0,2,a1ae7a9544abcfd100658488fd7ac9536c9565bfd5c167347fc67e7c74be6ff9,6f173a4f744f7927d6124c08eb21eb4e4236c4daa61e29a9081ac689eb4845f0,False,complete,5000
ilids,random,2,42,300,85.999995470047,78.33333611488342,98.33333492279053,-6.733334064483643,14,0,2,a1ae7a9544abcfd100658488fd7ac9536c9565bfd5c167347fc67e7c74be6ff9,6f173a4f744f7927d6124c08eb21eb4e4236c4daa61e29a9081ac689eb4845f0,False,complete,5000
ilids,random,2,42,1000,89.49073553085327,83.33333134651184,98.33333492279053,-3.242594003677368,14,0,2,a1ae7a9544abcfd100658488fd7ac9536c9565bfd5c167347fc67e7c74be6ff9,6f173a4f744f7927d6124c08eb21eb4e4236c4daa61e29a9081ac689eb4845f0,False,complete,5000
ilids,random,2,42,3000,86.91898584365845,80.0000011920929,94.9999988079071,-5.814343690872192,14,0,2,a1ae7a9544abcfd100658488fd7ac9536c9565bfd5c167347fc67e7c74be6ff9,6f173a4f744f7927d6124c08eb21eb4e4236c4daa61e29a9081ac689eb4845f0,False,complete,5000
ilids,random,2,42,5000,80.68361282348633,71.66666388511658,89.99999761581421,-12.049716711044312,14,0,2,a1ae7a9544abcfd100658488fd7ac9536c9565bfd5c167347fc67e7c74be6ff9,6f173a4f744f7927d6124c08eb21eb4e4236c4daa61e29a9081ac689eb4845f0,False,complete,5000
ilids,random,2,43,100,87.92928457260132,80.0000011920929,98.33333492279053,-4.804044961929321,14,0,2,a1ae7a9544abcfd100658488fd7ac9536c9565bfd5c167347fc67e7c74be6ff9,6f173a4f744f7927d6124c08eb21eb4e4236c4daa61e29a9081ac689eb4845f0,False,complete,5000
ilids,random,2,43,300,87.52849698066711,80.0000011920929,96.66666388511658,-5.204832553863525,14,0,2,a1ae7a9544abcfd100658488fd7ac9536c9565bfd5c167347fc67e7c74be6ff9,6f173a4f744f7927d6124c08eb21eb4e4236c4daa61e29a9081ac689eb4845f0,False,complete,5000
ilids,random,2,43,1000,85.33068299293518,78.33333611488342,94.9999988079071,-7.402646541595459,14,0,2,a1ae7a9544abcfd100658488fd7ac9536c9565bfd5c167347fc67e7c74be6ff9,6f173a4f744f7927d6124c08eb21eb4e4236c4daa61e29a9081ac689eb4845f0,False,complete,5000
ilids,random,2,43,3000,83.37962627410889,73.33333492279053,94.9999988079071,-9.353703260421753,14,0,2,a1ae7a9544abcfd100658488fd7ac9536c9565bfd5c167347fc67e7c74be6ff9,6f173a4f744f7927d6124c08eb21eb4e4236c4daa61e29a9081ac689eb4845f0,False,complete,5000
ilids,random,2,43,5000,79.4900894165039,73.33333492279053,86.66666746139526,-13.243240118026733,14,0,2,a1ae7a9544abcfd100658488fd7ac9536c9565bfd5c167347fc67e7c74be6ff9,6f173a4f744f7927d6124c08eb21eb4e4236c4daa61e29a9081ac689eb4845f0,False,complete,5000
ilids,dedup,0,42,100,88.79629969596863,83.33333134651184,94.9999988079071,-3.9370298385620117,15,0,1,b307bb95dfa1c72c38309e8d86f0aebc3a5ec0f043c279fb51fb5a1edd4374b0,072ee3218afcf5908d9a3a07a3993fda48e3627c1913e85a5b1d984cd0dd663c,False,complete,5000
ilids,dedup,0,42,300,86.76852583885193,80.0000011920929,96.66666388511658,-5.964803695678711,15,0,1,b307bb95dfa1c72c38309e8d86f0aebc3a5ec0f043c279fb51fb5a1edd4374b0,072ee3218afcf5908d9a3a07a3993fda48e3627c1913e85a5b1d984cd0dd663c,False,complete,5000
ilids,dedup,0,42,1000,82.53704309463501,73.33333492279053,94.9999988079071,-10.19628643989563,15,0,1,b307bb95dfa1c72c38309e8d86f0aebc3a5ec0f043c279fb51fb5a1edd4374b0,072ee3218afcf5908d9a3a07a3993fda48e3627c1913e85a5b1d984cd0dd663c,False,complete,5000
ilids,dedup,0,42,3000,82.49370455741882,73.33333492279053,93.33333373069763,-10.239624977111816,15,0,1,b307bb95dfa1c72c38309e8d86f0aebc3a5ec0f043c279fb51fb5a1edd4374b0,072ee3218afcf5908d9a3a07a3993fda48e3627c1913e85a5b1d984cd0dd663c,False,complete,5000
ilids,dedup,0,42,5000,82.46924877166748,76.66666507720947,93.33333373069763,-10.26408076286316,15,0,1,b307bb95dfa1c72c38309e8d86f0aebc3a5ec0f043c279fb51fb5a1edd4374b0,072ee3218afcf5908d9a3a07a3993fda48e3627c1913e85a5b1d984cd0dd663c,False,complete,5000
ilids,dedup,0,43,100,91.2948727607727,88.33333253860474,96.66666388511658,-1.4384567737579346,15,0,1,b307bb95dfa1c72c38309e8d86f0aebc3a5ec0f043c279fb51fb5a1edd4374b0,072ee3218afcf5908d9a3a07a3993fda48e3627c1913e85a5b1d984cd0dd663c,False,complete,5000
ilids,dedup,0,43,300,87.51586675643921,80.0000011920929,96.66666388511658,-5.217462778091431,15,0,1,b307bb95dfa1c72c38309e8d86f0aebc3a5ec0f043c279fb51fb5a1edd4374b0,072ee3218afcf5908d9a3a07a3993fda48e3627c1913e85a5b1d984cd0dd663c,False,complete,5000
ilids,dedup,0,43,1000,88.66463303565979,86.66666746139526,91.66666865348816,-4.06869649887085,15,0,1,b307bb95dfa1c72c38309e8d86f0aebc3a5ec0f043c279fb51fb5a1edd4374b0,072ee3218afcf5908d9a3a07a3993fda48e3627c1913e85a5b1d984cd0dd663c,False,complete,5000
ilids,dedup,0,43,3000,84.94566679000854,78.33333611488342,93.33333373069763,-7.787662744522095,15,0,1,b307bb95dfa1c72c38309e8d86f0aebc3a5ec0f043c279fb51fb5a1edd4374b0,072ee3218afcf5908d9a3a07a3993fda48e3627c1913e85a5b1d984cd0dd663c,False,complete,5000
ilids,dedup,0,43,5000,83.87234807014465,76.66666507720947,93.33333373069763,-8.860981464385986,15,0,1,b307bb95dfa1c72c38309e8d86f0aebc3a5ec0f043c279fb51fb5a1edd4374b0,072ee3218afcf5908d9a3a07a3993fda48e3627c1913e85a5b1d984cd0dd663c,False,complete,5000
ilids,dedup,1,42,100,89.54364657402039,85.00000238418579,94.9999988079071,-3.189682960510254,16,0,0,d47e21ce95a9795857c8e49fbdf3933c5f40705ab5d2c45635cf7c5d632d1bc0,731d93b3a2ebb75fec577fbf550a694063cbd543596cab554adb9ad60e7998aa,False,complete,5000
ilids,dedup,1,42,300,88.3816123008728,83.33333134651184,94.9999988079071,-4.351717233657837,16,0,0,d47e21ce95a9795857c8e49fbdf3933c5f40705ab5d2c45635cf7c5d632d1bc0,731d93b3a2ebb75fec577fbf550a694063cbd543596cab554adb9ad60e7998aa,False,complete,5000
ilids,dedup,1,42,1000,83.29238295555115,75.0,93.33333373069763,-9.440946578979492,16,0,0,d47e21ce95a9795857c8e49fbdf3933c5f40705ab5d2c45635cf7c5d632d1bc0,731d93b3a2ebb75fec577fbf550a694063cbd543596cab554adb9ad60e7998aa,False,complete,5000
ilids,dedup,1,42,3000,86.44444942474365,78.33333611488342,100.0,-6.288880109786987,16,0,0,d47e21ce95a9795857c8e49fbdf3933c5f40705ab5d2c45635cf7c5d632d1bc0,731d93b3a2ebb75fec577fbf550a694063cbd543596cab554adb9ad60e7998aa,False,complete,5000
ilids,dedup,1,42,5000,88.04486989974976,81.66666626930237,94.9999988079071,-4.688459634780884,16,0,0,d47e21ce95a9795857c8e49fbdf3933c5f40705ab5d2c45635cf7c5d632d1bc0,731d93b3a2ebb75fec577fbf550a694063cbd543596cab554adb9ad60e7998aa,False,complete,5000
ilids,dedup,1,43,100,89.63624238967896,85.00000238418579,94.9999988079071,-3.0970871448516846,16,0,0,d47e21ce95a9795857c8e49fbdf3933c5f40705ab5d2c45635cf7c5d632d1bc0,731d93b3a2ebb75fec577fbf550a694063cbd543596cab554adb9ad60e7998aa,False,complete,5000
ilids,dedup,1,43,300,89.99073505401611,85.00000238418579,96.66666388511658,-2.7425944805145264,16,0,0,d47e21ce95a9795857c8e49fbdf3933c5f40705ab5d2c45635cf7c5d632d1bc0,731d93b3a2ebb75fec577fbf550a694063cbd543596cab554adb9ad60e7998aa,False,complete,5000
ilids,dedup,1,43,1000,88.07421922683716,83.33333134651184,94.9999988079071,-4.6591103076934814,16,0,0,d47e21ce95a9795857c8e49fbdf3933c5f40705ab5d2c45635cf7c5d632d1bc0,731d93b3a2ebb75fec577fbf550a694063cbd543596cab554adb9ad60e7998aa,False,complete,5000
ilids,dedup,1,43,3000,82.61751532554626,73.33333492279053,93.33333373069763,-10.115814208984375,16,0,0,d47e21ce95a9795857c8e49fbdf3933c5f40705ab5d2c45635cf7c5d632d1bc0,731d93b3a2ebb75fec577fbf550a694063cbd543596cab554adb9ad60e7998aa,False,complete,5000
ilids,dedup,1,43,5000,86.17928624153137,78.33333611488342,98.33333492279053,-6.554043292999268,16,0,0,d47e21ce95a9795857c8e49fbdf3933c5f40705ab5d2c45635cf7c5d632d1bc0,731d93b3a2ebb75fec577fbf550a694063cbd543596cab554adb9ad60e7998aa,False,complete,5000
ilids,dedup,2,42,100,90.11110663414001,83.33333134651184,100.0,-2.622222900390625,15,0,1,0f6d308e0e4260fb5ffbee593f7eeab8b75082c39dd2dbf74f4e505133074209,9886b3adf8718c5e13af6eae89f2ac6a4abce3c357f139290114092fcbfecafd,False,complete,5000
ilids,dedup,2,42,300,87.62499690055847,81.66666626930237,96.66666388511658,-5.108332633972168,15,0,1,0f6d308e0e4260fb5ffbee593f7eeab8b75082c39dd2dbf74f4e505133074209,9886b3adf8718c5e13af6eae89f2ac6a4abce3c357f139290114092fcbfecafd,False,complete,5000
ilids,dedup,2,42,1000,80.66864609718323,71.66666388511658,93.33333373069763,-12.064683437347412,15,0,1,0f6d308e0e4260fb5ffbee593f7eeab8b75082c39dd2dbf74f4e505133074209,9886b3adf8718c5e13af6eae89f2ac6a4abce3c357f139290114092fcbfecafd,False,complete,5000
ilids,dedup,2,42,3000,88.89505863189697,83.33333134651184,96.66666388511658,-3.838270902633667,15,0,1,0f6d308e0e4260fb5ffbee593f7eeab8b75082c39dd2dbf74f4e505133074209,9886b3adf8718c5e13af6eae89f2ac6a4abce3c357f139290114092fcbfecafd,False,complete,5000
ilids,dedup,2,42,5000,85.99725365638733,80.0000011920929,94.9999988079071,-6.7360758781433105,15,0,1,0f6d308e0e4260fb5ffbee593f7eeab8b75082c39dd2dbf74f4e505133074209,9886b3adf8718c5e13af6eae89f2ac6a4abce3c357f139290114092fcbfecafd,False,complete,5000
ilids,dedup,2,43,100,87.72221803665161,81.66666626930237,96.66666388511658,-5.011111497879028,15,0,1,0f6d308e0e4260fb5ffbee593f7eeab8b75082c39dd2dbf74f4e505133074209,9886b3adf8718c5e13af6eae89f2ac6a4abce3c357f139290114092fcbfecafd,False,complete,5000
ilids,dedup,2,43,300,85.00000238418579,75.0,98.33333492279053,-7.733327150344849,15,0,1,0f6d308e0e4260fb5ffbee593f7eeab8b75082c39dd2dbf74f4e505133074209,9886b3adf8718c5e13af6eae89f2ac6a4abce3c357f139290114092fcbfecafd,False,complete,5000
ilids,dedup,2,43,1000,88.27975988388062,81.66666626930237,96.66666388511658,-4.453569650650024,15,0,1,0f6d308e0e4260fb5ffbee593f7eeab8b75082c39dd2dbf74f4e505133074209,9886b3adf8718c5e13af6eae89f2ac6a4abce3c357f139290114092fcbfecafd,False,complete,5000
ilids,dedup,2,43,3000,83.38161110877991,75.0,93.33333373069763,-9.351718425750732,15,0,1,0f6d308e0e4260fb5ffbee593f7eeab8b75082c39dd2dbf74f4e505133074209,9886b3adf8718c5e13af6eae89f2ac6a4abce3c357f139290114092fcbfecafd,False,complete,5000
ilids,dedup,2,43,5000,80.70968389511108,73.33333492279053,89.99999761581421,-12.023645639419556,15,0,1,0f6d308e0e4260fb5ffbee593f7eeab8b75082c39dd2dbf74f4e505133074209,9886b3adf8718c5e13af6eae89f2ac6a4abce3c357f139290114092fcbfecafd,False,complete,5000
ilids,kcenter,0,42,100,95.26388645172119,93.33333373069763,98.33333492279053,2.5305569171905518,15,0,1,4fdf75f0e5bc65cad46d467c881ae50aba064e42e5e3bd05032af05f1181c30f,018162ffbe5da79066450ed3e0f61805a5979cda25db60273a994cdf6e0cf908,False,complete,5000
ilids,kcenter,0,42,300,91.45075678825378,86.66666746139526,96.66666388511658,-1.2825727462768555,15,0,1,4fdf75f0e5bc65cad46d467c881ae50aba064e42e5e3bd05032af05f1181c30f,018162ffbe5da79066450ed3e0f61805a5979cda25db60273a994cdf6e0cf908,False,complete,5000
ilids,kcenter,0,42,1000,88.79039883613586,83.33333134651184,96.66666388511658,-3.9429306983947754,15,0,1,4fdf75f0e5bc65cad46d467c881ae50aba064e42e5e3bd05032af05f1181c30f,018162ffbe5da79066450ed3e0f61805a5979cda25db60273a994cdf6e0cf908,False,complete,5000
ilids,kcenter,0,42,3000,89.35515880584717,83.33333134651184,96.66666388511658,-3.3781707286834717,15,0,1,4fdf75f0e5bc65cad46d467c881ae50aba064e42e5e3bd05032af05f1181c30f,018162ffbe5da79066450ed3e0f61805a5979cda25db60273a994cdf6e0cf908,False,complete,5000
ilids,kcenter,0,42,5000,91.03752970695496,88.33333253860474,94.9999988079071,-1.6957998275756836,15,0,1,4fdf75f0e5bc65cad46d467c881ae50aba064e42e5e3bd05032af05f1181c30f,018162ffbe5da79066450ed3e0f61805a5979cda25db60273a994cdf6e0cf908,False,complete,5000
ilids,kcenter,0,43,100,93.79628896713257,89.99999761581421,98.33333492279053,1.0629594326019287,15,0,1,4fdf75f0e5bc65cad46d467c881ae50aba064e42e5e3bd05032af05f1181c30f,018162ffbe5da79066450ed3e0f61805a5979cda25db60273a994cdf6e0cf908,False,complete,5000
ilids,kcenter,0,43,300,93.66666674613953,91.66666865348816,98.33333492279053,0.9333372116088867,15,0,1,4fdf75f0e5bc65cad46d467c881ae50aba064e42e5e3bd05032af05f1181c30f,018162ffbe5da79066450ed3e0f61805a5979cda25db60273a994cdf6e0cf908,False,complete,5000
ilids,kcenter,0,43,1000,88.89549970626831,85.00000238418579,94.9999988079071,-3.837829828262329,15,0,1,4fdf75f0e5bc65cad46d467c881ae50aba064e42e5e3bd05032af05f1181c30f,018162ffbe5da79066450ed3e0f61805a5979cda25db60273a994cdf6e0cf908,False,complete,5000
ilids,kcenter,0,43,3000,88.41369152069092,83.33333134651184,96.66666388511658,-4.319638013839722,15,0,1,4fdf75f0e5bc65cad46d467c881ae50aba064e42e5e3bd05032af05f1181c30f,018162ffbe5da79066450ed3e0f61805a5979cda25db60273a994cdf6e0cf908,False,complete,5000
ilids,kcenter,0,43,5000,88.71135711669922,85.00000238418579,96.66666388511658,-4.021972417831421,15,0,1,4fdf75f0e5bc65cad46d467c881ae50aba064e42e5e3bd05032af05f1181c30f,018162ffbe5da79066450ed3e0f61805a5979cda25db60273a994cdf6e0cf908,False,complete,5000
ilids,kcenter,1,42,100,92.84722208976746,88.33333253860474,98.33333492279053,0.1138925552368164,16,0,0,7f7d5c877e82bb5e97a83289bd8966307f39d4e949f2ffd020304bc6a3619cd6,4d2158b8719398a42e6cca72133c6b071da41e7bc0cadec8479926566f7909e6,False,complete,5000
ilids,kcenter,1,42,300,93.55555176734924,89.99999761581421,98.33333492279053,0.8222222328186035,16,0,0,7f7d5c877e82bb5e97a83289bd8966307f39d4e949f2ffd020304bc6a3619cd6,4d2158b8719398a42e6cca72133c6b071da41e7bc0cadec8479926566f7909e6,False,complete,5000
ilids,kcenter,1,42,1000,95.1547622680664,93.33333373069763,98.33333492279053,2.4214327335357666,16,0,0,7f7d5c877e82bb5e97a83289bd8966307f39d4e949f2ffd020304bc6a3619cd6,4d2158b8719398a42e6cca72133c6b071da41e7bc0cadec8479926566f7909e6,False,complete,5000
ilids,kcenter,1,42,3000,91.74999594688416,86.66666746139526,98.33333492279053,-0.9833335876464844,16,0,0,7f7d5c877e82bb5e97a83289bd8966307f39d4e949f2ffd020304bc6a3619cd6,4d2158b8719398a42e6cca72133c6b071da41e7bc0cadec8479926566f7909e6,False,complete,5000
ilids,kcenter,1,42,5000,94.87373232841492,91.66666865348816,98.33333492279053,2.1404027938842773,16,0,0,7f7d5c877e82bb5e97a83289bd8966307f39d4e949f2ffd020304bc6a3619cd6,4d2158b8719398a42e6cca72133c6b071da41e7bc0cadec8479926566f7909e6,False,complete,5000
ilids,kcenter,1,43,100,93.1944489479065,88.33333253860474,98.33333492279053,0.4611194133758545,16,0,0,7f7d5c877e82bb5e97a83289bd8966307f39d4e949f2ffd020304bc6a3619cd6,4d2158b8719398a42e6cca72133c6b071da41e7bc0cadec8479926566f7909e6,False,complete,5000
ilids,kcenter,1,43,300,93.38889718055725,88.33333253860474,100.0,0.6555676460266113,16,0,0,7f7d5c877e82bb5e97a83289bd8966307f39d4e949f2ffd020304bc6a3619cd6,4d2158b8719398a42e6cca72133c6b071da41e7bc0cadec8479926566f7909e6,False,complete,5000
ilids,kcenter,1,43,1000,90.29365181922913,83.33333134651184,98.33333492279053,-2.4396777153015137,16,0,0,7f7d5c877e82bb5e97a83289bd8966307f39d4e949f2ffd020304bc6a3619cd6,4d2158b8719398a42e6cca72133c6b071da41e7bc0cadec8479926566f7909e6,False,complete,5000
ilids,kcenter,1,43,3000,90.44445157051086,85.00000238418579,100.0,-2.2888779640197754,16,0,0,7f7d5c877e82bb5e97a83289bd8966307f39d4e949f2ffd020304bc6a3619cd6,4d2158b8719398a42e6cca72133c6b071da41e7bc0cadec8479926566f7909e6,False,complete,5000
ilids,kcenter,1,43,5000,95.27778029441833,91.66666865348816,100.0,2.5444507598876953,16,0,0,7f7d5c877e82bb5e97a83289bd8966307f39d4e949f2ffd020304bc6a3619cd6,4d2158b8719398a42e6cca72133c6b071da41e7bc0cadec8479926566f7909e6,False,complete,5000
ilids,kcenter,2,42,100,91.6527807712555,88.33333253860474,96.66666388511658,-1.0805487632751465,16,0,0,0328788deb5f04941e069ccaed004a3672dd169fd4c39d6b36a2939cf78b5fb5,92bec0047afa03d831b4e6ff73aac01c7fae649d7f6ada37939023285d62c462,False,complete,5000
ilids,kcenter,2,42,300,94.16667222976685,91.66666865348816,94.9999988079071,1.433342695236206,16,0,0,0328788deb5f04941e069ccaed004a3672dd169fd4c39d6b36a2939cf78b5fb5,92bec0047afa03d831b4e6ff73aac01c7fae649d7f6ada37939023285d62c462,False,complete,5000
ilids,kcenter,2,42,1000,93.11111569404602,89.99999761581421,98.33333492279053,0.37778615951538086,16,0,0,0328788deb5f04941e069ccaed004a3672dd169fd4c39d6b36a2939cf78b5fb5,92bec0047afa03d831b4e6ff73aac01c7fae649d7f6ada37939023285d62c462,False,complete,5000
ilids,kcenter,2,42,3000,88.40277791023254,81.66666626930237,96.66666388511658,-4.330551624298096,16,0,0,0328788deb5f04941e069ccaed004a3672dd169fd4c39d6b36a2939cf78b5fb5,92bec0047afa03d831b4e6ff73aac01c7fae649d7f6ada37939023285d62c462,False,complete,5000
ilids,kcenter,2,42,5000,91.80994033813477,89.99999761581421,94.9999988079071,-0.923389196395874,16,0,0,0328788deb5f04941e069ccaed004a3672dd169fd4c39d6b36a2939cf78b5fb5,92bec0047afa03d831b4e6ff73aac01c7fae649d7f6ada37939023285d62c462,False,complete,5000
ilids,kcenter,2,43,100,93.72684955596924,91.66666865348816,96.66666388511658,0.9935200214385986,16,0,0,0328788deb5f04941e069ccaed004a3672dd169fd4c39d6b36a2939cf78b5fb5,92bec0047afa03d831b4e6ff73aac01c7fae649d7f6ada37939023285d62c462,False,complete,5000
ilids,kcenter,2,43,300,93.11110973358154,89.99999761581421,98.33333492279053,0.3777801990509033,16,0,0,0328788deb5f04941e069ccaed004a3672dd169fd4c39d6b36a2939cf78b5fb5,92bec0047afa03d831b4e6ff73aac01c7fae649d7f6ada37939023285d62c462,False,complete,5000
ilids,kcenter,2,43,1000,92.41666793823242,88.33333253860474,100.0,-0.3166615962982178,16,0,0,0328788deb5f04941e069ccaed004a3672dd169fd4c39d6b36a2939cf78b5fb5,92bec0047afa03d831b4e6ff73aac01c7fae649d7f6ada37939023285d62c462,False,complete,5000
ilids,kcenter,2,43,3000,92.3611044883728,88.33333253860474,98.33333492279053,-0.3722250461578369,16,0,0,0328788deb5f04941e069ccaed004a3672dd169fd4c39d6b36a2939cf78b5fb5,92bec0047afa03d831b4e6ff73aac01c7fae649d7f6ada37939023285d62c462,False,complete,5000
ilids,kcenter,2,43,5000,92.91666150093079,89.99999761581421,96.66666388511658,0.18333196640014648,16,0,0,0328788deb5f04941e069ccaed004a3672dd169fd4c39d6b36a2939cf78b5fb5,92bec0047afa03d831b4e6ff73aac01c7fae649d7f6ada37939023285d62c462,False,complete,5000
ilids,typical,0,42,100,90.19444584846497,85.00000238418579,96.66666388511658,-2.538883686065674,16,0,0,6295a85f741d14a3ad41a5744eb1e32a8e2a5758ee29a1692cc183c3b8d56ebc,2db40bc8c10031afc00a54c216db22ce8ace7010f39ee7a5a45a7d2afafc2dc1,False,complete,5000
ilids,typical,0,42,300,90.13888835906982,83.33333134651184,98.33333492279053,-2.5944411754608154,16,0,0,6295a85f741d14a3ad41a5744eb1e32a8e2a5758ee29a1692cc183c3b8d56ebc,2db40bc8c10031afc00a54c216db22ce8ace7010f39ee7a5a45a7d2afafc2dc1,False,complete,5000
ilids,typical,0,42,1000,91.25000238418579,86.66666746139526,96.66666388511658,-1.4833271503448486,16,0,0,6295a85f741d14a3ad41a5744eb1e32a8e2a5758ee29a1692cc183c3b8d56ebc,2db40bc8c10031afc00a54c216db22ce8ace7010f39ee7a5a45a7d2afafc2dc1,False,complete,5000
ilids,typical,0,42,3000,84.45653319358826,78.33333611488342,93.33333373069763,-8.276796340942383,16,0,0,6295a85f741d14a3ad41a5744eb1e32a8e2a5758ee29a1692cc183c3b8d56ebc,2db40bc8c10031afc00a54c216db22ce8ace7010f39ee7a5a45a7d2afafc2dc1,False,complete,5000
ilids,typical,0,42,5000,80.52512407302856,69.9999988079071,93.33333373069763,-12.208205461502075,16,0,0,6295a85f741d14a3ad41a5744eb1e32a8e2a5758ee29a1692cc183c3b8d56ebc,2db40bc8c10031afc00a54c216db22ce8ace7010f39ee7a5a45a7d2afafc2dc1,False,complete,5000
ilids,typical,0,43,100,93.61110925674438,89.99999761581421,100.0,0.8777797222137451,16,0,0,6295a85f741d14a3ad41a5744eb1e32a8e2a5758ee29a1692cc183c3b8d56ebc,2db40bc8c10031afc00a54c216db22ce8ace7010f39ee7a5a45a7d2afafc2dc1,False,complete,5000
ilids,typical,0,43,300,91.63888692855835,86.66666746139526,100.0,-1.09444260597229,16,0,0,6295a85f741d14a3ad41a5744eb1e32a8e2a5758ee29a1692cc183c3b8d56ebc,2db40bc8c10031afc00a54c216db22ce8ace7010f39ee7a5a45a7d2afafc2dc1,False,complete,5000
ilids,typical,0,43,1000,91.36507511138916,88.33333253860474,94.9999988079071,-1.3682544231414795,16,0,0,6295a85f741d14a3ad41a5744eb1e32a8e2a5758ee29a1692cc183c3b8d56ebc,2db40bc8c10031afc00a54c216db22ce8ace7010f39ee7a5a45a7d2afafc2dc1,False,complete,5000
ilids,typical,0,43,3000,89.33987021446228,85.00000238418579,94.9999988079071,-3.3934593200683594,16,0,0,6295a85f741d14a3ad41a5744eb1e32a8e2a5758ee29a1692cc183c3b8d56ebc,2db40bc8c10031afc00a54c216db22ce8ace7010f39ee7a5a45a7d2afafc2dc1,False,complete,5000
ilids,typical,0,43,5000,88.27441930770874,83.33333134651184,93.33333373069763,-4.458910226821899,16,0,0,6295a85f741d14a3ad41a5744eb1e32a8e2a5758ee29a1692cc183c3b8d56ebc,2db40bc8c10031afc00a54c216db22ce8ace7010f39ee7a5a45a7d2afafc2dc1,False,complete,5000
ilids,typical,1,42,100,93.27976107597351,89.99999761581421,96.66666388511658,0.5464315414428711,16,0,0,3fa3eb29913909e323061cdb387882d1528235ba6bf764d4db0834757560b91f,4ee79850f0292c782684156faedc11f6f0df8d5d24345b853647a18f62e85f76,False,complete,5000
ilids,typical,1,42,300,92.15278029441833,86.66666746139526,96.66666388511658,-0.5805492401123047,16,0,0,3fa3eb29913909e323061cdb387882d1528235ba6bf764d4db0834757560b91f,4ee79850f0292c782684156faedc11f6f0df8d5d24345b853647a18f62e85f76,False,complete,5000
ilids,typical,1,42,1000,91.39549732208252,86.66666746139526,96.66666388511658,-1.3378322124481201,16,0,0,3fa3eb29913909e323061cdb387882d1528235ba6bf764d4db0834757560b91f,4ee79850f0292c782684156faedc11f6f0df8d5d24345b853647a18f62e85f76,False,complete,5000
ilids,typical,1,42,3000,91.35376811027527,88.33333253860474,93.33333373069763,-1.379561424255371,16,0,0,3fa3eb29913909e323061cdb387882d1528235ba6bf764d4db0834757560b91f,4ee79850f0292c782684156faedc11f6f0df8d5d24345b853647a18f62e85f76,False,complete,5000
ilids,typical,1,42,5000,91.1566436290741,88.33333253860474,93.33333373069763,-1.576685905456543,16,0,0,3fa3eb29913909e323061cdb387882d1528235ba6bf764d4db0834757560b91f,4ee79850f0292c782684156faedc11f6f0df8d5d24345b853647a18f62e85f76,False,complete,5000
ilids,typical,1,43,100,93.46500635147095,91.66666865348816,94.9999988079071,0.7316768169403076,16,0,0,3fa3eb29913909e323061cdb387882d1528235ba6bf764d4db0834757560b91f,4ee79850f0292c782684156faedc11f6f0df8d5d24345b853647a18f62e85f76,False,complete,5000
ilids,typical,1,43,300,91.70833826065063,88.33333253860474,93.33333373069763,-1.0249912738800049,16,0,0,3fa3eb29913909e323061cdb387882d1528235ba6bf764d4db0834757560b91f,4ee79850f0292c782684156faedc11f6f0df8d5d24345b853647a18f62e85f76,False,complete,5000
ilids,typical,1,43,1000,89.69663977622986,85.00000238418579,96.66666388511658,-3.0366897583007812,16,0,0,3fa3eb29913909e323061cdb387882d1528235ba6bf764d4db0834757560b91f,4ee79850f0292c782684156faedc11f6f0df8d5d24345b853647a18f62e85f76,False,complete,5000
ilids,typical,1,43,3000,88.06060552597046,81.66666626930237,94.9999988079071,-4.672724008560181,16,0,0,3fa3eb29913909e323061cdb387882d1528235ba6bf764d4db0834757560b91f,4ee79850f0292c782684156faedc11f6f0df8d5d24345b853647a18f62e85f76,False,complete,5000
ilids,typical,1,43,5000,87.90359497070312,81.66666626930237,94.9999988079071,-4.829734563827515,16,0,0,3fa3eb29913909e323061cdb387882d1528235ba6bf764d4db0834757560b91f,4ee79850f0292c782684156faedc11f6f0df8d5d24345b853647a18f62e85f76,False,complete,5000
ilids,typical,2,42,100,91.64285659790039,86.66666746139526,96.66666388511658,-1.090472936630249,15,0,1,61a1b7b4a504aab12698dda3311f5fd2a3d3d7e204c4238c82fc7223610b4693,d3ccba720484d4523fd4fd23bf643d3c822abd2dc772b6a53dd915fedce2c61b,False,complete,5000
ilids,typical,2,42,300,91.94443225860596,86.66666746139526,98.33333492279053,-0.7888972759246826,15,0,1,61a1b7b4a504aab12698dda3311f5fd2a3d3d7e204c4238c82fc7223610b4693,d3ccba720484d4523fd4fd23bf643d3c822abd2dc772b6a53dd915fedce2c61b,False,complete,5000
ilids,typical,2,42,1000,86.48123145103455,81.66666626930237,91.66666865348816,-6.252098083496094,15,0,1,61a1b7b4a504aab12698dda3311f5fd2a3d3d7e204c4238c82fc7223610b4693,d3ccba720484d4523fd4fd23bf643d3c822abd2dc772b6a53dd915fedce2c61b,False,complete,5000
ilids,typical,2,42,3000,88.72222304344177,83.33333134651184,96.66666388511658,-4.011106491088867,15,0,1,61a1b7b4a504aab12698dda3311f5fd2a3d3d7e204c4238c82fc7223610b4693,d3ccba720484d4523fd4fd23bf643d3c822abd2dc772b6a53dd915fedce2c61b,False,complete,5000
ilids,typical,2,42,5000,86.99339628219604,81.66666626930237,94.9999988079071,-5.739933252334595,15,0,1,61a1b7b4a504aab12698dda3311f5fd2a3d3d7e204c4238c82fc7223610b4693,d3ccba720484d4523fd4fd23bf643d3c822abd2dc772b6a53dd915fedce2c61b,False,complete,5000
ilids,typical,2,43,100,89.4788384437561,85.00000238418579,94.9999988079071,-3.254491090774536,15,0,1,61a1b7b4a504aab12698dda3311f5fd2a3d3d7e204c4238c82fc7223610b4693,d3ccba720484d4523fd4fd23bf643d3c822abd2dc772b6a53dd915fedce2c61b,False,complete,5000
ilids,typical,2,43,300,89.52651619911194,86.66666746139526,93.33333373069763,-3.206813335418701,15,0,1,61a1b7b4a504aab12698dda3311f5fd2a3d3d7e204c4238c82fc7223610b4693,d3ccba720484d4523fd4fd23bf643d3c822abd2dc772b6a53dd915fedce2c61b,False,complete,5000
ilids,typical,2,43,1000,81.42567873001099,73.33333492279053,93.33333373069763,-11.307650804519653,15,0,1,61a1b7b4a504aab12698dda3311f5fd2a3d3d7e204c4238c82fc7223610b4693,d3ccba720484d4523fd4fd23bf643d3c822abd2dc772b6a53dd915fedce2c61b,False,complete,5000
ilids,typical,2,43,3000,83.60984921455383,76.66666507720947,93.33333373069763,-9.123480319976807,15,0,1,61a1b7b4a504aab12698dda3311f5fd2a3d3d7e204c4238c82fc7223610b4693,d3ccba720484d4523fd4fd23bf643d3c822abd2dc772b6a53dd915fedce2c61b,False,complete,5000
ilids,typical,2,43,5000,83.02778005599976,76.66666507720947,89.99999761581421,-9.705549478530884,15,0,1,61a1b7b4a504aab12698dda3311f5fd2a3d3d7e204c4238c82fc7223610b4693,d3ccba720484d4523fd4fd23bf643d3c822abd2dc772b6a53dd915fedce2c61b,False,complete,5000
ilids,hard_negative,0,42,100,88.37373852729797,83.33333134651184,93.33333373069763,-4.359591007232666,15,0,1,ad5db1d33fa55af076051f697a741cbbe692d9877643eb019bac86dc2d5a75d2,e44865e84d17be978de976b432a87d956e065e75426b661e77b323c3b1a4233c,False,complete,5000
ilids,hard_negative,0,42,300,91.61375761032104,89.99999761581421,91.66666865348816,-1.1195719242095947,15,0,1,ad5db1d33fa55af076051f697a741cbbe692d9877643eb019bac86dc2d5a75d2,e44865e84d17be978de976b432a87d956e065e75426b661e77b323c3b1a4233c,False,complete,5000
ilids,hard_negative,0,42,1000,83.8072419166565,76.66666507720947,91.66666865348816,-8.926087617874146,15,0,1,ad5db1d33fa55af076051f697a741cbbe692d9877643eb019bac86dc2d5a75d2,e44865e84d17be978de976b432a87d956e065e75426b661e77b323c3b1a4233c,False,complete,5000
ilids,hard_negative,0,42,3000,86.42929196357727,80.0000011920929,98.33333492279053,-6.304037570953369,15,0,1,ad5db1d33fa55af076051f697a741cbbe692d9877643eb019bac86dc2d5a75d2,e44865e84d17be978de976b432a87d956e065e75426b661e77b323c3b1a4233c,False,complete,5000
ilids,hard_negative,0,42,5000,85.44027209281921,80.0000011920929,93.33333373069763,-7.293057441711426,15,0,1,ad5db1d33fa55af076051f697a741cbbe692d9877643eb019bac86dc2d5a75d2,e44865e84d17be978de976b432a87d956e065e75426b661e77b323c3b1a4233c,False,complete,5000
ilids,hard_negative,0,43,100,89.51322436332703,85.00000238418579,93.33333373069763,-3.2201051712036133,15,0,1,ad5db1d33fa55af076051f697a741cbbe692d9877643eb019bac86dc2d5a75d2,e44865e84d17be978de976b432a87d956e065e75426b661e77b323c3b1a4233c,False,complete,5000
ilids,hard_negative,0,43,300,92.36111044883728,88.33333253860474,98.33333492279053,-0.3722190856933594,15,0,1,ad5db1d33fa55af076051f697a741cbbe692d9877643eb019bac86dc2d5a75d2,e44865e84d17be978de976b432a87d956e065e75426b661e77b323c3b1a4233c,False,complete,5000
ilids,hard_negative,0,43,1000,88.60713839530945,83.33333134651184,94.9999988079071,-4.126191139221191,15,0,1,ad5db1d33fa55af076051f697a741cbbe692d9877643eb019bac86dc2d5a75d2,e44865e84d17be978de976b432a87d956e065e75426b661e77b323c3b1a4233c,False,complete,5000
ilids,hard_negative,0,43,3000,88.93357515335083,83.33333134651184,96.66666388511658,-3.7997543811798096,15,0,1,ad5db1d33fa55af076051f697a741cbbe692d9877643eb019bac86dc2d5a75d2,e44865e84d17be978de976b432a87d956e065e75426b661e77b323c3b1a4233c,False,complete,5000
ilids,hard_negative,0,43,5000,86.6546630859375,80.0000011920929,94.9999988079071,-6.07866644859314,15,0,1,ad5db1d33fa55af076051f697a741cbbe692d9877643eb019bac86dc2d5a75d2,e44865e84d17be978de976b432a87d956e065e75426b661e77b323c3b1a4233c,False,complete,5000
ilids,hard_negative,1,42,100,89.68055844306946,85.00000238418579,93.33333373069763,-3.0527710914611816,13,0,3,dae6b152961a5023737c527469c8e989bb0cbab0df3b3d5b9cc53417ec014bd5,0caaf337c87479183135a39cc77215a4dbcfbac78ce9ff3940e80914169dd676,False,complete,5000
ilids,hard_negative,1,42,300,89.63293433189392,85.00000238418579,96.66666388511658,-3.1003952026367188,13,0,3,dae6b152961a5023737c527469c8e989bb0cbab0df3b3d5b9cc53417ec014bd5,0caaf337c87479183135a39cc77215a4dbcfbac78ce9ff3940e80914169dd676,False,complete,5000
ilids,hard_negative,1,42,1000,83.3809494972229,75.0,96.66666388511658,-9.35238003730774,13,0,3,dae6b152961a5023737c527469c8e989bb0cbab0df3b3d5b9cc53417ec014bd5,0caaf337c87479183135a39cc77215a4dbcfbac78ce9ff3940e80914169dd676,False,complete,5000
ilids,hard_negative,1,42,3000,79.96494174003601,69.9999988079071,93.33333373069763,-12.768387794494629,13,0,3,dae6b152961a5023737c527469c8e989bb0cbab0df3b3d5b9cc53417ec014bd5,0caaf337c87479183135a39cc77215a4dbcfbac78ce9ff3940e80914169dd676,False,complete,5000
ilids,hard_negative,1,42,5000,81.09812140464783,71.66666388511658,91.66666865348816,-11.635208129882812,13,0,3,dae6b152961a5023737c527469c8e989bb0cbab0df3b3d5b9cc53417ec014bd5,0caaf337c87479183135a39cc77215a4dbcfbac78ce9ff3940e80914169dd676,False,complete,5000
ilids,hard_negative,1,43,100,91.12698435783386,86.66666746139526,98.33333492279053,-1.6063451766967773,13,0,3,dae6b152961a5023737c527469c8e989bb0cbab0df3b3d5b9cc53417ec014bd5,0caaf337c87479183135a39cc77215a4dbcfbac78ce9ff3940e80914169dd676,False,complete,5000
ilids,hard_negative,1,43,300,82.68518447875977,73.33333492279053,91.66666865348816,-10.048145055770874,13,0,3,dae6b152961a5023737c527469c8e989bb0cbab0df3b3d5b9cc53417ec014bd5,0caaf337c87479183135a39cc77215a4dbcfbac78ce9ff3940e80914169dd676,False,complete,5000
ilids,hard_negative,1,43,1000,87.38130927085876,81.66666626930237,94.9999988079071,-5.352020263671875,13,0,3,dae6b152961a5023737c527469c8e989bb0cbab0df3b3d5b9cc53417ec014bd5,0caaf337c87479183135a39cc77215a4dbcfbac78ce9ff3940e80914169dd676,False,complete,5000
ilids,hard_negative,1,43,3000,84.93650555610657,78.33333611488342,91.66666865348816,-7.796823978424072,13,0,3,dae6b152961a5023737c527469c8e989bb0cbab0df3b3d5b9cc53417ec014bd5,0caaf337c87479183135a39cc77215a4dbcfbac78ce9ff3940e80914169dd676,False,complete,5000
ilids,hard_negative,1,43,5000,79.83332872390747,68.33333373069763,96.66666388511658,-12.900000810623169,13,0,3,dae6b152961a5023737c527469c8e989bb0cbab0df3b3d5b9cc53417ec014bd5,0caaf337c87479183135a39cc77215a4dbcfbac78ce9ff3940e80914169dd676,False,complete,5000
ilids,hard_negative,2,42,100,89.40914869308472,85.00000238418579,96.66666388511658,-3.324180841445923,12,0,4,0435fcbe0aff3e13eafc8449a1f794681e0fc5c225a25029e7d288c0b2688984,35131f8209d57659b7edc8e804df917b6c8b98249053390285ace324e4d5c9c1,False,complete,5000
ilids,hard_negative,2,42,300,89.09898400306702,83.33333134651184,94.9999988079071,-3.634345531463623,12,0,4,0435fcbe0aff3e13eafc8449a1f794681e0fc5c225a25029e7d288c0b2688984,35131f8209d57659b7edc8e804df917b6c8b98249053390285ace324e4d5c9c1,False,complete,5000
ilids,hard_negative,2,42,1000,87.84722089767456,81.66666626930237,98.33333492279053,-4.886108636856079,12,0,4,0435fcbe0aff3e13eafc8449a1f794681e0fc5c225a25029e7d288c0b2688984,35131f8209d57659b7edc8e804df917b6c8b98249053390285ace324e4d5c9c1,False,complete,5000
ilids,hard_negative,2,42,3000,85.03633141517639,76.66666507720947,98.33333492279053,-7.696998119354248,12,0,4,0435fcbe0aff3e13eafc8449a1f794681e0fc5c225a25029e7d288c0b2688984,35131f8209d57659b7edc8e804df917b6c8b98249053390285ace324e4d5c9c1,False,complete,5000
ilids,hard_negative,2,42,5000,87.00617551803589,80.0000011920929,94.9999988079071,-5.727154016494751,12,0,4,0435fcbe0aff3e13eafc8449a1f794681e0fc5c225a25029e7d288c0b2688984,35131f8209d57659b7edc8e804df917b6c8b98249053390285ace324e4d5c9c1,False,complete,5000
ilids,hard_negative,2,43,100,88.11110854148865,80.0000011920929,98.33333492279053,-4.622220993041992,12,0,4,0435fcbe0aff3e13eafc8449a1f794681e0fc5c225a25029e7d288c0b2688984,35131f8209d57659b7edc8e804df917b6c8b98249053390285ace324e4d5c9c1,False,complete,5000
ilids,hard_negative,2,43,300,91.72222018241882,86.66666746139526,100.0,-1.0111093521118164,12,0,4,0435fcbe0aff3e13eafc8449a1f794681e0fc5c225a25029e7d288c0b2688984,35131f8209d57659b7edc8e804df917b6c8b98249053390285ace324e4d5c9c1,False,complete,5000
ilids,hard_negative,2,43,1000,85.94135046005249,78.33333611488342,94.9999988079071,-6.791979074478149,12,0,4,0435fcbe0aff3e13eafc8449a1f794681e0fc5c225a25029e7d288c0b2688984,35131f8209d57659b7edc8e804df917b6c8b98249053390285ace324e4d5c9c1,False,complete,5000
ilids,hard_negative,2,43,3000,83.74873399734497,75.0,94.9999988079071,-8.984595537185669,12,0,4,0435fcbe0aff3e13eafc8449a1f794681e0fc5c225a25029e7d288c0b2688984,35131f8209d57659b7edc8e804df917b6c8b98249053390285ace324e4d5c9c1,False,complete,5000
ilids,hard_negative,2,43,5000,90.05994200706482,85.00000238418579,98.33333492279053,-2.6733875274658203,12,0,4,0435fcbe0aff3e13eafc8449a1f794681e0fc5c225a25029e7d288c0b2688984,35131f8209d57659b7edc8e804df917b6c8b98249053390285ace324e4d5c9c1,False,complete,5000
ilids,facility,0,42,100,92.6547646522522,89.99999761581421,94.9999988079071,-0.07856488227844238,16,0,0,03a88a067d8f9cc37f8cca52ccfa97e24283707aa3a2e8c3b1dd211e7f5ef248,bc519c52b83703b59993effbbbdaff9f0182471101c203fcb56559b3fec5d8f2,False,complete,5000
ilids,facility,0,42,300,82.29171633720398,76.66666507720947,89.99999761581421,-10.44161319732666,16,0,0,03a88a067d8f9cc37f8cca52ccfa97e24283707aa3a2e8c3b1dd211e7f5ef248,bc519c52b83703b59993effbbbdaff9f0182471101c203fcb56559b3fec5d8f2,False,complete,5000
ilids,facility,0,42,1000,87.11546659469604,83.33333134651184,91.66666865348816,-5.617862939834595,16,0,0,03a88a067d8f9cc37f8cca52ccfa97e24283707aa3a2e8c3b1dd211e7f5ef248,bc519c52b83703b59993effbbbdaff9f0182471101c203fcb56559b3fec5d8f2,False,complete,5000
ilids,facility,0,42,3000,81.09000325202942,75.0,88.33333253860474,-11.64332628250122,16,0,0,03a88a067d8f9cc37f8cca52ccfa97e24283707aa3a2e8c3b1dd211e7f5ef248,bc519c52b83703b59993effbbbdaff9f0182471101c203fcb56559b3fec5d8f2,False,complete,5000
ilids,facility,0,42,5000,86.05555891990662,80.0000011920929,91.66666865348816,-6.677770614624023,16,0,0,03a88a067d8f9cc37f8cca52ccfa97e24283707aa3a2e8c3b1dd211e7f5ef248,bc519c52b83703b59993effbbbdaff9f0182471101c203fcb56559b3fec5d8f2,False,complete,5000
ilids,facility,0,43,100,86.39087080955505,80.0000011920929,94.9999988079071,-6.342458724975586,16,0,0,03a88a067d8f9cc37f8cca52ccfa97e24283707aa3a2e8c3b1dd211e7f5ef248,bc519c52b83703b59993effbbbdaff9f0182471101c203fcb56559b3fec5d8f2,False,complete,5000
ilids,facility,0,43,300,89.9325430393219,86.66666746139526,96.66666388511658,-2.8007864952087402,16,0,0,03a88a067d8f9cc37f8cca52ccfa97e24283707aa3a2e8c3b1dd211e7f5ef248,bc519c52b83703b59993effbbbdaff9f0182471101c203fcb56559b3fec5d8f2,False,complete,5000
ilids,facility,0,43,1000,85.35074591636658,81.66666626930237,88.33333253860474,-7.3825836181640625,16,0,0,03a88a067d8f9cc37f8cca52ccfa97e24283707aa3a2e8c3b1dd211e7f5ef248,bc519c52b83703b59993effbbbdaff9f0182471101c203fcb56559b3fec5d8f2,False,complete,5000
ilids,facility,0,43,3000,83.48053097724915,76.66666507720947,93.33333373069763,-9.252798557281494,16,0,0,03a88a067d8f9cc37f8cca52ccfa97e24283707aa3a2e8c3b1dd211e7f5ef248,bc519c52b83703b59993effbbbdaff9f0182471101c203fcb56559b3fec5d8f2,False,complete,5000
ilids,facility,0,43,5000,84.14074182510376,78.33333611488342,88.33333253860474,-8.59258770942688,16,0,0,03a88a067d8f9cc37f8cca52ccfa97e24283707aa3a2e8c3b1dd211e7f5ef248,bc519c52b83703b59993effbbbdaff9f0182471101c203fcb56559b3fec5d8f2,False,complete,5000
ilids,facility,1,42,100,87.62896656990051,81.66666626930237,93.33333373069763,-5.104362964630127,16,0,0,03a88a067d8f9cc37f8cca52ccfa97e24283707aa3a2e8c3b1dd211e7f5ef248,89fdb8d4f8693ed39c6b10dcbee5575694eda7e2d9f26b13b4f3f2d63b108774,False,complete,5000
ilids,facility,1,42,300,88.33531141281128,83.33333134651184,94.9999988079071,-4.39801812171936,16,0,0,03a88a067d8f9cc37f8cca52ccfa97e24283707aa3a2e8c3b1dd211e7f5ef248,89fdb8d4f8693ed39c6b10dcbee5575694eda7e2d9f26b13b4f3f2d63b108774,False,complete,5000
ilids,facility,1,42,1000,89.87697958946228,86.66666746139526,94.9999988079071,-2.8563499450683594,16,0,0,03a88a067d8f9cc37f8cca52ccfa97e24283707aa3a2e8c3b1dd211e7f5ef248,89fdb8d4f8693ed39c6b10dcbee5575694eda7e2d9f26b13b4f3f2d63b108774,False,complete,5000
ilids,facility,1,42,3000,89.3340528011322,86.66666746139526,91.66666865348816,-3.3992767333984375,16,0,0,03a88a067d8f9cc37f8cca52ccfa97e24283707aa3a2e8c3b1dd211e7f5ef248,89fdb8d4f8693ed39c6b10dcbee5575694eda7e2d9f26b13b4f3f2d63b108774,False,complete,5000
ilids,facility,1,42,5000,86.04596853256226,81.66666626930237,91.66666865348816,-6.687361001968384,16,0,0,03a88a067d8f9cc37f8cca52ccfa97e24283707aa3a2e8c3b1dd211e7f5ef248,89fdb8d4f8693ed39c6b10dcbee5575694eda7e2d9f26b13b4f3f2d63b108774,False,complete,5000
ilids,facility,1,43,100,88.53719234466553,83.33333134651184,93.33333373069763,-4.196137189865112,16,0,0,03a88a067d8f9cc37f8cca52ccfa97e24283707aa3a2e8c3b1dd211e7f5ef248,89fdb8d4f8693ed39c6b10dcbee5575694eda7e2d9f26b13b4f3f2d63b108774,False,complete,5000
ilids,facility,1,43,300,89.86876010894775,86.66666746139526,93.33333373069763,-2.8645694255828857,16,0,0,03a88a067d8f9cc37f8cca52ccfa97e24283707aa3a2e8c3b1dd211e7f5ef248,89fdb8d4f8693ed39c6b10dcbee5575694eda7e2d9f26b13b4f3f2d63b108774,False,complete,5000
ilids,facility,1,43,1000,90.21759629249573,88.33333253860474,91.66666865348816,-2.515733242034912,16,0,0,03a88a067d8f9cc37f8cca52ccfa97e24283707aa3a2e8c3b1dd211e7f5ef248,89fdb8d4f8693ed39c6b10dcbee5575694eda7e2d9f26b13b4f3f2d63b108774,False,complete,5000
ilids,facility,1,43,3000,88.64087462425232,83.33333134651184,94.9999988079071,-4.09245491027832,16,0,0,03a88a067d8f9cc37f8cca52ccfa97e24283707aa3a2e8c3b1dd211e7f5ef248,89fdb8d4f8693ed39c6b10dcbee5575694eda7e2d9f26b13b4f3f2d63b108774,False,complete,5000
ilids,facility,1,43,5000,88.97420167922974,85.00000238418579,93.33333373069763,-3.7591278553009033,16,0,0,03a88a067d8f9cc37f8cca52ccfa97e24283707aa3a2e8c3b1dd211e7f5ef248,89fdb8d4f8693ed39c6b10dcbee5575694eda7e2d9f26b13b4f3f2d63b108774,False,complete,5000
ilids,facility,2,42,100,90.98809361457825,86.66666746139526,98.33333492279053,-1.7452359199523926,16,0,0,03a88a067d8f9cc37f8cca52ccfa97e24283707aa3a2e8c3b1dd211e7f5ef248,cd9880000a9c0db881d4600d6ffe517b82d50ed77710e5ca2ffbc3fdd98b9362,False,complete,5000
ilids,facility,2,42,300,90.86111187934875,86.66666746139526,98.33333492279053,-1.8722176551818848,16,0,0,03a88a067d8f9cc37f8cca52ccfa97e24283707aa3a2e8c3b1dd211e7f5ef248,cd9880000a9c0db881d4600d6ffe517b82d50ed77710e5ca2ffbc3fdd98b9362,False,complete,5000
ilids,facility,2,42,1000,87.4232828617096,81.66666626930237,94.9999988079071,-5.310046672821045,16,0,0,03a88a067d8f9cc37f8cca52ccfa97e24283707aa3a2e8c3b1dd211e7f5ef248,cd9880000a9c0db881d4600d6ffe517b82d50ed77710e5ca2ffbc3fdd98b9362,False,complete,5000
ilids,facility,2,42,3000,89.23611044883728,85.00000238418579,96.66666388511658,-3.4972190856933594,16,0,0,03a88a067d8f9cc37f8cca52ccfa97e24283707aa3a2e8c3b1dd211e7f5ef248,cd9880000a9c0db881d4600d6ffe517b82d50ed77710e5ca2ffbc3fdd98b9362,False,complete,5000
ilids,facility,2,42,5000,88.11111450195312,81.66666626930237,96.66666388511658,-4.622215032577515,16,0,0,03a88a067d8f9cc37f8cca52ccfa97e24283707aa3a2e8c3b1dd211e7f5ef248,cd9880000a9c0db881d4600d6ffe517b82d50ed77710e5ca2ffbc3fdd98b9362,False,complete,5000
ilids,facility,2,43,100,88.69444727897644,83.33333134651184,100.0,-4.038882255554199,16,0,0,03a88a067d8f9cc37f8cca52ccfa97e24283707aa3a2e8c3b1dd211e7f5ef248,cd9880000a9c0db881d4600d6ffe517b82d50ed77710e5ca2ffbc3fdd98b9362,False,complete,5000
ilids,facility,2,43,300,90.43254256248474,86.66666746139526,94.9999988079071,-2.3007869720458984,16,0,0,03a88a067d8f9cc37f8cca52ccfa97e24283707aa3a2e8c3b1dd211e7f5ef248,cd9880000a9c0db881d4600d6ffe517b82d50ed77710e5ca2ffbc3fdd98b9362,False,complete,5000
ilids,facility,2,43,1000,90.23809432983398,85.00000238418579,96.66666388511658,-2.4952352046966553,16,0,0,03a88a067d8f9cc37f8cca52ccfa97e24283707aa3a2e8c3b1dd211e7f5ef248,cd9880000a9c0db881d4600d6ffe517b82d50ed77710e5ca2ffbc3fdd98b9362,False,complete,5000
ilids,facility,2,43,3000,88.36679458618164,85.00000238418579,94.9999988079071,-4.366534948348999,16,0,0,03a88a067d8f9cc37f8cca52ccfa97e24283707aa3a2e8c3b1dd211e7f5ef248,cd9880000a9c0db881d4600d6ffe517b82d50ed77710e5ca2ffbc3fdd98b9362,False,complete,5000
ilids,facility,2,43,5000,90.43914675712585,86.66666746139526,94.9999988079071,-2.294182777404785,16,0,0,03a88a067d8f9cc37f8cca52ccfa97e24283707aa3a2e8c3b1dd211e7f5ef248,cd9880000a9c0db881d4600d6ffe517b82d50ed77710e5ca2ffbc3fdd98b9362,False,complete,5000
ilids,facility_camera,0,42,100,92.6547646522522,89.99999761581421,94.9999988079071,-0.07856488227844238,16,0,0,03a88a067d8f9cc37f8cca52ccfa97e24283707aa3a2e8c3b1dd211e7f5ef248,bc519c52b83703b59993effbbbdaff9f0182471101c203fcb56559b3fec5d8f2,True,complete,5000
ilids,facility_camera,0,42,300,82.29171633720398,76.66666507720947,89.99999761581421,-10.44161319732666,16,0,0,03a88a067d8f9cc37f8cca52ccfa97e24283707aa3a2e8c3b1dd211e7f5ef248,bc519c52b83703b59993effbbbdaff9f0182471101c203fcb56559b3fec5d8f2,True,complete,5000
ilids,facility_camera,0,42,1000,87.11546659469604,83.33333134651184,91.66666865348816,-5.617862939834595,16,0,0,03a88a067d8f9cc37f8cca52ccfa97e24283707aa3a2e8c3b1dd211e7f5ef248,bc519c52b83703b59993effbbbdaff9f0182471101c203fcb56559b3fec5d8f2,True,complete,5000
ilids,facility_camera,0,42,3000,81.09000325202942,75.0,88.33333253860474,-11.64332628250122,16,0,0,03a88a067d8f9cc37f8cca52ccfa97e24283707aa3a2e8c3b1dd211e7f5ef248,bc519c52b83703b59993effbbbdaff9f0182471101c203fcb56559b3fec5d8f2,True,complete,5000
ilids,facility_camera,0,42,5000,86.05555891990662,80.0000011920929,91.66666865348816,-6.677770614624023,16,0,0,03a88a067d8f9cc37f8cca52ccfa97e24283707aa3a2e8c3b1dd211e7f5ef248,bc519c52b83703b59993effbbbdaff9f0182471101c203fcb56559b3fec5d8f2,True,complete,5000
ilids,facility_camera,0,43,100,86.39087080955505,80.0000011920929,94.9999988079071,-6.342458724975586,16,0,0,03a88a067d8f9cc37f8cca52ccfa97e24283707aa3a2e8c3b1dd211e7f5ef248,bc519c52b83703b59993effbbbdaff9f0182471101c203fcb56559b3fec5d8f2,True,complete,5000
ilids,facility_camera,0,43,300,89.9325430393219,86.66666746139526,96.66666388511658,-2.8007864952087402,16,0,0,03a88a067d8f9cc37f8cca52ccfa97e24283707aa3a2e8c3b1dd211e7f5ef248,bc519c52b83703b59993effbbbdaff9f0182471101c203fcb56559b3fec5d8f2,True,complete,5000
ilids,facility_camera,0,43,1000,85.35074591636658,81.66666626930237,88.33333253860474,-7.3825836181640625,16,0,0,03a88a067d8f9cc37f8cca52ccfa97e24283707aa3a2e8c3b1dd211e7f5ef248,bc519c52b83703b59993effbbbdaff9f0182471101c203fcb56559b3fec5d8f2,True,complete,5000
ilids,facility_camera,0,43,3000,83.48053097724915,76.66666507720947,93.33333373069763,-9.252798557281494,16,0,0,03a88a067d8f9cc37f8cca52ccfa97e24283707aa3a2e8c3b1dd211e7f5ef248,bc519c52b83703b59993effbbbdaff9f0182471101c203fcb56559b3fec5d8f2,True,complete,5000
ilids,facility_camera,0,43,5000,84.14074182510376,78.33333611488342,88.33333253860474,-8.59258770942688,16,0,0,03a88a067d8f9cc37f8cca52ccfa97e24283707aa3a2e8c3b1dd211e7f5ef248,bc519c52b83703b59993effbbbdaff9f0182471101c203fcb56559b3fec5d8f2,True,complete,5000
ilids,facility_camera,1,42,100,87.62896656990051,81.66666626930237,93.33333373069763,-5.104362964630127,16,0,0,03a88a067d8f9cc37f8cca52ccfa97e24283707aa3a2e8c3b1dd211e7f5ef248,89fdb8d4f8693ed39c6b10dcbee5575694eda7e2d9f26b13b4f3f2d63b108774,True,complete,5000
ilids,facility_camera,1,42,300,88.33531141281128,83.33333134651184,94.9999988079071,-4.39801812171936,16,0,0,03a88a067d8f9cc37f8cca52ccfa97e24283707aa3a2e8c3b1dd211e7f5ef248,89fdb8d4f8693ed39c6b10dcbee5575694eda7e2d9f26b13b4f3f2d63b108774,True,complete,5000
ilids,facility_camera,1,42,1000,89.87697958946228,86.66666746139526,94.9999988079071,-2.8563499450683594,16,0,0,03a88a067d8f9cc37f8cca52ccfa97e24283707aa3a2e8c3b1dd211e7f5ef248,89fdb8d4f8693ed39c6b10dcbee5575694eda7e2d9f26b13b4f3f2d63b108774,True,complete,5000
ilids,facility_camera,1,42,3000,89.3340528011322,86.66666746139526,91.66666865348816,-3.3992767333984375,16,0,0,03a88a067d8f9cc37f8cca52ccfa97e24283707aa3a2e8c3b1dd211e7f5ef248,89fdb8d4f8693ed39c6b10dcbee5575694eda7e2d9f26b13b4f3f2d63b108774,True,complete,5000
ilids,facility_camera,1,42,5000,86.04596853256226,81.66666626930237,91.66666865348816,-6.687361001968384,16,0,0,03a88a067d8f9cc37f8cca52ccfa97e24283707aa3a2e8c3b1dd211e7f5ef248,89fdb8d4f8693ed39c6b10dcbee5575694eda7e2d9f26b13b4f3f2d63b108774,True,complete,5000
ilids,facility_camera,1,43,100,88.53719234466553,83.33333134651184,93.33333373069763,-4.196137189865112,16,0,0,03a88a067d8f9cc37f8cca52ccfa97e24283707aa3a2e8c3b1dd211e7f5ef248,89fdb8d4f8693ed39c6b10dcbee5575694eda7e2d9f26b13b4f3f2d63b108774,True,complete,5000
ilids,facility_camera,1,43,300,89.86876010894775,86.66666746139526,93.33333373069763,-2.8645694255828857,16,0,0,03a88a067d8f9cc37f8cca52ccfa97e24283707aa3a2e8c3b1dd211e7f5ef248,89fdb8d4f8693ed39c6b10dcbee5575694eda7e2d9f26b13b4f3f2d63b108774,True,complete,5000
ilids,facility_camera,1,43,1000,90.21759629249573,88.33333253860474,91.66666865348816,-2.515733242034912,16,0,0,03a88a067d8f9cc37f8cca52ccfa97e24283707aa3a2e8c3b1dd211e7f5ef248,89fdb8d4f8693ed39c6b10dcbee5575694eda7e2d9f26b13b4f3f2d63b108774,True,complete,5000
ilids,facility_camera,1,43,3000,88.64087462425232,83.33333134651184,94.9999988079071,-4.09245491027832,16,0,0,03a88a067d8f9cc37f8cca52ccfa97e24283707aa3a2e8c3b1dd211e7f5ef248,89fdb8d4f8693ed39c6b10dcbee5575694eda7e2d9f26b13b4f3f2d63b108774,True,complete,5000
ilids,facility_camera,1,43,5000,88.97420167922974,85.00000238418579,93.33333373069763,-3.7591278553009033,16,0,0,03a88a067d8f9cc37f8cca52ccfa97e24283707aa3a2e8c3b1dd211e7f5ef248,89fdb8d4f8693ed39c6b10dcbee5575694eda7e2d9f26b13b4f3f2d63b108774,True,complete,5000
ilids,facility_camera,2,42,100,90.98809361457825,86.66666746139526,98.33333492279053,-1.7452359199523926,16,0,0,03a88a067d8f9cc37f8cca52ccfa97e24283707aa3a2e8c3b1dd211e7f5ef248,cd9880000a9c0db881d4600d6ffe517b82d50ed77710e5ca2ffbc3fdd98b9362,True,complete,5000
ilids,facility_camera,2,42,300,90.86111187934875,86.66666746139526,98.33333492279053,-1.8722176551818848,16,0,0,03a88a067d8f9cc37f8cca52ccfa97e24283707aa3a2e8c3b1dd211e7f5ef248,cd9880000a9c0db881d4600d6ffe517b82d50ed77710e5ca2ffbc3fdd98b9362,True,complete,5000
ilids,facility_camera,2,42,1000,87.4232828617096,81.66666626930237,94.9999988079071,-5.310046672821045,16,0,0,03a88a067d8f9cc37f8cca52ccfa97e24283707aa3a2e8c3b1dd211e7f5ef248,cd9880000a9c0db881d4600d6ffe517b82d50ed77710e5ca2ffbc3fdd98b9362,True,complete,5000
ilids,facility_camera,2,42,3000,89.23611044883728,85.00000238418579,96.66666388511658,-3.4972190856933594,16,0,0,03a88a067d8f9cc37f8cca52ccfa97e24283707aa3a2e8c3b1dd211e7f5ef248,cd9880000a9c0db881d4600d6ffe517b82d50ed77710e5ca2ffbc3fdd98b9362,True,complete,5000
ilids,facility_camera,2,42,5000,88.11111450195312,81.66666626930237,96.66666388511658,-4.622215032577515,16,0,0,03a88a067d8f9cc37f8cca52ccfa97e24283707aa3a2e8c3b1dd211e7f5ef248,cd9880000a9c0db881d4600d6ffe517b82d50ed77710e5ca2ffbc3fdd98b9362,True,complete,5000
ilids,facility_camera,2,43,100,88.69444727897644,83.33333134651184,100.0,-4.038882255554199,16,0,0,03a88a067d8f9cc37f8cca52ccfa97e24283707aa3a2e8c3b1dd211e7f5ef248,cd9880000a9c0db881d4600d6ffe517b82d50ed77710e5ca2ffbc3fdd98b9362,True,complete,5000
ilids,facility_camera,2,43,300,90.43254256248474,86.66666746139526,94.9999988079071,-2.3007869720458984,16,0,0,03a88a067d8f9cc37f8cca52ccfa97e24283707aa3a2e8c3b1dd211e7f5ef248,cd9880000a9c0db881d4600d6ffe517b82d50ed77710e5ca2ffbc3fdd98b9362,True,complete,5000
ilids,facility_camera,2,43,1000,90.23809432983398,85.00000238418579,96.66666388511658,-2.4952352046966553,16,0,0,03a88a067d8f9cc37f8cca52ccfa97e24283707aa3a2e8c3b1dd211e7f5ef248,cd9880000a9c0db881d4600d6ffe517b82d50ed77710e5ca2ffbc3fdd98b9362,True,complete,5000
ilids,facility_camera,2,43,3000,88.36679458618164,85.00000238418579,94.9999988079071,-4.366534948348999,16,0,0,03a88a067d8f9cc37f8cca52ccfa97e24283707aa3a2e8c3b1dd211e7f5ef248,cd9880000a9c0db881d4600d6ffe517b82d50ed77710e5ca2ffbc3fdd98b9362,True,complete,5000
ilids,facility_camera,2,43,5000,90.43914675712585,86.66666746139526,94.9999988079071,-2.294182777404785,16,0,0,03a88a067d8f9cc37f8cca52ccfa97e24283707aa3a2e8c3b1dd211e7f5ef248,cd9880000a9c0db881d4600d6ffe517b82d50ed77710e5ca2ffbc3fdd98b9362,True,complete,5000
cuhk03,random,0,42,100,53.29986214637756,53.200000524520874,75.90000033378601,-3.7727057933807373,16,0,0,b890a7811d510b21972213224c5f16b3eecec9a09af31977a1e6aff81e0e51b0,cc52b0023cefff865061e21be6c0c2054f51530dc560fce4b984d0dd06c41ab9,False,complete,5000
cuhk03,random,0,42,300,52.38127112388611,54.19999957084656,75.90000033378601,-4.691296815872192,16,0,0,b890a7811d510b21972213224c5f16b3eecec9a09af31977a1e6aff81e0e51b0,cc52b0023cefff865061e21be6c0c2054f51530dc560fce4b984d0dd06c41ab9,False,complete,5000
cuhk03,random,0,42,1000,49.056580662727356,50.09999871253967,71.60000205039978,-8.015987277030945,16,0,0,b890a7811d510b21972213224c5f16b3eecec9a09af31977a1e6aff81e0e51b0,cc52b0023cefff865061e21be6c0c2054f51530dc560fce4b984d0dd06c41ab9,False,complete,5000
cuhk03,random,0,42,3000,45.16866207122803,46.299999952316284,69.19999718666077,-11.903905868530273,16,0,0,b890a7811d510b21972213224c5f16b3eecec9a09af31977a1e6aff81e0e51b0,cc52b0023cefff865061e21be6c0c2054f51530dc560fce4b984d0dd06c41ab9,False,complete,5000
cuhk03,random,0,42,5000,48.716261982917786,50.49999952316284,73.1000006198883,-8.356305956840515,16,0,0,b890a7811d510b21972213224c5f16b3eecec9a09af31977a1e6aff81e0e51b0,cc52b0023cefff865061e21be6c0c2054f51530dc560fce4b984d0dd06c41ab9,False,complete,5000
cuhk03,random,0,43,100,54.250818490982056,56.09999895095825,75.80000162124634,-2.821749448776245,16,0,0,b890a7811d510b21972213224c5f16b3eecec9a09af31977a1e6aff81e0e51b0,cc52b0023cefff865061e21be6c0c2054f51530dc560fce4b984d0dd06c41ab9,False,complete,5000
cuhk03,random,0,43,300,52.30953097343445,53.60000133514404,74.00000095367432,-4.7630369663238525,16,0,0,b890a7811d510b21972213224c5f16b3eecec9a09af31977a1e6aff81e0e51b0,cc52b0023cefff865061e21be6c0c2054f51530dc560fce4b984d0dd06c41ab9,False,complete,5000
cuhk03,random,0,43,1000,49.75842833518982,51.20000243186951,72.69999980926514,-7.3141396045684814,16,0,0,b890a7811d510b21972213224c5f16b3eecec9a09af31977a1e6aff81e0e51b0,cc52b0023cefff865061e21be6c0c2054f51530dc560fce4b984d0dd06c41ab9,False,complete,5000
cuhk03,random,0,43,3000,47.229039669036865,49.59999918937683,69.90000009536743,-9.843528270721436,16,0,0,b890a7811d510b21972213224c5f16b3eecec9a09af31977a1e6aff81e0e51b0,cc52b0023cefff865061e21be6c0c2054f51530dc560fce4b984d0dd06c41ab9,False,complete,5000
cuhk03,random,0,43,5000,46.90103232860565,48.69999885559082,69.0999984741211,-10.171535611152649,16,0,0,b890a7811d510b21972213224c5f16b3eecec9a09af31977a1e6aff81e0e51b0,cc52b0023cefff865061e21be6c0c2054f51530dc560fce4b984d0dd06c41ab9,False,complete,5000
cuhk03,random,1,42,100,50.560444593429565,52.20000147819519,71.49999737739563,-6.512123346328735,16,0,0,6d76a766722af3786b34eb549dbec8dd0b957deb788d2d7e2b2d4337c0f2f065,130bff230377bd237c54241fb4b2ac376993d68c20ae4a64a06db1887b639ea0,False,complete,5000
cuhk03,random,1,42,300,49.38419759273529,50.80000162124634,71.70000076293945,-7.68837034702301,16,0,0,6d76a766722af3786b34eb549dbec8dd0b957deb788d2d7e2b2d4337c0f2f065,130bff230377bd237c54241fb4b2ac376993d68c20ae4a64a06db1887b639ea0,False,complete,5000
cuhk03,random,1,42,1000,50.85285305976868,50.49999952316284,74.19999837875366,-6.219714879989624,16,0,0,6d76a766722af3786b34eb549dbec8dd0b957deb788d2d7e2b2d4337c0f2f065,130bff230377bd237c54241fb4b2ac376993d68c20ae4a64a06db1887b639ea0,False,complete,5000
cuhk03,random,1,42,3000,49.20998811721802,52.10000276565552,71.49999737739563,-7.862579822540283,16,0,0,6d76a766722af3786b34eb549dbec8dd0b957deb788d2d7e2b2d4337c0f2f065,130bff230377bd237c54241fb4b2ac376993d68c20ae4a64a06db1887b639ea0,False,complete,5000
cuhk03,random,1,42,5000,45.32236158847809,46.70000076293945,66.79999828338623,-11.750206351280212,16,0,0,6d76a766722af3786b34eb549dbec8dd0b957deb788d2d7e2b2d4337c0f2f065,130bff230377bd237c54241fb4b2ac376993d68c20ae4a64a06db1887b639ea0,False,complete,5000
cuhk03,random,1,43,100,50.516802072525024,52.89999842643738,71.60000205039978,-6.555765867233276,16,0,0,6d76a766722af3786b34eb549dbec8dd0b957deb788d2d7e2b2d4337c0f2f065,130bff230377bd237c54241fb4b2ac376993d68c20ae4a64a06db1887b639ea0,False,complete,5000
cuhk03,random,1,43,300,51.39276385307312,52.799999713897705,73.60000014305115,-5.679804086685181,16,0,0,6d76a766722af3786b34eb549dbec8dd0b957deb788d2d7e2b2d4337c0f2f065,130bff230377bd237c54241fb4b2ac376993d68c20ae4a64a06db1887b639ea0,False,complete,5000
cuhk03,random,1,43,1000,49.13438558578491,51.39999985694885,72.10000157356262,-7.938182353973389,16,0,0,6d76a766722af3786b34eb549dbec8dd0b957deb788d2d7e2b2d4337c0f2f065,130bff230377bd237c54241fb4b2ac376993d68c20ae4a64a06db1887b639ea0,False,complete,5000
cuhk03,random,1,43,3000,48.33554029464722,50.90000033378601,70.80000042915344,-8.737027645111084,16,0,0,6d76a766722af3786b34eb549dbec8dd0b957deb788d2d7e2b2d4337c0f2f065,130bff230377bd237c54241fb4b2ac376993d68c20ae4a64a06db1887b639ea0,False,complete,5000
cuhk03,random,1,43,5000,47.42725491523743,49.50000047683716,70.89999914169312,-9.645313024520874,16,0,0,6d76a766722af3786b34eb549dbec8dd0b957deb788d2d7e2b2d4337c0f2f065,130bff230377bd237c54241fb4b2ac376993d68c20ae4a64a06db1887b639ea0,False,complete,5000
cuhk03,random,2,42,100,52.58796215057373,53.700000047683716,73.4000027179718,-4.48460578918457,16,0,0,4a2f01ac7394b94e60a86cd186724636f1753ab6ee9d43b2ff5b87ebfe9da548,d663a7cec2bf1916c28121b2bd5c37eafc09b904976d646ec368dd28c5b85a4d,False,complete,5000
cuhk03,random,2,42,300,53.06060314178467,53.700000047683716,73.29999804496765,-4.011964797973633,16,0,0,4a2f01ac7394b94e60a86cd186724636f1753ab6ee9d43b2ff5b87ebfe9da548,d663a7cec2bf1916c28121b2bd5c37eafc09b904976d646ec368dd28c5b85a4d,False,complete,5000
cuhk03,random,2,42,1000,52.51392126083374,53.200000524520874,76.09999775886536,-4.5586466789245605,16,0,0,4a2f01ac7394b94e60a86cd186724636f1753ab6ee9d43b2ff5b87ebfe9da548,d663a7cec2bf1916c28121b2bd5c37eafc09b904976d646ec368dd28c5b85a4d,False,complete,5000
cuhk03,random,2,42,3000,48.192769289016724,48.19999933242798,73.19999933242798,-8.879798650741577,16,0,0,4a2f01ac7394b94e60a86cd186724636f1753ab6ee9d43b2ff5b87ebfe9da548,d663a7cec2bf1916c28121b2bd5c37eafc09b904976d646ec368dd28c5b85a4d,False,complete,5000
cuhk03,random,2,42,5000,48.44037592411041,50.599998235702515,70.3000009059906,-8.632192015647888,16,0,0,4a2f01ac7394b94e60a86cd186724636f1753ab6ee9d43b2ff5b87ebfe9da548,d663a7cec2bf1916c28121b2bd5c37eafc09b904976d646ec368dd28c5b85a4d,False,complete,5000
cuhk03,random,2,43,100,54.58406209945679,55.299997329711914,76.09999775886536,-2.4885058403015137,16,0,0,4a2f01ac7394b94e60a86cd186724636f1753ab6ee9d43b2ff5b87ebfe9da548,d663a7cec2bf1916c28121b2bd5c37eafc09b904976d646ec368dd28c5b85a4d,False,complete,5000
cuhk03,random,2,43,300,54.255878925323486,55.80000281333923,74.40000176429749,-2.8166890144348145,16,0,0,4a2f01ac7394b94e60a86cd186724636f1753ab6ee9d43b2ff5b87ebfe9da548,d663a7cec2bf1916c28121b2bd5c37eafc09b904976d646ec368dd28c5b85a4d,False,complete,5000
cuhk03,random,2,43,1000,51.70853137969971,52.399998903274536,73.50000143051147,-5.364036560058594,16,0,0,4a2f01ac7394b94e60a86cd186724636f1753ab6ee9d43b2ff5b87ebfe9da548,d663a7cec2bf1916c28121b2bd5c37eafc09b904976d646ec368dd28c5b85a4d,False,complete,5000
cuhk03,random,2,43,3000,50.36293864250183,53.700000047683716,72.79999852180481,-6.70962929725647,16,0,0,4a2f01ac7394b94e60a86cd186724636f1753ab6ee9d43b2ff5b87ebfe9da548,d663a7cec2bf1916c28121b2bd5c37eafc09b904976d646ec368dd28c5b85a4d,False,complete,5000
cuhk03,random,2,43,5000,50.949567556381226,53.50000262260437,73.60000014305115,-6.123000383377075,16,0,0,4a2f01ac7394b94e60a86cd186724636f1753ab6ee9d43b2ff5b87ebfe9da548,d663a7cec2bf1916c28121b2bd5c37eafc09b904976d646ec368dd28c5b85a4d,False,complete,5000
cuhk03,dedup,0,42,100,56.64196014404297,58.399999141693115,79.40000295639038,-0.43060779571533203,16,0,0,ff5231190e090245cab6bceec5074b31dfc3baa76c664db845db09169bd99990,8307ea0eee53e8bdcd150199a7325511de6680dfa09a14aef00ff9a20801a48e,False,complete,5000
cuhk03,dedup,0,42,300,53.06677222251892,54.90000247955322,75.90000033378601,-4.00579571723938,16,0,0,ff5231190e090245cab6bceec5074b31dfc3baa76c664db845db09169bd99990,8307ea0eee53e8bdcd150199a7325511de6680dfa09a14aef00ff9a20801a48e,False,complete,5000
cuhk03,dedup,0,42,1000,53.98204326629639,56.599998474121094,76.70000195503235,-3.090524673461914,16,0,0,ff5231190e090245cab6bceec5074b31dfc3baa76c664db845db09169bd99990,8307ea0eee53e8bdcd150199a7325511de6680dfa09a14aef00ff9a20801a48e,False,complete,5000
cuhk03,dedup,0,42,3000,46.15258574485779,49.09999966621399,70.20000219345093,-10.919982194900513,16,0,0,ff5231190e090245cab6bceec5074b31dfc3baa76c664db845db09169bd99990,8307ea0eee53e8bdcd150199a7325511de6680dfa09a14aef00ff9a20801a48e,False,complete,5000
cuhk03,dedup,0,42,5000,44.72329914569855,46.90000116825104,68.99999976158142,-12.349268794059753,16,0,0,ff5231190e090245cab6bceec5074b31dfc3baa76c664db845db09169bd99990,8307ea0eee53e8bdcd150199a7325511de6680dfa09a14aef00ff9a20801a48e,False,complete,5000
cuhk03,dedup,0,43,100,54.87056374549866,56.49999976158142,77.49999761581421,-2.2020041942596436,16,0,0,ff5231190e090245cab6bceec5074b31dfc3baa76c664db845db09169bd99990,8307ea0eee53e8bdcd150199a7325511de6680dfa09a14aef00ff9a20801a48e,False,complete,5000
cuhk03,dedup,0,43,300,55.45257329940796,56.99999928474426,77.99999713897705,-1.6199946403503418,16,0,0,ff5231190e090245cab6bceec5074b31dfc3baa76c664db845db09169bd99990,8307ea0eee53e8bdcd150199a7325511de6680dfa09a14aef00ff9a20801a48e,False,complete,5000
cuhk03,dedup,0,43,1000,51.669275760650635,54.19999957084656,75.3000020980835,-5.403292179107666,16,0,0,ff5231190e090245cab6bceec5074b31dfc3baa76c664db845db09169bd99990,8307ea0eee53e8bdcd150199a7325511de6680dfa09a14aef00ff9a20801a48e,False,complete,5000
cuhk03,dedup,0,43,3000,44.774845242500305,47.600001096725464,67.69999861717224,-12.297722697257996,16,0,0,ff5231190e090245cab6bceec5074b31dfc3baa76c664db845db09169bd99990,8307ea0eee53e8bdcd150199a7325511de6680dfa09a14aef00ff9a20801a48e,False,complete,5000
cuhk03,dedup,0,43,5000,47.280991077423096,49.50000047683716,70.39999961853027,-9.791576862335205,16,0,0,ff5231190e090245cab6bceec5074b31dfc3baa76c664db845db09169bd99990,8307ea0eee53e8bdcd150199a7325511de6680dfa09a14aef00ff9a20801a48e,False,complete,5000
cuhk03,dedup,1,42,100,52.04308032989502,53.39999794960022,72.89999723434448,-5.029487609863281,16,0,0,290e91a97ffedc1fc0b617e2b9fcc2d866c94c52a07042d9a30e701bac94cb1b,7d7f6e76497b506fc114d222fe0f2e914a35d0eba246363e544107f5d568f6ce,False,complete,5000
cuhk03,dedup,1,42,300,49.127015471458435,50.300002098083496,70.09999752044678,-7.945552468299866,16,0,0,290e91a97ffedc1fc0b617e2b9fcc2d866c94c52a07042d9a30e701bac94cb1b,7d7f6e76497b506fc114d222fe0f2e914a35d0eba246363e544107f5d568f6ce,False,complete,5000
cuhk03,dedup,1,42,1000,54.3545663356781,56.69999718666077,74.6999979019165,-2.7180016040802,16,0,0,290e91a97ffedc1fc0b617e2b9fcc2d866c94c52a07042d9a30e701bac94cb1b,7d7f6e76497b506fc114d222fe0f2e914a35d0eba246363e544107f5d568f6ce,False,complete,5000
cuhk03,dedup,1,42,3000,49.496883153915405,52.20000147819519,70.49999833106995,-7.5756847858428955,16,0,0,290e91a97ffedc1fc0b617e2b9fcc2d866c94c52a07042d9a30e701bac94cb1b,7d7f6e76497b506fc114d222fe0f2e914a35d0eba246363e544107f5d568f6ce,False,complete,5000
cuhk03,dedup,1,42,5000,53.067803382873535,55.900001525878906,73.00000190734863,-4.004764556884766,16,0,0,290e91a97ffedc1fc0b617e2b9fcc2d866c94c52a07042d9a30e701bac94cb1b,7d7f6e76497b506fc114d222fe0f2e914a35d0eba246363e544107f5d568f6ce,False,complete,5000
cuhk03,dedup,1,43,100,51.17332339286804,53.1000018119812,72.39999771118164,-5.899244546890259,16,0,0,290e91a97ffedc1fc0b617e2b9fcc2d866c94c52a07042d9a30e701bac94cb1b,7d7f6e76497b506fc114d222fe0f2e914a35d0eba246363e544107f5d568f6ce,False,complete,5000
cuhk03,dedup,1,43,300,52.367985248565674,53.1000018119812,73.69999885559082,-4.704582691192627,16,0,0,290e91a97ffedc1fc0b617e2b9fcc2d866c94c52a07042d9a30e701bac94cb1b,7d7f6e76497b506fc114d222fe0f2e914a35d0eba246363e544107f5d568f6ce,False,complete,5000
cuhk03,dedup,1,43,1000,52.7737557888031,54.500001668930054,75.40000081062317,-4.2988121509552,16,0,0,290e91a97ffedc1fc0b617e2b9fcc2d866c94c52a07042d9a30e701bac94cb1b,7d7f6e76497b506fc114d222fe0f2e914a35d0eba246363e544107f5d568f6ce,False,complete,5000
cuhk03,dedup,1,43,3000,49.05953407287598,50.40000081062317,70.89999914169312,-8.013033866882324,16,0,0,290e91a97ffedc1fc0b617e2b9fcc2d866c94c52a07042d9a30e701bac94cb1b,7d7f6e76497b506fc114d222fe0f2e914a35d0eba246363e544107f5d568f6ce,False,complete,5000
cuhk03,dedup,1,43,5000,51.910656690597534,55.000001192092896,72.60000109672546,-5.161911249160767,16,0,0,290e91a97ffedc1fc0b617e2b9fcc2d866c94c52a07042d9a30e701bac94cb1b,7d7f6e76497b506fc114d222fe0f2e914a35d0eba246363e544107f5d568f6ce,False,complete,5000
cuhk03,dedup,2,42,100,52.58796215057373,53.700000047683716,73.4000027179718,-4.48460578918457,16,0,0,4a2f01ac7394b94e60a86cd186724636f1753ab6ee9d43b2ff5b87ebfe9da548,d663a7cec2bf1916c28121b2bd5c37eafc09b904976d646ec368dd28c5b85a4d,False,complete,5000
cuhk03,dedup,2,42,300,53.06060314178467,53.700000047683716,73.29999804496765,-4.011964797973633,16,0,0,4a2f01ac7394b94e60a86cd186724636f1753ab6ee9d43b2ff5b87ebfe9da548,d663a7cec2bf1916c28121b2bd5c37eafc09b904976d646ec368dd28c5b85a4d,False,complete,5000
cuhk03,dedup,2,42,1000,52.51392126083374,53.200000524520874,76.09999775886536,-4.5586466789245605,16,0,0,4a2f01ac7394b94e60a86cd186724636f1753ab6ee9d43b2ff5b87ebfe9da548,d663a7cec2bf1916c28121b2bd5c37eafc09b904976d646ec368dd28c5b85a4d,False,complete,5000
cuhk03,dedup,2,42,3000,48.192769289016724,48.19999933242798,73.19999933242798,-8.879798650741577,16,0,0,4a2f01ac7394b94e60a86cd186724636f1753ab6ee9d43b2ff5b87ebfe9da548,d663a7cec2bf1916c28121b2bd5c37eafc09b904976d646ec368dd28c5b85a4d,False,complete,5000
cuhk03,dedup,2,42,5000,48.44037592411041,50.599998235702515,70.3000009059906,-8.632192015647888,16,0,0,4a2f01ac7394b94e60a86cd186724636f1753ab6ee9d43b2ff5b87ebfe9da548,d663a7cec2bf1916c28121b2bd5c37eafc09b904976d646ec368dd28c5b85a4d,False,complete,5000
cuhk03,dedup,2,43,100,54.58406209945679,55.299997329711914,76.09999775886536,-2.4885058403015137,16,0,0,4a2f01ac7394b94e60a86cd186724636f1753ab6ee9d43b2ff5b87ebfe9da548,d663a7cec2bf1916c28121b2bd5c37eafc09b904976d646ec368dd28c5b85a4d,False,complete,5000
cuhk03,dedup,2,43,300,54.255878925323486,55.80000281333923,74.40000176429749,-2.8166890144348145,16,0,0,4a2f01ac7394b94e60a86cd186724636f1753ab6ee9d43b2ff5b87ebfe9da548,d663a7cec2bf1916c28121b2bd5c37eafc09b904976d646ec368dd28c5b85a4d,False,complete,5000
cuhk03,dedup,2,43,1000,51.70853137969971,52.399998903274536,73.50000143051147,-5.364036560058594,16,0,0,4a2f01ac7394b94e60a86cd186724636f1753ab6ee9d43b2ff5b87ebfe9da548,d663a7cec2bf1916c28121b2bd5c37eafc09b904976d646ec368dd28c5b85a4d,False,complete,5000
cuhk03,dedup,2,43,3000,50.36293864250183,53.700000047683716,72.79999852180481,-6.70962929725647,16,0,0,4a2f01ac7394b94e60a86cd186724636f1753ab6ee9d43b2ff5b87ebfe9da548,d663a7cec2bf1916c28121b2bd5c37eafc09b904976d646ec368dd28c5b85a4d,False,complete,5000
cuhk03,dedup,2,43,5000,50.949567556381226,53.50000262260437,73.60000014305115,-6.123000383377075,16,0,0,4a2f01ac7394b94e60a86cd186724636f1753ab6ee9d43b2ff5b87ebfe9da548,d663a7cec2bf1916c28121b2bd5c37eafc09b904976d646ec368dd28c5b85a4d,False,complete,5000
cuhk03,kcenter,0,42,100,56.162601709365845,56.80000185966492,76.49999856948853,-0.909966230392456,16,0,0,38deea328c1b5b21c579d5a21969a5545b2a0654cf0520ba1c533f61377a38ee,04c4fcdfb896e7dd99d613edb2b302726a7ab57635aaef6511b64526a740d58c,False,complete,5000
cuhk03,kcenter,0,42,300,56.14664554595947,57.099997997283936,76.49999856948853,-0.9259223937988281,16,0,0,38deea328c1b5b21c579d5a21969a5545b2a0654cf0520ba1c533f61377a38ee,04c4fcdfb896e7dd99d613edb2b302726a7ab57635aaef6511b64526a740d58c,False,complete,5000
cuhk03,kcenter,0,42,1000,54.440176486968994,55.69999814033508,76.09999775886536,-2.6323914527893066,16,0,0,38deea328c1b5b21c579d5a21969a5545b2a0654cf0520ba1c533f61377a38ee,04c4fcdfb896e7dd99d613edb2b302726a7ab57635aaef6511b64526a740d58c,False,complete,5000
cuhk03,kcenter,0,42,3000,55.191171169281006,56.599998474121094,76.80000066757202,-1.881396770477295,16,0,0,38deea328c1b5b21c579d5a21969a5545b2a0654cf0520ba1c533f61377a38ee,04c4fcdfb896e7dd99d613edb2b302726a7ab57635aaef6511b64526a740d58c,False,complete,5000
cuhk03,kcenter,0,42,5000,54.71906065940857,56.09999895095825,77.10000276565552,-2.3535072803497314,16,0,0,38deea328c1b5b21c579d5a21969a5545b2a0654cf0520ba1c533f61377a38ee,04c4fcdfb896e7dd99d613edb2b302726a7ab57635aaef6511b64526a740d58c,False,complete,5000
cuhk03,kcenter,0,43,100,57.982659339904785,58.89999866485596,79.00000214576721,0.9100914001464844,16,0,0,38deea328c1b5b21c579d5a21969a5545b2a0654cf0520ba1c533f61377a38ee,04c4fcdfb896e7dd99d613edb2b302726a7ab57635aaef6511b64526a740d58c,False,complete,5000
cuhk03,kcenter,0,43,300,54.36738133430481,54.79999780654907,75.80000162124634,-2.705186605453491,16,0,0,38deea328c1b5b21c579d5a21969a5545b2a0654cf0520ba1c533f61377a38ee,04c4fcdfb896e7dd99d613edb2b302726a7ab57635aaef6511b64526a740d58c,False,complete,5000
cuhk03,kcenter,0,43,1000,57.93830752372742,60.100001096725464,79.29999828338623,0.8657395839691162,16,0,0,38deea328c1b5b21c579d5a21969a5545b2a0654cf0520ba1c533f61377a38ee,04c4fcdfb896e7dd99d613edb2b302726a7ab57635aaef6511b64526a740d58c,False,complete,5000
cuhk03,kcenter,0,43,3000,55.60831427574158,58.60000252723694,78.70000004768372,-1.4642536640167236,16,0,0,38deea328c1b5b21c579d5a21969a5545b2a0654cf0520ba1c533f61377a38ee,04c4fcdfb896e7dd99d613edb2b302726a7ab57635aaef6511b64526a740d58c,False,complete,5000
cuhk03,kcenter,0,43,5000,54.25291657447815,56.300002336502075,77.60000228881836,-2.8196513652801514,16,0,0,38deea328c1b5b21c579d5a21969a5545b2a0654cf0520ba1c533f61377a38ee,04c4fcdfb896e7dd99d613edb2b302726a7ab57635aaef6511b64526a740d58c,False,complete,5000
cuhk03,kcenter,1,42,100,53.50414514541626,53.29999923706055,75.99999904632568,-3.568422794342041,16,0,0,7f5b439f235f63bc89275945e253105cf9f90c114abc985935149579f01a9d02,16510d6bff2cc90ab6d1d4f2e546e75ab17fc19561587761732b53645e6df097,False,complete,5000
cuhk03,kcenter,1,42,300,55.485862493515015,56.49999976158142,77.39999890327454,-1.5867054462432861,16,0,0,7f5b439f235f63bc89275945e253105cf9f90c114abc985935149579f01a9d02,16510d6bff2cc90ab6d1d4f2e546e75ab17fc19561587761732b53645e6df097,False,complete,5000
cuhk03,kcenter,1,42,1000,56.63647651672363,57.999998331069946,78.79999876022339,-0.43609142303466797,16,0,0,7f5b439f235f63bc89275945e253105cf9f90c114abc985935149579f01a9d02,16510d6bff2cc90ab6d1d4f2e546e75ab17fc19561587761732b53645e6df097,False,complete,5000
cuhk03,kcenter,1,42,3000,51.55456066131592,53.39999794960022,73.69999885559082,-5.518007278442383,16,0,0,7f5b439f235f63bc89275945e253105cf9f90c114abc985935149579f01a9d02,16510d6bff2cc90ab6d1d4f2e546e75ab17fc19561587761732b53645e6df097,False,complete,5000
cuhk03,kcenter,1,42,5000,52.053385972976685,52.89999842643738,75.49999952316284,-5.019181966781616,16,0,0,7f5b439f235f63bc89275945e253105cf9f90c114abc985935149579f01a9d02,16510d6bff2cc90ab6d1d4f2e546e75ab17fc19561587761732b53645e6df097,False,complete,5000
cuhk03,kcenter,1,43,100,56.11216425895691,56.199997663497925,78.60000133514404,-0.9604036808013916,16,0,0,7f5b439f235f63bc89275945e253105cf9f90c114abc985935149579f01a9d02,16510d6bff2cc90ab6d1d4f2e546e75ab17fc19561587761732b53645e6df097,False,complete,5000
cuhk03,kcenter,1,43,300,56.57476186752319,56.90000057220459,78.60000133514404,-0.4978060722351074,16,0,0,7f5b439f235f63bc89275945e253105cf9f90c114abc985935149579f01a9d02,16510d6bff2cc90ab6d1d4f2e546e75ab17fc19561587761732b53645e6df097,False,complete,5000
cuhk03,kcenter,1,43,1000,50.32970905303955,51.499998569488525,72.10000157356262,-6.74285888671875,16,0,0,7f5b439f235f63bc89275945e253105cf9f90c114abc985935149579f01a9d02,16510d6bff2cc90ab6d1d4f2e546e75ab17fc19561587761732b53645e6df097,False,complete,5000
cuhk03,kcenter,1,43,3000,56.007325649261475,57.8000009059906,78.39999794960022,-1.0652422904968262,16,0,0,7f5b439f235f63bc89275945e253105cf9f90c114abc985935149579f01a9d02,16510d6bff2cc90ab6d1d4f2e546e75ab17fc19561587761732b53645e6df097,False,complete,5000
cuhk03,kcenter,1,43,5000,55.40425181388855,56.09999895095825,77.99999713897705,-1.668316125869751,16,0,0,7f5b439f235f63bc89275945e253105cf9f90c114abc985935149579f01a9d02,16510d6bff2cc90ab6d1d4f2e546e75ab17fc19561587761732b53645e6df097,False,complete,5000
cuhk03,kcenter,2,42,100,57.52175450325012,57.999998331069946,77.60000228881836,0.4491865634918213,16,0,0,fb01f4a884e8a4ee6e21a070dcd8e612a3d95a24cc2a2ab95f7111f04279e323,346e12b68c80bfe05c73eae1163dd5a3a33d53514fa9eec2906341d6cb78f7eb,False,complete,5000
cuhk03,kcenter,2,42,300,56.89915418624878,57.30000138282776,77.7999997138977,-0.17341375350952148,16,0,0,fb01f4a884e8a4ee6e21a070dcd8e612a3d95a24cc2a2ab95f7111f04279e323,346e12b68c80bfe05c73eae1163dd5a3a33d53514fa9eec2906341d6cb78f7eb,False,complete,5000
cuhk03,kcenter,2,42,1000,55.06235957145691,57.099997997283936,76.5999972820282,-2.0102083683013916,16,0,0,fb01f4a884e8a4ee6e21a070dcd8e612a3d95a24cc2a2ab95f7111f04279e323,346e12b68c80bfe05c73eae1163dd5a3a33d53514fa9eec2906341d6cb78f7eb,False,complete,5000
cuhk03,kcenter,2,42,3000,55.87344169616699,55.69999814033508,78.39999794960022,-1.1991262435913086,16,0,0,fb01f4a884e8a4ee6e21a070dcd8e612a3d95a24cc2a2ab95f7111f04279e323,346e12b68c80bfe05c73eae1163dd5a3a33d53514fa9eec2906341d6cb78f7eb,False,complete,5000
cuhk03,kcenter,2,42,5000,56.21551275253296,57.099997997283936,77.7999997138977,-0.8570551872253418,16,0,0,fb01f4a884e8a4ee6e21a070dcd8e612a3d95a24cc2a2ab95f7111f04279e323,346e12b68c80bfe05c73eae1163dd5a3a33d53514fa9eec2906341d6cb78f7eb,False,complete,5000
cuhk03,kcenter,2,43,100,57.40775465965271,58.09999704360962,77.7999997138977,0.3351867198944092,16,0,0,fb01f4a884e8a4ee6e21a070dcd8e612a3d95a24cc2a2ab95f7111f04279e323,346e12b68c80bfe05c73eae1163dd5a3a33d53514fa9eec2906341d6cb78f7eb,False,complete,5000
cuhk03,kcenter,2,43,300,57.0939302444458,57.89999961853027,78.29999923706055,0.0213623046875,16,0,0,fb01f4a884e8a4ee6e21a070dcd8e612a3d95a24cc2a2ab95f7111f04279e323,346e12b68c80bfe05c73eae1163dd5a3a33d53514fa9eec2906341d6cb78f7eb,False,complete,5000
cuhk03,kcenter,2,43,1000,55.61894774436951,56.49999976158142,76.99999809265137,-1.453620195388794,16,0,0,fb01f4a884e8a4ee6e21a070dcd8e612a3d95a24cc2a2ab95f7111f04279e323,346e12b68c80bfe05c73eae1163dd5a3a33d53514fa9eec2906341d6cb78f7eb,False,complete,5000
cuhk03,kcenter,2,43,3000,54.70114350318909,55.400002002716064,76.39999985694885,-2.371424436569214,16,0,0,fb01f4a884e8a4ee6e21a070dcd8e612a3d95a24cc2a2ab95f7111f04279e323,346e12b68c80bfe05c73eae1163dd5a3a33d53514fa9eec2906341d6cb78f7eb,False,complete,5000
cuhk03,kcenter,2,43,5000,53.30320596694946,53.50000262260437,75.90000033378601,-3.769361972808838,16,0,0,fb01f4a884e8a4ee6e21a070dcd8e612a3d95a24cc2a2ab95f7111f04279e323,346e12b68c80bfe05c73eae1163dd5a3a33d53514fa9eec2906341d6cb78f7eb,False,complete,5000
cuhk03,typical,0,42,100,56.49997591972351,57.8000009059906,76.70000195503235,-0.57259202003479,16,0,0,464ab36878f8185d7c62dbc61e726d87e20bb275f2d8653f7aef8b405db6f874,5e4112b5c68ce2b0e408b7f2131281e035b3869511e3fb3210c3011afa9b5696,False,complete,5000
cuhk03,typical,0,42,300,54.47855591773987,55.50000071525574,75.70000290870667,-2.5940120220184326,16,0,0,464ab36878f8185d7c62dbc61e726d87e20bb275f2d8653f7aef8b405db6f874,5e4112b5c68ce2b0e408b7f2131281e035b3869511e3fb3210c3011afa9b5696,False,complete,5000
cuhk03,typical,0,42,1000,53.54498624801636,55.50000071525574,75.59999823570251,-3.5275816917419434,16,0,0,464ab36878f8185d7c62dbc61e726d87e20bb275f2d8653f7aef8b405db6f874,5e4112b5c68ce2b0e408b7f2131281e035b3869511e3fb3210c3011afa9b5696,False,complete,5000
cuhk03,typical,0,42,3000,54.02931571006775,56.09999895095825,75.59999823570251,-3.0432522296905518,16,0,0,464ab36878f8185d7c62dbc61e726d87e20bb275f2d8653f7aef8b405db6f874,5e4112b5c68ce2b0e408b7f2131281e035b3869511e3fb3210c3011afa9b5696,False,complete,5000
cuhk03,typical,0,42,5000,50.67945718765259,52.30000019073486,73.60000014305115,-6.393110752105713,16,0,0,464ab36878f8185d7c62dbc61e726d87e20bb275f2d8653f7aef8b405db6f874,5e4112b5c68ce2b0e408b7f2131281e035b3869511e3fb3210c3011afa9b5696,False,complete,5000
cuhk03,typical,0,43,100,55.05902171134949,56.49999976158142,75.19999742507935,-2.0135462284088135,16,0,0,464ab36878f8185d7c62dbc61e726d87e20bb275f2d8653f7aef8b405db6f874,5e4112b5c68ce2b0e408b7f2131281e035b3869511e3fb3210c3011afa9b5696,False,complete,5000
cuhk03,typical,0,43,300,52.96778678894043,54.00000214576721,72.39999771118164,-4.104781150817871,16,0,0,464ab36878f8185d7c62dbc61e726d87e20bb275f2d8653f7aef8b405db6f874,5e4112b5c68ce2b0e408b7f2131281e035b3869511e3fb3210c3011afa9b5696,False,complete,5000
cuhk03,typical,0,43,1000,49.22860264778137,50.80000162124634,72.69999980926514,-7.843965291976929,16,0,0,464ab36878f8185d7c62dbc61e726d87e20bb275f2d8653f7aef8b405db6f874,5e4112b5c68ce2b0e408b7f2131281e035b3869511e3fb3210c3011afa9b5696,False,complete,5000
cuhk03,typical,0,43,3000,50.48208832740784,53.79999876022339,73.1000006198883,-6.590479612350464,16,0,0,464ab36878f8185d7c62dbc61e726d87e20bb275f2d8653f7aef8b405db6f874,5e4112b5c68ce2b0e408b7f2131281e035b3869511e3fb3210c3011afa9b5696,False,complete,5000
cuhk03,typical,0,43,5000,50.87025165557861,52.399998903274536,74.29999709129333,-6.2023162841796875,16,0,0,464ab36878f8185d7c62dbc61e726d87e20bb275f2d8653f7aef8b405db6f874,5e4112b5c68ce2b0e408b7f2131281e035b3869511e3fb3210c3011afa9b5696,False,complete,5000
cuhk03,typical,1,42,100,54.90092635154724,57.59999752044678,74.90000128746033,-2.1716415882110596,16,0,0,196af8a54132f454e4930207eda34314bf21009b52af216f045ac280d2d514bf,419310fc7669ed748cc49c3677d7a197af7e97948ecf0214760771639fdca955,False,complete,5000
cuhk03,typical,1,42,300,55.5478572845459,57.499998807907104,75.49999952316284,-1.5247106552124023,16,0,0,196af8a54132f454e4930207eda34314bf21009b52af216f045ac280d2d514bf,419310fc7669ed748cc49c3677d7a197af7e97948ecf0214760771639fdca955,False,complete,5000
cuhk03,typical,1,42,1000,53.29486131668091,54.500001668930054,76.2000024318695,-3.7777066230773926,16,0,0,196af8a54132f454e4930207eda34314bf21009b52af216f045ac280d2d514bf,419310fc7669ed748cc49c3677d7a197af7e97948ecf0214760771639fdca955,False,complete,5000
cuhk03,typical,1,42,3000,52.83689498901367,54.00000214576721,75.0,-4.235672950744629,16,0,0,196af8a54132f454e4930207eda34314bf21009b52af216f045ac280d2d514bf,419310fc7669ed748cc49c3677d7a197af7e97948ecf0214760771639fdca955,False,complete,5000
cuhk03,typical,1,42,5000,49.136197566986084,50.300002098083496,71.60000205039978,-7.936370372772217,16,0,0,196af8a54132f454e4930207eda34314bf21009b52af216f045ac280d2d514bf,419310fc7669ed748cc49c3677d7a197af7e97948ecf0214760771639fdca955,False,complete,5000
cuhk03,typical,1,43,100,54.517048597335815,56.49999976158142,76.09999775886536,-2.5555193424224854,16,0,0,196af8a54132f454e4930207eda34314bf21009b52af216f045ac280d2d514bf,419310fc7669ed748cc49c3677d7a197af7e97948ecf0214760771639fdca955,False,complete,5000
cuhk03,typical,1,43,300,53.54234576225281,54.500001668930054,75.70000290870667,-3.530222177505493,16,0,0,196af8a54132f454e4930207eda34314bf21009b52af216f045ac280d2d514bf,419310fc7669ed748cc49c3677d7a197af7e97948ecf0214760771639fdca955,False,complete,5000
cuhk03,typical,1,43,1000,54.387861490249634,57.40000009536743,75.19999742507935,-2.684706449508667,16,0,0,196af8a54132f454e4930207eda34314bf21009b52af216f045ac280d2d514bf,419310fc7669ed748cc49c3677d7a197af7e97948ecf0214760771639fdca955,False,complete,5000
cuhk03,typical,1,43,3000,51.28520131111145,54.100000858306885,72.89999723434448,-5.787366628646851,16,0,0,196af8a54132f454e4930207eda34314bf21009b52af216f045ac280d2d514bf,419310fc7669ed748cc49c3677d7a197af7e97948ecf0214760771639fdca955,False,complete,5000
cuhk03,typical,1,43,5000,50.388866662979126,52.70000100135803,73.50000143051147,-6.683701276779175,16,0,0,196af8a54132f454e4930207eda34314bf21009b52af216f045ac280d2d514bf,419310fc7669ed748cc49c3677d7a197af7e97948ecf0214760771639fdca955,False,complete,5000
cuhk03,typical,2,42,100,55.58059811592102,56.49999976158142,76.5999972820282,-1.4919698238372803,16,0,0,7b4d8d2cd8f028b9e8aff21d6cb50cb1d215c04430cf862ee93a6cf702c02db1,520b9c9e55b6c7c769f67f28ffd81651bbac2d33b42f049fe6f569a8b5c6d356,False,complete,5000
cuhk03,typical,2,42,300,53.550636768341064,55.50000071525574,74.00000095367432,-3.5219311714172363,16,0,0,7b4d8d2cd8f028b9e8aff21d6cb50cb1d215c04430cf862ee93a6cf702c02db1,520b9c9e55b6c7c769f67f28ffd81651bbac2d33b42f049fe6f569a8b5c6d356,False,complete,5000
cuhk03,typical,2,42,1000,51.758646965026855,53.79999876022339,73.00000190734863,-5.313920974731445,16,0,0,7b4d8d2cd8f028b9e8aff21d6cb50cb1d215c04430cf862ee93a6cf702c02db1,520b9c9e55b6c7c769f67f28ffd81651bbac2d33b42f049fe6f569a8b5c6d356,False,complete,5000
cuhk03,typical,2,42,3000,49.45732653141022,51.39999985694885,70.99999785423279,-7.6152414083480835,16,0,0,7b4d8d2cd8f028b9e8aff21d6cb50cb1d215c04430cf862ee93a6cf702c02db1,520b9c9e55b6c7c769f67f28ffd81651bbac2d33b42f049fe6f569a8b5c6d356,False,complete,5000
cuhk03,typical,2,42,5000,51.58061385154724,53.79999876022339,73.7999975681305,-5.49195408821106,16,0,0,7b4d8d2cd8f028b9e8aff21d6cb50cb1d215c04430cf862ee93a6cf702c02db1,520b9c9e55b6c7c769f67f28ffd81651bbac2d33b42f049fe6f569a8b5c6d356,False,complete,5000
cuhk03,typical,2,43,100,54.63731288909912,55.80000281333923,75.90000033378601,-2.4352550506591797,16,0,0,7b4d8d2cd8f028b9e8aff21d6cb50cb1d215c04430cf862ee93a6cf702c02db1,520b9c9e55b6c7c769f67f28ffd81651bbac2d33b42f049fe6f569a8b5c6d356,False,complete,5000
cuhk03,typical,2,43,300,51.42858028411865,52.70000100135803,72.00000286102295,-5.643987655639648,16,0,0,7b4d8d2cd8f028b9e8aff21d6cb50cb1d215c04430cf862ee93a6cf702c02db1,520b9c9e55b6c7c769f67f28ffd81651bbac2d33b42f049fe6f569a8b5c6d356,False,complete,5000
cuhk03,typical,2,43,1000,54.980599880218506,57.30000138282776,75.80000162124634,-2.091968059539795,16,0,0,7b4d8d2cd8f028b9e8aff21d6cb50cb1d215c04430cf862ee93a6cf702c02db1,520b9c9e55b6c7c769f67f28ffd81651bbac2d33b42f049fe6f569a8b5c6d356,False,complete,5000
cuhk03,typical,2,43,3000,51.57567858695984,53.39999794960022,73.50000143051147,-5.496889352798462,16,0,0,7b4d8d2cd8f028b9e8aff21d6cb50cb1d215c04430cf862ee93a6cf702c02db1,520b9c9e55b6c7c769f67f28ffd81651bbac2d33b42f049fe6f569a8b5c6d356,False,complete,5000
cuhk03,typical,2,43,5000,49.67769384384155,51.99999809265137,72.60000109672546,-7.394874095916748,16,0,0,7b4d8d2cd8f028b9e8aff21d6cb50cb1d215c04430cf862ee93a6cf702c02db1,520b9c9e55b6c7c769f67f28ffd81651bbac2d33b42f049fe6f569a8b5c6d356,False,complete,5000
cuhk03,hard_negative,0,42,100,57.29178786277771,58.70000123977661,79.40000295639038,0.21921992301940918,16,0,0,37efc5ad1f5e02bb97f04d4bd30d2155602b3d003e79e3b417c119eeaad6975a,343050b04db3b8b551cd5fa622104afedb30b91e2249bd75b81e65c33118cf85,False,complete,5000
cuhk03,hard_negative,0,42,300,56.96156024932861,58.60000252723694,78.89999747276306,-0.1110076904296875,16,0,0,37efc5ad1f5e02bb97f04d4bd30d2155602b3d003e79e3b417c119eeaad6975a,343050b04db3b8b551cd5fa622104afedb30b91e2249bd75b81e65c33118cf85,False,complete,5000
cuhk03,hard_negative,0,42,1000,53.96035313606262,54.79999780654907,76.70000195503235,-3.1122148036956787,16,0,0,37efc5ad1f5e02bb97f04d4bd30d2155602b3d003e79e3b417c119eeaad6975a,343050b04db3b8b551cd5fa622104afedb30b91e2249bd75b81e65c33118cf85,False,complete,5000
cuhk03,hard_negative,0,42,3000,46.87022566795349,47.999998927116394,69.9999988079071,-10.20234227180481,16,0,0,37efc5ad1f5e02bb97f04d4bd30d2155602b3d003e79e3b417c119eeaad6975a,343050b04db3b8b551cd5fa622104afedb30b91e2249bd75b81e65c33118cf85,False,complete,5000
cuhk03,hard_negative,0,42,5000,51.34625434875488,53.89999747276306,72.60000109672546,-5.726313591003418,16,0,0,37efc5ad1f5e02bb97f04d4bd30d2155602b3d003e79e3b417c119eeaad6975a,343050b04db3b8b551cd5fa622104afedb30b91e2249bd75b81e65c33118cf85,False,complete,5000
cuhk03,hard_negative,0,43,100,56.71529769897461,57.099997997283936,79.79999780654907,-0.3572702407836914,16,0,0,37efc5ad1f5e02bb97f04d4bd30d2155602b3d003e79e3b417c119eeaad6975a,343050b04db3b8b551cd5fa622104afedb30b91e2249bd75b81e65c33118cf85,False,complete,5000
cuhk03,hard_negative,0,43,300,54.547691345214844,56.49999976158142,77.39999890327454,-2.524876594543457,16,0,0,37efc5ad1f5e02bb97f04d4bd30d2155602b3d003e79e3b417c119eeaad6975a,343050b04db3b8b551cd5fa622104afedb30b91e2249bd75b81e65c33118cf85,False,complete,5000
cuhk03,hard_negative,0,43,1000,55.03953695297241,56.80000185966492,77.89999842643738,-2.0330309867858887,16,0,0,37efc5ad1f5e02bb97f04d4bd30d2155602b3d003e79e3b417c119eeaad6975a,343050b04db3b8b551cd5fa622104afedb30b91e2249bd75b81e65c33118cf85,False,complete,5000
cuhk03,hard_negative,0,43,3000,47.78542518615723,49.70000088214874,69.9999988079071,-9.287142753601074,16,0,0,37efc5ad1f5e02bb97f04d4bd30d2155602b3d003e79e3b417c119eeaad6975a,343050b04db3b8b551cd5fa622104afedb30b91e2249bd75b81e65c33118cf85,False,complete,5000
cuhk03,hard_negative,0,43,5000,46.77401781082153,48.30000102519989,69.30000185966492,-10.298550128936768,16,0,0,37efc5ad1f5e02bb97f04d4bd30d2155602b3d003e79e3b417c119eeaad6975a,343050b04db3b8b551cd5fa622104afedb30b91e2249bd75b81e65c33118cf85,False,complete,5000
cuhk03,hard_negative,1,42,100,52.690958976745605,55.09999990463257,72.50000238418579,-4.381608963012695,16,0,0,8eb47ae0b805f28fabafbed4bd8265ec12eb38afd7af4877fb1a17e3e024447f,04f1d12789a1a81f78e994206868b5885d88f32844881147fb5d292750daeca4,False,complete,5000
cuhk03,hard_negative,1,42,300,51.128023862838745,53.39999794960022,72.00000286102295,-5.944544076919556,16,0,0,8eb47ae0b805f28fabafbed4bd8265ec12eb38afd7af4877fb1a17e3e024447f,04f1d12789a1a81f78e994206868b5885d88f32844881147fb5d292750daeca4,False,complete,5000
cuhk03,hard_negative,1,42,1000,50.80029368400574,52.799999713897705,73.69999885559082,-6.2722742557525635,16,0,0,8eb47ae0b805f28fabafbed4bd8265ec12eb38afd7af4877fb1a17e3e024447f,04f1d12789a1a81f78e994206868b5885d88f32844881147fb5d292750daeca4,False,complete,5000
cuhk03,hard_negative,1,42,3000,45.324575901031494,47.79999852180481,68.50000023841858,-11.747992038726807,16,0,0,8eb47ae0b805f28fabafbed4bd8265ec12eb38afd7af4877fb1a17e3e024447f,04f1d12789a1a81f78e994206868b5885d88f32844881147fb5d292750daeca4,False,complete,5000
cuhk03,hard_negative,1,42,5000,42.78549253940582,45.19999921321869,68.90000104904175,-14.287075400352478,16,0,0,8eb47ae0b805f28fabafbed4bd8265ec12eb38afd7af4877fb1a17e3e024447f,04f1d12789a1a81f78e994206868b5885d88f32844881147fb5d292750daeca4,False,complete,5000
cuhk03,hard_negative,1,43,100,51.70930027961731,53.79999876022339,72.29999899864197,-5.363267660140991,16,0,0,8eb47ae0b805f28fabafbed4bd8265ec12eb38afd7af4877fb1a17e3e024447f,04f1d12789a1a81f78e994206868b5885d88f32844881147fb5d292750daeca4,False,complete,5000
cuhk03,hard_negative,1,43,300,48.97192418575287,50.49999952316284,70.80000042915344,-8.100643754005432,16,0,0,8eb47ae0b805f28fabafbed4bd8265ec12eb38afd7af4877fb1a17e3e024447f,04f1d12789a1a81f78e994206868b5885d88f32844881147fb5d292750daeca4,False,complete,5000
cuhk03,hard_negative,1,43,1000,47.99971878528595,50.0,70.3000009059906,-9.072849154472351,16,0,0,8eb47ae0b805f28fabafbed4bd8265ec12eb38afd7af4877fb1a17e3e024447f,04f1d12789a1a81f78e994206868b5885d88f32844881147fb5d292750daeca4,False,complete,5000
cuhk03,hard_negative,1,43,3000,48.721492290496826,51.499998569488525,70.99999785423279,-8.351075649261475,16,0,0,8eb47ae0b805f28fabafbed4bd8265ec12eb38afd7af4877fb1a17e3e024447f,04f1d12789a1a81f78e994206868b5885d88f32844881147fb5d292750daeca4,False,complete,5000
cuhk03,hard_negative,1,43,5000,46.657925844192505,50.199997425079346,72.00000286102295,-10.414642095565796,16,0,0,8eb47ae0b805f28fabafbed4bd8265ec12eb38afd7af4877fb1a17e3e024447f,04f1d12789a1a81f78e994206868b5885d88f32844881147fb5d292750daeca4,False,complete,5000
cuhk03,hard_negative,2,42,100,54.005104303359985,55.299997329711914,75.70000290870667,-3.0674636363983154,16,0,0,30094c0e53de1dc96fe178815ba506d202d6892c168d812aa4ae61bcc69bf1bc,397f94b4d50ebac9804de0ac5ec9968453b4fef2115e1e855604d20251c89409,False,complete,5000
cuhk03,hard_negative,2,42,300,50.946152210235596,53.200000524520874,74.19999837875366,-6.126415729522705,16,0,0,30094c0e53de1dc96fe178815ba506d202d6892c168d812aa4ae61bcc69bf1bc,397f94b4d50ebac9804de0ac5ec9968453b4fef2115e1e855604d20251c89409,False,complete,5000
cuhk03,hard_negative,2,42,1000,47.36796021461487,49.2000013589859,70.59999704360962,-9.704607725143433,16,0,0,30094c0e53de1dc96fe178815ba506d202d6892c168d812aa4ae61bcc69bf1bc,397f94b4d50ebac9804de0ac5ec9968453b4fef2115e1e855604d20251c89409,False,complete,5000
cuhk03,hard_negative,2,42,3000,48.16072881221771,50.0,71.60000205039978,-8.911839127540588,16,0,0,30094c0e53de1dc96fe178815ba506d202d6892c168d812aa4ae61bcc69bf1bc,397f94b4d50ebac9804de0ac5ec9968453b4fef2115e1e855604d20251c89409,False,complete,5000
cuhk03,hard_negative,2,42,5000,47.50767946243286,50.0,69.30000185966492,-9.56488847732544,16,0,0,30094c0e53de1dc96fe178815ba506d202d6892c168d812aa4ae61bcc69bf1bc,397f94b4d50ebac9804de0ac5ec9968453b4fef2115e1e855604d20251c89409,False,complete,5000
cuhk03,hard_negative,2,43,100,54.11161780357361,53.60000133514404,75.49999952316284,-2.9609501361846924,16,0,0,30094c0e53de1dc96fe178815ba506d202d6892c168d812aa4ae61bcc69bf1bc,397f94b4d50ebac9804de0ac5ec9968453b4fef2115e1e855604d20251c89409,False,complete,5000
cuhk03,hard_negative,2,43,300,52.46555209159851,53.60000133514404,74.40000176429749,-4.60701584815979,16,0,0,30094c0e53de1dc96fe178815ba506d202d6892c168d812aa4ae61bcc69bf1bc,397f94b4d50ebac9804de0ac5ec9968453b4fef2115e1e855604d20251c89409,False,complete,5000
cuhk03,hard_negative,2,43,1000,50.314295291900635,51.99999809265137,73.50000143051147,-6.758272647857666,16,0,0,30094c0e53de1dc96fe178815ba506d202d6892c168d812aa4ae61bcc69bf1bc,397f94b4d50ebac9804de0ac5ec9968453b4fef2115e1e855604d20251c89409,False,complete,5000
cuhk03,hard_negative,2,43,3000,49.44405257701874,51.39999985694885,72.2000002861023,-7.628515362739563,16,0,0,30094c0e53de1dc96fe178815ba506d202d6892c168d812aa4ae61bcc69bf1bc,397f94b4d50ebac9804de0ac5ec9968453b4fef2115e1e855604d20251c89409,False,complete,5000
cuhk03,hard_negative,2,43,5000,49.985700845718384,52.20000147819519,74.09999966621399,-7.086867094039917,16,0,0,30094c0e53de1dc96fe178815ba506d202d6892c168d812aa4ae61bcc69bf1bc,397f94b4d50ebac9804de0ac5ec9968453b4fef2115e1e855604d20251c89409,False,complete,5000
cuhk03,facility,0,42,100,54.33897376060486,56.09999895095825,76.09999775886536,-2.7335941791534424,16,0,0,1626db2cbe259b662637f68dc2137dbda3efb25fe64e04fa3d1ef1ce032d49a8,d5a58886010097916f03cbd086b907dd0af558126d5bbab1b6c781dcc286ef71,False,complete,5000
cuhk03,facility,0,42,300,51.29801034927368,52.799999713897705,73.4000027179718,-5.774557590484619,16,0,0,1626db2cbe259b662637f68dc2137dbda3efb25fe64e04fa3d1ef1ce032d49a8,d5a58886010097916f03cbd086b907dd0af558126d5bbab1b6c781dcc286ef71,False,complete,5000
cuhk03,facility,0,42,1000,51.91998481750488,54.500001668930054,74.50000047683716,-5.152583122253418,16,0,0,1626db2cbe259b662637f68dc2137dbda3efb25fe64e04fa3d1ef1ce032d49a8,d5a58886010097916f03cbd086b907dd0af558126d5bbab1b6c781dcc286ef71,False,complete,5000
cuhk03,facility,0,42,3000,48.443591594696045,50.0,72.00000286102295,-8.628976345062256,16,0,0,1626db2cbe259b662637f68dc2137dbda3efb25fe64e04fa3d1ef1ce032d49a8,d5a58886010097916f03cbd086b907dd0af558126d5bbab1b6c781dcc286ef71,False,complete,5000
cuhk03,facility,0,42,5000,44.47820484638214,46.70000076293945,66.69999957084656,-12.59436309337616,16,0,0,1626db2cbe259b662637f68dc2137dbda3efb25fe64e04fa3d1ef1ce032d49a8,d5a58886010097916f03cbd086b907dd0af558126d5bbab1b6c781dcc286ef71,False,complete,5000
cuhk03,facility,0,43,100,55.083853006362915,56.80000185966492,76.30000114440918,-1.9887149333953857,16,0,0,1626db2cbe259b662637f68dc2137dbda3efb25fe64e04fa3d1ef1ce032d49a8,d5a58886010097916f03cbd086b907dd0af558126d5bbab1b6c781dcc286ef71,False,complete,5000
cuhk03,facility,0,43,300,53.78619432449341,55.19999861717224,75.09999871253967,-3.2863736152648926,16,0,0,1626db2cbe259b662637f68dc2137dbda3efb25fe64e04fa3d1ef1ce032d49a8,d5a58886010097916f03cbd086b907dd0af558126d5bbab1b6c781dcc286ef71,False,complete,5000
cuhk03,facility,0,43,1000,51.5292227268219,52.70000100135803,73.29999804496765,-5.543345212936401,16,0,0,1626db2cbe259b662637f68dc2137dbda3efb25fe64e04fa3d1ef1ce032d49a8,d5a58886010097916f03cbd086b907dd0af558126d5bbab1b6c781dcc286ef71,False,complete,5000
cuhk03,facility,0,43,3000,45.64100205898285,47.09999859333038,68.50000023841858,-11.431565880775452,16,0,0,1626db2cbe259b662637f68dc2137dbda3efb25fe64e04fa3d1ef1ce032d49a8,d5a58886010097916f03cbd086b907dd0af558126d5bbab1b6c781dcc286ef71,False,complete,5000
cuhk03,facility,0,43,5000,46.44521176815033,48.39999973773956,68.59999895095825,-10.627356171607971,16,0,0,1626db2cbe259b662637f68dc2137dbda3efb25fe64e04fa3d1ef1ce032d49a8,d5a58886010097916f03cbd086b907dd0af558126d5bbab1b6c781dcc286ef71,False,complete,5000
cuhk03,facility,1,42,100,55.415600538253784,57.30000138282776,77.10000276565552,-1.6569674015045166,16,0,0,4c79101e4ceb506358b1b7bc7ac827eb71f3cbe03724836c1e50aae78cfec021,d86c9e18b26336466a4b5c5089ec6d6301cf9473b6c4ddff214f1716cbf2168a,False,complete,5000
cuhk03,facility,1,42,300,55.667316913604736,58.09999704360962,78.20000052452087,-1.4052510261535645,16,0,0,4c79101e4ceb506358b1b7bc7ac827eb71f3cbe03724836c1e50aae78cfec021,d86c9e18b26336466a4b5c5089ec6d6301cf9473b6c4ddff214f1716cbf2168a,False,complete,5000
cuhk03,facility,1,42,1000,50.271451473236084,52.30000019073486,73.1000006198883,-6.801116466522217,16,0,0,4c79101e4ceb506358b1b7bc7ac827eb71f3cbe03724836c1e50aae78cfec021,d86c9e18b26336466a4b5c5089ec6d6301cf9473b6c4ddff214f1716cbf2168a,False,complete,5000
cuhk03,facility,1,42,3000,51.343053579330444,53.89999747276306,74.6999979019165,-5.7295143604278564,16,0,0,4c79101e4ceb506358b1b7bc7ac827eb71f3cbe03724836c1e50aae78cfec021,d86c9e18b26336466a4b5c5089ec6d6301cf9473b6c4ddff214f1716cbf2168a,False,complete,5000
cuhk03,facility,1,42,5000,50.330644845962524,53.200000524520874,74.00000095367432,-6.741923093795776,16,0,0,4c79101e4ceb506358b1b7bc7ac827eb71f3cbe03724836c1e50aae78cfec021,d86c9e18b26336466a4b5c5089ec6d6301cf9473b6c4ddff214f1716cbf2168a,False,complete,5000
cuhk03,facility,1,43,100,58.04927349090576,59.79999899864197,79.10000085830688,0.9767055511474609,16,0,0,4c79101e4ceb506358b1b7bc7ac827eb71f3cbe03724836c1e50aae78cfec021,d86c9e18b26336466a4b5c5089ec6d6301cf9473b6c4ddff214f1716cbf2168a,False,complete,5000
cuhk03,facility,1,43,300,56.481748819351196,58.30000042915344,79.29999828338623,-0.5908191204071045,16,0,0,4c79101e4ceb506358b1b7bc7ac827eb71f3cbe03724836c1e50aae78cfec021,d86c9e18b26336466a4b5c5089ec6d6301cf9473b6c4ddff214f1716cbf2168a,False,complete,5000
cuhk03,facility,1,43,1000,51.88227295875549,54.19999957084656,74.90000128746033,-5.190294981002808,16,0,0,4c79101e4ceb506358b1b7bc7ac827eb71f3cbe03724836c1e50aae78cfec021,d86c9e18b26336466a4b5c5089ec6d6301cf9473b6c4ddff214f1716cbf2168a,False,complete,5000
cuhk03,facility,1,43,3000,52.1220326423645,54.60000038146973,74.50000047683716,-4.950535297393799,16,0,0,4c79101e4ceb506358b1b7bc7ac827eb71f3cbe03724836c1e50aae78cfec021,d86c9e18b26336466a4b5c5089ec6d6301cf9473b6c4ddff214f1716cbf2168a,False,complete,5000
cuhk03,facility,1,43,5000,49.83823299407959,51.499998569488525,73.19999933242798,-7.234334945678711,16,0,0,4c79101e4ceb506358b1b7bc7ac827eb71f3cbe03724836c1e50aae78cfec021,d86c9e18b26336466a4b5c5089ec6d6301cf9473b6c4ddff214f1716cbf2168a,False,complete,5000
cuhk03,facility,2,42,100,55.22581338882446,57.70000219345093,77.30000019073486,-1.846754550933838,16,0,0,ca5e7877039c7c276364a6cf5dad67224c863fcac3c66918b4f6f6a38d6c00dd,98b70ff7ac040d6d91fd46c0d98ecb5f9c8186d9a2330e50eb958d0fe7f7bab8,False,complete,5000
cuhk03,facility,2,42,300,53.54222655296326,55.50000071525574,75.49999952316284,-3.530341386795044,16,0,0,ca5e7877039c7c276364a6cf5dad67224c863fcac3c66918b4f6f6a38d6c00dd,98b70ff7ac040d6d91fd46c0d98ecb5f9c8186d9a2330e50eb958d0fe7f7bab8,False,complete,5000
cuhk03,facility,2,42,1000,50.80168843269348,52.99999713897705,72.79999852180481,-6.270879507064819,16,0,0,ca5e7877039c7c276364a6cf5dad67224c863fcac3c66918b4f6f6a38d6c00dd,98b70ff7ac040d6d91fd46c0d98ecb5f9c8186d9a2330e50eb958d0fe7f7bab8,False,complete,5000
cuhk03,facility,2,42,3000,50.50674080848694,53.50000262260437,72.89999723434448,-6.565827131271362,16,0,0,ca5e7877039c7c276364a6cf5dad67224c863fcac3c66918b4f6f6a38d6c00dd,98b70ff7ac040d6d91fd46c0d98ecb5f9c8186d9a2330e50eb958d0fe7f7bab8,False,complete,5000
cuhk03,facility,2,42,5000,46.70533537864685,48.899999260902405,70.89999914169312,-10.36723256111145,16,0,0,ca5e7877039c7c276364a6cf5dad67224c863fcac3c66918b4f6f6a38d6c00dd,98b70ff7ac040d6d91fd46c0d98ecb5f9c8186d9a2330e50eb958d0fe7f7bab8,False,complete,5000
cuhk03,facility,2,43,100,52.479368448257446,52.70000100135803,74.50000047683716,-4.5931994915008545,16,0,0,ca5e7877039c7c276364a6cf5dad67224c863fcac3c66918b4f6f6a38d6c00dd,98b70ff7ac040d6d91fd46c0d98ecb5f9c8186d9a2330e50eb958d0fe7f7bab8,False,complete,5000
cuhk03,facility,2,43,300,54.357218742370605,56.80000185966492,75.90000033378601,-2.7153491973876953,16,0,0,ca5e7877039c7c276364a6cf5dad67224c863fcac3c66918b4f6f6a38d6c00dd,98b70ff7ac040d6d91fd46c0d98ecb5f9c8186d9a2330e50eb958d0fe7f7bab8,False,complete,5000
cuhk03,facility,2,43,1000,50.88862180709839,53.79999876022339,73.29999804496765,-6.183946132659912,16,0,0,ca5e7877039c7c276364a6cf5dad67224c863fcac3c66918b4f6f6a38d6c00dd,98b70ff7ac040d6d91fd46c0d98ecb5f9c8186d9a2330e50eb958d0fe7f7bab8,False,complete,5000
cuhk03,facility,2,43,3000,49.81415867805481,51.80000066757202,73.00000190734863,-7.258409261703491,16,0,0,ca5e7877039c7c276364a6cf5dad67224c863fcac3c66918b4f6f6a38d6c00dd,98b70ff7ac040d6d91fd46c0d98ecb5f9c8186d9a2330e50eb958d0fe7f7bab8,False,complete,5000
cuhk03,facility,2,43,5000,51.58302187919617,54.40000295639038,75.59999823570251,-5.489546060562134,16,0,0,ca5e7877039c7c276364a6cf5dad67224c863fcac3c66918b4f6f6a38d6c00dd,98b70ff7ac040d6d91fd46c0d98ecb5f9c8186d9a2330e50eb958d0fe7f7bab8,False,complete,5000
cuhk03,facility_camera,0,42,100,54.22131419181824,56.40000104904175,74.90000128746033,-2.8512537479400635,16,0,0,494775cd199dd98fd291275bcb26ee0f10077540871fbcfa5e0514cbc20ffb8b,0c603fc59fcc2efbb839cbba50edeca8841f78f6f54ce69011d1787372623c34,False,complete,5000
cuhk03,facility_camera,0,42,300,52.03390717506409,53.60000133514404,73.90000224113464,-5.038660764694214,16,0,0,494775cd199dd98fd291275bcb26ee0f10077540871fbcfa5e0514cbc20ffb8b,0c603fc59fcc2efbb839cbba50edeca8841f78f6f54ce69011d1787372623c34,False,complete,5000
cuhk03,facility_camera,0,42,1000,50.07370114326477,51.30000114440918,73.50000143051147,-6.99886679649353,16,0,0,494775cd199dd98fd291275bcb26ee0f10077540871fbcfa5e0514cbc20ffb8b,0c603fc59fcc2efbb839cbba50edeca8841f78f6f54ce69011d1787372623c34,False,complete,5000
cuhk03,facility_camera,0,42,3000,52.51078009605408,55.09999990463257,73.60000014305115,-4.561787843704224,16,0,0,494775cd199dd98fd291275bcb26ee0f10077540871fbcfa5e0514cbc20ffb8b,0c603fc59fcc2efbb839cbba50edeca8841f78f6f54ce69011d1787372623c34,False,complete,5000
cuhk03,facility_camera,0,42,5000,50.916945934295654,52.49999761581421,73.1000006198883,-6.1556220054626465,16,0,0,494775cd199dd98fd291275bcb26ee0f10077540871fbcfa5e0514cbc20ffb8b,0c603fc59fcc2efbb839cbba50edeca8841f78f6f54ce69011d1787372623c34,False,complete,5000
cuhk03,facility_camera,0,43,100,55.376482009887695,56.300002336502075,75.80000162124634,-1.6960859298706055,16,0,0,494775cd199dd98fd291275bcb26ee0f10077540871fbcfa5e0514cbc20ffb8b,0c603fc59fcc2efbb839cbba50edeca8841f78f6f54ce69011d1787372623c34,False,complete,5000
cuhk03,facility_camera,0,43,300,55.69363236427307,56.599998474121094,77.89999842643738,-1.3789355754852295,16,0,0,494775cd199dd98fd291275bcb26ee0f10077540871fbcfa5e0514cbc20ffb8b,0c603fc59fcc2efbb839cbba50edeca8841f78f6f54ce69011d1787372623c34,False,complete,5000
cuhk03,facility_camera,0,43,1000,53.263920545578,54.500001668930054,75.80000162124634,-3.808647394180298,16,0,0,494775cd199dd98fd291275bcb26ee0f10077540871fbcfa5e0514cbc20ffb8b,0c603fc59fcc2efbb839cbba50edeca8841f78f6f54ce69011d1787372623c34,False,complete,5000
cuhk03,facility_camera,0,43,3000,51.798468828201294,53.60000133514404,74.09999966621399,-5.274099111557007,16,0,0,494775cd199dd98fd291275bcb26ee0f10077540871fbcfa5e0514cbc20ffb8b,0c603fc59fcc2efbb839cbba50edeca8841f78f6f54ce69011d1787372623c34,False,complete,5000
cuhk03,facility_camera,0,43,5000,49.05192852020264,50.599998235702515,72.00000286102295,-8.020639419555664,16,0,0,494775cd199dd98fd291275bcb26ee0f10077540871fbcfa5e0514cbc20ffb8b,0c603fc59fcc2efbb839cbba50edeca8841f78f6f54ce69011d1787372623c34,False,complete,5000
cuhk03,facility_camera,1,42,100,55.67285418510437,57.999998331069946,76.8999993801117,-1.3997137546539307,16,0,0,4533579d562b09c198c2165b91f3299e2a5685b218b4779e7e831192f8a5b9c7,03340502653c60ce82f0405eb974c722b2bbf22b3f225e9dbe9ddfe0faab4b45,False,complete,5000
cuhk03,facility_camera,1,42,300,54.510319232940674,56.99999928474426,76.09999775886536,-2.562248706817627,16,0,0,4533579d562b09c198c2165b91f3299e2a5685b218b4779e7e831192f8a5b9c7,03340502653c60ce82f0405eb974c722b2bbf22b3f225e9dbe9ddfe0faab4b45,False,complete,5000
cuhk03,facility_camera,1,42,1000,54.42548394203186,56.40000104904175,77.70000100135803,-2.6470839977264404,16,0,0,4533579d562b09c198c2165b91f3299e2a5685b218b4779e7e831192f8a5b9c7,03340502653c60ce82f0405eb974c722b2bbf22b3f225e9dbe9ddfe0faab4b45,False,complete,5000
cuhk03,facility_camera,1,42,3000,47.02805280685425,48.60000014305115,69.30000185966492,-10.044515132904053,16,0,0,4533579d562b09c198c2165b91f3299e2a5685b218b4779e7e831192f8a5b9c7,03340502653c60ce82f0405eb974c722b2bbf22b3f225e9dbe9ddfe0faab4b45,False,complete,5000
cuhk03,facility_camera,1,42,5000,50.271761417388916,52.60000228881836,74.40000176429749,-6.800806522369385,16,0,0,4533579d562b09c198c2165b91f3299e2a5685b218b4779e7e831192f8a5b9c7,03340502653c60ce82f0405eb974c722b2bbf22b3f225e9dbe9ddfe0faab4b45,False,complete,5000
cuhk03,facility_camera,1,43,100,55.73577880859375,56.90000057220459,78.20000052452087,-1.3367891311645508,16,0,0,4533579d562b09c198c2165b91f3299e2a5685b218b4779e7e831192f8a5b9c7,03340502653c60ce82f0405eb974c722b2bbf22b3f225e9dbe9ddfe0faab4b45,False,complete,5000
cuhk03,facility_camera,1,43,300,55.160969495773315,55.900001525878906,76.80000066757202,-1.9115984439849854,16,0,0,4533579d562b09c198c2165b91f3299e2a5685b218b4779e7e831192f8a5b9c7,03340502653c60ce82f0405eb974c722b2bbf22b3f225e9dbe9ddfe0faab4b45,False,complete,5000
cuhk03,facility_camera,1,43,1000,50.27396082878113,50.80000162124634,72.60000109672546,-6.798607110977173,16,0,0,4533579d562b09c198c2165b91f3299e2a5685b218b4779e7e831192f8a5b9c7,03340502653c60ce82f0405eb974c722b2bbf22b3f225e9dbe9ddfe0faab4b45,False,complete,5000
cuhk03,facility_camera,1,43,3000,51.020294427871704,53.200000524520874,73.7999975681305,-6.052273511886597,16,0,0,4533579d562b09c198c2165b91f3299e2a5685b218b4779e7e831192f8a5b9c7,03340502653c60ce82f0405eb974c722b2bbf22b3f225e9dbe9ddfe0faab4b45,False,complete,5000
cuhk03,facility_camera,1,43,5000,51.44913196563721,52.30000019073486,76.49999856948853,-5.623435974121094,16,0,0,4533579d562b09c198c2165b91f3299e2a5685b218b4779e7e831192f8a5b9c7,03340502653c60ce82f0405eb974c722b2bbf22b3f225e9dbe9ddfe0faab4b45,False,complete,5000
cuhk03,facility_camera,2,42,100,55.06319999694824,56.49999976158142,76.5999972820282,-2.0093679428100586,16,0,0,1242e528d20457037183c390287acb9764009555ba8f0fb3ad9977da200c008f,d8cee9b496cf4673d0efa18471884ca0242be0598d92dd3cbe26c4cf51dba2eb,False,complete,5000
cuhk03,facility_camera,2,42,300,53.03424000740051,54.90000247955322,74.90000128746033,-4.038327932357788,16,0,0,1242e528d20457037183c390287acb9764009555ba8f0fb3ad9977da200c008f,d8cee9b496cf4673d0efa18471884ca0242be0598d92dd3cbe26c4cf51dba2eb,False,complete,5000
cuhk03,facility_camera,2,42,1000,51.9939124584198,52.30000019073486,74.6999979019165,-5.078655481338501,16,0,0,1242e528d20457037183c390287acb9764009555ba8f0fb3ad9977da200c008f,d8cee9b496cf4673d0efa18471884ca0242be0598d92dd3cbe26c4cf51dba2eb,False,complete,5000
cuhk03,facility_camera,2,42,3000,51.64722800254822,52.30000019073486,73.4000027179718,-5.425339937210083,16,0,0,1242e528d20457037183c390287acb9764009555ba8f0fb3ad9977da200c008f,d8cee9b496cf4673d0efa18471884ca0242be0598d92dd3cbe26c4cf51dba2eb,False,complete,5000
cuhk03,facility_camera,2,42,5000,54.29798364639282,55.400002002716064,75.99999904632568,-2.7745842933654785,16,0,0,1242e528d20457037183c390287acb9764009555ba8f0fb3ad9977da200c008f,d8cee9b496cf4673d0efa18471884ca0242be0598d92dd3cbe26c4cf51dba2eb,False,complete,5000
cuhk03,facility_camera,2,43,100,53.08740735054016,52.99999713897705,73.19999933242798,-3.9851605892181396,16,0,0,1242e528d20457037183c390287acb9764009555ba8f0fb3ad9977da200c008f,d8cee9b496cf4673d0efa18471884ca0242be0598d92dd3cbe26c4cf51dba2eb,False,complete,5000
cuhk03,facility_camera,2,43,300,50.59560537338257,53.1000018119812,72.00000286102295,-6.476962566375732,16,0,0,1242e528d20457037183c390287acb9764009555ba8f0fb3ad9977da200c008f,d8cee9b496cf4673d0efa18471884ca0242be0598d92dd3cbe26c4cf51dba2eb,False,complete,5000
cuhk03,facility_camera,2,43,1000,52.20780372619629,53.700000047683716,74.40000176429749,-4.864764213562012,16,0,0,1242e528d20457037183c390287acb9764009555ba8f0fb3ad9977da200c008f,d8cee9b496cf4673d0efa18471884ca0242be0598d92dd3cbe26c4cf51dba2eb,False,complete,5000
cuhk03,facility_camera,2,43,3000,47.44440019130707,50.300002098083496,69.0999984741211,-9.628167748451233,16,0,0,1242e528d20457037183c390287acb9764009555ba8f0fb3ad9977da200c008f,d8cee9b496cf4673d0efa18471884ca0242be0598d92dd3cbe26c4cf51dba2eb,False,complete,5000
cuhk03,facility_camera,2,43,5000,48.663341999053955,50.40000081062317,69.59999799728394,-8.409225940704346,16,0,0,1242e528d20457037183c390287acb9764009555ba8f0fb3ad9977da200c008f,d8cee9b496cf4673d0efa18471884ca0242be0598d92dd3cbe26c4cf51dba2eb,False,complete,5000
