domain,split,k,condition,context_from,idx,seed,rank1,mAP,llm_acc,llm_auc
viper,0,0,zero,-,0,0,32.59493708610535,42.44551438802584,nan,nan
viper,0,4,true,viper,0,4000,51.898735761642456,60.396496767528184,0.78125,0.6347402597402597
viper,0,4,shuffle,viper,0,4000,51.582276821136475,60.146246634650915,0.765625,0.6293290043290043
viper,0,4,flip,viper,0,4000,48.10126721858978,57.47155866030631,0.78125,0.623917748917749
viper,0,4,all_yes,viper,0,4000,51.26582384109497,59.96288509835317,0.765625,0.6341991341991342
viper,0,4,all_no,viper,0,4000,45.56961953639984,55.0467435597738,0.78125,0.6255411255411254
viper,0,4,cross,grid,0,4000,50.94936490058899,60.11199552451241,0.578125,0.5346320346320347
viper,0,4,cross,ilids,0,4000,51.898735761642456,60.71057688325781,0.5625,0.6915584415584415
viper,0,4,source,market1501,0,4000,49.367088079452515,58.68378982963864,0.59375,0.5822510822510822
viper,0,4,pseudo,viper,0,4000,50.316452980041504,59.36976742353773,0.953125,0.9334415584415584
viper,0,4,true,viper,1,4001,50.632911920547485,59.59736060677109,0.484375,0.6564156945917284
viper,0,4,shuffle,viper,1,4001,50.94936490058899,59.79608647489408,0.5,0.6638388123011665
viper,0,4,flip,viper,1,4001,50.94936490058899,59.90775431653359,0.53125,0.6876988335100742
viper,0,4,all_yes,viper,1,4001,51.898735761642456,60.22902718914099,0.484375,0.6511134676564156
viper,0,4,all_no,viper,1,4001,50.94936490058899,59.95814670586122,0.515625,0.6898197242841994
viper,0,4,cross,grid,1,4001,52.53164768218994,61.10410001470796,0.34375,0.5583244962884412
viper,0,4,cross,ilids,1,4001,51.26582384109497,60.170174361200424,0.484375,0.7163308589607635
viper,0,4,source,market1501,1,4001,50.0,58.91500480288101,0.390625,0.5455991516436903
viper,0,4,pseudo,viper,1,4001,50.632911920547485,59.51747787927045,0.515625,0.7460233297985155
viper,0,4,true,viper,2,4002,51.26582384109497,59.880560863766675,0.5,0.6532738095238095
viper,0,4,shuffle,viper,2,4002,50.94936490058899,59.678105859811566,0.5,0.6498015873015873
viper,0,4,flip,viper,2,4002,50.94936490058899,59.68605656166041,0.5,0.6478174603174603
viper,0,4,all_yes,viper,2,4002,50.94936490058899,59.558697869062115,0.546875,0.6498015873015873
viper,0,4,all_no,viper,2,4002,40.506330132484436,50.01984914563391,0.453125,0.6378968253968255
viper,0,4,cross,grid,2,4002,51.582276821136475,60.40867398619775,0.765625,0.7400793650793651
viper,0,4,cross,ilids,2,4002,51.582276821136475,60.09536163564455,0.921875,0.9593253968253967
viper,0,4,source,market1501,2,4002,49.68354403972626,58.62541709089757,0.5625,0.6587301587301587
viper,0,4,pseudo,viper,2,4002,50.0,59.108045534769914,0.53125,0.6532738095238095
viper,0,4,true,viper,3,4003,51.26582384109497,59.78300918254078,0.484375,0.5869565217391305
viper,0,4,shuffle,viper,3,4003,51.26582384109497,59.82923265609572,0.515625,0.5901378579003181
viper,0,4,flip,viper,3,4003,51.582276821136475,60.18512093825223,0.390625,0.59915164369035
viper,0,4,all_yes,viper,3,4003,51.582276821136475,59.95792209095868,0.46875,0.5896076352067869
viper,0,4,all_no,viper,3,4003,51.582276821136475,60.20299403765452,0.40625,0.5991516436903499
viper,0,4,cross,grid,3,4003,47.4683552980423,56.98181841799976,0.5,0.5116648992576882
viper,0,4,cross,ilids,3,4003,46.20253145694733,55.937066750924224,0.421875,0.5015906680805938
viper,0,4,source,market1501,3,4003,49.05063211917877,58.57790940714447,0.609375,0.7916224814422057
viper,0,4,pseudo,viper,3,4003,51.582276821136475,60.09942455189591,0.890625,0.9384941675503711
viper,0,4,true,viper,4,4004,51.582276821136475,60.029239637669995,0.65625,0.9047619047619047
viper,0,4,shuffle,viper,4,4004,51.582276821136475,60.02085948449378,0.65625,0.9042081949058692
viper,0,4,flip,viper,4,4004,51.582276821136475,60.08203321720501,0.5625,0.9108527131782945
viper,0,4,all_yes,viper,4,4004,51.898735761642456,60.1109471645492,0.828125,0.9097452934662237
viper,0,4,all_no,viper,4,4004,51.582276821136475,60.146752733078756,0.53125,0.8898117386489479
viper,0,4,cross,grid,4,4004,51.898735761642456,60.55385537592309,0.53125,0.5276854928017718
viper,0,4,cross,ilids,4,4004,51.26582384109497,60.196803906491326,0.46875,0.5409745293466224
viper,0,4,source,market1501,4,4004,49.68354403972626,58.64550179752918,0.8125,0.8981173864894795
viper,0,4,pseudo,viper,4,4004,51.26582384109497,59.85300595299019,0.734375,0.9811738648947952
viper,0,4,true,viper,5,4005,51.26582384109497,60.01395140735596,0.34375,0.2596059113300493
viper,0,4,shuffle,viper,5,4005,48.10126721858978,57.379316787589076,0.3125,0.25270935960591134
viper,0,4,flip,viper,5,4005,46.83544337749481,56.42946357001784,0.34375,0.24926108374384234
viper,0,4,all_yes,viper,5,4005,51.582276821136475,59.984674233325904,0.296875,0.2536945812807882
viper,0,4,all_no,viper,5,4005,41.13923907279968,50.64983837869621,0.3125,0.24187192118226603
viper,0,4,cross,grid,5,4005,51.582276821136475,60.331026682922015,0.484375,0.3413793103448276
viper,0,4,cross,ilids,5,4005,51.26582384109497,60.087662428243625,0.921875,1.0
viper,0,4,source,market1501,5,4005,48.73417615890503,58.484962627079305,0.8125,0.8251231527093597
viper,0,4,pseudo,viper,5,4005,51.26582384109497,59.886162500496134,0.734375,0.7704433497536946
viper,0,4,true,viper,6,4006,50.316452980041504,59.34548662474038,0.921875,0.8631578947368421
viper,0,4,shuffle,viper,6,4006,50.316452980041504,59.21854028276753,0.703125,0.8578947368421053
viper,0,4,flip,viper,6,4006,50.0,59.1698346672765,0.640625,0.8555555555555556
viper,0,4,all_yes,viper,6,4006,50.316452980041504,59.205414397471934,0.921875,0.8666666666666667
viper,0,4,all_no,viper,6,4006,50.632911920547485,59.412848438086996,0.625,0.8561403508771931
viper,0,4,cross,grid,6,4006,51.26582384109497,60.260901112200436,0.8125,0.9485380116959065
viper,0,4,cross,ilids,6,4006,51.26582384109497,60.21434489958322,0.578125,0.6988304093567251
viper,0,4,source,market1501,6,4006,49.367088079452515,58.80390323186284,0.625,0.6824561403508772
viper,0,4,pseudo,viper,6,4006,50.632911920547485,59.524582125134664,0.734375,0.8257309941520468
viper,0,4,true,viper,7,4007,52.21518874168396,60.624771694240366,0.421875,0.5138461538461538
viper,0,4,shuffle,viper,7,4007,52.21518874168396,60.64247980687978,0.4375,0.5087179487179487
viper,0,4,flip,viper,7,4007,51.582276821136475,60.349221003762366,0.421875,0.5138461538461538
viper,0,4,all_yes,viper,7,4007,51.898735761642456,60.42223972502474,0.515625,0.5174358974358975
viper,0,4,all_no,viper,7,4007,50.0,59.00162364384822,0.421875,0.5
viper,0,4,cross,grid,7,4007,47.4683552980423,57.51893842216862,0.609375,0.6271794871794871
viper,0,4,cross,ilids,7,4007,51.582276821136475,60.131481021592094,0.59375,0.6574358974358974
viper,0,4,source,market1501,7,4007,49.367088079452515,58.76781820697439,0.625,0.6569230769230769
viper,0,4,pseudo,viper,7,4007,51.26582384109497,59.949096392654425,0.546875,0.5523076923076924
viper,0,16,true,viper,0,16000,51.898735761642456,60.4451592637702,0.609375,0.7103448275862069
viper,0,16,shuffle,viper,0,16000,51.898735761642456,60.52791265731021,0.625,0.7039408866995074
viper,0,16,flip,viper,0,16000,51.898735761642456,60.58118114377393,0.625,0.7073891625615762
viper,0,16,all_yes,viper,0,16000,51.898735761642456,60.45721834463611,0.625,0.7024630541871921
viper,0,16,all_no,viper,0,16000,48.73417615890503,58.1449044750365,0.578125,0.7024630541871921
viper,0,16,cross,grid,0,16000,51.582276821136475,60.44631061072613,0.546875,0.6704433497536946
viper,0,16,cross,ilids,0,16000,50.94936490058899,59.82026354748074,0.625,0.6581280788177339
viper,0,16,source,market1501,0,16000,48.73417615890503,58.197009075641716,0.75,0.854679802955665
viper,0,16,pseudo,viper,0,16000,51.582276821136475,60.15151684473998,0.734375,0.8798029556650246
viper,0,16,true,viper,1,16001,51.26582384109497,59.93640665453912,0.484375,0.5669950738916256
viper,0,16,shuffle,viper,1,16001,51.582276821136475,60.07536890360661,0.484375,0.574384236453202
viper,0,16,flip,viper,1,16001,51.898735761642456,60.19885467809741,0.484375,0.5669950738916256
viper,0,16,all_yes,viper,1,16001,52.21518874168396,60.28143323941154,0.515625,0.5591133004926109
viper,0,16,all_no,viper,1,16001,51.582276821136475,60.248173607373325,0.5,0.5630541871921182
viper,0,16,cross,grid,1,16001,51.582276821136475,60.31756209179338,0.640625,0.6699507389162561
viper,0,16,cross,ilids,1,16001,51.898735761642456,60.50153449407155,0.6875,0.7167487684729064
viper,0,16,source,market1501,1,16001,49.367088079452515,58.66750851050717,0.765625,0.8152709359605911
viper,0,16,pseudo,viper,1,16001,51.26582384109497,59.8777524359968,0.796875,0.8945812807881773
viper,0,16,true,viper,2,16002,51.898735761642456,60.515354900339226,0.65625,0.7182266009852216
viper,0,16,shuffle,viper,2,16002,51.898735761642456,60.438074155325815,0.65625,0.7206896551724138
viper,0,16,flip,viper,2,16002,51.898735761642456,60.351854959308824,0.671875,0.7221674876847292
viper,0,16,all_yes,viper,2,16002,51.898735761642456,60.19288823121467,0.625,0.7211822660098522
viper,0,16,all_no,viper,2,16002,51.898735761642456,60.54351554847926,0.609375,0.7187192118226601
viper,0,16,cross,grid,2,16002,52.21518874168396,60.670097638371146,0.65625,0.7566502463054187
viper,0,16,cross,ilids,2,16002,50.632911920547485,59.1602452127352,0.671875,0.7467980295566502
viper,0,16,source,market1501,2,16002,49.68354403972626,58.818909197156565,0.8125,0.8408866995073891
viper,0,16,pseudo,viper,2,16002,51.26582384109497,59.77262405420616,0.75,0.8044334975369458
viper,0,16,true,viper,3,16003,51.898735761642456,60.44434109166838,0.515625,0.5498046875
viper,0,16,shuffle,viper,3,16003,51.582276821136475,60.267606000648335,0.5,0.55078125
viper,0,16,flip,viper,3,16003,51.898735761642456,60.5209763461919,0.5,0.552734375
viper,0,16,all_yes,viper,3,16003,51.26582384109497,59.94697421537427,0.421875,0.54345703125
viper,0,16,all_no,viper,3,16003,51.582276821136475,60.52051400688089,0.53125,0.55224609375
viper,0,16,cross,grid,3,16003,51.582276821136475,60.39798339975741,0.65625,0.6875
viper,0,16,cross,ilids,3,16003,51.898735761642456,60.19532490558094,0.5625,0.66455078125
viper,0,16,source,market1501,3,16003,50.0,58.70282322497549,0.75,0.73193359375
viper,0,16,pseudo,viper,3,16003,51.898735761642456,60.43027598951689,0.75,0.88623046875
viper,0,16,true,viper,4,16004,51.898735761642456,60.32800725447307,0.5625,0.6162561576354679
viper,0,16,shuffle,viper,4,16004,51.898735761642456,60.349959983261634,0.546875,0.6251231527093596
viper,0,16,flip,viper,4,16004,51.898735761642456,60.42094754318552,0.5625,0.6266009852216748
viper,0,16,all_yes,viper,4,16004,50.94936490058899,59.73782694597132,0.5625,0.5985221674876847
viper,0,16,all_no,viper,4,16004,52.21518874168396,60.634344922527525,0.5625,0.6389162561576355
viper,0,16,cross,grid,4,16004,51.898735761642456,60.5904032757974,0.4375,0.4620689655172414
viper,0,16,cross,ilids,4,16004,50.94936490058899,59.869086672930635,0.515625,0.6886699507389162
viper,0,16,source,market1501,4,16004,49.367088079452515,58.40161455701378,0.609375,0.6645320197044335
viper,0,16,pseudo,viper,4,16004,51.26582384109497,59.850385804354424,0.859375,0.9221674876847291
viper,0,16,true,viper,5,16005,51.26582384109497,60.10485899502576,0.625,0.6850198412698413
viper,0,16,shuffle,viper,5,16005,51.582276821136475,60.26547191666626,0.578125,0.6770833333333334
viper,0,16,flip,viper,5,16005,51.26582384109497,60.100309463315384,0.625,0.6785714285714286
viper,0,16,all_yes,viper,5,16005,50.94936490058899,59.727688122886576,0.6875,0.6830357142857143
viper,0,16,all_no,viper,5,16005,51.26582384109497,60.088789129002116,0.59375,0.6845238095238095
viper,0,16,cross,grid,5,16005,46.51898741722107,55.817009607200276,0.640625,0.7276785714285714
viper,0,16,cross,ilids,5,16005,51.898735761642456,60.51858788369135,0.6875,0.6617063492063493
viper,0,16,source,market1501,5,16005,49.367088079452515,58.52662215580414,0.671875,0.7648809523809523
viper,0,16,pseudo,viper,5,16005,51.582276821136475,60.162198823656766,0.796875,0.8988095238095238
viper,0,16,true,viper,6,16006,51.582276821136475,60.29285453635028,0.578125,0.6274509803921569
viper,0,16,shuffle,viper,6,16006,51.582276821136475,60.1007708848615,0.578125,0.6308823529411764
viper,0,16,flip,viper,6,16006,51.582276821136475,60.04896615718176,0.59375,0.6426470588235293
viper,0,16,all_yes,viper,6,16006,51.582276821136475,60.033697081758454,0.5625,0.6416666666666666
viper,0,16,all_no,viper,6,16006,51.582276821136475,60.302584244434144,0.546875,0.6372549019607843
viper,0,16,cross,grid,6,16006,52.21518874168396,60.74507689539208,0.625,0.8215686274509804
viper,0,16,cross,ilids,6,16006,51.898735761642456,60.354427384641454,0.671875,0.782843137254902
viper,0,16,source,market1501,6,16006,49.367088079452515,58.583119970785624,0.6875,0.8303921568627451
viper,0,16,pseudo,viper,6,16006,50.94936490058899,59.48538261750384,0.65625,0.7720588235294117
viper,0,16,true,viper,7,16007,51.898735761642456,60.414966447089554,0.546875,0.6019704433497537
viper,0,16,shuffle,viper,7,16007,51.898735761642456,60.39167539987079,0.53125,0.6044334975369459
viper,0,16,flip,viper,7,16007,51.898735761642456,60.28380305100804,0.546875,0.6108374384236452
viper,0,16,all_yes,viper,7,16007,51.582276821136475,59.967657728699606,0.578125,0.6098522167487684
viper,0,16,all_no,viper,7,16007,48.41772019863129,57.79136188092375,0.515625,0.594088669950739
viper,0,16,cross,grid,7,16007,52.21518874168396,60.855213225139735,0.609375,0.6610837438423646
viper,0,16,cross,ilids,7,16007,50.94936490058899,59.8598187668176,0.421875,0.5029556650246305
viper,0,16,source,market1501,7,16007,49.05063211917877,58.580740346655645,0.703125,0.7438423645320197
viper,0,16,pseudo,viper,7,16007,51.26582384109497,60.07074666435557,0.671875,0.7645320197044335
viper,1,0,zero,-,0,100000,31.012657284736633,41.48169499175271,nan,nan
viper,1,4,true,viper,0,104000,50.632911920547485,60.950046850578545,0.5625,0.6955665024630542
viper,1,4,shuffle,viper,0,104000,51.26582384109497,61.38504347768535,0.59375,0.6940886699507389
viper,1,4,flip,viper,0,104000,47.4683552980423,58.160307100173526,0.59375,0.6970443349753696
viper,1,4,all_yes,viper,0,104000,50.94936490058899,61.08271853138905,0.546875,0.6862068965517241
viper,1,4,all_no,viper,0,104000,47.151899337768555,57.471680891108846,0.671875,0.6945812807881774
viper,1,4,cross,grid,0,104000,43.35443079471588,53.5924527747889,0.546875,0.7064039408866996
viper,1,4,cross,ilids,0,104000,49.367088079452515,60.36168231820882,0.765625,0.8871921182266009
viper,1,4,source,market1501,0,104000,49.367088079452515,59.33058660427037,0.578125,0.7591133004926108
viper,1,4,pseudo,viper,0,104000,49.367088079452515,60.37305432145197,0.8125,0.9413793103448276
viper,1,4,true,viper,1,104001,49.05063211917877,60.24846942027552,0.578125,0.7375
viper,1,4,shuffle,viper,1,104001,48.10126721858978,59.646847772772475,0.59375,0.7392045454545454
viper,1,4,flip,viper,1,104001,49.05063211917877,60.1435443850297,0.5625,0.740909090909091
viper,1,4,all_yes,viper,1,104001,48.73417615890503,60.031662900051565,0.65625,0.7448863636363636
viper,1,4,all_no,viper,1,104001,50.0,60.798805011641555,0.359375,0.7346590909090909
viper,1,4,cross,grid,1,104001,49.68354403972626,60.69583869776537,0.578125,0.5380681818181818
viper,1,4,cross,ilids,1,104001,48.41772019863129,59.679842296146425,0.59375,0.5471590909090909
viper,1,4,source,market1501,1,104001,49.05063211917877,58.931239692868544,0.859375,0.9318181818181819
viper,1,4,pseudo,viper,1,104001,47.4683552980423,59.43289967353702,0.734375,0.8039772727272727
viper,1,4,true,viper,2,104002,50.316452980041504,61.28545909314883,0.625,0.6416666666666666
viper,1,4,shuffle,viper,2,104002,50.0,61.18763864921342,0.625,0.6447916666666667
viper,1,4,flip,viper,2,104002,50.0,61.12369604628868,0.65625,0.6453125
viper,1,4,all_yes,viper,2,104002,49.68354403972626,60.906307872766504,0.609375,0.6536458333333334
viper,1,4,all_no,viper,2,104002,50.632911920547485,61.430121662076544,0.3125,0.6203125
viper,1,4,cross,grid,2,104002,48.73417615890503,60.030633697963445,0.375,0.78125
viper,1,4,cross,ilids,2,104002,47.78481125831604,59.64382356804767,0.484375,0.6671875
viper,1,4,source,market1501,2,104002,48.73417615890503,58.68142046586231,0.6875,0.8239583333333333
viper,1,4,pseudo,viper,2,104002,51.582276821136475,61.58082510117002,0.625,0.7692708333333333
viper,1,4,true,viper,3,104003,49.05063211917877,59.54914089232053,0.484375,0.5733333333333334
viper,1,4,shuffle,viper,3,104003,49.367088079452515,59.57023098600672,0.484375,0.5825641025641025
viper,1,4,flip,viper,3,104003,49.367088079452515,59.82284449403449,0.5,0.5994871794871794
viper,1,4,all_yes,viper,3,104003,48.10126721858978,59.20110110490221,0.46875,0.5958974358974359
viper,1,4,all_no,viper,3,104003,42.08860695362091,53.22766660584114,0.53125,0.5943589743589744
viper,1,4,cross,grid,3,104003,47.78481125831604,58.558041800049196,0.59375,0.6061538461538462
viper,1,4,cross,ilids,3,104003,47.151899337768555,57.62391182108592,0.796875,0.8651282051282052
viper,1,4,source,market1501,3,104003,49.05063211917877,58.87991192474096,0.359375,0.46102564102564103
viper,1,4,pseudo,viper,3,104003,49.367088079452515,60.5157236623882,0.84375,0.8666666666666667
viper,1,4,true,viper,4,104004,49.68354403972626,60.623608338688065,0.59375,0.8695652173913044
viper,1,4,shuffle,viper,4,104004,50.0,60.88055455138238,0.578125,0.8677536231884058
viper,1,4,flip,viper,4,104004,49.68354403972626,60.897043571891516,0.53125,0.8653381642512077
viper,1,4,all_yes,viper,4,104004,50.0,60.861082323539186,0.59375,0.8665458937198068
viper,1,4,all_no,viper,4,104004,50.632911920547485,61.33083049727374,0.546875,0.873792270531401
viper,1,4,cross,grid,4,104004,49.05063211917877,60.42793150279064,0.3125,0.43297101449275366
viper,1,4,cross,ilids,4,104004,48.41772019863129,59.91870660542475,0.5625,0.5567632850241546
viper,1,4,source,market1501,4,104004,48.73417615890503,59.100801494737276,0.78125,0.9492753623188406
viper,1,4,pseudo,viper,4,104004,48.41772019863129,59.40478890059826,0.84375,0.9969806763285025
viper,1,4,true,viper,5,104005,47.78481125831604,58.87623711604202,0.703125,0.9174972314507198
viper,1,4,shuffle,viper,5,104005,47.4683552980423,58.86697223034562,0.703125,0.9174972314507198
viper,1,4,flip,viper,5,104005,47.78481125831604,59.14262012433523,0.703125,0.91140642303433
viper,1,4,all_yes,viper,5,104005,48.41772019863129,59.082383114649794,0.75,0.906423034330011
viper,1,4,all_no,viper,5,104005,49.367088079452515,60.13882266562292,0.59375,0.9119601328903655
viper,1,4,cross,grid,5,104005,48.73417615890503,59.915324050913036,0.671875,0.7093023255813954
viper,1,4,cross,ilids,5,104005,46.83544337749481,57.237823216394126,0.4375,0.6511627906976745
viper,1,4,source,market1501,5,104005,49.05063211917877,59.16038898566256,0.640625,0.6184939091915835
viper,1,4,pseudo,viper,5,104005,45.2531635761261,56.234472183052986,0.546875,0.5791805094130675
viper,1,4,true,viper,6,104006,50.632911920547485,61.30012889271388,0.453125,0.6533400809716599
viper,1,4,shuffle,viper,6,104006,50.94936490058899,61.437016433921755,0.453125,0.6756072874493927
viper,1,4,flip,viper,6,104006,50.94936490058899,61.371482602706706,0.4375,0.6659919028340081
viper,1,4,all_yes,viper,6,104006,50.94936490058899,61.38124065757421,0.5,0.6842105263157895
viper,1,4,all_no,viper,6,104006,49.367088079452515,60.19685471505301,0.46875,0.6417004048582996
viper,1,4,cross,grid,6,104006,50.0,61.08711862295273,0.703125,0.9023279352226721
viper,1,4,cross,ilids,6,104006,48.73417615890503,60.172455836747865,0.5625,0.5840080971659918
viper,1,4,source,market1501,6,104006,49.05063211917877,58.97441098466992,0.78125,0.909412955465587
viper,1,4,pseudo,viper,6,104006,50.94936490058899,61.44098646045357,0.90625,0.9392712550607287
viper,1,4,true,viper,7,104007,50.316452980041504,61.210978610853864,0.359375,0.48958333333333326
viper,1,4,shuffle,viper,7,104007,50.632911920547485,61.27872748245575,0.359375,0.4921875
viper,1,4,flip,viper,7,104007,50.94936490058899,61.38527507903381,0.328125,0.48749999999999993
viper,1,4,all_yes,viper,7,104007,50.316452980041504,61.03508801916369,0.40625,0.4838541666666667
viper,1,4,all_no,viper,7,104007,50.94936490058899,61.27401550311499,0.3125,0.48333333333333334
viper,1,4,cross,grid,7,104007,50.0,61.08587347163462,0.59375,0.7442708333333333
viper,1,4,cross,ilids,7,104007,49.68354403972626,60.448752123284336,0.28125,0.35104166666666664
viper,1,4,source,market1501,7,104007,48.41772019863129,58.76110427572122,0.65625,0.9026041666666667
viper,1,4,pseudo,viper,7,104007,49.68354403972626,60.66102852303268,0.46875,0.7869791666666667
viper,1,16,true,viper,0,116000,50.94936490058899,61.33110450325343,0.671875,0.72998046875
viper,1,16,shuffle,viper,0,116000,50.94936490058899,61.33861320663575,0.671875,0.73583984375
viper,1,16,flip,viper,0,116000,50.94936490058899,61.34029638740679,0.671875,0.736328125
viper,1,16,all_yes,viper,0,116000,50.316452980041504,61.19335038657391,0.640625,0.736328125
viper,1,16,all_no,viper,0,116000,50.632911920547485,61.13915624430943,0.609375,0.740234375
viper,1,16,cross,grid,0,116000,50.94936490058899,61.636865348333515,0.53125,0.537109375
viper,1,16,cross,ilids,0,116000,50.0,60.90077698472259,0.59375,0.6591796875
viper,1,16,source,market1501,0,116000,48.73417615890503,58.97440781617214,0.625,0.71728515625
viper,1,16,pseudo,viper,0,116000,48.10126721858978,59.865869311160246,0.8125,0.83935546875
viper,1,16,true,viper,1,116001,49.68354403972626,60.95465133752853,0.421875,0.42410714285714285
viper,1,16,shuffle,viper,1,116001,49.367088079452515,60.804197707795346,0.421875,0.41865079365079366
viper,1,16,flip,viper,1,116001,50.0,61.113853411156946,0.421875,0.42658730158730157
viper,1,16,all_yes,viper,1,116001,48.73417615890503,60.259184829158045,0.40625,0.42708333333333337
viper,1,16,all_no,viper,1,116001,51.582276821136475,61.62921454815818,0.46875,0.41815476190476186
viper,1,16,cross,grid,1,116001,50.0,61.18386216674255,0.6875,0.8189484126984127
viper,1,16,cross,ilids,1,116001,49.68354403972626,60.384024778217885,0.609375,0.7222222222222222
viper,1,16,source,market1501,1,116001,49.05063211917877,58.888222939859105,0.625,0.6686507936507937
viper,1,16,pseudo,viper,1,116001,48.73417615890503,60.18963697805121,0.8125,0.9122023809523809
viper,1,16,true,viper,2,116002,49.68354403972626,60.83240295477565,0.46875,0.49117647058823527
viper,1,16,shuffle,viper,2,116002,48.73417615890503,60.16329445243175,0.46875,0.496078431372549
viper,1,16,flip,viper,2,116002,49.68354403972626,60.78840009825429,0.46875,0.5004901960784314
viper,1,16,all_yes,viper,2,116002,49.05063211917877,60.24349174211042,0.453125,0.4901960784313726
viper,1,16,all_no,viper,2,116002,50.632911920547485,61.48257388228694,0.484375,0.49754901960784315
viper,1,16,cross,grid,2,116002,50.632911920547485,60.816858870595404,0.59375,0.6524509803921569
viper,1,16,cross,ilids,2,116002,49.367088079452515,60.57434228066484,0.5,0.5426470588235294
viper,1,16,source,market1501,2,116002,49.05063211917877,59.16331024674301,0.71875,0.7666666666666666
viper,1,16,pseudo,viper,2,116002,48.10126721858978,59.74861492286898,0.640625,0.821078431372549
viper,1,16,true,viper,3,116003,49.68354403972626,60.82311262627713,0.515625,0.6098039215686275
viper,1,16,shuffle,viper,3,116003,50.0,61.007789774472656,0.515625,0.6132352941176471
viper,1,16,flip,viper,3,116003,50.316452980041504,61.11491013520727,0.484375,0.6205882352941177
viper,1,16,all_yes,viper,3,116003,49.05063211917877,60.258668484185876,0.515625,0.6338235294117647
viper,1,16,all_no,viper,3,116003,51.26582384109497,61.61836964400731,0.546875,0.6083333333333334
viper,1,16,cross,grid,3,116003,49.68354403972626,60.466767875921065,0.46875,0.5436274509803922
viper,1,16,cross,ilids,3,116003,49.68354403972626,60.61584611812112,0.609375,0.7259803921568628
viper,1,16,source,market1501,3,116003,48.73417615890503,59.26802936301978,0.609375,0.6259803921568627
viper,1,16,pseudo,viper,3,116003,49.05063211917877,60.58689776676574,0.75,0.8686274509803922
viper,1,16,true,viper,4,116004,50.94936490058899,61.557458675563424,0.671875,0.5994871794871794
viper,1,16,shuffle,viper,4,116004,50.94936490058899,61.23977900603378,0.65625,0.6066666666666667
viper,1,16,flip,viper,4,116004,50.316452980041504,61.08180335920304,0.578125,0.6030769230769231
viper,1,16,all_yes,viper,4,116004,50.632911920547485,61.08620022129012,0.609375,0.6128205128205129
viper,1,16,all_no,viper,4,116004,50.632911920547485,61.369641403100076,0.640625,0.5907692307692308
viper,1,16,cross,grid,4,116004,50.632911920547485,61.64863588631403,0.71875,0.723076923076923
viper,1,16,cross,ilids,4,116004,49.05063211917877,60.19505367519295,0.609375,0.6892307692307692
viper,1,16,source,market1501,4,116004,49.05063211917877,58.97770117855033,0.671875,0.735897435897436
viper,1,16,pseudo,viper,4,116004,48.73417615890503,60.32516759243205,0.6875,0.7923076923076924
viper,1,16,true,viper,5,116005,49.367088079452515,60.31399730188897,0.484375,0.49607843137254903
viper,1,16,shuffle,viper,5,116005,48.73417615890503,60.085125530440706,0.46875,0.5029411764705882
viper,1,16,flip,viper,5,116005,49.367088079452515,60.42193031765854,0.484375,0.4985294117647059
viper,1,16,all_yes,viper,5,116005,48.73417615890503,60.137616713092754,0.5625,0.5049019607843137
viper,1,16,all_no,viper,5,116005,50.94936490058899,61.38060966318941,0.484375,0.5102941176470588
viper,1,16,cross,grid,5,116005,49.367088079452515,60.584304788344745,0.515625,0.49901960784313726
viper,1,16,cross,ilids,5,116005,47.151899337768555,57.90446905319868,0.625,0.821078431372549
viper,1,16,source,market1501,5,116005,49.05063211917877,59.092480388801775,0.703125,0.8235294117647058
viper,1,16,pseudo,viper,5,116005,48.10126721858978,59.87426810002279,0.734375,0.8524509803921568
viper,1,16,true,viper,6,116006,51.26582384109497,61.486112359823764,0.515625,0.5882352941176471
viper,1,16,shuffle,viper,6,116006,51.26582384109497,61.49776764406526,0.546875,0.5877450980392157
viper,1,16,flip,viper,6,116006,50.94936490058899,61.29963880142657,0.546875,0.5955882352941176
viper,1,16,all_yes,viper,6,116006,50.0,60.82056119194764,0.53125,0.5759803921568628
viper,1,16,all_no,viper,6,116006,51.26582384109497,61.4751741600869,0.5625,0.5990196078431372
viper,1,16,cross,grid,6,116006,50.632911920547485,61.71768204637815,0.421875,0.5568627450980392
viper,1,16,cross,ilids,6,116006,49.367088079452515,60.40745382474032,0.5625,0.7818627450980392
viper,1,16,source,market1501,6,116006,48.73417615890503,58.850959984075814,0.625,0.7009803921568628
viper,1,16,pseudo,viper,6,116006,47.4683552980423,59.232245544891256,0.703125,0.703921568627451
viper,1,16,true,viper,7,116007,50.0,60.933893270530234,0.59375,0.6761133603238867
viper,1,16,shuffle,viper,7,116007,48.41772019863129,59.98121259392302,0.59375,0.666497975708502
viper,1,16,flip,viper,7,116007,50.316452980041504,61.17875479692986,0.59375,0.680161943319838
viper,1,16,all_yes,viper,7,116007,48.73417615890503,60.19541020950408,0.59375,0.6695344129554656
viper,1,16,all_no,viper,7,116007,51.26582384109497,61.49199869759933,0.609375,0.6826923076923077
viper,1,16,cross,grid,7,116007,50.316452980041504,61.23219117999722,0.75,0.8760121457489878
viper,1,16,cross,ilids,7,116007,49.367088079452515,60.399834783057024,0.4375,0.6234817813765183
viper,1,16,source,market1501,7,116007,49.05063211917877,58.85073544286814,0.546875,0.645242914979757
viper,1,16,pseudo,viper,7,116007,47.151899337768555,58.979315011334585,0.671875,0.8426113360323887
viper,2,0,zero,-,0,200000,30.063292384147644,40.95425610569782,nan,nan
viper,2,4,true,viper,0,204000,48.10126721858978,57.23120342309935,0.453125,0.5785785785785786
viper,2,4,shuffle,viper,0,204000,49.68354403972626,58.52554835552621,0.453125,0.5995995995995996
viper,2,4,flip,viper,0,204000,45.2531635761261,55.36422177831937,0.46875,0.5965965965965966
viper,2,4,all_yes,viper,0,204000,49.68354403972626,58.43205902340901,0.453125,0.5770770770770771
viper,2,4,all_no,viper,0,204000,45.886075496673584,55.401987449579856,0.484375,0.5900900900900901
viper,2,4,cross,grid,0,204000,50.0,59.06666454612147,0.625,0.8748748748748749
viper,2,4,cross,ilids,0,204000,49.367088079452515,58.585680292108435,0.671875,0.7492492492492492
viper,2,4,source,market1501,0,204000,47.4683552980423,57.1509544004414,0.703125,0.8138138138138138
viper,2,4,pseudo,viper,0,204000,50.0,58.796126438032005,0.84375,0.9704704704704705
viper,2,4,true,viper,1,204001,50.316452980041504,58.90153632961993,0.71875,0.8789772727272727
viper,2,4,shuffle,viper,1,204001,49.68354403972626,58.68106731315431,0.6875,0.8767045454545455
viper,2,4,flip,viper,1,204001,50.316452980041504,58.925238341757314,0.640625,0.8687499999999999
viper,2,4,all_yes,viper,1,204001,49.68354403972626,58.58078542495139,0.796875,0.8784090909090909
viper,2,4,all_no,viper,1,204001,49.68354403972626,58.41763362582301,0.640625,0.86875
viper,2,4,cross,grid,1,204001,49.05063211917877,58.49418359161005,0.484375,0.5284090909090908
viper,2,4,cross,ilids,1,204001,50.316452980041504,58.93757960094253,0.5625,0.7710227272727272
viper,2,4,source,market1501,1,204001,48.10126721858978,57.490400014737055,0.78125,0.8340909090909091
viper,2,4,pseudo,viper,1,204001,50.316452980041504,59.29271015108512,0.734375,0.8653409090909091
viper,2,4,true,viper,2,204002,50.316452980041504,58.848839917146755,0.625,0.6228354978354979
viper,2,4,shuffle,viper,2,204002,50.316452980041504,58.84761001212977,0.625,0.6222943722943722
viper,2,4,flip,viper,2,204002,50.632911920547485,58.96642620620353,0.625,0.6130952380952381
viper,2,4,all_yes,viper,2,204002,49.68354403972626,58.59445485265211,0.59375,0.6396103896103896
viper,2,4,all_no,viper,2,204002,50.632911920547485,59.147163988354365,0.5625,0.6076839826839828
viper,2,4,cross,grid,2,204002,49.68354403972626,58.67248261279197,0.390625,0.5616883116883117
viper,2,4,cross,ilids,2,204002,49.68354403972626,58.721156496167794,0.40625,0.4491341991341991
viper,2,4,source,market1501,2,204002,48.41772019863129,57.869517479157736,0.9375,0.9864718614718615
viper,2,4,pseudo,viper,2,204002,49.367088079452515,58.3701603504898,0.703125,0.7754329004329004
viper,2,4,true,viper,3,204003,50.316452980041504,59.00177776460435,0.671875,0.7760416666666666
viper,2,4,shuffle,viper,3,204003,50.632911920547485,59.29644310018695,0.65625,0.7927083333333333
viper,2,4,flip,viper,3,204003,50.632911920547485,59.18400681766152,0.65625,0.796875
viper,2,4,all_yes,viper,3,204003,50.0,58.67290914266818,0.734375,0.7791666666666667
viper,2,4,all_no,viper,3,204003,50.316452980041504,58.8906927605661,0.5625,0.7848958333333333
viper,2,4,cross,grid,3,204003,50.316452980041504,59.039943089258195,0.515625,0.4833333333333334
viper,2,4,cross,ilids,3,204003,50.0,58.88502791464993,0.8125,0.8984375
viper,2,4,source,market1501,3,204003,48.41772019863129,57.82483271994471,0.6875,0.7885416666666667
viper,2,4,pseudo,viper,3,204003,48.73417615890503,58.35154197887892,0.765625,0.7380208333333332
viper,2,4,true,viper,4,204004,49.367088079452515,58.460483864474476,0.640625,0.8361611876988335
viper,2,4,shuffle,viper,4,204004,49.367088079452515,58.46510829743844,0.65625,0.837221633085896
viper,2,4,flip,viper,4,204004,49.367088079452515,58.56041054463981,0.65625,0.8345705196182397
viper,2,4,all_yes,viper,4,204004,49.05063211917877,58.35726557543467,0.671875,0.8409331919406151
viper,2,4,all_no,viper,4,204004,50.316452980041504,58.942982318525736,0.6875,0.8149522799575821
viper,2,4,cross,grid,4,204004,50.0,58.86378541513905,0.4375,0.5095440084835631
viper,2,4,cross,ilids,4,204004,50.316452980041504,59.02457183123859,0.625,0.5816542948038177
viper,2,4,source,market1501,4,204004,47.4683552980423,57.1598400514412,0.765625,0.9066808059384941
viper,2,4,pseudo,viper,4,204004,50.0,58.64689185795007,0.671875,0.8425238600212089
viper,2,4,true,viper,5,204005,49.05063211917877,58.29027527881501,0.546875,0.6142857142857143
viper,2,4,shuffle,viper,5,204005,48.73417615890503,58.13839699852965,0.546875,0.6214285714285714
viper,2,4,flip,viper,5,204005,43.35443079471588,53.88126301542252,0.5625,0.6171428571428571
viper,2,4,all_yes,viper,5,204005,48.73417615890503,58.12541480893252,0.546875,0.6271428571428571
viper,2,4,all_no,viper,5,204005,41.13923907279968,51.56689461411743,0.578125,0.6164285714285714
viper,2,4,cross,grid,5,204005,50.316452980041504,59.099040942200475,0.4375,0.6328571428571428
viper,2,4,cross,ilids,5,204005,47.78481125831604,57.235442270978886,0.453125,0.6185714285714285
viper,2,4,source,market1501,5,204005,47.78481125831604,57.31430573811544,0.640625,0.8857142857142857
viper,2,4,pseudo,viper,5,204005,39.55696225166321,50.34747235611484,0.203125,0.485
viper,2,4,true,viper,6,204006,49.68354403972626,58.60479933466287,0.671875,0.7221590909090908
viper,2,4,shuffle,viper,6,204006,49.68354403972626,58.605928323582845,0.671875,0.71875
viper,2,4,flip,viper,6,204006,49.68354403972626,58.69271322337845,0.703125,0.7193181818181819
viper,2,4,all_yes,viper,6,204006,49.05063211917877,58.198763315439685,0.671875,0.7193181818181819
viper,2,4,all_no,viper,6,204006,49.68354403972626,58.71454437985684,0.75,0.7227272727272728
viper,2,4,cross,grid,6,204006,50.0,59.00097132369378,0.78125,0.7528409090909091
viper,2,4,cross,ilids,6,204006,49.68354403972626,58.675287353883355,0.515625,0.7176136363636364
viper,2,4,source,market1501,6,204006,47.78481125831604,57.508282249319144,0.796875,0.8340909090909091
viper,2,4,pseudo,viper,6,204006,49.68354403972626,58.418775089371145,0.765625,0.8943181818181818
viper,2,4,true,viper,7,204007,50.0,58.806915863178574,0.421875,0.48322510822510817
viper,2,4,shuffle,viper,7,204007,50.0,58.84980528581977,0.40625,0.48376623376623373
viper,2,4,flip,viper,7,204007,50.316452980041504,58.988938650172784,0.40625,0.48917748917748916
viper,2,4,all_yes,viper,7,204007,49.68354403972626,58.661065644251984,0.40625,0.4859307359307359
viper,2,4,all_no,viper,7,204007,50.316452980041504,59.16645022063608,0.46875,0.487012987012987
viper,2,4,cross,grid,7,204007,50.0,59.01092730151473,0.859375,0.8636363636363636
viper,2,4,cross,ilids,7,204007,44.30379867553711,53.937629587201975,0.453125,0.676948051948052
viper,2,4,source,market1501,7,204007,47.78481125831604,57.3914106745106,0.6875,0.6893939393939394
viper,2,4,pseudo,viper,7,204007,50.0,58.78887220951526,0.671875,0.7137445887445887
viper,2,16,true,viper,0,216000,49.68354403972626,58.653003340911106,0.609375,0.6036706349206349
viper,2,16,shuffle,viper,0,216000,49.68354403972626,58.69830440776084,0.59375,0.6135912698412699
viper,2,16,flip,viper,0,216000,46.20253145694733,55.28772477404712,0.609375,0.6269841269841271
viper,2,16,all_yes,viper,0,216000,49.68354403972626,58.5493062131946,0.625,0.6026785714285714
viper,2,16,all_no,viper,0,216000,50.316452980041504,59.1455983660927,0.515625,0.6309523809523809
viper,2,16,cross,grid,0,216000,50.632911920547485,59.3616022777263,0.625,0.6760912698412699
viper,2,16,cross,ilids,0,216000,49.68354403972626,58.84853312300755,0.640625,0.7306547619047619
viper,2,16,source,market1501,0,216000,47.4683552980423,57.15019549396987,0.671875,0.6731150793650793
viper,2,16,pseudo,viper,0,216000,49.367088079452515,58.2165674211372,0.734375,0.8080357142857143
viper,2,16,true,viper,1,216001,49.367088079452515,58.8827270551349,0.5,0.60205078125
viper,2,16,shuffle,viper,1,216001,49.367088079452515,58.83064914903261,0.484375,0.59765625
viper,2,16,flip,viper,1,216001,49.05063211917877,58.823828972398395,0.515625,0.5986328125
viper,2,16,all_yes,viper,1,216001,49.367088079452515,58.71561618481784,0.484375,0.59033203125
viper,2,16,all_no,viper,1,216001,49.68354403972626,59.12600218026618,0.515625,0.60498046875
viper,2,16,cross,grid,1,216001,49.68354403972626,58.90837324117831,0.640625,0.73681640625
viper,2,16,cross,ilids,1,216001,46.83544337749481,56.509032198732555,0.5625,0.6181640625
viper,2,16,source,market1501,1,216001,47.78481125831604,57.19618627198404,0.75,0.853515625
viper,2,16,pseudo,viper,1,216001,50.0,58.81238359090083,0.640625,0.77587890625
viper,2,16,true,viper,2,216002,50.316452980041504,58.956335804118545,0.640625,0.6587301587301587
viper,2,16,shuffle,viper,2,216002,50.316452980041504,58.88109005523041,0.609375,0.6612103174603176
viper,2,16,flip,viper,2,216002,50.316452980041504,58.9234011965918,0.625,0.6622023809523809
viper,2,16,all_yes,viper,2,216002,49.367088079452515,58.488448294175576,0.625,0.6656746031746033
viper,2,16,all_no,viper,2,216002,50.316452980041504,58.88766324647783,0.625,0.6666666666666667
viper,2,16,cross,grid,2,216002,50.632911920547485,59.32573734800876,0.53125,0.6304563492063492
viper,2,16,cross,ilids,2,216002,50.0,58.81725051082037,0.625,0.6815476190476191
viper,2,16,source,market1501,2,216002,47.151899337768555,56.99794899919816,0.734375,0.8402777777777778
viper,2,16,pseudo,viper,2,216002,50.0,58.76917330241456,0.84375,0.9122023809523809
viper,2,16,true,viper,3,216003,49.68354403972626,58.69168315996796,0.703125,0.7987987987987988
viper,2,16,shuffle,viper,3,216003,49.367088079452515,58.47444352593055,0.703125,0.7992992992992994
viper,2,16,flip,viper,3,216003,49.68354403972626,58.70442082661861,0.6875,0.8018018018018018
viper,2,16,all_yes,viper,3,216003,49.367088079452515,58.42009410132199,0.703125,0.7912912912912914
viper,2,16,all_no,viper,3,216003,50.316452980041504,58.96545334595776,0.71875,0.8003003003003003
viper,2,16,cross,grid,3,216003,50.316452980041504,59.213333779913846,0.578125,0.7097097097097098
viper,2,16,cross,ilids,3,216003,50.0,58.932477121698035,0.671875,0.7627627627627628
viper,2,16,source,market1501,3,216003,48.10126721858978,57.452596603096,0.65625,0.7382382382382382
viper,2,16,pseudo,viper,3,216003,50.0,58.61554852169508,0.640625,0.7102102102102102
viper,2,16,true,viper,4,216004,50.316452980041504,59.095684870967304,0.71875,0.7705078125
viper,2,16,shuffle,viper,4,216004,50.316452980041504,59.03485869643269,0.734375,0.7685546875
viper,2,16,flip,viper,4,216004,50.316452980041504,59.067592187927644,0.75,0.77197265625
viper,2,16,all_yes,viper,4,216004,49.367088079452515,58.41360609281979,0.703125,0.7626953125
viper,2,16,all_no,viper,4,216004,50.0,59.046569676420724,0.6875,0.791015625
viper,2,16,cross,grid,4,216004,50.316452980041504,59.0949005373528,0.5625,0.54248046875
viper,2,16,cross,ilids,4,216004,50.0,58.747433353298796,0.59375,0.6630859375
viper,2,16,source,market1501,4,216004,46.83544337749481,56.664195507195295,0.703125,0.8232421875
viper,2,16,pseudo,viper,4,216004,50.0,58.674814117520555,0.640625,0.70556640625
viper,2,16,true,viper,5,216005,50.0,58.938510339593186,0.421875,0.4039408866995074
viper,2,16,shuffle,viper,5,216005,49.68354403972626,58.82616313676259,0.4375,0.4064039408866995
viper,2,16,flip,viper,5,216005,49.68354403972626,58.820576948891556,0.453125,0.412807881773399
viper,2,16,all_yes,viper,5,216005,48.73417615890503,58.11104502745222,0.4375,0.4285714285714286
viper,2,16,all_no,viper,5,216005,45.2531635761261,54.627484214998844,0.421875,0.4147783251231527
viper,2,16,cross,grid,5,216005,50.0,59.07421954911931,0.5625,0.6152709359605912
viper,2,16,cross,ilids,5,216005,50.316452980041504,59.157766631012855,0.625,0.6945812807881773
viper,2,16,source,market1501,5,216005,47.4683552980423,57.263015308558515,0.78125,0.861576354679803
viper,2,16,pseudo,viper,5,216005,50.316452980041504,59.032146812675556,0.765625,0.9231527093596059
viper,2,16,true,viper,6,216006,50.0,58.71916308512262,0.5,0.5602226720647774
viper,2,16,shuffle,viper,6,216006,50.0,58.874785854278564,0.5,0.5668016194331984
viper,2,16,flip,viper,6,216006,50.0,58.820957722456704,0.5,0.5642712550607287
viper,2,16,all_yes,viper,6,216006,50.0,58.78710415867353,0.515625,0.562246963562753
viper,2,16,all_no,viper,6,216006,50.316452980041504,58.91773803911086,0.546875,0.5642712550607287
viper,2,16,cross,grid,6,216006,49.68354403972626,58.80798668409618,0.71875,0.7510121457489879
viper,2,16,cross,ilids,6,216006,50.0,58.807186309303674,0.5625,0.6148785425101214
viper,2,16,source,market1501,6,216006,47.78481125831604,57.46991077388003,0.828125,0.8628542510121459
viper,2,16,pseudo,viper,6,216006,50.0,58.714472147648756,0.796875,0.8719635627530364
viper,2,16,true,viper,7,216007,50.0,58.69167586088572,0.640625,0.7025641025641025
viper,2,16,shuffle,viper,7,216007,49.68354403972626,58.58364057093459,0.640625,0.7076923076923076
viper,2,16,flip,viper,7,216007,50.0,58.87201861746208,0.640625,0.7025641025641026
viper,2,16,all_yes,viper,7,216007,49.367088079452515,58.42984578491024,0.65625,0.7097435897435898
viper,2,16,all_no,viper,7,216007,50.316452980041504,59.024900120982636,0.609375,0.7005128205128205
viper,2,16,cross,grid,7,216007,50.316452980041504,59.16330622795449,0.515625,0.578974358974359
viper,2,16,cross,ilids,7,216007,50.316452980041504,59.14706687620813,0.734375,0.8287179487179487
viper,2,16,source,market1501,7,216007,47.151899337768555,57.08387764004509,0.765625,0.818974358974359
viper,2,16,pseudo,viper,7,216007,50.316452980041504,58.88487594882309,0.78125,0.8656410256410256
grid,0,0,zero,-,0,0,15.999999642372131,24.772612736381145,nan,nan
grid,0,4,true,grid,0,4000,36.000001430511475,43.95102964770688,0.578125,0.5346320346320347
grid,0,4,shuffle,grid,0,4000,36.000001430511475,43.90345965032429,0.578125,0.5454545454545454
grid,0,4,flip,grid,0,4000,36.000001430511475,43.9486678010017,0.578125,0.5422077922077922
grid,0,4,all_yes,grid,0,4000,36.000001430511475,43.78688078840852,0.578125,0.5465367965367965
grid,0,4,all_no,grid,0,4000,36.000001430511475,43.88987669618342,0.578125,0.5346320346320347
grid,0,4,cross,viper,0,4000,33.5999995470047,41.98687537120826,0.78125,0.6347402597402597
grid,0,4,cross,ilids,0,4000,32.8000009059906,41.87282125966571,0.5625,0.6915584415584415
grid,0,4,source,market1501,0,4000,34.40000116825104,44.09392599344295,0.59375,0.5822510822510822
grid,0,4,pseudo,grid,0,4000,31.200000643730164,40.58036811327999,0.375,0.8122294372294372
grid,0,4,true,grid,1,4001,34.40000116825104,43.14712687263753,0.34375,0.5583244962884412
grid,0,4,shuffle,grid,1,4001,28.79999876022339,38.46663851424826,0.390625,0.5413573700954402
grid,0,4,flip,grid,1,4001,29.600000381469727,39.38294790895089,0.390625,0.5387062566277837
grid,0,4,all_yes,grid,1,4001,34.40000116825104,42.914884048838964,0.5625,0.563626723223754
grid,0,4,all_no,grid,1,4001,27.20000147819519,36.50213563823561,0.359375,0.5286320254506893
grid,0,4,cross,viper,1,4001,36.000001430511475,43.88509738104586,0.484375,0.6564156945917284
grid,0,4,cross,ilids,1,4001,32.8000009059906,42.20004460453091,0.484375,0.7163308589607635
grid,0,4,source,market1501,1,4001,34.40000116825104,44.2279222867616,0.390625,0.5455991516436903
grid,0,4,pseudo,grid,1,4001,28.00000011920929,36.51397793356439,0.5625,0.7401908801696713
grid,0,4,true,grid,2,4002,36.000001430511475,43.89596669499162,0.765625,0.7400793650793651
grid,0,4,shuffle,grid,2,4002,36.000001430511475,43.94981307830808,0.78125,0.7375992063492064
grid,0,4,flip,grid,2,4002,36.000001430511475,43.96792053355885,0.78125,0.7331349206349207
grid,0,4,all_yes,grid,2,4002,36.000001430511475,44.040174801076226,0.78125,0.7599206349206349
grid,0,4,all_no,grid,2,4002,27.20000147819519,37.232385867722925,0.65625,0.7271825396825398
grid,0,4,cross,viper,2,4002,34.40000116825104,43.010861220366166,0.5,0.6532738095238095
grid,0,4,cross,ilids,2,4002,34.40000116825104,43.18423675071997,0.921875,0.9593253968253967
grid,0,4,source,market1501,2,4002,36.800000071525574,45.15405625807419,0.5625,0.6587301587301587
grid,0,4,pseudo,grid,2,4002,34.40000116825104,43.036745429713385,0.625,0.8834325396825397
grid,0,4,true,grid,3,4003,27.20000147819519,36.861739582377474,0.5,0.5116648992576882
grid,0,4,shuffle,grid,3,4003,28.00000011920929,37.623787022603295,0.5,0.5047720042417816
grid,0,4,flip,grid,3,4003,26.399999856948853,35.06901097764727,0.546875,0.4957582184517497
grid,0,4,all_yes,grid,3,4003,27.20000147819519,37.047638266033985,0.453125,0.4984093319194061
grid,0,4,all_no,grid,3,4003,26.399999856948853,34.88501747373587,0.546875,0.5063626723223753
grid,0,4,cross,viper,3,4003,35.19999980926514,43.88599989821517,0.484375,0.5869565217391305
grid,0,4,cross,ilids,3,4003,27.20000147819519,36.61212612447189,0.421875,0.5015906680805938
grid,0,4,source,market1501,3,4003,36.000001430511475,44.870445623747734,0.609375,0.7916224814422057
grid,0,4,pseudo,grid,3,4003,33.5999995470047,42.18113919236946,0.5,0.7757158006362672
grid,0,4,true,grid,4,4004,34.40000116825104,43.23368246223318,0.53125,0.5276854928017718
grid,0,4,shuffle,grid,4,4004,33.5999995470047,42.61424135733045,0.53125,0.5315614617940199
grid,0,4,flip,grid,4,4004,28.00000011920929,38.322543122701056,0.53125,0.5382059800664452
grid,0,4,all_yes,grid,4,4004,35.19999980926514,43.16943166083437,0.53125,0.5249169435215947
grid,0,4,all_no,grid,4,4004,26.399999856948853,36.49805266367022,0.53125,0.5359911406423035
grid,0,4,cross,viper,4,4004,36.000001430511475,44.099951914683714,0.65625,0.9047619047619047
grid,0,4,cross,ilids,4,4004,33.5999995470047,42.39669042865094,0.46875,0.5409745293466224
grid,0,4,source,market1501,4,4004,37.59999871253967,45.658859247503734,0.8125,0.8981173864894795
grid,0,4,pseudo,grid,4,4004,26.399999856948853,36.22695429585082,0.3125,0.5564784053156147
grid,0,4,true,grid,5,4005,36.000001430511475,43.69305934721285,0.484375,0.3413793103448276
grid,0,4,shuffle,grid,5,4005,28.79999876022339,38.22872886040703,0.484375,0.341871921182266
grid,0,4,flip,grid,5,4005,27.20000147819519,37.48299086842851,0.4375,0.3270935960591133
grid,0,4,all_yes,grid,5,4005,36.000001430511475,43.767754871985105,0.484375,0.3251231527093596
grid,0,4,all_no,grid,5,4005,28.00000011920929,35.933297758657275,0.421875,0.3049261083743842
grid,0,4,cross,viper,5,4005,34.40000116825104,42.571101317672515,0.34375,0.2596059113300493
grid,0,4,cross,ilids,5,4005,33.5999995470047,42.46026187921979,0.921875,1.0
grid,0,4,source,market1501,5,4005,36.000001430511475,45.3156552602098,0.8125,0.8251231527093597
grid,0,4,pseudo,grid,5,4005,32.8000009059906,42.22706944647569,0.453125,0.90935960591133
grid,0,4,true,grid,6,4006,36.000001430511475,43.915901945072235,0.8125,0.9485380116959065
grid,0,4,shuffle,grid,6,4006,36.000001430511475,43.91317734837427,0.75,0.939766081871345
grid,0,4,flip,grid,6,4006,36.000001430511475,43.68932214849913,0.640625,0.9362573099415206
grid,0,4,all_yes,grid,6,4006,36.000001430511475,43.83846491195465,0.84375,0.9549707602339181
grid,0,4,all_no,grid,6,4006,35.19999980926514,43.13658268749466,0.5625,0.9333333333333333
grid,0,4,cross,viper,6,4006,34.40000116825104,43.551655211655465,0.921875,0.8631578947368421
grid,0,4,cross,ilids,6,4006,34.40000116825104,42.93037362830665,0.578125,0.6988304093567251
grid,0,4,source,market1501,6,4006,36.000001430511475,45.18165851005034,0.625,0.6824561403508772
grid,0,4,pseudo,grid,6,4006,36.000001430511475,43.59884217797542,0.953125,0.9953216374269006
grid,0,4,true,grid,7,4007,27.20000147819519,37.7080328144655,0.609375,0.6271794871794871
grid,0,4,shuffle,grid,7,4007,27.20000147819519,37.153230641040516,0.65625,0.6446153846153846
grid,0,4,flip,grid,7,4007,25.600001215934753,34.76315986201025,0.625,0.6405128205128205
grid,0,4,all_yes,grid,7,4007,34.40000116825104,42.846705552831985,0.640625,0.64
grid,0,4,all_no,grid,7,4007,21.60000056028366,31.388441061059485,0.546875,0.6292307692307693
grid,0,4,cross,viper,7,4007,34.40000116825104,42.78240397934488,0.421875,0.5138461538461538
grid,0,4,cross,ilids,7,4007,35.19999980926514,43.451937955284876,0.59375,0.6574358974358974
grid,0,4,source,market1501,7,4007,34.40000116825104,44.221620618484266,0.625,0.6569230769230769
grid,0,4,pseudo,grid,7,4007,36.000001430511475,43.8413547599143,0.421875,0.6107692307692307
grid,0,16,true,grid,0,16000,36.000001430511475,43.760176081894265,0.546875,0.6704433497536946
grid,0,16,shuffle,grid,0,16000,36.000001430511475,43.682853610742896,0.578125,0.6660098522167488
grid,0,16,flip,grid,0,16000,36.000001430511475,43.70009830071596,0.546875,0.6763546798029556
grid,0,16,all_yes,grid,0,16000,36.000001430511475,43.80387963128521,0.59375,0.6477832512315271
grid,0,16,all_no,grid,0,16000,36.000001430511475,43.70118754407988,0.5625,0.6758620689655173
grid,0,16,cross,viper,0,16000,36.000001430511475,43.57776418721237,0.609375,0.7103448275862069
grid,0,16,cross,ilids,0,16000,34.40000116825104,43.16054792514616,0.625,0.6581280788177339
grid,0,16,source,market1501,0,16000,35.19999980926514,45.123264766597885,0.75,0.854679802955665
grid,0,16,pseudo,grid,0,16000,36.000001430511475,43.94763531077456,0.65625,0.7891625615763547
grid,0,16,true,grid,1,16001,36.000001430511475,43.56433330492361,0.640625,0.6699507389162561
grid,0,16,shuffle,grid,1,16001,36.000001430511475,43.540331074961614,0.640625,0.6630541871921183
grid,0,16,flip,grid,1,16001,36.000001430511475,43.60587833754664,0.65625,0.6655172413793103
grid,0,16,all_yes,grid,1,16001,36.000001430511475,43.87570175454574,0.703125,0.6610837438423645
grid,0,16,all_no,grid,1,16001,31.200000643730164,40.77073548655614,0.640625,0.6551724137931034
grid,0,16,cross,viper,1,16001,35.19999980926514,43.482040367857785,0.484375,0.5669950738916256
grid,0,16,cross,ilids,1,16001,34.40000116825104,43.038386372056976,0.6875,0.7167487684729064
grid,0,16,source,market1501,1,16001,36.000001430511475,45.13322349781904,0.765625,0.8152709359605911
grid,0,16,pseudo,grid,1,16001,35.19999980926514,43.30055744210163,0.65625,0.687192118226601
grid,0,16,true,grid,2,16002,36.000001430511475,43.60894360423971,0.65625,0.7566502463054187
grid,0,16,shuffle,grid,2,16002,36.000001430511475,43.64772188460366,0.6875,0.7605911330049262
grid,0,16,flip,grid,2,16002,36.000001430511475,43.57927009577115,0.671875,0.7596059113300492
grid,0,16,all_yes,grid,2,16002,36.000001430511475,43.58348036053664,0.65625,0.7428571428571428
grid,0,16,all_no,grid,2,16002,33.5999995470047,42.54401256445674,0.609375,0.7541871921182266
grid,0,16,cross,viper,2,16002,34.40000116825104,42.73798602018681,0.65625,0.7182266009852216
grid,0,16,cross,ilids,2,16002,29.600000381469727,39.01268720955098,0.671875,0.7467980295566502
grid,0,16,source,market1501,2,16002,36.000001430511475,45.125456675547795,0.8125,0.8408866995073891
grid,0,16,pseudo,grid,2,16002,35.19999980926514,43.10033857459553,0.6875,0.8985221674876848
grid,0,16,true,grid,3,16003,36.000001430511475,43.717935437504266,0.65625,0.6875
grid,0,16,shuffle,grid,3,16003,36.000001430511475,43.71055719205585,0.65625,0.6904296875
grid,0,16,flip,grid,3,16003,36.000001430511475,43.74349659150908,0.65625,0.6923828125
grid,0,16,all_yes,grid,3,16003,36.000001430511475,43.9367961993194,0.65625,0.6923828125
grid,0,16,all_no,grid,3,16003,28.00000011920929,38.01029207871747,0.625,0.6806640625
grid,0,16,cross,viper,3,16003,34.40000116825104,43.02570114011445,0.515625,0.5498046875
grid,0,16,cross,ilids,3,16003,32.8000009059906,42.161958958804284,0.5625,0.66455078125
grid,0,16,source,market1501,3,16003,36.000001430511475,45.272760426571004,0.75,0.73193359375
grid,0,16,pseudo,grid,3,16003,34.40000116825104,42.83198071538795,0.71875,0.806640625
grid,0,16,true,grid,4,16004,36.000001430511475,43.74707630401597,0.4375,0.4620689655172414
grid,0,16,shuffle,grid,4,16004,36.000001430511475,43.739865022015245,0.46875,0.4704433497536946
grid,0,16,flip,grid,4,16004,36.000001430511475,43.783371464379265,0.46875,0.47635467980295565
grid,0,16,all_yes,grid,4,16004,36.000001430511475,43.84222564948991,0.5,0.46206896551724136
grid,0,16,all_no,grid,4,16004,31.200000643730164,40.41642558888241,0.4375,0.4694581280788177
grid,0,16,cross,viper,4,16004,33.5999995470047,42.49970833430303,0.5625,0.6162561576354679
grid,0,16,cross,ilids,4,16004,34.40000116825104,43.19286932494554,0.515625,0.6886699507389162
grid,0,16,source,market1501,4,16004,38.40000033378601,46.20138547139576,0.609375,0.6645320197044335
grid,0,16,pseudo,grid,4,16004,36.000001430511475,43.60036118317154,0.71875,0.8896551724137932
grid,0,16,true,grid,5,16005,26.399999856948853,36.63383200883015,0.640625,0.7276785714285714
grid,0,16,shuffle,grid,5,16005,28.79999876022339,36.82835101313975,0.625,0.7316468253968254
grid,0,16,flip,grid,5,16005,32.8000009059906,41.53857135352649,0.640625,0.7232142857142857
grid,0,16,all_yes,grid,5,16005,36.000001430511475,43.78058508003086,0.59375,0.7212301587301587
grid,0,16,all_no,grid,5,16005,25.600001215934753,34.333974288817586,0.59375,0.7405753968253969
grid,0,16,cross,viper,5,16005,34.40000116825104,42.818688151319776,0.625,0.6850198412698413
grid,0,16,cross,ilids,5,16005,34.40000116825104,42.87458171150751,0.6875,0.6617063492063493
grid,0,16,source,market1501,5,16005,36.800000071525574,45.50151888095692,0.671875,0.7648809523809523
grid,0,16,pseudo,grid,5,16005,33.5999995470047,42.453850577026415,0.671875,0.8591269841269841
grid,0,16,true,grid,6,16006,35.19999980926514,43.74337836551197,0.625,0.8215686274509804
grid,0,16,shuffle,grid,6,16006,35.19999980926514,43.377163798854575,0.640625,0.8299019607843137
grid,0,16,flip,grid,6,16006,36.000001430511475,43.88446211531804,0.640625,0.8343137254901961
grid,0,16,all_yes,grid,6,16006,36.000001430511475,43.807178752210966,0.75,0.8490196078431371
grid,0,16,all_no,grid,6,16006,28.79999876022339,38.283341937309935,0.59375,0.8372549019607843
grid,0,16,cross,viper,6,16006,35.19999980926514,43.361383096224316,0.578125,0.6274509803921569
grid,0,16,cross,ilids,6,16006,34.40000116825104,43.04425190395762,0.671875,0.782843137254902
grid,0,16,source,market1501,6,16006,36.800000071525574,45.508494995747284,0.6875,0.8303921568627451
grid,0,16,pseudo,grid,6,16006,36.000001430511475,43.72760836002182,0.609375,0.7774509803921569
grid,0,16,true,grid,7,16007,35.19999980926514,43.2420571758176,0.609375,0.6610837438423646
grid,0,16,shuffle,grid,7,16007,35.19999980926514,43.14357651802146,0.578125,0.6605911330049261
grid,0,16,flip,grid,7,16007,31.200000643730164,40.28574873649337,0.59375,0.668472906403941
grid,0,16,all_yes,grid,7,16007,35.19999980926514,43.31221128414936,0.578125,0.6507389162561577
grid,0,16,all_no,grid,7,16007,31.200000643730164,41.06901374230734,0.5625,0.6665024630541871
grid,0,16,cross,viper,7,16007,34.40000116825104,42.906926193160025,0.546875,0.6019704433497537
grid,0,16,cross,ilids,7,16007,34.40000116825104,43.040726375154264,0.421875,0.5029556650246305
grid,0,16,source,market1501,7,16007,36.800000071525574,45.53152405080482,0.703125,0.7438423645320197
grid,0,16,pseudo,grid,7,16007,31.200000643730164,41.325930928872936,0.578125,0.8975369458128079
grid,1,0,zero,-,0,100000,10.400000214576721,19.885097982161106,nan,nan
grid,1,4,true,grid,0,104000,28.00000011920929,38.897906530947054,0.671875,0.8852216748768473
grid,1,4,shuffle,grid,0,104000,28.00000011920929,38.61950461908557,0.671875,0.8842364532019704
grid,1,4,flip,grid,0,104000,28.00000011920929,38.38848212524246,0.671875,0.8871921182266009
grid,1,4,all_yes,grid,0,104000,28.79999876022339,38.912072438243314,0.765625,0.883743842364532
grid,1,4,all_no,grid,0,104000,22.40000069141388,33.78724097134596,0.625,0.8891625615763546
grid,1,4,cross,viper,0,104000,26.399999856948853,37.00982448058458,0.5625,0.6955665024630542
grid,1,4,cross,ilids,0,104000,28.00000011920929,38.094581067134555,0.765625,0.8871921182266009
grid,1,4,source,market1501,0,104000,30.399999022483826,41.86394199683593,0.578125,0.7591133004926108
grid,1,4,pseudo,grid,0,104000,28.00000011920929,39.28887241831197,0.640625,0.7394088669950739
grid,1,4,true,grid,1,104001,28.00000011920929,38.4599970052949,0.53125,0.48011363636363635
grid,1,4,shuffle,grid,1,104001,28.00000011920929,38.68148303893413,0.53125,0.472159090909091
grid,1,4,flip,grid,1,104001,28.00000011920929,38.52710618272185,0.5625,0.4767045454545455
grid,1,4,all_yes,grid,1,104001,28.00000011920929,38.48595192323304,0.53125,0.5034090909090909
grid,1,4,all_no,grid,1,104001,18.400000035762787,27.91331693534054,0.578125,0.5244318181818182
grid,1,4,cross,viper,1,104001,28.79999876022339,39.47784440298141,0.578125,0.7375
grid,1,4,cross,ilids,1,104001,28.79999876022339,39.539597011070214,0.59375,0.5471590909090909
grid,1,4,source,market1501,1,104001,30.399999022483826,41.042958670987375,0.859375,0.9318181818181819
grid,1,4,pseudo,grid,1,104001,26.399999856948853,36.13112604462862,0.421875,0.9772727272727273
grid,1,4,true,grid,2,104002,28.79999876022339,39.34989837872232,0.515625,0.5692708333333334
grid,1,4,shuffle,grid,2,104002,28.00000011920929,38.777090096353,0.53125,0.5619791666666667
grid,1,4,flip,grid,2,104002,24.799999594688416,35.545205667913905,0.546875,0.5755208333333334
grid,1,4,all_yes,grid,2,104002,28.79999876022339,39.15666343957366,0.5625,0.5833333333333333
grid,1,4,all_no,grid,2,104002,22.40000069141388,31.35673039869713,0.46875,0.6020833333333334
grid,1,4,cross,viper,2,104002,28.00000011920929,39.20745383387014,0.625,0.6416666666666666
grid,1,4,cross,ilids,2,104002,28.00000011920929,39.030263711114024,0.484375,0.6671875
grid,1,4,source,market1501,2,104002,31.200000643730164,41.61392786951835,0.6875,0.8239583333333333
grid,1,4,pseudo,grid,2,104002,23.999999463558197,34.16035942966458,0.71875,0.7770833333333333
grid,1,4,true,grid,3,104003,28.00000011920929,38.38246407206293,0.921875,0.9748717948717949
grid,1,4,shuffle,grid,3,104003,28.00000011920929,38.42964084614575,0.90625,0.9789743589743589
grid,1,4,flip,grid,3,104003,28.00000011920929,38.30805985751382,0.8125,0.963076923076923
grid,1,4,all_yes,grid,3,104003,27.20000147819519,37.90206981387038,0.953125,0.9953846153846153
grid,1,4,all_no,grid,3,104003,24.799999594688416,34.78246328023101,0.75,0.963076923076923
grid,1,4,cross,viper,3,104003,26.399999856948853,36.99790810259648,0.484375,0.5733333333333334
grid,1,4,cross,ilids,3,104003,24.799999594688416,35.0672504853328,0.796875,0.8651282051282052
grid,1,4,source,market1501,3,104003,31.200000643730164,41.52931930700438,0.359375,0.46102564102564103
grid,1,4,pseudo,grid,3,104003,26.399999856948853,37.2322765851927,0.5625,0.8928205128205128
grid,1,4,true,grid,4,104004,27.20000147819519,38.56910819173259,0.71875,0.67512077294686
grid,1,4,shuffle,grid,4,104004,27.20000147819519,38.473177243987585,0.703125,0.6793478260869565
grid,1,4,flip,grid,4,104004,28.00000011920929,38.36398791827618,0.71875,0.6811594202898551
grid,1,4,all_yes,grid,4,104004,28.00000011920929,38.56488952390132,0.71875,0.6757246376811594
grid,1,4,all_no,grid,4,104004,23.19999933242798,33.07113191545092,0.734375,0.701086956521739
grid,1,4,cross,viper,4,104004,29.600000381469727,40.12026984817146,0.59375,0.8695652173913044
grid,1,4,cross,ilids,4,104004,28.00000011920929,39.15078345806976,0.5625,0.5567632850241546
grid,1,4,source,market1501,4,104004,30.399999022483826,41.35218803286828,0.78125,0.9492753623188406
grid,1,4,pseudo,grid,4,104004,28.79999876022339,39.40610620617121,0.4375,0.6847826086956522
grid,1,4,true,grid,5,104005,28.00000011920929,38.80860648283721,0.484375,0.7048726467331119
grid,1,4,shuffle,grid,5,104005,29.600000381469727,39.703257545136545,0.5,0.7048726467331119
grid,1,4,flip,grid,5,104005,28.79999876022339,39.07815476811984,0.484375,0.7115171650055371
grid,1,4,all_yes,grid,5,104005,28.79999876022339,39.54356668368262,0.46875,0.6960132890365449
grid,1,4,all_no,grid,5,104005,28.00000011920929,38.316518183792404,0.484375,0.7142857142857143
grid,1,4,cross,viper,5,104005,29.600000381469727,40.1929510148536,0.703125,0.9174972314507198
grid,1,4,cross,ilids,5,104005,26.399999856948853,36.24133573609858,0.4375,0.6511627906976745
grid,1,4,source,market1501,5,104005,31.200000643730164,41.55970484632769,0.640625,0.6184939091915835
grid,1,4,pseudo,grid,5,104005,22.40000069141388,32.705724939848515,0.859375,0.8122923588039868
grid,1,4,true,grid,6,104006,28.00000011920929,38.56868850991278,0.546875,0.763157894736842
grid,1,4,shuffle,grid,6,104006,28.00000011920929,38.878526905926705,0.546875,0.7677125506072875
grid,1,4,flip,grid,6,104006,28.00000011920929,38.47937012562376,0.546875,0.7606275303643725
grid,1,4,all_yes,grid,6,104006,28.00000011920929,38.73774148684054,0.515625,0.763157894736842
grid,1,4,all_no,grid,6,104006,26.399999856948853,37.09691167777107,0.53125,0.7555668016194332
grid,1,4,cross,viper,6,104006,27.20000147819519,37.824895365541956,0.453125,0.6533400809716599
grid,1,4,cross,ilids,6,104006,28.00000011920929,38.74986322838921,0.5625,0.5840080971659918
grid,1,4,source,market1501,6,104006,30.399999022483826,40.892967323317436,0.78125,0.909412955465587
grid,1,4,pseudo,grid,6,104006,28.00000011920929,38.46113904127275,0.671875,0.9023279352226721
grid,1,4,true,grid,7,104007,25.600001215934753,36.22336455962595,0.703125,0.8234374999999999
grid,1,4,shuffle,grid,7,104007,22.40000069141388,33.392831368918294,0.6875,0.8385416666666666
grid,1,4,flip,grid,7,104007,23.999999463558197,34.37105179446082,0.734375,0.8380208333333334
grid,1,4,all_yes,grid,7,104007,25.600001215934753,36.799949631897476,0.6875,0.81875
grid,1,4,all_no,grid,7,104007,27.20000147819519,37.951514766986335,0.71875,0.8119791666666667
grid,1,4,cross,viper,7,104007,26.399999856948853,37.5296619443448,0.359375,0.48958333333333326
grid,1,4,cross,ilids,7,104007,26.399999856948853,37.21855782385166,0.28125,0.35104166666666664
grid,1,4,source,market1501,7,104007,31.999999284744263,42.60966719002097,0.65625,0.9026041666666667
grid,1,4,pseudo,grid,7,104007,17.59999990463257,26.64292941380789,0.625,0.7567708333333333
grid,1,16,true,grid,0,116000,28.00000011920929,38.21809950955114,0.59375,0.59912109375
grid,1,16,shuffle,grid,0,116000,28.79999876022339,38.678244689856584,0.59375,0.59619140625
grid,1,16,flip,grid,0,116000,28.79999876022339,38.812410393392994,0.5625,0.5947265625
grid,1,16,all_yes,grid,0,116000,27.20000147819519,38.32945010106024,0.53125,0.60302734375
grid,1,16,all_no,grid,0,116000,23.999999463558197,34.46641822577677,0.640625,0.607421875
grid,1,16,cross,viper,0,116000,28.00000011920929,38.47674388936287,0.671875,0.72998046875
grid,1,16,cross,ilids,0,116000,27.20000147819519,37.7724813202382,0.59375,0.6591796875
grid,1,16,source,market1501,0,116000,31.200000643730164,41.911852402186845,0.625,0.71728515625
grid,1,16,pseudo,grid,0,116000,28.00000011920929,38.39954395839604,0.59375,0.69140625
grid,1,16,true,grid,1,116001,28.79999876022339,39.134938456823114,0.703125,0.7356150793650793
grid,1,16,shuffle,grid,1,116001,28.79999876022339,39.111974926365676,0.703125,0.7375992063492063
grid,1,16,flip,grid,1,116001,28.79999876022339,39.088145782370134,0.6875,0.7286706349206349
grid,1,16,all_yes,grid,1,116001,28.79999876022339,39.348187200132365,0.703125,0.7574404761904762
grid,1,16,all_no,grid,1,116001,28.00000011920929,38.20391028315767,0.578125,0.7232142857142857
grid,1,16,cross,viper,1,116001,27.20000147819519,38.55268122439529,0.421875,0.42410714285714285
grid,1,16,cross,ilids,1,116001,27.20000147819519,37.90564905364777,0.609375,0.7222222222222222
grid,1,16,source,market1501,1,116001,30.399999022483826,40.977052028121655,0.625,0.6686507936507937
grid,1,16,pseudo,grid,1,116001,28.79999876022339,39.391634658538514,0.546875,0.8115079365079365
grid,1,16,true,grid,2,116002,28.79999876022339,38.89696233578354,0.6875,0.7465686274509804
grid,1,16,shuffle,grid,2,116002,29.600000381469727,39.2157962983624,0.671875,0.7490196078431374
grid,1,16,flip,grid,2,116002,28.79999876022339,38.90599419785611,0.65625,0.7495098039215686
grid,1,16,all_yes,grid,2,116002,28.79999876022339,39.120235834797995,0.6875,0.736764705882353
grid,1,16,all_no,grid,2,116002,28.00000011920929,38.09274275207946,0.671875,0.7504901960784314
grid,1,16,cross,viper,2,116002,28.79999876022339,39.205415689706186,0.46875,0.49117647058823527
grid,1,16,cross,ilids,2,116002,27.20000147819519,38.00548775031813,0.5,0.5426470588235294
grid,1,16,source,market1501,2,116002,30.399999022483826,41.367479439711765,0.71875,0.7666666666666666
grid,1,16,pseudo,grid,2,116002,29.600000381469727,39.36594521748094,0.5625,0.7397058823529412
grid,1,16,true,grid,3,116003,28.79999876022339,39.245834997991,0.65625,0.7044117647058824
grid,1,16,shuffle,grid,3,116003,29.600000381469727,39.692817797999865,0.640625,0.7078431372549019
grid,1,16,flip,grid,3,116003,29.600000381469727,39.67235871281793,0.671875,0.7102941176470587
grid,1,16,all_yes,grid,3,116003,28.00000011920929,38.915125412493424,0.6875,0.7186274509803922
grid,1,16,all_no,grid,3,116003,25.600001215934753,36.60552995170169,0.59375,0.6965686274509804
grid,1,16,cross,viper,3,116003,27.20000147819519,38.40791005782644,0.515625,0.6098039215686275
grid,1,16,cross,ilids,3,116003,27.20000147819519,37.91498008104231,0.609375,0.7259803921568628
grid,1,16,source,market1501,3,116003,31.999999284744263,42.27882156884929,0.609375,0.6259803921568627
grid,1,16,pseudo,grid,3,116003,27.20000147819519,37.71808629682885,0.59375,0.7186274509803922
grid,1,16,true,grid,4,116004,28.79999876022339,39.16608082878873,0.546875,0.6097435897435898
grid,1,16,shuffle,grid,4,116004,28.79999876022339,39.106088464679246,0.53125,0.6133333333333334
grid,1,16,flip,grid,4,116004,28.79999876022339,39.561091933133284,0.546875,0.6225641025641024
grid,1,16,all_yes,grid,4,116004,28.79999876022339,39.29285260717817,0.546875,0.6338461538461538
grid,1,16,all_no,grid,4,116004,24.799999594688416,36.094424539204866,0.546875,0.6087179487179488
grid,1,16,cross,viper,4,116004,27.20000147819519,38.38840906154978,0.671875,0.5994871794871794
grid,1,16,cross,ilids,4,116004,27.20000147819519,37.877168873243974,0.609375,0.6892307692307692
grid,1,16,source,market1501,4,116004,29.600000381469727,40.74082990512143,0.671875,0.735897435897436
grid,1,16,pseudo,grid,4,116004,28.79999876022339,38.37653611560683,0.671875,0.7964102564102564
grid,1,16,true,grid,5,116005,28.00000011920929,38.442288368283705,0.6875,0.7651960784313726
grid,1,16,shuffle,grid,5,116005,28.00000011920929,38.38726961194098,0.65625,0.7735294117647059
grid,1,16,flip,grid,5,116005,28.00000011920929,38.28653345457402,0.671875,0.7725490196078433
grid,1,16,all_yes,grid,5,116005,28.79999876022339,39.140141491945414,0.671875,0.7784313725490196
grid,1,16,all_no,grid,5,116005,24.799999594688416,35.50273437279557,0.703125,0.7705882352941177
grid,1,16,cross,viper,5,116005,28.00000011920929,38.931596100504294,0.484375,0.49607843137254903
grid,1,16,cross,ilids,5,116005,25.600001215934753,35.72878773736938,0.625,0.821078431372549
grid,1,16,source,market1501,5,116005,29.600000381469727,40.90147419042851,0.703125,0.8235294117647058
grid,1,16,pseudo,grid,5,116005,28.79999876022339,39.51893415282811,0.859375,0.9161764705882353
grid,1,16,true,grid,6,116006,28.79999876022339,39.05786975185401,0.671875,0.796078431372549
grid,1,16,shuffle,grid,6,116006,28.79999876022339,38.8511492122246,0.6875,0.792156862745098
grid,1,16,flip,grid,6,116006,28.79999876022339,38.760161227841024,0.6875,0.794607843137255
grid,1,16,all_yes,grid,6,116006,28.79999876022339,39.45775066116076,0.703125,0.8034313725490196
grid,1,16,all_no,grid,6,116006,26.399999856948853,37.223964720988754,0.6875,0.7975490196078432
grid,1,16,cross,viper,6,116006,27.20000147819519,37.81084040889953,0.515625,0.5882352941176471
grid,1,16,cross,ilids,6,116006,27.20000147819519,38.236734108318075,0.5625,0.7818627450980392
grid,1,16,source,market1501,6,116006,29.600000381469727,40.7070981955743,0.625,0.7009803921568628
grid,1,16,pseudo,grid,6,116006,28.79999876022339,38.729261997025915,0.671875,0.8504901960784313
grid,1,16,true,grid,7,116007,28.79999876022339,39.1004932949521,0.6875,0.8618421052631581
grid,1,16,shuffle,grid,7,116007,28.79999876022339,39.271700509410685,0.640625,0.8582995951417005
grid,1,16,flip,grid,7,116007,28.79999876022339,38.91919096597135,0.59375,0.8674089068825911
grid,1,16,all_yes,grid,7,116007,28.79999876022339,39.468767702736535,0.703125,0.854251012145749
grid,1,16,all_no,grid,7,116007,25.600001215934753,36.62943047303721,0.53125,0.8648785425101214
grid,1,16,cross,viper,7,116007,27.20000147819519,38.174704715150895,0.59375,0.6761133603238867
grid,1,16,cross,ilids,7,116007,28.00000011920929,38.54500901630634,0.4375,0.6234817813765183
grid,1,16,source,market1501,7,116007,29.600000381469727,41.08542935838126,0.546875,0.645242914979757
grid,1,16,pseudo,grid,7,116007,28.79999876022339,39.127246233120644,0.65625,0.7575910931174089
grid,2,0,zero,-,0,200000,15.999999642372131,23.9495599423337,nan,nan
grid,2,4,true,grid,0,204000,33.5999995470047,43.30956961807977,0.578125,0.576076076076076
grid,2,4,shuffle,grid,0,204000,31.999999284744263,41.90934168113492,0.578125,0.5725725725725725
grid,2,4,flip,grid,0,204000,31.999999284744263,41.938736339675195,0.578125,0.5810810810810811
grid,2,4,all_yes,grid,0,204000,34.40000116825104,43.806905147278925,0.546875,0.5690690690690691
grid,2,4,all_no,grid,0,204000,26.399999856948853,34.83577041972668,0.578125,0.5930930930930931
grid,2,4,cross,viper,0,204000,31.999999284744263,42.30508913558041,0.734375,0.7897897897897899
grid,2,4,cross,ilids,0,204000,32.8000009059906,42.689808179706404,0.671875,0.7492492492492492
grid,2,4,source,market1501,0,204000,33.5999995470047,43.60823254865581,0.703125,0.8138138138138138
grid,2,4,pseudo,grid,0,204000,33.5999995470047,43.43233170782108,0.71875,0.882882882882883
grid,2,4,true,grid,1,204001,31.999999284744263,42.62616565990724,0.375,0.8488636363636363
grid,2,4,shuffle,grid,1,204001,31.999999284744263,42.579282231334226,0.390625,0.8596590909090909
grid,2,4,flip,grid,1,204001,31.999999284744263,42.38472909941923,0.359375,0.8528409090909091
grid,2,4,all_yes,grid,1,204001,31.999999284744263,42.66717724564984,0.4375,0.8590909090909091
grid,2,4,all_no,grid,1,204001,31.999999284744263,42.54798383058038,0.34375,0.8392045454545455
grid,2,4,cross,viper,1,204001,32.8000009059906,42.735571255343764,0.859375,0.9323863636363636
grid,2,4,cross,ilids,1,204001,32.8000009059906,42.57102049928164,0.5625,0.7710227272727272
grid,2,4,source,market1501,1,204001,32.8000009059906,43.49966712944398,0.78125,0.8340909090909091
grid,2,4,pseudo,grid,1,204001,33.5999995470047,43.62839409264577,0.640625,0.8579545454545454
grid,2,4,true,grid,2,204002,27.20000147819519,36.93615460363082,0.46875,0.5568181818181819
grid,2,4,shuffle,grid,2,204002,26.399999856948853,35.810728398297876,0.46875,0.5524891774891775
grid,2,4,flip,grid,2,204002,26.399999856948853,36.320117018827744,0.46875,0.5541125541125541
grid,2,4,all_yes,grid,2,204002,32.8000009059906,42.90200641030717,0.46875,0.5524891774891776
grid,2,4,all_no,grid,2,204002,25.600001215934753,33.412924596625,0.453125,0.5443722943722943
grid,2,4,cross,viper,2,204002,31.999999284744263,42.86336407995858,0.625,0.7288961038961039
grid,2,4,cross,ilids,2,204002,32.8000009059906,42.45104841650532,0.40625,0.4491341991341991
grid,2,4,source,market1501,2,204002,32.8000009059906,43.968620965005265,0.9375,0.9864718614718615
grid,2,4,pseudo,grid,2,204002,33.5999995470047,43.21401657537823,0.46875,0.5476190476190477
grid,2,4,true,grid,3,204003,26.399999856948853,35.48268124560467,0.515625,0.7067708333333333
grid,2,4,shuffle,grid,3,204003,26.399999856948853,34.636300842939455,0.53125,0.7114583333333333
grid,2,4,flip,grid,3,204003,23.999999463558197,31.455274071210088,0.59375,0.7276041666666666
grid,2,4,all_yes,grid,3,204003,32.8000009059906,42.91895923841584,0.5,0.6875
grid,2,4,all_no,grid,3,204003,23.999999463558197,31.398589557448165,0.578125,0.7223958333333333
grid,2,4,cross,viper,3,204003,31.999999284744263,42.377034719946884,0.5,0.4177083333333334
grid,2,4,cross,ilids,3,204003,32.8000009059906,43.59075848501257,0.8125,0.8984375
grid,2,4,source,market1501,3,204003,33.5999995470047,43.83127418275175,0.6875,0.7885416666666667
grid,2,4,pseudo,grid,3,204003,32.8000009059906,43.158156418942525,0.5,0.565625
grid,2,4,true,grid,4,204004,29.600000381469727,39.36511647276432,0.53125,0.3753976670201485
grid,2,4,shuffle,grid,4,204004,26.399999856948853,35.80469528860119,0.53125,0.3727465535524921
grid,2,4,flip,grid,4,204004,25.600001215934753,33.58226436283145,0.53125,0.3775185577942736
grid,2,4,all_yes,grid,4,204004,32.8000009059906,42.56182710404289,0.5,0.37592788971367974
grid,2,4,all_no,grid,4,204004,25.600001215934753,33.53972914225935,0.46875,0.38494167550371156
grid,2,4,cross,viper,4,204004,31.999999284744263,42.88233963187886,0.453125,0.48939554612937436
grid,2,4,cross,ilids,4,204004,31.999999284744263,42.03077172037955,0.625,0.5816542948038177
grid,2,4,source,market1501,4,204004,35.19999980926514,44.609954134473526,0.765625,0.9066808059384941
grid,2,4,pseudo,grid,4,204004,32.8000009059906,43.165217171703105,0.53125,0.8218451749734889
grid,2,4,true,grid,5,204005,27.20000147819519,37.12743765089602,0.546875,0.5721428571428571
grid,2,4,shuffle,grid,5,204005,28.00000011920929,39.14273469144845,0.53125,0.5528571428571428
grid,2,4,flip,grid,5,204005,27.20000147819519,35.09688134134864,0.53125,0.5564285714285714
grid,2,4,all_yes,grid,5,204005,32.8000009059906,42.82396280280379,0.546875,0.5842857142857142
grid,2,4,all_no,grid,5,204005,23.999999463558197,31.63014394626076,0.53125,0.5614285714285714
grid,2,4,cross,viper,5,204005,31.999999284744263,42.88319695645849,0.625,0.8335714285714285
grid,2,4,cross,ilids,5,204005,30.399999022483826,40.454242405669824,0.453125,0.6185714285714285
grid,2,4,source,market1501,5,204005,34.40000116825104,44.28544480966835,0.640625,0.8857142857142857
grid,2,4,pseudo,grid,5,204005,32.8000009059906,42.79363867763774,0.578125,0.8164285714285714
grid,2,4,true,grid,6,204006,33.5999995470047,43.683893248938524,0.4375,0.4596590909090909
grid,2,4,shuffle,grid,6,204006,33.5999995470047,43.621088354274704,0.4375,0.4545454545454546
grid,2,4,flip,grid,6,204006,33.5999995470047,43.64927864704929,0.375,0.4869318181818182
grid,2,4,all_yes,grid,6,204006,33.5999995470047,43.450001379150464,0.46875,0.44602272727272724
grid,2,4,all_no,grid,6,204006,31.200000643730164,40.91956369219867,0.296875,0.45170454545454547
grid,2,4,cross,viper,6,204006,31.999999284744263,42.910072958015064,0.71875,0.7789772727272727
grid,2,4,cross,ilids,6,204006,31.999999284744263,42.6659636552875,0.515625,0.7176136363636364
grid,2,4,source,market1501,6,204006,32.8000009059906,43.83153378987519,0.796875,0.8340909090909091
grid,2,4,pseudo,grid,6,204006,31.999999284744263,41.99987758896189,0.75,0.7170454545454545
grid,2,4,true,grid,7,204007,32.8000009059906,42.85575025546734,0.515625,0.6699134199134199
grid,2,4,shuffle,grid,7,204007,32.8000009059906,42.69611597212134,0.515625,0.6699134199134199
grid,2,4,flip,grid,7,204007,28.79999876022339,38.95882257646171,0.5,0.6791125541125541
grid,2,4,all_yes,grid,7,204007,31.999999284744263,42.42161138081863,0.640625,0.6758658008658008
grid,2,4,all_no,grid,7,204007,25.600001215934753,36.15201427853615,0.390625,0.6682900432900433
grid,2,4,cross,viper,7,204007,33.5999995470047,44.01198053436961,0.4375,0.5573593073593074
grid,2,4,cross,ilids,7,204007,25.600001215934753,35.50060810911398,0.453125,0.676948051948052
grid,2,4,source,market1501,7,204007,33.5999995470047,43.9841121774728,0.6875,0.6893939393939394
grid,2,4,pseudo,grid,7,204007,32.8000009059906,42.64707372221165,0.71875,0.775974025974026
grid,2,16,true,grid,0,216000,32.8000009059906,43.044129292533356,0.625,0.6820436507936508
grid,2,16,shuffle,grid,0,216000,32.8000009059906,43.131677315061665,0.625,0.6830357142857143
grid,2,16,flip,grid,0,216000,30.399999022483826,40.649791881368515,0.59375,0.6929563492063492
grid,2,16,all_yes,grid,0,216000,32.8000009059906,43.34523289805895,0.640625,0.6840277777777778
grid,2,16,all_no,grid,0,216000,26.399999856948853,36.6357468115326,0.609375,0.6879960317460317
grid,2,16,cross,viper,0,216000,31.999999284744263,43.27328582414622,0.71875,0.7802579365079365
grid,2,16,cross,ilids,0,216000,32.8000009059906,43.603475309794284,0.640625,0.7306547619047619
grid,2,16,source,market1501,0,216000,35.19999980926514,44.670859896953004,0.671875,0.6731150793650793
grid,2,16,pseudo,grid,0,216000,33.5999995470047,43.463679584262344,0.640625,0.8060515873015873
grid,2,16,true,grid,1,216001,32.8000009059906,42.860382947809086,0.5625,0.6103515625
grid,2,16,shuffle,grid,1,216001,32.8000009059906,43.212383573596576,0.546875,0.61669921875
grid,2,16,flip,grid,1,216001,32.8000009059906,43.056101957300015,0.5625,0.6279296875
grid,2,16,all_yes,grid,1,216001,32.8000009059906,42.78023766271126,0.546875,0.6142578125
grid,2,16,all_no,grid,1,216001,26.399999856948853,36.448358641861624,0.578125,0.60400390625
grid,2,16,cross,viper,1,216001,31.999999284744263,42.793649149576765,0.5,0.5234375
grid,2,16,cross,ilids,1,216001,30.399999022483826,40.1643616729793,0.5625,0.6181640625
grid,2,16,source,market1501,1,216001,34.40000116825104,44.067185121099435,0.75,0.853515625
grid,2,16,pseudo,grid,1,216001,33.5999995470047,43.5772417240269,0.65625,0.7548828125
grid,2,16,true,grid,2,216002,33.5999995470047,43.40306113353118,0.703125,0.7941468253968255
grid,2,16,shuffle,grid,2,216002,33.5999995470047,43.35547978043364,0.75,0.7971230158730159
grid,2,16,flip,grid,2,216002,33.5999995470047,43.52744721990581,0.75,0.795138888888889
grid,2,16,all_yes,grid,2,216002,33.5999995470047,43.49255702388813,0.75,0.7896825396825398
grid,2,16,all_no,grid,2,216002,29.600000381469727,40.388718477496916,0.703125,0.785218253968254
grid,2,16,cross,viper,2,216002,32.8000009059906,43.585327203971836,0.640625,0.7008928571428572
grid,2,16,cross,ilids,2,216002,31.999999284744263,42.00909785838626,0.625,0.6815476190476191
grid,2,16,source,market1501,2,216002,34.40000116825104,44.266700710444304,0.734375,0.8402777777777778
grid,2,16,pseudo,grid,2,216002,32.8000009059906,43.03051379128873,0.75,0.8377976190476191
grid,2,16,true,grid,3,216003,31.999999284744263,42.14665434908721,0.578125,0.6676676676676676
grid,2,16,shuffle,grid,3,216003,25.600001215934753,36.857381174916696,0.59375,0.6861861861861862
grid,2,16,flip,grid,3,216003,27.20000147819519,36.80902929274194,0.578125,0.6761761761761762
grid,2,16,all_yes,grid,3,216003,33.5999995470047,43.37582850887863,0.578125,0.6666666666666666
grid,2,16,all_no,grid,3,216003,23.999999463558197,32.38445874788003,0.5625,0.6776776776776777
grid,2,16,cross,viper,3,216003,31.999999284744263,42.384091329510994,0.625,0.6966966966966966
grid,2,16,cross,ilids,3,216003,32.8000009059906,42.57360817591861,0.671875,0.7627627627627628
grid,2,16,source,market1501,3,216003,33.5999995470047,43.94657148219974,0.65625,0.7382382382382382
grid,2,16,pseudo,grid,3,216003,32.8000009059906,43.240220536197974,0.5625,0.7902902902902903
grid,2,16,true,grid,4,216004,33.5999995470047,43.606855305974655,0.578125,0.6318359375
grid,2,16,shuffle,grid,4,216004,33.5999995470047,43.69994286544405,0.609375,0.63916015625
grid,2,16,flip,grid,4,216004,31.999999284744263,42.368652031365535,0.625,0.6435546875
grid,2,16,all_yes,grid,4,216004,32.8000009059906,43.55775433664085,0.59375,0.61865234375
grid,2,16,all_no,grid,4,216004,26.399999856948853,35.53278564068054,0.59375,0.6259765625
grid,2,16,cross,viper,4,216004,33.5999995470047,43.93760227835769,0.671875,0.6826171875
grid,2,16,cross,ilids,4,216004,32.8000009059906,42.53373691851133,0.59375,0.6630859375
grid,2,16,source,market1501,4,216004,34.40000116825104,44.21640301499628,0.703125,0.8232421875
grid,2,16,pseudo,grid,4,216004,32.8000009059906,42.62312332662271,0.78125,0.85400390625
grid,2,16,true,grid,5,216005,33.5999995470047,43.590722061557194,0.578125,0.6655172413793105
grid,2,16,shuffle,grid,5,216005,33.5999995470047,43.45589586787978,0.578125,0.6669950738916256
grid,2,16,flip,grid,5,216005,33.5999995470047,43.354946921807425,0.59375,0.641871921182266
grid,2,16,all_yes,grid,5,216005,33.5999995470047,43.48344527612172,0.640625,0.6522167487684729
grid,2,16,all_no,grid,5,216005,25.600001215934753,35.5083556485511,0.609375,0.6665024630541871
grid,2,16,cross,viper,5,216005,33.5999995470047,43.881070181221794,0.6875,0.7684729064039408
grid,2,16,cross,ilids,5,216005,32.8000009059906,42.957981160257496,0.625,0.6945812807881773
grid,2,16,source,market1501,5,216005,33.5999995470047,43.71059557338511,0.78125,0.861576354679803
grid,2,16,pseudo,grid,5,216005,32.8000009059906,42.90780156054904,0.6875,0.8014778325123153
grid,2,16,true,grid,6,216006,25.600001215934753,36.463353027884054,0.546875,0.5288461538461539
grid,2,16,shuffle,grid,6,216006,25.600001215934753,35.26432188701997,0.515625,0.5394736842105263
grid,2,16,flip,grid,6,216006,32.8000009059906,42.80629232022074,0.515625,0.5369433198380567
grid,2,16,all_yes,grid,6,216006,32.8000009059906,42.824350992011425,0.578125,0.5394736842105263
grid,2,16,all_no,grid,6,216006,25.600001215934753,34.53661788004067,0.5625,0.5399797570850202
grid,2,16,cross,viper,6,216006,31.999999284744263,42.94011057182449,0.640625,0.6295546558704453
grid,2,16,cross,ilids,6,216006,31.999999284744263,42.03864717969028,0.5625,0.6148785425101214
grid,2,16,source,market1501,6,216006,34.40000116825104,44.211013808872046,0.828125,0.8628542510121459
grid,2,16,pseudo,grid,6,216006,32.8000009059906,42.98334634544182,0.65625,0.7317813765182186
grid,2,16,true,grid,7,216007,31.999999284744263,41.75919489495296,0.40625,0.46307692307692305
grid,2,16,shuffle,grid,7,216007,32.8000009059906,42.57450672074254,0.421875,0.45384615384615384
grid,2,16,flip,grid,7,216007,29.600000381469727,40.34053550250396,0.4375,0.45128205128205123
grid,2,16,all_yes,grid,7,216007,33.5999995470047,43.252913534512615,0.375,0.4589743589743589
grid,2,16,all_no,grid,7,216007,25.600001215934753,34.417941268037005,0.453125,0.4625641025641026
grid,2,16,cross,viper,7,216007,32.8000009059906,43.47874301163917,0.5625,0.6369230769230769
grid,2,16,cross,ilids,7,216007,32.8000009059906,43.186225968247896,0.734375,0.8287179487179487
grid,2,16,source,market1501,7,216007,34.40000116825104,44.47999408228721,0.765625,0.818974358974359
grid,2,16,pseudo,grid,7,216007,32.8000009059906,43.272270761451885,0.578125,0.7953846153846154
ilids,0,0,zero,-,0,0,53.33333611488342,64.1739363124167,nan,nan
ilids,0,4,true,ilids,0,4000,61.666667461395264,71.61365486365487,0.5625,0.6915584415584415
ilids,0,4,shuffle,ilids,0,4000,61.666667461395264,71.53853874883286,0.546875,0.6969696969696969
ilids,0,4,flip,ilids,0,4000,61.666667461395264,71.35514417968778,0.578125,0.7012987012987014
ilids,0,4,all_yes,ilids,0,4000,63.333332538604736,72.38527466542172,0.578125,0.6856060606060606
ilids,0,4,all_no,ilids,0,4000,58.33333134651184,69.56632141007142,0.46875,0.6964285714285714
ilids,0,4,cross,viper,0,4000,64.99999761581421,73.26706383036307,0.78125,0.6347402597402597
ilids,0,4,cross,grid,0,4000,64.99999761581421,72.64610603677943,0.578125,0.5346320346320347
ilids,0,4,source,market1501,0,4000,64.99999761581421,71.93538544433687,0.59375,0.5822510822510822
ilids,0,4,pseudo,ilids,0,4000,64.99999761581421,72.83907211209844,0.578125,0.8436147186147186
ilids,0,4,true,ilids,1,4001,63.333332538604736,72.54275573105495,0.484375,0.7163308589607635
ilids,0,4,shuffle,ilids,1,4001,63.333332538604736,72.36644524959745,0.5,0.7242841993637328
ilids,0,4,flip,ilids,1,4001,63.333332538604736,72.50119081449004,0.546875,0.7608695652173912
ilids,0,4,all_yes,ilids,1,4001,63.333332538604736,72.15910397975617,0.484375,0.7025450689289502
ilids,0,4,all_no,ilids,1,4001,63.333332538604736,72.55079398909321,0.375,0.7407211028632026
ilids,0,4,cross,viper,1,4001,64.99999761581421,72.91182343484975,0.484375,0.6564156945917284
ilids,0,4,cross,grid,1,4001,64.99999761581421,73.43512656827875,0.34375,0.5583244962884412
ilids,0,4,source,market1501,1,4001,64.99999761581421,71.93266674596599,0.390625,0.5455991516436903
ilids,0,4,pseudo,ilids,1,4001,61.666667461395264,71.42985255485257,0.375,0.5397667020148462
ilids,0,4,true,ilids,2,4002,63.333332538604736,72.32676270991489,0.921875,0.9593253968253967
ilids,0,4,shuffle,ilids,2,4002,61.666667461395264,71.65756302521008,0.921875,0.9350198412698413
ilids,0,4,flip,ilids,2,4002,61.666667461395264,71.57092281356988,0.921875,0.9290674603174603
ilids,0,4,all_yes,ilids,2,4002,63.333332538604736,72.17480192560117,0.875,0.9538690476190477
ilids,0,4,all_no,ilids,2,4002,63.333332538604736,72.38543700308406,0.734375,0.9171626984126985
ilids,0,4,cross,viper,2,4002,61.666667461395264,71.49574419139637,0.5,0.6532738095238095
ilids,0,4,cross,grid,2,4002,64.99999761581421,72.92114281916913,0.765625,0.7400793650793651
ilids,0,4,source,market1501,2,4002,64.99999761581421,72.04387960717884,0.5625,0.6587301587301587
ilids,0,4,pseudo,ilids,2,4002,63.333332538604736,72.45802632647262,0.5,0.810515873015873
ilids,0,4,true,ilids,3,4003,60.00000238418579,70.30172605172605,0.421875,0.5015906680805938
ilids,0,4,shuffle,ilids,3,4003,63.333332538604736,71.8491700293171,0.421875,0.5153764581124072
ilids,0,4,flip,ilids,3,4003,58.33333134651184,69.45864582542215,0.421875,0.5090137857900319
ilids,0,4,all_yes,ilids,3,4003,61.666667461395264,71.5622148867585,0.453125,0.5164369034994698
ilids,0,4,all_no,ilids,3,4003,58.33333134651184,69.4071733821734,0.421875,0.4888653234358431
ilids,0,4,cross,viper,3,4003,64.99999761581421,72.87203914506547,0.484375,0.5869565217391305
ilids,0,4,cross,grid,3,4003,63.333332538604736,72.18283405048112,0.5,0.5116648992576882
ilids,0,4,source,market1501,3,4003,64.99999761581421,71.98527926645777,0.609375,0.7916224814422057
ilids,0,4,pseudo,ilids,3,4003,63.333332538604736,72.1392627099149,0.515625,0.8897136797454931
ilids,0,4,true,ilids,4,4004,63.333332538604736,72.43655106970324,0.46875,0.5409745293466224
ilids,0,4,shuffle,ilids,4,4004,63.333332538604736,72.50912732242656,0.46875,0.5326688815060908
ilids,0,4,flip,ilids,4,4004,61.666667461395264,71.5946733821734,0.46875,0.5442967884828349
ilids,0,4,all_yes,ilids,4,4004,64.99999761581421,73.29135965980595,0.515625,0.5359911406423035
ilids,0,4,all_no,ilids,4,4004,61.666667461395264,71.58943624458331,0.40625,0.539313399778516
ilids,0,4,cross,viper,4,4004,64.99999761581421,72.79319352674617,0.65625,0.9047619047619047
ilids,0,4,cross,grid,4,4004,63.333332538604736,72.39916861784711,0.53125,0.5276854928017718
ilids,0,4,source,market1501,4,4004,64.99999761581421,71.9129873512866,0.8125,0.8981173864894795
ilids,0,4,pseudo,ilids,4,4004,61.666667461395264,71.67131963896671,0.5,0.7325581395348837
ilids,0,4,true,ilids,5,4005,61.666667461395264,71.62718287798211,0.921875,1.0
ilids,0,4,shuffle,ilids,5,4005,63.333332538604736,72.34923003017634,0.9375,0.9945812807881773
ilids,0,4,flip,ilids,5,4005,63.333332538604736,72.33401838996468,0.953125,0.9975369458128078
ilids,0,4,all_yes,ilids,5,4005,63.333332538604736,72.34228558573189,0.9375,0.9714285714285714
ilids,0,4,all_no,ilids,5,4005,63.333332538604736,72.44927282507206,0.9375,0.996551724137931
ilids,0,4,cross,viper,5,4005,63.333332538604736,72.50484537249243,0.34375,0.2596059113300493
ilids,0,4,cross,grid,5,4005,64.99999761581421,72.83517705385555,0.484375,0.3413793103448276
ilids,0,4,source,market1501,5,4005,64.99999761581421,72.02756568374419,0.8125,0.8251231527093597
ilids,0,4,pseudo,ilids,5,4005,64.99999761581421,72.8437148123933,0.578125,0.7137931034482758
ilids,0,4,true,ilids,6,4006,64.99999761581421,73.07657456922165,0.578125,0.6988304093567251
ilids,0,4,shuffle,ilids,6,4006,64.99999761581421,73.0556525564518,0.59375,0.6976608187134503
ilids,0,4,flip,ilids,6,4006,64.99999761581421,73.40253102017807,0.5625,0.6994152046783626
ilids,0,4,all_yes,ilids,6,4006,64.99999761581421,73.04491556058895,0.5625,0.6982456140350877
ilids,0,4,all_no,ilids,6,4006,63.333332538604736,72.60255636070856,0.53125,0.7029239766081872
ilids,0,4,cross,viper,6,4006,64.99999761581421,72.73603942353942,0.921875,0.8631578947368421
ilids,0,4,cross,grid,6,4006,64.99999761581421,72.82079725829725,0.8125,0.9485380116959065
ilids,0,4,source,market1501,6,4006,64.99999761581421,71.96167859563002,0.625,0.6824561403508772
ilids,0,4,pseudo,ilids,6,4006,61.666667461395264,71.3447754705747,0.53125,0.7567251461988305
ilids,0,4,true,ilids,7,4007,64.99999761581421,72.6127798858062,0.59375,0.6574358974358974
ilids,0,4,shuffle,ilids,7,4007,64.99999761581421,72.66833544136176,0.59375,0.6769230769230768
ilids,0,4,flip,ilids,7,4007,64.99999761581421,72.8765268600795,0.609375,0.6774358974358975
ilids,0,4,all_yes,ilids,7,4007,64.99999761581421,72.57716735019369,0.578125,0.6717948717948717
ilids,0,4,all_no,ilids,7,4007,61.666667461395264,71.72440510020434,0.609375,0.6723076923076923
ilids,0,4,cross,viper,7,4007,64.99999761581421,73.31987213317139,0.421875,0.5138461538461538
ilids,0,4,cross,grid,7,4007,63.333332538604736,72.03546752811458,0.609375,0.6271794871794871
ilids,0,4,source,market1501,7,4007,64.99999761581421,71.89704113968821,0.625,0.6569230769230769
ilids,0,4,pseudo,ilids,7,4007,64.99999761581421,72.77954830257463,0.609375,0.9533333333333333
ilids,0,16,true,ilids,0,16000,64.99999761581421,72.9887866762867,0.625,0.6581280788177339
ilids,0,16,shuffle,ilids,0,16000,64.99999761581421,73.0173814475285,0.5625,0.6463054187192119
ilids,0,16,flip,ilids,0,16000,64.99999761581421,72.99423329938037,0.484375,0.6433497536945814
ilids,0,16,all_yes,ilids,0,16000,64.99999761581421,72.95562984630322,0.609375,0.6399014778325123
ilids,0,16,all_no,ilids,0,16000,64.99999761581421,73.08781795546501,0.484375,0.6532019704433498
ilids,0,16,cross,viper,0,16000,64.99999761581421,72.97479591309516,0.609375,0.7103448275862069
ilids,0,16,cross,grid,0,16000,64.99999761581421,72.93314307381645,0.546875,0.6704433497536946
ilids,0,16,source,market1501,0,16000,64.99999761581421,71.81203041386108,0.75,0.854679802955665
ilids,0,16,pseudo,ilids,0,16000,64.99999761581421,72.86469006034224,0.609375,0.8394088669950739
ilids,0,16,true,ilids,1,16001,64.99999761581421,72.97242097322021,0.6875,0.7167487684729064
ilids,0,16,shuffle,ilids,1,16001,64.99999761581421,73.07658763988688,0.671875,0.7236453201970443
ilids,0,16,flip,ilids,1,16001,64.99999761581421,73.07658763988688,0.671875,0.7236453201970444
ilids,0,16,all_yes,ilids,1,16001,64.99999761581421,72.90165377745302,0.65625,0.7152709359605912
ilids,0,16,all_no,ilids,1,16001,61.666667461395264,71.30204892443982,0.671875,0.719704433497537
ilids,0,16,cross,viper,1,16001,64.99999761581421,72.86387204307687,0.484375,0.5669950738916256
ilids,0,16,cross,grid,1,16001,64.99999761581421,72.89297422850055,0.640625,0.6699507389162561
ilids,0,16,source,market1501,1,16001,64.99999761581421,71.8511470706248,0.765625,0.8152709359605911
ilids,0,16,pseudo,ilids,1,16001,64.99999761581421,72.8528723215508,0.734375,0.8566502463054186
ilids,0,16,true,ilids,2,16002,61.666667461395264,71.60249867704229,0.671875,0.7467980295566502
ilids,0,16,shuffle,ilids,2,16002,61.666667461395264,71.51772747090085,0.703125,0.7438423645320197
ilids,0,16,flip,ilids,2,16002,61.666667461395264,71.65672774937481,0.671875,0.7438423645320196
ilids,0,16,all_yes,ilids,2,16002,61.666667461395264,71.66433239962652,0.703125,0.7512315270935961
ilids,0,16,all_no,ilids,2,16002,61.666667461395264,71.24245777370778,0.671875,0.7379310344827587
ilids,0,16,cross,viper,2,16002,63.333332538604736,72.16668187800744,0.65625,0.7182266009852216
ilids,0,16,cross,grid,2,16002,64.99999761581421,72.95554116686672,0.65625,0.7566502463054187
ilids,0,16,source,market1501,2,16002,64.99999761581421,71.85804838187394,0.8125,0.8408866995073891
ilids,0,16,pseudo,ilids,2,16002,63.333332538604736,72.26233245063169,0.734375,0.8507389162561576
ilids,0,16,true,ilids,3,16003,64.99999761581421,73.28359822189746,0.5625,0.66455078125
ilids,0,16,shuffle,ilids,3,16003,64.99999761581421,73.2849209732202,0.5625,0.6572265625
ilids,0,16,flip,ilids,3,16003,64.99999761581421,73.30343949173873,0.578125,0.6669921875
ilids,0,16,all_yes,ilids,3,16003,64.99999761581421,72.9360322411793,0.6875,0.6650390625
ilids,0,16,all_no,ilids,3,16003,61.666667461395264,71.52919131569803,0.53125,0.65087890625
ilids,0,16,cross,viper,3,16003,63.333332538604736,72.17370811200736,0.515625,0.5498046875
ilids,0,16,cross,grid,3,16003,64.99999761581421,72.84105623908256,0.65625,0.6875
ilids,0,16,source,market1501,3,16003,64.99999761581421,71.89570290465433,0.75,0.73193359375
ilids,0,16,pseudo,ilids,3,16003,61.666667461395264,71.7649779532772,0.796875,0.921875
ilids,0,16,true,ilids,4,16004,64.99999761581421,72.96210105577956,0.515625,0.6886699507389162
ilids,0,16,shuffle,ilids,4,16004,64.99999761581421,72.90743746993748,0.53125,0.6970443349753694
ilids,0,16,flip,ilids,4,16004,64.99999761581421,72.98149681702316,0.546875,0.6950738916256158
ilids,0,16,all_yes,ilids,4,16004,64.99999761581421,72.89462766765399,0.59375,0.6827586206896551
ilids,0,16,all_no,ilids,4,16004,61.666667461395264,71.79026584621214,0.5625,0.6906403940886701
ilids,0,16,cross,viper,4,16004,63.333332538604736,72.34709028538953,0.5625,0.6162561576354679
ilids,0,16,cross,grid,4,16004,64.99999761581421,72.84451873519211,0.4375,0.4620689655172414
ilids,0,16,source,market1501,4,16004,64.99999761581421,72.03301230683788,0.609375,0.6645320197044335
ilids,0,16,pseudo,ilids,4,16004,63.333332538604736,72.16935530250748,0.703125,0.8857142857142857
ilids,0,16,true,ilids,5,16005,64.99999761581421,73.1465786392257,0.6875,0.6617063492063493
ilids,0,16,shuffle,ilids,5,16005,64.99999761581421,73.13214319544242,0.6875,0.6592261904761906
ilids,0,16,flip,ilids,5,16005,64.99999761581421,73.02101901366609,0.65625,0.6656746031746031
ilids,0,16,all_yes,ilids,5,16005,64.99999761581421,72.93728639781273,0.65625,0.65625
ilids,0,16,all_no,ilids,5,16005,63.333332538604736,72.69851595666813,0.65625,0.6691468253968254
ilids,0,16,cross,viper,5,16005,63.333332538604736,72.34277827292533,0.625,0.6850198412698413
ilids,0,16,cross,grid,5,16005,60.00000238418579,70.05110534889947,0.640625,0.7276785714285714
ilids,0,16,source,market1501,5,16005,64.99999761581421,71.89082961030735,0.671875,0.7648809523809523
ilids,0,16,pseudo,ilids,5,16005,63.333332538604736,72.46852357881771,0.6875,0.7529761904761905
ilids,0,16,true,ilids,6,16006,64.99999761581421,73.00704144534069,0.671875,0.782843137254902
ilids,0,16,shuffle,ilids,6,16006,64.99999761581421,72.98730192560116,0.6875,0.7965686274509804
ilids,0,16,flip,ilids,6,16006,64.99999761581421,72.98730192560116,0.703125,0.8014705882352942
ilids,0,16,all_yes,ilids,6,16006,64.99999761581421,72.90414366229585,0.703125,0.7877450980392158
ilids,0,16,all_no,ilids,6,16006,58.33333134651184,69.3117334054834,0.703125,0.8088235294117647
ilids,0,16,cross,viper,6,16006,64.99999761581421,72.93763015630866,0.578125,0.6274509803921569
ilids,0,16,cross,grid,6,16006,64.99999761581421,72.98723333091182,0.625,0.8215686274509804
ilids,0,16,source,market1501,6,16006,64.99999761581421,72.10013733543146,0.6875,0.8303921568627451
ilids,0,16,pseudo,ilids,6,16006,64.99999761581421,72.99663450478668,0.703125,0.8583333333333333
ilids,0,16,true,ilids,7,16007,64.99999761581421,73.02947435012653,0.421875,0.5029556650246305
ilids,0,16,shuffle,ilids,7,16007,63.333332538604736,72.28492097322021,0.421875,0.5118226600985222
ilids,0,16,flip,ilids,7,16007,63.333332538604736,72.17976224306148,0.4375,0.5167487684729064
ilids,0,16,all_yes,ilids,7,16007,64.99999761581421,72.98961674041598,0.515625,0.5152709359605911
ilids,0,16,all_no,ilids,7,16007,61.666667461395264,71.58360294389705,0.421875,0.4980295566502463
ilids,0,16,cross,viper,7,16007,64.99999761581421,73.29550298380224,0.546875,0.6019704433497537
ilids,0,16,cross,grid,7,16007,64.99999761581421,72.96834099136731,0.609375,0.6610837438423646
ilids,0,16,source,market1501,7,16007,64.99999761581421,71.87231109178883,0.703125,0.7438423645320197
ilids,0,16,pseudo,ilids,7,16007,63.333332538604736,72.46913108677815,0.65625,0.8044334975369458
ilids,1,0,zero,-,0,100000,38.333332538604736,56.39339809657147,nan,nan
ilids,1,4,true,ilids,0,104000,69.9999988079071,80.31944444444444,0.546875,0.6600985221674878
ilids,1,4,shuffle,ilids,0,104000,69.9999988079071,80.26388888888889,0.5625,0.6527093596059113
ilids,1,4,flip,ilids,0,104000,69.9999988079071,79.84391534391534,0.53125,0.6758620689655173
ilids,1,4,all_yes,ilids,0,104000,69.9999988079071,80.29365079365078,0.53125,0.6477832512315271
ilids,1,4,all_no,ilids,0,104000,69.9999988079071,80.74074074074073,0.515625,0.6753694581280788
ilids,1,4,cross,viper,0,104000,69.9999988079071,80.6547619047619,0.5625,0.6955665024630542
ilids,1,4,cross,grid,0,104000,66.66666865348816,78.03445165945166,0.546875,0.7064039408866996
ilids,1,4,source,market1501,0,104000,69.9999988079071,80.08207070707071,0.578125,0.7591133004926108
ilids,1,4,pseudo,ilids,0,104000,69.9999988079071,80.46296296296298,0.578125,0.6901477832512315
ilids,1,4,true,ilids,1,104001,71.66666388511658,80.78174603174602,0.53125,0.6284090909090909
ilids,1,4,shuffle,ilids,1,104001,71.66666388511658,80.92063492063491,0.53125,0.6221590909090909
ilids,1,4,flip,ilids,1,104001,69.9999988079071,80.4861111111111,0.53125,0.6227272727272727
ilids,1,4,all_yes,ilids,1,104001,71.66666388511658,80.73809523809523,0.515625,0.6420454545454546
ilids,1,4,all_no,ilids,1,104001,69.9999988079071,80.125,0.53125,0.6238636363636363
ilids,1,4,cross,viper,1,104001,71.66666388511658,81.1388888888889,0.578125,0.7375
ilids,1,4,cross,grid,1,104001,69.9999988079071,80.25072150072148,0.578125,0.5380681818181818
ilids,1,4,source,market1501,1,104001,69.9999988079071,79.89087301587303,0.859375,0.9318181818181819
ilids,1,4,pseudo,ilids,1,104001,71.66666388511658,81.2962962962963,0.53125,0.86875
ilids,1,4,true,ilids,2,104002,69.9999988079071,80.87962962962963,0.78125,0.7869791666666666
ilids,1,4,shuffle,ilids,2,104002,69.9999988079071,80.60185185185185,0.8125,0.7890625
ilids,1,4,flip,ilids,2,104002,69.9999988079071,79.82804232804232,0.796875,0.7791666666666667
ilids,1,4,all_yes,ilids,2,104002,69.9999988079071,80.60185185185185,0.8125,0.7875000000000001
ilids,1,4,all_no,ilids,2,104002,68.33333373069763,78.77976190476191,0.78125,0.78125
ilids,1,4,cross,viper,2,104002,71.66666388511658,81.41666666666666,0.625,0.6416666666666666
ilids,1,4,cross,grid,2,104002,71.66666388511658,81.09920634920634,0.375,0.78125
ilids,1,4,source,market1501,2,104002,69.9999988079071,79.81216931216932,0.6875,0.8239583333333333
ilids,1,4,pseudo,ilids,2,104002,71.66666388511658,81.69642857142857,0.453125,0.88125
ilids,1,4,true,ilids,3,104003,68.33333373069763,78.83531746031746,0.546875,0.6082051282051283
ilids,1,4,shuffle,ilids,3,104003,68.33333373069763,79.28439153439153,0.5625,0.6189743589743589
ilids,1,4,flip,ilids,3,104003,68.33333373069763,78.98809523809524,0.5,0.6348717948717949
ilids,1,4,all_yes,ilids,3,104003,68.33333373069763,78.99999999999999,0.625,0.6323076923076923
ilids,1,4,all_no,ilids,3,104003,69.9999988079071,80.74074074074073,0.453125,0.622051282051282
ilids,1,4,cross,viper,3,104003,71.66666388511658,81.2797619047619,0.484375,0.5733333333333334
ilids,1,4,cross,grid,3,104003,71.66666388511658,80.84920634920636,0.59375,0.6061538461538462
ilids,1,4,source,market1501,3,104003,69.9999988079071,80.12566137566137,0.359375,0.46102564102564103
ilids,1,4,pseudo,ilids,3,104003,69.9999988079071,80.46296296296298,0.53125,0.6487179487179487
ilids,1,4,true,ilids,4,104004,68.33333373069763,79.0595238095238,0.640625,0.6268115942028986
ilids,1,4,shuffle,ilids,4,104004,69.9999988079071,79.98611111111111,0.640625,0.6243961352657005
ilids,1,4,flip,ilids,4,104004,68.33333373069763,79.24272486772487,0.671875,0.6346618357487922
ilids,1,4,all_yes,ilids,4,104004,69.9999988079071,80.51587301587301,0.609375,0.6225845410628019
ilids,1,4,all_no,ilids,4,104004,66.66666865348816,77.9604377104377,0.625,0.6111111111111112
ilids,1,4,cross,viper,4,104004,69.9999988079071,80.5,0.59375,0.8695652173913044
ilids,1,4,cross,grid,4,104004,71.66666388511658,81.05952380952381,0.3125,0.43297101449275366
ilids,1,4,source,market1501,4,104004,69.9999988079071,80.38961038961038,0.78125,0.9492753623188406
ilids,1,4,pseudo,ilids,4,104004,71.66666388511658,81.9047619047619,0.71875,0.8236714975845411
ilids,1,4,true,ilids,5,104005,71.66666388511658,81.47222222222223,0.546875,0.4612403100775194
ilids,1,4,shuffle,ilids,5,104005,71.66666388511658,81.47222222222223,0.546875,0.4579180509413068
ilids,1,4,flip,ilids,5,104005,69.9999988079071,80.22420634920636,0.515625,0.4673311184939092
ilids,1,4,all_yes,ilids,5,104005,71.66666388511658,81.1574074074074,0.53125,0.4584717607973422
ilids,1,4,all_no,ilids,5,104005,68.33333373069763,78.77976190476191,0.515625,0.4523809523809524
ilids,1,4,cross,viper,5,104005,71.66666388511658,80.82142857142857,0.703125,0.9174972314507198
ilids,1,4,cross,grid,5,104005,71.66666388511658,80.96031746031746,0.671875,0.7093023255813954
ilids,1,4,source,market1501,5,104005,69.9999988079071,79.89087301587303,0.640625,0.6184939091915835
ilids,1,4,pseudo,ilids,5,104005,71.66666388511658,81.25661375661376,0.40625,0.939091915836102
ilids,1,4,true,ilids,6,104006,69.9999988079071,80.5621693121693,0.5625,0.5475708502024291
ilids,1,4,shuffle,ilids,6,104006,69.9999988079071,80.5621693121693,0.578125,0.5521255060728745
ilids,1,4,flip,ilids,6,104006,69.9999988079071,80.94907407407406,0.546875,0.5602226720647774
ilids,1,4,all_yes,ilids,6,104006,69.9999988079071,80.4047619047619,0.5625,0.5521255060728745
ilids,1,4,all_no,ilids,6,104006,69.9999988079071,79.79828042328042,0.53125,0.5521255060728745
ilids,1,4,cross,viper,6,104006,69.9999988079071,80.76388888888889,0.453125,0.6533400809716599
ilids,1,4,cross,grid,6,104006,71.66666388511658,81.39550264550263,0.703125,0.9023279352226721
ilids,1,4,source,market1501,6,104006,69.9999988079071,80.17450142450141,0.78125,0.909412955465587
ilids,1,4,pseudo,ilids,6,104006,69.9999988079071,80.60185185185186,0.625,0.84665991902834
ilids,1,4,true,ilids,7,104007,69.9999988079071,80.46296296296298,0.5625,0.7270833333333333
ilids,1,4,shuffle,ilids,7,104007,69.9999988079071,80.74074074074073,0.578125,0.7296875
ilids,1,4,flip,ilids,7,104007,69.9999988079071,80.46296296296298,0.59375,0.7244791666666667
ilids,1,4,all_yes,ilids,7,104007,69.9999988079071,80.37962962962962,0.546875,0.7458333333333333
ilids,1,4,all_no,ilids,7,104007,64.99999761581421,76.93121693121692,0.546875,0.7364583333333333
ilids,1,4,cross,viper,7,104007,71.66666388511658,81.45833333333333,0.359375,0.48958333333333326
ilids,1,4,cross,grid,7,104007,69.9999988079071,80.46031746031746,0.59375,0.7442708333333333
ilids,1,4,source,market1501,7,104007,71.66666388511658,81.18326118326118,0.65625,0.9026041666666667
ilids,1,4,pseudo,ilids,7,104007,71.66666388511658,81.05753968253968,0.84375,0.9822916666666667
ilids,1,16,true,ilids,0,116000,68.33333373069763,80.14550264550263,0.6875,0.6494140625
ilids,1,16,shuffle,ilids,0,116000,68.33333373069763,80.18518518518518,0.6875,0.65380859375
ilids,1,16,flip,ilids,0,116000,68.33333373069763,80.14550264550263,0.671875,0.66455078125
ilids,1,16,all_yes,ilids,0,116000,68.33333373069763,79.86772486772486,0.65625,0.67724609375
ilids,1,16,all_no,ilids,0,116000,71.66666388511658,81.2797619047619,0.6875,0.65966796875
ilids,1,16,cross,viper,0,116000,69.9999988079071,81.25661375661376,0.671875,0.72998046875
ilids,1,16,cross,grid,0,116000,69.9999988079071,80.46031746031746,0.53125,0.537109375
ilids,1,16,source,market1501,0,116000,69.9999988079071,80.04238816738817,0.625,0.71728515625
ilids,1,16,pseudo,ilids,0,116000,71.66666388511658,81.43518518518518,0.640625,0.82958984375
ilids,1,16,true,ilids,1,116001,71.66666388511658,81.43518518518518,0.640625,0.6830357142857143
ilids,1,16,shuffle,ilids,1,116001,71.66666388511658,81.43518518518518,0.640625,0.6820436507936508
ilids,1,16,flip,ilids,1,116001,71.66666388511658,81.43518518518518,0.65625,0.6850198412698413
ilids,1,16,all_yes,ilids,1,116001,71.66666388511658,81.21296296296295,0.71875,0.6964285714285715
ilids,1,16,all_no,ilids,1,116001,71.66666388511658,80.6309523809524,0.546875,0.6785714285714286
ilids,1,16,cross,viper,1,116001,69.9999988079071,81.04166666666667,0.421875,0.42410714285714285
ilids,1,16,cross,grid,1,116001,69.9999988079071,80.46031746031746,0.6875,0.8189484126984127
ilids,1,16,source,market1501,1,116001,69.9999988079071,79.77370777370777,0.625,0.6686507936507937
ilids,1,16,pseudo,ilids,1,116001,69.9999988079071,80.5185185185185,0.8125,0.9375
ilids,1,16,true,ilids,2,116002,69.9999988079071,80.60185185185186,0.53125,0.5352941176470588
ilids,1,16,shuffle,ilids,2,116002,69.9999988079071,80.90277777777779,0.546875,0.5323529411764706
ilids,1,16,flip,ilids,2,116002,69.9999988079071,80.76388888888889,0.578125,0.5372549019607843
ilids,1,16,all_yes,ilids,2,116002,69.9999988079071,80.4861111111111,0.515625,0.5352941176470588
ilids,1,16,all_no,ilids,2,116002,69.9999988079071,81.0185185185185,0.578125,0.5348039215686274
ilids,1,16,cross,viper,2,116002,71.66666388511658,81.33333333333333,0.46875,0.49117647058823527
ilids,1,16,cross,grid,2,116002,69.9999988079071,80.40277777777777,0.59375,0.6524509803921569
ilids,1,16,source,market1501,2,116002,69.9999988079071,79.88018925518925,0.71875,0.7666666666666666
ilids,1,16,pseudo,ilids,2,116002,71.66666388511658,82.12962962962963,0.703125,0.8799019607843137
ilids,1,16,true,ilids,3,116003,66.66666865348816,78.13359788359787,0.546875,0.432843137254902
ilids,1,16,shuffle,ilids,3,116003,71.66666388511658,81.2797619047619,0.546875,0.4343137254901961
ilids,1,16,flip,ilids,3,116003,71.66666388511658,81.11309523809524,0.5625,0.4450980392156863
ilids,1,16,all_yes,ilids,3,116003,69.9999988079071,80.26388888888889,0.546875,0.4416666666666667
ilids,1,16,all_no,ilids,3,116003,63.333332538604736,76.08273208273208,0.546875,0.4308823529411764
ilids,1,16,cross,viper,3,116003,71.66666388511658,81.85185185185185,0.515625,0.6098039215686275
ilids,1,16,cross,grid,3,116003,69.9999988079071,80.2962962962963,0.46875,0.5436274509803922
ilids,1,16,source,market1501,3,116003,69.9999988079071,80.38961038961038,0.609375,0.6259803921568627
ilids,1,16,pseudo,ilids,3,116003,69.9999988079071,80.60185185185186,0.671875,0.8465686274509804
ilids,1,16,true,ilids,4,116004,71.66666388511658,81.11309523809524,0.625,0.6410256410256411
ilids,1,16,shuffle,ilids,4,116004,71.66666388511658,81.43518518518518,0.59375,0.6133333333333334
ilids,1,16,flip,ilids,4,116004,71.66666388511658,81.04166666666667,0.578125,0.6030769230769231
ilids,1,16,all_yes,ilids,4,116004,69.9999988079071,80.4861111111111,0.5625,0.6174358974358974
ilids,1,16,all_no,ilids,4,116004,68.33333373069763,78.70889295889295,0.625,0.6287179487179486
ilids,1,16,cross,viper,4,116004,71.66666388511658,81.55555555555556,0.671875,0.5994871794871794
ilids,1,16,cross,grid,4,116004,69.9999988079071,80.5621693121693,0.71875,0.723076923076923
ilids,1,16,source,market1501,4,116004,68.33333373069763,79.3246336996337,0.671875,0.735897435897436
ilids,1,16,pseudo,ilids,4,116004,71.66666388511658,81.03174603174604,0.765625,0.7999999999999999
ilids,1,16,true,ilids,5,116005,69.9999988079071,80.7010582010582,0.671875,0.7534313725490196
ilids,1,16,shuffle,ilids,5,116005,69.9999988079071,80.7010582010582,0.671875,0.7490196078431373
ilids,1,16,flip,ilids,5,116005,69.9999988079071,80.7010582010582,0.6875,0.757843137254902
ilids,1,16,all_yes,ilids,5,116005,69.9999988079071,80.32142857142858,0.671875,0.7529411764705883
ilids,1,16,all_no,ilids,5,116005,69.9999988079071,80.7010582010582,0.65625,0.7568627450980393
ilids,1,16,cross,viper,5,116005,71.66666388511658,81.33333333333333,0.484375,0.49607843137254903
ilids,1,16,cross,grid,5,116005,73.33333492279053,81.98809523809523,0.515625,0.49901960784313726
ilids,1,16,source,market1501,5,116005,69.9999988079071,79.89087301587303,0.703125,0.8235294117647058
ilids,1,16,pseudo,ilids,5,116005,71.66666388511658,81.27777777777777,0.71875,0.7647058823529411
ilids,1,16,true,ilids,6,116006,69.9999988079071,80.60185185185185,0.578125,0.6186274509803922
ilids,1,16,shuffle,ilids,6,116006,69.9999988079071,80.5621693121693,0.59375,0.6181372549019608
ilids,1,16,flip,ilids,6,116006,69.9999988079071,80.83994708994709,0.625,0.611764705882353
ilids,1,16,all_yes,ilids,6,116006,69.9999988079071,80.5185185185185,0.59375,0.6102941176470589
ilids,1,16,all_no,ilids,6,116006,68.33333373069763,80.00661375661376,0.59375,0.6122549019607844
ilids,1,16,cross,viper,6,116006,69.9999988079071,80.97883597883597,0.515625,0.5882352941176471
ilids,1,16,cross,grid,6,116006,69.9999988079071,80.54365079365078,0.421875,0.5568627450980392
ilids,1,16,source,market1501,6,116006,69.9999988079071,79.84788359788358,0.625,0.7009803921568628
ilids,1,16,pseudo,ilids,6,116006,71.66666388511658,81.35185185185185,0.703125,0.8058823529411765
ilids,1,16,true,ilids,7,116007,69.9999988079071,80.20833333333334,0.4375,0.5855263157894737
ilids,1,16,shuffle,ilids,7,116007,69.9999988079071,80.4861111111111,0.453125,0.569838056680162
ilids,1,16,flip,ilids,7,116007,71.66666388511658,81.22619047619047,0.4375,0.5688259109311742
ilids,1,16,all_yes,ilids,7,116007,69.9999988079071,80.4861111111111,0.4375,0.5733805668016194
ilids,1,16,all_no,ilids,7,116007,64.99999761581421,76.94837107337108,0.421875,0.5602226720647774
ilids,1,16,cross,viper,7,116007,71.66666388511658,81.43518518518518,0.59375,0.6761133603238867
ilids,1,16,cross,grid,7,116007,69.9999988079071,80.46031746031746,0.75,0.8760121457489878
ilids,1,16,source,market1501,7,116007,69.9999988079071,80.15812890812892,0.546875,0.645242914979757
ilids,1,16,pseudo,ilids,7,116007,71.66666388511658,81.07407407407406,0.53125,0.7995951417004049
ilids,2,0,zero,-,0,200000,48.33333194255829,61.05251026482911,nan,nan
ilids,2,4,true,ilids,0,204000,61.666667461395264,72.56457115009748,0.609375,0.6541541541541542
ilids,2,4,shuffle,ilids,0,204000,60.00000238418579,71.57733932733933,0.59375,0.6741741741741742
ilids,2,4,flip,ilids,0,204000,60.00000238418579,71.41520054020053,0.609375,0.6941941941941943
ilids,2,4,all_yes,ilids,0,204000,60.00000238418579,71.52046102046103,0.53125,0.6636636636636637
ilids,2,4,all_no,ilids,0,204000,63.333332538604736,74.11646224146223,0.59375,0.6871871871871872
ilids,2,4,cross,viper,0,204000,64.99999761581421,74.54132125184756,0.734375,0.7897897897897899
ilids,2,4,cross,grid,0,204000,64.99999761581421,74.59689153439155,0.625,0.8748748748748749
ilids,2,4,source,market1501,0,204000,61.666667461395264,71.99371693121694,0.703125,0.8138138138138138
ilids,2,4,pseudo,ilids,0,204000,63.333332538604736,73.3464590964591,0.65625,0.7072072072072072
ilids,2,4,true,ilids,1,204001,63.333332538604736,73.71947496947499,0.828125,0.8738636363636363
ilids,2,4,shuffle,ilids,1,204001,63.333332538604736,73.69516594516594,0.828125,0.8761363636363636
ilids,2,4,flip,ilids,1,204001,63.333332538604736,73.71947496947499,0.78125,0.8681818181818183
ilids,2,4,all_yes,ilids,1,204001,63.333332538604736,73.43253968253968,0.84375,0.8875000000000001
ilids,2,4,all_no,ilids,1,204001,63.333332538604736,73.62423687423689,0.640625,0.8693181818181819
ilids,2,4,cross,viper,1,204001,64.99999761581421,74.58894029946663,0.859375,0.9323863636363636
ilids,2,4,cross,grid,1,204001,64.99999761581421,74.7704008954009,0.484375,0.5284090909090908
ilids,2,4,source,market1501,1,204001,61.666667461395264,72.69341075591078,0.78125,0.8340909090909091
ilids,2,4,pseudo,ilids,1,204001,63.333332538604736,73.30952380952382,0.8125,0.8852272727272728
ilids,2,4,true,ilids,2,204002,63.333332538604736,73.3531746031746,0.71875,0.8549783549783551
ilids,2,4,shuffle,ilids,2,204002,64.99999761581421,74.1468253968254,0.734375,0.8609307359307359
ilids,2,4,flip,ilids,2,204002,63.333332538604736,73.34920634920636,0.625,0.8382034632034632
ilids,2,4,all_yes,ilids,2,204002,64.99999761581421,74.0681216931217,0.765625,0.8798701298701298
ilids,2,4,all_no,ilids,2,204002,64.99999761581421,74.24007936507935,0.4375,0.8241341991341992
ilids,2,4,cross,viper,2,204002,66.66666865348816,74.87175324675324,0.625,0.7288961038961039
ilids,2,4,cross,grid,2,204002,63.333332538604736,73.27453102453102,0.390625,0.5616883116883117
ilids,2,4,source,market1501,2,204002,61.666667461395264,72.3324013949014,0.9375,0.9864718614718615
ilids,2,4,pseudo,ilids,2,204002,64.99999761581421,74.42227363279996,0.390625,0.32305194805194803
ilids,2,4,true,ilids,3,204003,64.99999761581421,74.73534798534799,0.578125,0.7484375
ilids,2,4,shuffle,ilids,3,204003,64.99999761581421,74.73534798534799,0.578125,0.7421875
ilids,2,4,flip,ilids,3,204003,64.99999761581421,74.73534798534799,0.5625,0.7447916666666666
ilids,2,4,all_yes,ilids,3,204003,64.99999761581421,74.53571428571428,0.65625,0.7510416666666666
ilids,2,4,all_no,ilids,3,204003,60.00000238418579,71.54757742257742,0.578125,0.7578125
ilids,2,4,cross,viper,3,204003,64.99999761581421,74.54761904761907,0.5,0.4177083333333334
ilids,2,4,cross,grid,3,204003,63.333332538604736,73.62301587301587,0.515625,0.4833333333333334
ilids,2,4,source,market1501,3,204003,63.333332538604736,73.32164431429136,0.6875,0.7885416666666667
ilids,2,4,pseudo,ilids,3,204003,64.99999761581421,74.41391941391942,0.671875,0.9114583333333334
ilids,2,4,true,ilids,4,204004,64.99999761581421,74.46153846153845,0.359375,0.5546129374337222
ilids,2,4,shuffle,ilids,4,204004,64.99999761581421,74.54487179487178,0.40625,0.5721102863202545
ilids,2,4,flip,ilids,4,204004,64.99999761581421,74.47608872608872,0.375,0.5800636267232238
ilids,2,4,all_yes,ilids,4,204004,64.99999761581421,74.4126984126984,0.421875,0.5546129374337222
ilids,2,4,all_no,ilids,4,204004,61.666667461395264,72.43229601782235,0.34375,0.567338282078473
ilids,2,4,cross,viper,4,204004,63.333332538604736,73.40517961570593,0.453125,0.48939554612937436
ilids,2,4,cross,grid,4,204004,64.99999761581421,74.20558608058609,0.4375,0.5095440084835631
ilids,2,4,source,market1501,4,204004,61.666667461395264,72.07442326192326,0.765625,0.9066808059384941
ilids,2,4,pseudo,ilids,4,204004,63.333332538604736,73.31349206349206,0.859375,0.9941675503711559
ilids,2,4,true,ilids,5,204005,64.99999761581421,74.60786435786434,0.4375,0.6057142857142856
ilids,2,4,shuffle,ilids,5,204005,64.99999761581421,74.56818181818181,0.484375,0.6135714285714287
ilids,2,4,flip,ilids,5,204005,64.99999761581421,74.61183261183261,0.4375,0.5578571428571428
ilids,2,4,all_yes,ilids,5,204005,64.99999761581421,74.63762626262626,0.5,0.6164285714285713
ilids,2,4,all_no,ilids,5,204005,63.333332538604736,73.52164185716818,0.421875,0.5371428571428571
ilids,2,4,cross,viper,5,204005,63.333332538604736,73.2623224728488,0.625,0.8335714285714285
ilids,2,4,cross,grid,5,204005,64.99999761581421,74.58630952380952,0.4375,0.6328571428571428
ilids,2,4,source,market1501,5,204005,61.666667461395264,72.20980323282956,0.640625,0.8857142857142857
ilids,2,4,pseudo,ilids,5,204005,64.99999761581421,74.3825910931174,0.640625,0.7778571428571429
ilids,2,4,true,ilids,6,204006,63.333332538604736,73.56727677780309,0.359375,0.6369318181818182
ilids,2,4,shuffle,ilids,6,204006,61.666667461395264,72.40854661907294,0.46875,0.6426136363636363
ilids,2,4,flip,ilids,6,204006,60.00000238418579,71.54625467125467,0.390625,0.6528409090909091
ilids,2,4,all_yes,ilids,6,204006,61.666667461395264,72.31014356014356,0.5,0.6363636363636364
ilids,2,4,all_no,ilids,6,204006,60.00000238418579,70.96151679704312,0.375,0.6301136363636364
ilids,2,4,cross,viper,6,204006,64.99999761581421,74.1559829059829,0.71875,0.7789772727272727
ilids,2,4,cross,grid,6,204006,64.99999761581421,74.54487179487181,0.78125,0.7528409090909091
ilids,2,4,source,market1501,6,204006,61.666667461395264,72.4471769702033,0.796875,0.8340909090909091
ilids,2,4,pseudo,ilids,6,204006,64.99999761581421,74.62012670565304,0.96875,0.997159090909091
ilids,2,4,true,ilids,7,204007,63.333332538604736,73.2751924001924,0.796875,0.7987012987012987
ilids,2,4,shuffle,ilids,7,204007,63.333332538604736,73.3049543049543,0.8125,0.7949134199134198
ilids,2,4,flip,ilids,7,204007,63.333332538604736,73.29034391534391,0.765625,0.7846320346320346
ilids,2,4,all_yes,ilids,7,204007,64.99999761581421,74.09433305485939,0.796875,0.800865800865801
ilids,2,4,all_no,ilids,7,204007,63.333332538604736,73.40674603174602,0.65625,0.7743506493506493
ilids,2,4,cross,viper,7,204007,63.333332538604736,73.29960317460318,0.4375,0.5573593073593074
ilids,2,4,cross,grid,7,204007,63.333332538604736,73.41170634920634,0.859375,0.8636363636363636
ilids,2,4,source,market1501,7,204007,61.666667461395264,72.02727201991908,0.6875,0.6893939393939394
ilids,2,4,pseudo,ilids,7,204007,64.99999761581421,74.18814664867296,0.78125,0.8955627705627706
ilids,2,16,true,ilids,0,216000,64.99999761581421,74.53908128908128,0.484375,0.5421626984126984
ilids,2,16,shuffle,ilids,0,216000,64.99999761581421,74.49725274725274,0.53125,0.5550595238095238
ilids,2,16,flip,ilids,0,216000,63.333332538604736,73.15145502645504,0.515625,0.5649801587301587
ilids,2,16,all_yes,ilids,0,216000,64.99999761581421,74.54925775978407,0.5,0.5362103174603174
ilids,2,16,all_no,ilids,0,216000,64.99999761581421,74.5959595959596,0.484375,0.5689484126984127
ilids,2,16,cross,viper,0,216000,63.333332538604736,73.30677655677655,0.71875,0.7802579365079365
ilids,2,16,cross,grid,0,216000,64.99999761581421,74.49725274725274,0.625,0.6760912698412699
ilids,2,16,source,market1501,0,216000,61.666667461395264,72.02336389101096,0.671875,0.6731150793650793
ilids,2,16,pseudo,ilids,0,216000,64.99999761581421,74.49568633121264,0.59375,0.8665674603174603
ilids,2,16,true,ilids,1,216001,63.333332538604736,73.62423687423689,0.625,0.7099609375
ilids,2,16,shuffle,ilids,1,216001,63.333332538604736,73.62423687423689,0.640625,0.71435546875
ilids,2,16,flip,ilids,1,216001,63.333332538604736,73.62423687423689,0.625,0.70947265625
ilids,2,16,all_yes,ilids,1,216001,63.333332538604736,73.57936507936508,0.640625,0.71044921875
ilids,2,16,all_no,ilids,1,216001,64.99999761581421,74.5146103896104,0.515625,0.697265625
ilids,2,16,cross,viper,1,216001,64.99999761581421,74.48851294903928,0.5,0.5234375
ilids,2,16,cross,grid,1,216001,64.99999761581421,74.82810245310246,0.640625,0.73681640625
ilids,2,16,source,market1501,1,216001,61.666667461395264,71.94598293863001,0.75,0.853515625
ilids,2,16,pseudo,ilids,1,216001,63.333332538604736,73.63492063492065,0.53125,0.5693359375
ilids,2,16,true,ilids,2,216002,64.99999761581421,74.83058608058609,0.734375,0.7658730158730159
ilids,2,16,shuffle,ilids,2,216002,64.99999761581421,74.77503052503053,0.71875,0.7673611111111112
ilids,2,16,flip,ilids,2,216002,64.99999761581421,74.49725274725274,0.71875,0.7604166666666667
ilids,2,16,all_yes,ilids,2,216002,64.99999761581421,74.57539682539682,0.703125,0.746031746031746
ilids,2,16,all_no,ilids,2,216002,63.333332538604736,74.00793650793652,0.734375,0.7624007936507937
ilids,2,16,cross,viper,2,216002,64.99999761581421,74.77899877899877,0.640625,0.7008928571428572
ilids,2,16,cross,grid,2,216002,64.99999761581421,74.20238095238095,0.53125,0.6304563492063492
ilids,2,16,source,market1501,2,216002,63.333332538604736,72.93517045819678,0.734375,0.8402777777777778
ilids,2,16,pseudo,ilids,2,216002,64.99999761581421,74.73534798534799,0.65625,0.7579365079365079
ilids,2,16,true,ilids,3,216003,64.99999761581421,74.45757020757021,0.53125,0.5580580580580581
ilids,2,16,shuffle,ilids,3,216003,64.99999761581421,74.49725274725274,0.53125,0.5710710710710711
ilids,2,16,flip,ilids,3,216003,63.333332538604736,73.62423687423689,0.5625,0.5695695695695695
ilids,2,16,all_yes,ilids,3,216003,64.99999761581421,74.4126984126984,0.53125,0.5615615615615617
ilids,2,16,all_no,ilids,3,216003,58.33333134651184,70.61728086728087,0.5,0.5580580580580581
ilids,2,16,cross,viper,3,216003,63.333332538604736,73.65873015873015,0.625,0.6966966966966966
ilids,2,16,cross,grid,3,216003,64.99999761581421,74.21153846153847,0.578125,0.7097097097097098
ilids,2,16,source,market1501,3,216003,61.666667461395264,72.16741506544139,0.65625,0.7382382382382382
ilids,2,16,pseudo,ilids,3,216003,64.99999761581421,74.46153846153845,0.546875,0.6786786786786787
ilids,2,16,true,ilids,4,216004,64.99999761581421,74.79487179487178,0.59375,0.61474609375
ilids,2,16,shuffle,ilids,4,216004,63.333332538604736,73.91036887089518,0.59375,0.62451171875
ilids,2,16,flip,ilids,4,216004,63.333332538604736,73.90598290598291,0.59375,0.63623046875
ilids,2,16,all_yes,ilids,4,216004,64.99999761581421,74.32936507936509,0.609375,0.60986328125
ilids,2,16,all_no,ilids,4,216004,61.666667461395264,72.47197855750488,0.578125,0.6181640625
ilids,2,16,cross,viper,4,216004,61.666667461395264,72.489417989418,0.671875,0.6826171875
ilids,2,16,cross,grid,4,216004,64.99999761581421,74.56349206349206,0.5625,0.54248046875
ilids,2,16,source,market1501,4,216004,61.666667461395264,72.01209207459208,0.703125,0.8232421875
ilids,2,16,pseudo,ilids,4,216004,63.333332538604736,73.67227363279996,0.84375,0.9375
ilids,2,16,true,ilids,5,216005,63.333332538604736,73.62423687423689,0.5,0.5295566502463054
ilids,2,16,shuffle,ilids,5,216005,64.99999761581421,74.45757020757021,0.5,0.5290640394088669
ilids,2,16,flip,ilids,5,216005,64.99999761581421,74.77899877899877,0.515625,0.5231527093596059
ilids,2,16,all_yes,ilids,5,216005,64.99999761581421,74.48214285714286,0.53125,0.529064039408867
ilids,2,16,all_no,ilids,5,216005,64.99999761581421,74.97095959595958,0.53125,0.5315270935960591
ilids,2,16,cross,viper,5,216005,63.333332538604736,73.56150793650794,0.6875,0.7684729064039408
ilids,2,16,cross,grid,5,216005,63.333332538604736,73.6408313908314,0.5625,0.6152709359605912
ilids,2,16,source,market1501,5,216005,61.666667461395264,72.01647803950436,0.78125,0.861576354679803
ilids,2,16,pseudo,ilids,5,216005,64.99999761581421,74.45757020757021,0.65625,0.8300492610837438
ilids,2,16,true,ilids,6,216006,64.99999761581421,74.56349206349206,0.703125,0.7120445344129555
ilids,2,16,shuffle,ilids,6,216006,64.99999761581421,74.56349206349206,0.703125,0.714574898785425
ilids,2,16,flip,ilids,6,216006,64.99999761581421,74.54090354090354,0.71875,0.7165991902834008
ilids,2,16,all_yes,ilids,6,216006,64.99999761581421,74.57142857142858,0.6875,0.7171052631578947
ilids,2,16,all_no,ilids,6,216006,61.666667461395264,72.33058608058607,0.65625,0.7120445344129555
ilids,2,16,cross,viper,6,216006,63.333332538604736,73.63259109311741,0.640625,0.6295546558704453
ilids,2,16,cross,grid,6,216006,64.99999761581421,74.48412698412699,0.71875,0.7510121457489879
ilids,2,16,source,market1501,6,216006,63.333332538604736,73.09382729700066,0.828125,0.8628542510121459
ilids,2,16,pseudo,ilids,6,216006,64.99999761581421,74.3825910931174,0.625,0.770242914979757
ilids,2,16,true,ilids,7,216007,64.99999761581421,74.4484126984127,0.625,0.7215384615384616
ilids,2,16,shuffle,ilids,7,216007,63.333332538604736,73.25396825396825,0.578125,0.7220512820512821
ilids,2,16,flip,ilids,7,216007,64.99999761581421,74.45757020757021,0.578125,0.72
ilids,2,16,all_yes,ilids,7,216007,64.99999761581421,74.13492063492062,0.65625,0.7282051282051282
ilids,2,16,all_no,ilids,7,216007,60.00000238418579,71.4695350945351,0.5,0.7235897435897436
ilids,2,16,cross,viper,7,216007,63.333332538604736,73.30200501253134,0.5625,0.6369230769230769
ilids,2,16,cross,grid,7,216007,64.99999761581421,74.52380952380952,0.515625,0.578974358974359
ilids,2,16,source,market1501,7,216007,61.666667461395264,71.7992724867725,0.765625,0.818974358974359
ilids,2,16,pseudo,ilids,7,216007,64.99999761581421,74.50560696613327,0.640625,0.8271794871794872
