domain,split,condition,k,gamma,draw,rank1,mAP,pids
viper,0,raw,0,-1,-1,39.87341821193695,51.10226724374961,
viper,0,center,0,-1,-1,39.87341821193695,51.10226724374961,
viper,0,unlab,0,0.1,-1,40.82278609275818,51.45283055653837,
viper,0,kiss_all,316,0.1,-1,44.62025463581085,56.30548317836648,
viper,0,unlab,0,1.0,-1,41.13923907279968,51.71617168380941,
viper,0,kiss_all,316,1.0,-1,53.16455960273743,64.00940526437796,
viper,0,kiss_k,2,0.1,0,41.77215099334717,52.34195299399833,250 188
viper,0,kiss_k,2,1.0,0,41.77215099334717,52.33647852471407,250 188
viper,0,kiss_k,2,0.1,1,40.18987417221069,51.13742399220704,4 20
viper,0,kiss_k,2,1.0,1,40.18987417221069,51.207366805343426,4 20
viper,0,kiss_k,2,0.1,2,40.82278609275818,51.72147226681475,91 13
viper,0,kiss_k,2,1.0,2,40.82278609275818,51.679440370803576,91 13
viper,0,kiss_k,2,0.1,3,41.13923907279968,52.15874282237646,227 190
viper,0,kiss_k,2,1.0,3,42.40506291389465,52.62183655868537,227 190
viper,0,kiss_k,2,0.1,4,41.455695033073425,51.852322346773214,226 4
viper,0,kiss_k,2,1.0,4,41.77215099334717,52.15375472943143,226 4
viper,0,kiss_k,2,0.1,5,42.721518874168396,53.162297469036254,148 164
viper,0,kiss_k,2,1.0,5,42.40506291389465,53.11417601462834,148 164
viper,0,kiss_k,2,0.1,6,41.77215099334717,53.26869443064547,21 122
viper,0,kiss_k,2,1.0,6,41.13923907279968,52.62456093750839,21 122
viper,0,kiss_k,2,0.1,7,41.77215099334717,52.40713213078004,242 304
viper,0,kiss_k,2,1.0,7,41.77215099334717,52.5665756537702,242 304
viper,0,kiss_k,2,0.1,8,39.55696225166321,50.93116237582602,4 154
viper,0,kiss_k,2,1.0,8,40.82278609275818,51.43119866185602,4 154
viper,0,kiss_k,2,0.1,9,41.455695033073425,52.50864410137282,298 89
viper,0,kiss_k,2,1.0,9,41.77215099334717,52.5652689216444,298 89
viper,0,kiss_k,2,0.1,10,41.13923907279968,52.195537266858224,176 294
viper,0,kiss_k,2,1.0,10,41.77215099334717,52.3143637874613,176 294
viper,0,kiss_k,2,0.1,11,41.13923907279968,52.355703044614366,60 140
viper,0,kiss_k,2,1.0,11,40.506330132484436,52.02673788212312,60 140
viper,0,kiss_k,2,0.1,12,41.13923907279968,52.00329189588678,286 200
viper,0,kiss_k,2,1.0,12,41.455695033073425,52.28728044974423,286 200
viper,0,kiss_k,2,0.1,13,41.455695033073425,51.93812826978984,103 135
viper,0,kiss_k,2,1.0,13,41.77215099334717,52.11374091220651,103 135
viper,0,kiss_k,2,0.1,14,42.721518874168396,53.009404295047844,116 29
viper,0,kiss_k,2,1.0,14,43.35443079471588,53.287757179999716,116 29
viper,0,kiss_k,2,0.1,15,42.40506291389465,52.55638671480608,127 165
viper,0,kiss_k,2,1.0,15,43.03797483444214,53.0180048425734,127 165
viper,0,kiss_k,2,0.1,16,40.506330132484436,51.31236560404773,237 266
viper,0,kiss_k,2,1.0,16,41.455695033073425,51.81235788834632,237 266
viper,0,kiss_k,2,0.1,17,43.03797483444214,53.04788324490796,206 107
viper,0,kiss_k,2,1.0,17,41.77215099334717,52.422800556122226,206 107
viper,0,kiss_k,2,0.1,18,40.506330132484436,51.884786413642594,36 303
viper,0,kiss_k,2,1.0,18,41.77215099334717,52.48776995773567,36 303
viper,0,kiss_k,2,0.1,19,42.40506291389465,53.474337985315366,300 14
viper,0,kiss_k,2,1.0,19,41.455695033073425,52.85424547814579,300 14
viper,0,kiss_k,2,0.1,20,39.87341821193695,51.11300773787758,113 128
viper,0,kiss_k,2,1.0,20,40.82278609275818,51.57055207422826,113 128
viper,0,kiss_k,2,0.1,21,42.08860695362091,52.44143714526479,135 201
viper,0,kiss_k,2,1.0,21,42.40506291389465,52.52558784105085,135 201
viper,0,kiss_k,2,0.1,22,41.77215099334717,52.44502128263344,75 37
viper,0,kiss_k,2,1.0,22,41.13923907279968,52.0358888524716,75 37
viper,0,kiss_k,2,0.1,23,40.82278609275818,51.552593429213,20 283
viper,0,kiss_k,2,1.0,23,40.18987417221069,51.33036509797121,20 283
viper,0,kiss_k,2,0.1,24,41.77215099334717,52.82426185210428,289 29
viper,0,kiss_k,2,1.0,24,42.40506291389465,53.21154933614132,289 29
viper,0,kiss_k,2,0.1,25,42.08860695362091,52.79675629862469,59 309
viper,0,kiss_k,2,1.0,25,41.455695033073425,52.43357425726,59 309
viper,0,kiss_k,2,0.1,26,40.506330132484436,51.451572257658405,93 252
viper,0,kiss_k,2,1.0,26,40.18987417221069,51.73978808060168,93 252
viper,0,kiss_k,2,0.1,27,40.82278609275818,52.22861323345837,34 142
viper,0,kiss_k,2,1.0,27,40.82278609275818,52.11790617028984,34 142
viper,0,kiss_k,2,0.1,28,41.77215099334717,52.24029976071725,206 71
viper,0,kiss_k,2,1.0,28,41.455695033073425,52.18740514470917,206 71
viper,0,kiss_k,2,0.1,29,40.82278609275818,51.810992475128735,49 108
viper,0,kiss_k,2,1.0,29,41.13923907279968,51.90829582874256,49 108
viper,0,kiss_k,4,0.1,0,43.35443079471588,53.8505287336262,226 137 91 61
viper,0,kiss_k,4,1.0,0,41.13923907279968,52.76159597153261,226 137 91 61
viper,0,kiss_k,4,0.1,1,41.455695033073425,52.96725261331109,172 30 261 245
viper,0,kiss_k,4,1.0,1,41.13923907279968,52.811579551163824,172 30 261 245
viper,0,kiss_k,4,0.1,2,44.62025463581085,54.67768856337156,184 229 195 278
viper,0,kiss_k,4,1.0,2,44.30379867553711,54.53491753227083,184 229 195 278
viper,0,kiss_k,4,0.1,3,40.18987417221069,51.837729147974144,41 164 30 138
viper,0,kiss_k,4,1.0,3,41.455695033073425,52.6259424601526,41 164 30 138
viper,0,kiss_k,4,0.1,4,39.87341821193695,51.948581098598524,20 47 229 243
viper,0,kiss_k,4,1.0,4,40.82278609275818,52.0852487684787,20 47 229 243
viper,0,kiss_k,4,0.1,5,42.08860695362091,52.75115616835222,265 208 185 178
viper,0,kiss_k,4,1.0,5,40.506330132484436,51.915362099137965,265 208 185 178
viper,0,kiss_k,4,0.1,6,40.18987417221069,52.307150129583825,25 181 77 231
viper,0,kiss_k,4,1.0,6,40.18987417221069,52.23003741862961,25 181 77 231
viper,0,kiss_k,4,0.1,7,40.82278609275818,52.11533051191775,25 239 143 247
viper,0,kiss_k,4,1.0,7,41.13923907279968,52.30479994518542,25 239 143 247
viper,0,kiss_k,4,0.1,8,41.455695033073425,53.13600002761394,123 111 86 57
viper,0,kiss_k,4,1.0,8,42.08860695362091,53.04594040217516,123 111 86 57
viper,0,kiss_k,4,0.1,9,40.18987417221069,51.80751965017735,295 62 1 12
viper,0,kiss_k,4,1.0,9,41.77215099334717,52.68658411823672,295 62 1 12
viper,0,kiss_k,4,0.1,10,41.455695033073425,52.20374369631418,209 290 303 268
viper,0,kiss_k,4,1.0,10,41.455695033073425,52.397472799810416,209 290 303 268
viper,0,kiss_k,4,0.1,11,41.13923907279968,52.200887143651066,39 195 277 234
viper,0,kiss_k,4,1.0,11,41.13923907279968,52.11749502208789,39 195 277 234
viper,0,kiss_k,4,0.1,12,39.240506291389465,51.034330763601545,260 230 204 89
viper,0,kiss_k,4,1.0,12,41.13923907279968,52.05201666420837,260 230 204 89
viper,0,kiss_k,4,0.1,13,42.08860695362091,52.232498511001424,133 136 197 231
viper,0,kiss_k,4,1.0,13,41.13923907279968,51.755621297626796,133 136 197 231
viper,0,kiss_k,4,0.1,14,43.03797483444214,53.09922516214218,68 235 27 131
viper,0,kiss_k,4,1.0,14,41.455695033073425,52.26368446322547,68 235 27 131
viper,0,kiss_k,4,0.1,15,40.506330132484436,52.00204843756687,116 196 293 9
viper,0,kiss_k,4,1.0,15,41.455695033073425,52.360904848278444,116 196 293 9
viper,0,kiss_k,4,0.1,16,41.77215099334717,51.92693009232817,13 267 149 147
viper,0,kiss_k,4,1.0,16,41.13923907279968,51.77327807311032,13 267 149 147
viper,0,kiss_k,4,0.1,17,41.77215099334717,52.78458743638564,105 148 24 130
viper,0,kiss_k,4,1.0,17,42.40506291389465,52.992982532193324,105 148 24 130
viper,0,kiss_k,4,0.1,18,40.18987417221069,51.95273512961993,292 196 138 262
viper,0,kiss_k,4,1.0,18,41.77215099334717,52.91655424039816,292 196 138 262
viper,0,kiss_k,4,0.1,19,43.98734271526337,54.19107010788711,5 34 178 299
viper,0,kiss_k,4,1.0,19,42.40506291389465,53.219662209075146,5 34 178 299
viper,0,kiss_k,4,0.1,20,41.13923907279968,52.318627825213284,58 173 127 227
viper,0,kiss_k,4,1.0,20,41.77215099334717,52.25778758072828,58 173 127 227
viper,0,kiss_k,4,0.1,21,44.62025463581085,54.89155804977588,219 175 282 251
viper,0,kiss_k,4,1.0,21,44.936707615852356,54.80027276861499,219 175 282 251
viper,0,kiss_k,4,0.1,22,42.721518874168396,53.32963619607063,67 187 188 288
viper,0,kiss_k,4,1.0,22,42.40506291389465,53.10006345582443,67 187 188 288
viper,0,kiss_k,4,0.1,23,41.13923907279968,52.16701728498011,151 177 233 185
viper,0,kiss_k,4,1.0,23,41.13923907279968,52.22279045997153,151 177 233 185
viper,0,kiss_k,4,0.1,24,42.08860695362091,52.46791254985747,135 159 296 13
viper,0,kiss_k,4,1.0,24,43.35443079471588,53.08926565038248,135 159 296 13
viper,0,kiss_k,4,0.1,25,41.77215099334717,52.72184302199603,229 178 188 252
viper,0,kiss_k,4,1.0,25,40.506330132484436,52.22560374983812,229 178 188 252
viper,0,kiss_k,4,0.1,26,41.13923907279968,52.897687345681156,27 200 17 77
viper,0,kiss_k,4,1.0,26,41.13923907279968,52.882856129958235,27 200 17 77
viper,0,kiss_k,4,0.1,27,38.92405033111572,51.36919093355574,36 227 207 233
viper,0,kiss_k,4,1.0,27,40.82278609275818,52.138807424414914,36 227 207 233
viper,0,kiss_k,4,0.1,28,41.77215099334717,52.79479118509338,208 226 94 91
viper,0,kiss_k,4,1.0,28,41.13923907279968,52.22823600748049,208 226 94 91
viper,0,kiss_k,4,0.1,29,41.13923907279968,52.34770698670811,124 48 232 132
viper,0,kiss_k,4,1.0,29,40.82278609275818,51.81562924652875,124 48 232 132
viper,0,kiss_k,8,0.1,0,41.77215099334717,53.136728565808674,279 252 275 291 17 307 238 0
viper,0,kiss_k,8,1.0,0,43.03797483444214,53.76622887337687,279 252 275 291 17 307 238 0
viper,0,kiss_k,8,0.1,1,42.08860695362091,53.93374685787089,130 107 315 73 285 273 54 295
viper,0,kiss_k,8,1.0,1,43.98734271526337,54.71177561716624,130 107 315 73 285 273 54 295
viper,0,kiss_k,8,0.1,2,42.40506291389465,53.96132684712575,33 128 2 260 43 214 206 273
viper,0,kiss_k,8,1.0,2,43.03797483444214,53.794130080798965,33 128 2 260 43 214 206 273
viper,0,kiss_k,8,0.1,3,44.62025463581085,55.006999524097886,247 106 70 300 22 164 206 146
viper,0,kiss_k,8,1.0,3,43.98734271526337,54.42034632675138,247 106 70 300 22 164 206 146
viper,0,kiss_k,8,0.1,4,43.98734271526337,54.491463982018374,251 192 266 191 285 258 37 210
viper,0,kiss_k,8,1.0,4,43.670886754989624,53.97951725726903,251 192 266 191 285 258 37 210
viper,0,kiss_k,8,0.1,5,41.13923907279968,52.029423845105924,138 28 257 152 118 140 231 201
viper,0,kiss_k,8,1.0,5,43.98734271526337,53.91911212115521,138 28 257 152 118 140 231 201
viper,0,kiss_k,8,0.1,6,41.455695033073425,52.71263192888621,308 42 28 250 26 149 233 146
viper,0,kiss_k,8,1.0,6,42.721518874168396,53.35089906823738,308 42 28 250 26 149 233 146
viper,0,kiss_k,8,0.1,7,42.721518874168396,53.22905888630836,247 289 79 54 236 35 116 85
viper,0,kiss_k,8,1.0,7,42.08860695362091,52.698769508902664,247 289 79 54 236 35 116 85
viper,0,kiss_k,8,0.1,8,42.721518874168396,53.90038932835193,27 89 177 307 172 133 308 4
viper,0,kiss_k,8,1.0,8,42.40506291389465,53.72349584934992,27 89 177 307 172 133 308 4
viper,0,kiss_k,8,0.1,9,43.98734271526337,54.22199061997859,180 30 132 1 93 113 110 150
viper,0,kiss_k,8,1.0,9,44.936707615852356,54.830681446246246,180 30 132 1 93 113 110 150
viper,0,kiss_k,8,0.1,10,40.18987417221069,52.09213424770777,57 219 33 287 97 231 55 284
viper,0,kiss_k,8,1.0,10,41.13923907279968,52.49849175834386,57 219 33 287 97 231 55 284
viper,0,kiss_k,8,0.1,11,41.455695033073425,53.12109200964772,290 162 68 288 253 258 302 238
viper,0,kiss_k,8,1.0,11,42.08860695362091,53.6429738202894,290 162 68 288 253 258 302 238
viper,0,kiss_k,8,0.1,12,42.40506291389465,53.432486485443434,186 211 96 204 60 229 52 7
viper,0,kiss_k,8,1.0,12,41.13923907279968,53.060091825049874,186 211 96 204 60 229 52 7
viper,0,kiss_k,8,0.1,13,40.506330132484436,53.04987732033955,162 200 242 139 281 302 189 107
viper,0,kiss_k,8,1.0,13,40.506330132484436,52.77468648192162,162 200 242 139 281 302 189 107
viper,0,kiss_k,8,0.1,14,40.506330132484436,51.95860563213147,81 149 248 201 194 298 40 38
viper,0,kiss_k,8,1.0,14,42.721518874168396,53.042498245190586,81 149 248 201 194 298 40 38
viper,0,kiss_k,8,0.1,15,42.08860695362091,53.45890346964455,134 66 142 137 212 18 115 146
viper,0,kiss_k,8,1.0,15,42.721518874168396,53.50086459568353,134 66 142 137 212 18 115 146
viper,0,kiss_k,8,0.1,16,38.92405033111572,50.586101565649386,235 245 285 101 51 181 231 249
viper,0,kiss_k,8,1.0,16,39.55696225166321,50.777240571340556,235 245 285 101 51 181 231 249
viper,0,kiss_k,8,0.1,17,43.98734271526337,53.55644794717323,79 193 215 271 210 90 229 130
viper,0,kiss_k,8,1.0,17,43.670886754989624,53.78400134634938,79 193 215 271 210 90 229 130
viper,0,kiss_k,8,0.1,18,45.2531635761261,54.58492200569162,240 6 5 181 68 70 262 129
viper,0,kiss_k,8,1.0,18,46.20253145694733,55.08022674117661,240 6 5 181 68 70 262 129
viper,0,kiss_k,8,0.1,19,42.08860695362091,53.161964917283676,266 39 311 278 202 171 123 108
viper,0,kiss_k,8,1.0,19,42.40506291389465,53.289288667055565,266 39 311 278 202 171 123 108
viper,0,kiss_k,8,0.1,20,41.77215099334717,53.286103199108005,257 9 125 65 115 50 1 130
viper,0,kiss_k,8,1.0,20,41.455695033073425,52.86096250218385,257 9 125 65 115 50 1 130
viper,0,kiss_k,8,0.1,21,42.721518874168396,54.52734251818754,262 311 32 241 61 104 300 273
viper,0,kiss_k,8,1.0,21,43.35443079471588,54.734737646621255,262 311 32 241 61 104 300 273
viper,0,kiss_k,8,0.1,22,43.35443079471588,54.146623832208576,198 303 165 282 259 135 249 88
viper,0,kiss_k,8,1.0,22,44.62025463581085,54.626959732909555,198 303 165 282 259 135 249 88
viper,0,kiss_k,8,0.1,23,43.670886754989624,54.48522714772624,271 213 162 4 60 97 277 241
viper,0,kiss_k,8,1.0,23,43.35443079471588,54.44451854369097,271 213 162 4 60 97 277 241
viper,0,kiss_k,8,0.1,24,42.721518874168396,53.51319059237424,11 91 179 222 28 246 135 27
viper,0,kiss_k,8,1.0,24,41.77215099334717,52.95875871583314,11 91 179 222 28 246 135 27
viper,0,kiss_k,8,0.1,25,42.40506291389465,53.124088211303025,177 268 238 38 244 306 135 160
viper,0,kiss_k,8,1.0,25,42.08860695362091,52.82460078377073,177 268 238 38 244 306 135 160
viper,0,kiss_k,8,0.1,26,42.40506291389465,53.453860581809934,40 95 247 87 190 300 127 163
viper,0,kiss_k,8,1.0,26,43.03797483444214,53.778151002088606,40 95 247 87 190 300 127 163
viper,0,kiss_k,8,0.1,27,43.35443079471588,53.74834003044931,295 241 89 99 33 54 57 45
viper,0,kiss_k,8,1.0,27,43.03797483444214,53.57399227966811,295 241 89 99 33 54 57 45
viper,0,kiss_k,8,0.1,28,42.721518874168396,53.404762498076664,302 10 118 251 91 144 202 106
viper,0,kiss_k,8,1.0,28,42.721518874168396,53.37848593263688,302 10 118 251 91 144 202 106
viper,0,kiss_k,8,0.1,29,42.721518874168396,53.031938660883405,196 202 84 266 244 149 304 201
viper,0,kiss_k,8,1.0,29,43.35443079471588,53.26729980476886,196 202 84 266 244 149 304 201
viper,0,kiss_k,16,0.1,0,42.40506291389465,54.003431956098915,83 189 54 294 213 173 0 64 178 179 292 147 222 103 257 30
viper,0,kiss_k,16,1.0,0,41.455695033073425,53.60557047397225,83 189 54 294 213 173 0 64 178 179 292 147 222 103 257 30
viper,0,kiss_k,16,0.1,1,42.721518874168396,54.19046910642834,81 101 9 209 156 290 215 92 143 303 176 36 169 132 227 165
viper,0,kiss_k,16,1.0,1,42.721518874168396,54.3897970765889,81 101 9 209 156 290 215 92 143 303 176 36 169 132 227 165
viper,0,kiss_k,16,0.1,2,45.56961953639984,55.79636668019684,152 176 5 94 249 49 238 311 187 251 171 255 75 153 125 19
viper,0,kiss_k,16,1.0,2,44.936707615852356,55.40184875453209,152 176 5 94 249 49 238 311 187 251 171 255 75 153 125 19
viper,0,kiss_k,16,0.1,3,43.670886754989624,54.246493817897644,274 205 54 166 26 85 112 128 310 187 114 35 296 53 314 75
viper,0,kiss_k,16,1.0,3,43.03797483444214,53.91590975569578,274 205 54 166 26 85 112 128 310 187 114 35 296 53 314 75
viper,0,kiss_k,16,0.1,4,42.721518874168396,53.78516200531076,303 235 199 272 285 89 240 131 113 153 108 104 67 10 92 275
viper,0,kiss_k,16,1.0,4,42.40506291389465,53.13696814020684,303 235 199 272 285 89 240 131 113 153 108 104 67 10 92 275
viper,0,kiss_k,16,0.1,5,42.721518874168396,54.12085251698981,210 183 15 157 284 100 123 131 164 105 207 61 310 13 86 292
viper,0,kiss_k,16,1.0,5,43.670886754989624,54.88413936915963,210 183 15 157 284 100 123 131 164 105 207 61 310 13 86 292
viper,0,kiss_k,16,0.1,6,44.30379867553711,54.82647295133768,63 168 192 35 112 298 277 266 13 136 125 149 109 32 82 162
viper,0,kiss_k,16,1.0,6,45.886075496673584,55.701186023321824,63 168 192 35 112 298 277 266 13 136 125 149 109 32 82 162
viper,0,kiss_k,16,0.1,7,42.40506291389465,53.536506877917745,234 248 302 283 235 275 88 131 159 188 196 178 74 296 69 146
viper,0,kiss_k,16,1.0,7,43.670886754989624,54.2517331201786,234 248 302 283 235 275 88 131 159 188 196 178 74 296 69 146
viper,0,kiss_k,16,0.1,8,45.2531635761261,55.995634397338534,129 54 252 46 285 50 282 270 181 227 266 9 250 141 126 178
viper,0,kiss_k,16,1.0,8,43.03797483444214,54.78416503434336,129 54 252 46 285 50 282 270 181 227 266 9 250 141 126 178
viper,0,kiss_k,16,0.1,9,42.721518874168396,53.8710990946764,142 208 283 91 245 277 209 298 31 243 299 255 164 196 72 124
viper,0,kiss_k,16,1.0,9,40.82278609275818,52.85973153592939,142 208 283 91 245 277 209 298 31 243 299 255 164 196 72 124
viper,0,kiss_k,16,0.1,10,41.13923907279968,53.01872352913563,59 220 9 160 54 210 174 248 106 211 147 201 213 139 87 314
viper,0,kiss_k,16,1.0,10,42.08860695362091,53.41150871515548,59 220 9 160 54 210 174 248 106 211 147 201 213 139 87 314
viper,0,kiss_k,16,0.1,11,41.77215099334717,52.510905593156366,140 93 277 304 182 265 48 122 94 311 45 150 227 75 280 131
viper,0,kiss_k,16,1.0,11,42.40506291389465,53.11499262923317,140 93 277 304 182 265 48 122 94 311 45 150 227 75 280 131
viper,0,kiss_k,16,0.1,12,45.56961953639984,55.80865726831274,47 113 16 24 236 71 299 55 84 129 109 153 85 17 137 139
viper,0,kiss_k,16,1.0,12,44.936707615852356,55.708685751041806,47 113 16 24 236 71 299 55 84 129 109 153 85 17 137 139
viper,0,kiss_k,16,0.1,13,43.98734271526337,56.05235658013411,292 169 228 195 50 48 291 158 76 267 80 255 109 104 57 279
viper,0,kiss_k,16,1.0,13,45.2531635761261,56.75214176366232,292 169 228 195 50 48 291 158 76 267 80 255 109 104 57 279
viper,0,kiss_k,16,0.1,14,44.62025463581085,55.65713839202138,122 1 19 123 258 173 289 41 109 241 171 48 217 75 269 72
viper,0,kiss_k,16,1.0,14,43.98734271526337,55.24226597434772,122 1 19 123 258 173 289 41 109 241 171 48 217 75 269 72
viper,0,kiss_k,16,0.1,15,45.886075496673584,55.53663079115728,94 306 291 302 161 283 33 258 37 236 164 193 34 212 56 31
viper,0,kiss_k,16,1.0,15,46.51898741722107,55.918071018757196,94 306 291 302 161 283 33 258 37 236 164 193 34 212 56 31
viper,0,kiss_k,16,0.1,16,43.35443079471588,54.1346238338332,79 298 45 74 97 310 84 315 50 27 71 235 23 181 26 150
viper,0,kiss_k,16,1.0,16,43.98734271526337,54.44939146259462,79 298 45 74 97 310 84 315 50 27 71 235 23 181 26 150
viper,0,kiss_k,16,0.1,17,42.40506291389465,53.616530034114476,231 314 274 83 30 125 67 249 232 167 240 121 267 252 284 15
viper,0,kiss_k,16,1.0,17,43.03797483444214,53.980397733808005,231 314 274 83 30 125 67 249 232 167 240 121 267 252 284 15
viper,0,kiss_k,16,0.1,18,42.721518874168396,54.56790331390236,45 303 100 114 169 243 228 222 282 215 279 313 112 204 91 14
viper,0,kiss_k,16,1.0,18,43.670886754989624,55.06060717923279,45 303 100 114 169 243 228 222 282 215 279 313 112 204 91 14
viper,0,kiss_k,16,0.1,19,41.77215099334717,53.06721330414553,271 190 159 230 145 314 281 105 13 83 154 286 269 96 28 298
viper,0,kiss_k,16,1.0,19,40.82278609275818,52.66721746275458,271 190 159 230 145 314 281 105 13 83 154 286 269 96 28 298
viper,0,kiss_k,16,0.1,20,43.03797483444214,54.94891330035635,102 36 194 173 240 223 187 107 261 108 61 167 136 95 31 18
viper,0,kiss_k,16,1.0,20,42.721518874168396,55.049527353643136,102 36 194 173 240 223 187 107 261 108 61 167 136 95 31 18
viper,0,kiss_k,16,0.1,21,44.62025463581085,54.71877529607511,162 288 25 182 241 29 98 23 101 32 72 83 124 13 284 109
viper,0,kiss_k,16,1.0,21,45.2531635761261,55.30922032709664,162 288 25 182 241 29 98 23 101 32 72 83 124 13 284 109
viper,0,kiss_k,16,0.1,22,44.30379867553711,55.21538315877395,294 111 114 81 137 211 26 214 154 202 132 133 281 86 309 64
viper,0,kiss_k,16,1.0,22,44.62025463581085,55.3705421358885,294 111 114 81 137 211 26 214 154 202 132 133 281 86 309 64
viper,0,kiss_k,16,0.1,23,42.40506291389465,53.57357645738028,253 187 284 287 162 291 285 95 293 83 304 234 269 31 203 113
viper,0,kiss_k,16,1.0,23,44.30379867553711,54.2806234779042,253 187 284 287 162 291 285 95 293 83 304 234 269 31 203 113
viper,0,kiss_k,16,0.1,24,41.77215099334717,53.73955512079402,51 11 147 97 111 311 281 215 1 31 56 44 102 169 23 150
viper,0,kiss_k,16,1.0,24,42.08860695362091,53.92498446901857,51 11 147 97 111 311 281 215 1 31 56 44 102 169 23 150
viper,0,kiss_k,16,0.1,25,43.03797483444214,54.51617388063442,58 240 57 294 104 49 95 56 134 260 301 65 307 174 304 68
viper,0,kiss_k,16,1.0,25,43.03797483444214,54.430773737452334,58 240 57 294 104 49 95 56 134 260 301 65 307 174 304 68
viper,0,kiss_k,16,0.1,26,43.670886754989624,55.15331175258152,252 178 223 303 45 59 172 42 196 233 20 291 76 182 83 120
viper,0,kiss_k,16,1.0,26,43.35443079471588,54.90977409652985,252 178 223 303 45 59 172 42 196 233 20 291 76 182 83 120
viper,0,kiss_k,16,0.1,27,43.35443079471588,53.71328715095531,275 22 123 27 261 98 176 1 150 26 238 73 143 169 58 252
viper,0,kiss_k,16,1.0,27,42.40506291389465,53.50850424113137,275 22 123 27 261 98 176 1 150 26 238 73 143 169 58 252
viper,0,kiss_k,16,0.1,28,45.2531635761261,56.02673878855439,297 154 226 267 88 143 293 234 289 161 26 48 146 288 60 216
viper,0,kiss_k,16,1.0,28,43.670886754989624,55.39741733055452,297 154 226 267 88 143 293 234 289 161 26 48 146 288 60 216
viper,0,kiss_k,16,0.1,29,43.98734271526337,54.2789634967024,64 291 115 18 304 263 55 216 267 53 210 103 254 231 227 37
viper,0,kiss_k,16,1.0,29,44.30379867553711,54.25070919328029,64 291 115 18 304 263 55 216 267 53 210 103 254 231 227 37
viper,0,kiss_k,32,0.1,0,44.30379867553711,55.93883446004898,257 137 66 218 45 54 167 237 154 134 28 302 278 182 307 226 148 87 12 309 19 271 103 44 149 60 227 277 301 23 248 184
viper,0,kiss_k,32,1.0,0,46.51898741722107,57.414543068785825,257 137 66 218 45 54 167 237 154 134 28 302 278 182 307 226 148 87 12 309 19 271 103 44 149 60 227 277 301 23 248 184
viper,0,kiss_k,32,0.1,1,44.30379867553711,55.31286840764766,54 167 46 217 293 161 121 202 9 79 27 163 86 53 60 203 114 77 76 247 237 231 118 100 137 263 65 187 272 99 4 248
viper,0,kiss_k,32,1.0,1,46.20253145694733,57.03904244046477,54 167 46 217 293 161 121 202 9 79 27 163 86 53 60 203 114 77 76 247 237 231 118 100 137 263 65 187 272 99 4 248
viper,0,kiss_k,32,0.1,2,43.98734271526337,53.75311859439959,306 90 173 240 53 196 226 170 276 9 216 2 198 104 116 83 218 72 192 263 54 202 136 13 185 94 277 200 273 25 99 98
viper,0,kiss_k,32,1.0,2,41.77215099334717,52.86981372510651,306 90 173 240 53 196 226 170 276 9 216 2 198 104 116 83 218 72 192 263 54 202 136 13 185 94 277 200 273 25 99 98
viper,0,kiss_k,32,0.1,3,44.30379867553711,55.50836804080754,9 169 192 51 40 157 273 18 193 297 21 87 88 291 123 15 265 222 197 78 64 241 251 250 26 213 206 282 255 305 233 267
viper,0,kiss_k,32,1.0,3,45.886075496673584,56.679377653788386,9 169 192 51 40 157 273 18 193 297 21 87 88 291 123 15 265 222 197 78 64 241 251 250 26 213 206 282 255 305 233 267
viper,0,kiss_k,32,0.1,4,43.670886754989624,54.86745864452218,271 148 314 211 7 285 49 145 257 127 95 55 82 25 50 9 241 122 47 65 242 1 68 111 204 176 186 234 35 112 213 308
viper,0,kiss_k,32,1.0,4,45.56961953639984,56.22081299345363,271 148 314 211 7 285 49 145 257 127 95 55 82 25 50 9 241 122 47 65 242 1 68 111 204 176 186 234 35 112 213 308
viper,0,kiss_k,32,0.1,5,43.670886754989624,54.574055680738184,315 43 7 173 78 227 140 82 287 265 116 38 4 20 137 247 113 6 249 181 73 16 204 153 18 101 12 235 33 214 45 305
viper,0,kiss_k,32,1.0,5,44.62025463581085,55.51915422986894,315 43 7 173 78 227 140 82 287 265 116 38 4 20 137 247 113 6 249 181 73 16 204 153 18 101 12 235 33 214 45 305
viper,0,kiss_k,32,0.1,6,45.2531635761261,55.06445359665082,293 173 22 89 278 196 187 265 251 65 267 240 133 63 107 286 246 231 150 29 213 7 128 202 175 199 52 178 155 35 144 114
viper,0,kiss_k,32,1.0,6,46.83544337749481,56.22573599313737,293 173 22 89 278 196 187 265 251 65 267 240 133 63 107 286 246 231 150 29 213 7 128 202 175 199 52 178 155 35 144 114
viper,0,kiss_k,32,0.1,7,43.670886754989624,55.951222649639035,267 30 54 308 29 163 179 96 67 185 105 60 189 248 199 207 102 226 271 245 7 126 92 104 40 103 129 288 292 114 279 125
viper,0,kiss_k,32,1.0,7,44.62025463581085,56.96591447975878,267 30 54 308 29 163 179 96 67 185 105 60 189 248 199 207 102 226 271 245 7 126 92 104 40 103 129 288 292 114 279 125
viper,0,kiss_k,32,0.1,8,44.936707615852356,55.97974133360763,109 192 294 305 281 196 290 135 200 314 35 189 74 187 143 43 284 254 237 166 182 217 164 293 132 100 139 2 19 37 138 92
viper,0,kiss_k,32,1.0,8,45.56961953639984,56.57137171419859,109 192 294 305 281 196 290 135 200 314 35 189 74 187 143 43 284 254 237 166 182 217 164 293 132 100 139 2 19 37 138 92
viper,0,kiss_k,32,0.1,9,46.20253145694733,57.02839466306055,50 81 109 226 174 47 130 129 239 21 264 186 9 310 117 77 18 101 307 6 248 114 206 102 269 192 265 37 86 91 272 42
viper,0,kiss_k,32,1.0,9,47.151899337768555,57.881880093434354,50 81 109 226 174 47 130 129 239 21 264 186 9 310 117 77 18 101 307 6 248 114 206 102 269 192 265 37 86 91 272 42
viper,0,kiss_k,32,0.1,10,43.03797483444214,54.20879400078267,19 33 255 140 202 239 286 218 197 231 170 201 56 85 67 35 281 205 308 186 214 68 188 72 38 4 277 138 203 283 223 219
viper,0,kiss_k,32,1.0,10,42.721518874168396,53.939248633296685,19 33 255 140 202 239 286 218 197 231 170 201 56 85 67 35 281 205 308 186 214 68 188 72 38 4 277 138 203 283 223 219
viper,0,kiss_k,32,0.1,11,43.03797483444214,54.83436747398972,23 271 191 311 70 298 106 182 255 114 248 188 80 240 37 209 162 38 107 252 173 129 31 100 299 250 229 177 45 169 136 65
viper,0,kiss_k,32,1.0,11,44.30379867553711,55.769414386739825,23 271 191 311 70 298 106 182 255 114 248 188 80 240 37 209 162 38 107 252 173 129 31 100 299 250 229 177 45 169 136 65
viper,0,kiss_k,32,0.1,12,44.936707615852356,55.712401140052556,102 213 123 236 146 130 275 117 53 282 98 158 186 144 285 97 211 156 159 62 183 308 234 299 109 145 2 303 241 304 18 149
viper,0,kiss_k,32,1.0,12,46.51898741722107,57.05061789554473,102 213 123 236 146 130 275 117 53 282 98 158 186 144 285 97 211 156 159 62 183 308 234 299 109 145 2 303 241 304 18 149
viper,0,kiss_k,32,0.1,13,42.721518874168396,54.60702286713184,193 291 60 119 20 24 298 240 6 48 255 227 235 51 312 241 17 89 124 261 50 62 129 116 269 133 161 72 57 77 174 197
viper,0,kiss_k,32,1.0,13,45.56961953639984,56.5553547365791,193 291 60 119 20 24 298 240 6 48 255 227 235 51 312 241 17 89 124 261 50 62 129 116 269 133 161 72 57 77 174 197
viper,0,kiss_k,32,0.1,14,44.30379867553711,54.56127044459984,209 104 218 24 6 204 265 21 233 59 148 191 192 291 286 90 96 214 70 62 257 117 127 140 119 52 48 25 63 177 175 129
viper,0,kiss_k,32,1.0,14,45.2531635761261,55.308592102878464,209 104 218 24 6 204 265 21 233 59 148 191 192 291 286 90 96 214 70 62 257 117 127 140 119 52 48 25 63 177 175 129
viper,0,kiss_k,32,0.1,15,43.35443079471588,54.85942199014161,261 151 286 265 12 195 264 108 23 175 277 253 29 184 67 307 14 198 72 79 242 171 227 93 64 113 255 106 86 310 283 239
viper,0,kiss_k,32,1.0,15,45.2531635761261,56.23813408662617,261 151 286 265 12 195 264 108 23 175 277 253 29 184 67 307 14 198 72 79 242 171 227 93 64 113 255 106 86 310 283 239
viper,0,kiss_k,32,0.1,16,45.2531635761261,55.558521777977255,184 95 70 273 105 213 33 240 252 151 62 306 51 297 41 12 278 225 300 191 165 154 314 287 153 27 54 99 255 260 290 308
viper,0,kiss_k,32,1.0,16,45.886075496673584,56.18661832175984,184 95 70 273 105 213 33 240 252 151 62 306 51 297 41 12 278 225 300 191 165 154 314 287 153 27 54 99 255 260 290 308
viper,0,kiss_k,32,0.1,17,45.2531635761261,56.077449833497504,21 206 267 306 34 94 104 115 93 133 90 177 121 130 170 225 276 150 40 294 226 57 189 229 156 266 240 185 236 153 286 77
viper,0,kiss_k,32,1.0,17,44.62025463581085,56.227429148888,21 206 267 306 34 94 104 115 93 133 90 177 121 130 170 225 276 150 40 294 226 57 189 229 156 266 240 185 236 153 286 77
viper,0,kiss_k,32,0.1,18,45.886075496673584,56.42021841118451,141 303 156 30 284 251 229 186 33 252 19 57 32 276 127 246 94 88 90 181 143 164 196 45 104 91 202 292 287 213 76 34
viper,0,kiss_k,32,1.0,18,45.56961953639984,56.951574164398245,141 303 156 30 284 251 229 186 33 252 19 57 32 276 127 246 94 88 90 181 143 164 196 45 104 91 202 292 287 213 76 34
viper,0,kiss_k,32,0.1,19,42.721518874168396,54.613780045512215,240 125 167 298 160 265 41 263 83 9 158 135 98 177 159 227 22 136 286 257 174 69 312 183 106 20 105 39 223 119 190 182
viper,0,kiss_k,32,1.0,19,43.98734271526337,55.53049667943723,240 125 167 298 160 265 41 263 83 9 158 135 98 177 159 227 22 136 286 257 174 69 312 183 106 20 105 39 223 119 190 182
viper,0,kiss_k,32,0.1,20,44.30379867553711,55.539092419399275,64 179 210 299 104 26 52 45 173 290 17 281 251 297 57 242 300 62 79 56 133 77 198 236 216 304 38 219 176 8 233 142
viper,0,kiss_k,32,1.0,20,44.936707615852356,55.88083571859887,64 179 210 299 104 26 52 45 173 290 17 281 251 297 57 242 300 62 79 56 133 77 198 236 216 304 38 219 176 8 233 142
viper,0,kiss_k,32,0.1,21,47.4683552980423,57.68926509607445,87 129 140 128 197 111 78 114 304 212 59 95 52 136 110 252 219 104 226 34 186 179 296 169 195 172 292 190 162 255 293 289
viper,0,kiss_k,32,1.0,21,48.41772019863129,58.65487609494471,87 129 140 128 197 111 78 114 304 212 59 95 52 136 110 252 219 104 226 34 186 179 296 169 195 172 292 190 162 255 293 289
viper,0,kiss_k,32,0.1,22,41.455695033073425,54.21129515337423,155 8 99 151 134 39 162 19 297 221 142 53 49 259 202 120 292 283 143 146 138 237 261 205 185 57 310 286 200 219 184 267
viper,0,kiss_k,32,1.0,22,44.936707615852356,55.768061987603836,155 8 99 151 134 39 162 19 297 221 142 53 49 259 202 120 292 283 143 146 138 237 261 205 185 57 310 286 200 219 184 267
viper,0,kiss_k,32,0.1,23,44.30379867553711,54.7879695309477,314 83 282 173 44 276 203 42 255 130 171 124 79 170 34 2 169 197 161 236 12 52 3 222 235 89 244 137 204 185 271 174
viper,0,kiss_k,32,1.0,23,44.936707615852356,55.52941810610843,314 83 282 173 44 276 203 42 255 130 171 124 79 170 34 2 169 197 161 236 12 52 3 222 235 89 244 137 204 185 271 174
viper,0,kiss_k,32,0.1,24,43.35443079471588,55.02595300394822,293 200 134 195 175 284 123 188 315 20 256 227 13 258 298 232 183 283 21 182 273 245 50 55 292 299 244 61 282 251 51 95
viper,0,kiss_k,32,1.0,24,43.98734271526337,55.82340106234736,293 200 134 195 175 284 123 188 315 20 256 227 13 258 298 232 183 283 21 182 273 245 50 55 292 299 244 61 282 251 51 95
viper,0,kiss_k,32,0.1,25,47.151899337768555,56.59911726849811,170 214 8 128 32 131 256 138 166 45 100 153 293 136 37 205 14 85 251 276 277 180 243 247 27 34 187 64 173 56 123 5
viper,0,kiss_k,32,1.0,25,46.51898741722107,56.569184892046586,170 214 8 128 32 131 256 138 166 45 100 153 293 136 37 205 14 85 251 276 277 180 243 247 27 34 187 64 173 56 123 5
viper,0,kiss_k,32,0.1,26,44.30379867553711,55.823348250653524,87 142 251 174 122 29 118 233 99 80 58 262 224 108 312 228 8 106 105 127 48 187 295 74 223 61 209 114 190 226 119 143
viper,0,kiss_k,32,1.0,26,46.51898741722107,57.30825499094766,87 142 251 174 122 29 118 233 99 80 58 262 224 108 312 228 8 106 105 127 48 187 295 74 223 61 209 114 190 226 119 143
viper,0,kiss_k,32,0.1,27,46.20253145694733,56.40571270755134,168 271 137 248 52 255 263 97 63 243 102 82 173 26 162 185 72 289 156 99 17 117 207 121 46 297 256 171 145 312 119 159
viper,0,kiss_k,32,1.0,27,45.56961953639984,56.68819978928157,168 271 137 248 52 255 263 97 63 243 102 82 173 26 162 185 72 289 156 99 17 117 207 121 46 297 256 171 145 312 119 159
viper,0,kiss_k,32,0.1,28,44.30379867553711,55.952526140654705,215 45 280 202 55 308 225 154 243 208 10 218 275 74 180 32 292 35 163 256 314 206 69 244 165 248 95 189 302 5 131 125
viper,0,kiss_k,32,1.0,28,46.51898741722107,57.3298022080665,215 45 280 202 55 308 225 154 243 208 10 218 275 74 180 32 292 35 163 256 314 206 69 244 165 248 95 189 302 5 131 125
viper,0,kiss_k,32,0.1,29,47.78481125831604,59.07179651132171,87 287 299 48 21 188 141 164 84 80 138 64 90 112 171 204 313 173 297 307 285 191 77 225 116 114 97 37 14 161 113 30
viper,0,kiss_k,32,1.0,29,50.0,60.58639307417983,87 287 299 48 21 188 141 164 84 80 138 64 90 112 171 204 313 173 297 307 285 191 77 225 116 114 97 37 14 161 113 30
viper,1,raw,0,-1,-1,43.03797483444214,53.609064254353925,
viper,1,center,0,-1,-1,43.03797483444214,53.609064254353925,
viper,1,unlab,0,0.1,-1,43.35443079471588,53.80179195019977,
viper,1,kiss_all,316,0.1,-1,43.35443079471588,54.69255393122554,
viper,1,unlab,0,1.0,-1,42.40506291389465,52.83929620093429,
viper,1,kiss_all,316,1.0,-1,52.848100662231445,63.58496591545714,
viper,1,kiss_k,2,0.1,0,43.98734271526337,54.31584000309264,176 294
viper,1,kiss_k,2,1.0,0,42.721518874168396,53.60423643533046,176 294
viper,1,kiss_k,2,0.1,1,43.670886754989624,54.22870821396973,60 140
viper,1,kiss_k,2,1.0,1,43.670886754989624,53.85956061687464,60 140
viper,1,kiss_k,2,0.1,2,43.670886754989624,54.17786274193956,286 200
viper,1,kiss_k,2,1.0,2,42.40506291389465,53.22653328882734,286 200
viper,1,kiss_k,2,0.1,3,43.98734271526337,54.33699811832593,103 135
viper,1,kiss_k,2,1.0,3,44.62025463581085,54.41879857740537,103 135
viper,1,kiss_k,2,0.1,4,43.98734271526337,54.34014834562848,116 29
viper,1,kiss_k,2,1.0,4,43.35443079471588,54.00349452534743,116 29
viper,1,kiss_k,2,0.1,5,43.03797483444214,53.84551716966223,127 165
viper,1,kiss_k,2,1.0,5,43.35443079471588,53.680661191412106,127 165
viper,1,kiss_k,2,0.1,6,43.35443079471588,53.89716591625645,237 266
viper,1,kiss_k,2,1.0,6,42.40506291389465,53.25877863309593,237 266
viper,1,kiss_k,2,0.1,7,43.35443079471588,53.835364898502334,206 107
viper,1,kiss_k,2,1.0,7,43.03797483444214,53.84393642219245,206 107
viper,1,kiss_k,2,0.1,8,43.35443079471588,53.94503017068022,36 303
viper,1,kiss_k,2,1.0,8,42.40506291389465,53.19909883697724,36 303
viper,1,kiss_k,2,0.1,9,41.77215099334717,53.60245713457693,300 14
viper,1,kiss_k,2,1.0,9,43.03797483444214,53.72957720611025,300 14
viper,1,kiss_k,2,0.1,10,43.35443079471588,53.538230319159055,113 128
viper,1,kiss_k,2,1.0,10,42.721518874168396,53.20386281283933,113 128
viper,1,kiss_k,2,0.1,11,43.35443079471588,53.8049588433388,135 201
viper,1,kiss_k,2,1.0,11,43.670886754989624,53.89423641405535,135 201
viper,1,kiss_k,2,0.1,12,42.721518874168396,53.342420211750174,75 37
viper,1,kiss_k,2,1.0,12,43.03797483444214,53.18503371988511,75 37
viper,1,kiss_k,2,0.1,13,43.35443079471588,53.561086052388326,20 283
viper,1,kiss_k,2,1.0,13,42.40506291389465,53.015385578543984,20 283
viper,1,kiss_k,2,0.1,14,43.670886754989624,54.38432918900148,289 29
viper,1,kiss_k,2,1.0,14,43.670886754989624,54.214757354468354,289 29
viper,1,kiss_k,2,0.1,15,43.670886754989624,54.12690138954147,59 309
viper,1,kiss_k,2,1.0,15,43.03797483444214,53.7093591346967,59 309
viper,1,kiss_k,2,0.1,16,43.03797483444214,53.734872991877204,93 252
viper,1,kiss_k,2,1.0,16,42.721518874168396,53.28020258637643,93 252
viper,1,kiss_k,2,0.1,17,43.35443079471588,53.78236855054912,34 142
viper,1,kiss_k,2,1.0,17,42.721518874168396,53.223882185387225,34 142
viper,1,kiss_k,2,0.1,18,43.35443079471588,53.979809929034964,206 71
viper,1,kiss_k,2,1.0,18,43.35443079471588,53.83866948645654,206 71
viper,1,kiss_k,2,0.1,19,43.35443079471588,53.81618834004108,49 108
viper,1,kiss_k,2,1.0,19,43.35443079471588,53.59169366066825,49 108
viper,1,kiss_k,2,0.1,20,43.98734271526337,54.07015690607593,104 260
viper,1,kiss_k,2,1.0,20,43.03797483444214,53.2720005267984,104 260
viper,1,kiss_k,2,0.1,21,43.670886754989624,54.49721316833496,187 298
viper,1,kiss_k,2,1.0,21,43.670886754989624,54.09663319159878,187 298
viper,1,kiss_k,2,0.1,22,42.721518874168396,53.66532514474578,184 30
viper,1,kiss_k,2,1.0,22,43.03797483444214,53.4710917276949,184 30
viper,1,kiss_k,2,0.1,23,42.721518874168396,53.518771610909,275 142
viper,1,kiss_k,2,1.0,23,43.03797483444214,53.4499278177911,275 142
viper,1,kiss_k,2,0.1,24,40.82278609275818,52.271375840173974,124 263
viper,1,kiss_k,2,1.0,24,41.13923907279968,52.099704150883895,124 263
viper,1,kiss_k,2,0.1,25,42.08860695362091,52.99488736970856,39 236
viper,1,kiss_k,2,1.0,25,42.721518874168396,53.35041484042231,39 236
viper,1,kiss_k,2,0.1,26,43.35443079471588,54.413925742480394,88 266
viper,1,kiss_k,2,1.0,26,43.35443079471588,54.5120867403479,88 266
viper,1,kiss_k,2,0.1,27,44.62025463581085,54.56301996049985,27 83
viper,1,kiss_k,2,1.0,27,42.40506291389465,53.34589003940241,27 83
viper,1,kiss_k,2,0.1,28,43.670886754989624,53.679189503662286,288 271
viper,1,kiss_k,2,1.0,28,42.721518874168396,53.31979716513977,288 271
viper,1,kiss_k,2,0.1,29,43.98734271526337,53.86944133500295,86 294
viper,1,kiss_k,2,1.0,29,41.77215099334717,52.73760896769083,86 294
viper,1,kiss_k,4,0.1,0,42.721518874168396,52.99293069615744,209 290 303 268
viper,1,kiss_k,4,1.0,0,42.721518874168396,52.87195463429828,209 290 303 268
viper,1,kiss_k,4,0.1,1,42.721518874168396,53.73528696738175,39 195 277 234
viper,1,kiss_k,4,1.0,1,43.670886754989624,53.89327601523334,39 195 277 234
viper,1,kiss_k,4,0.1,2,43.670886754989624,54.12089505712873,260 230 204 89
viper,1,kiss_k,4,1.0,2,43.03797483444214,53.47812862069752,260 230 204 89
viper,1,kiss_k,4,0.1,3,43.35443079471588,53.72013886514586,133 136 197 231
viper,1,kiss_k,4,1.0,3,43.98734271526337,53.78124594048857,133 136 197 231
viper,1,kiss_k,4,0.1,4,44.62025463581085,54.68810578093374,68 235 27 131
viper,1,kiss_k,4,1.0,4,43.670886754989624,54.36638380023232,68 235 27 131
viper,1,kiss_k,4,0.1,5,43.670886754989624,54.54738987650827,116 196 293 9
viper,1,kiss_k,4,1.0,5,43.03797483444214,53.99937298453194,116 196 293 9
viper,1,kiss_k,4,0.1,6,43.35443079471588,53.679309639323826,13 267 149 147
viper,1,kiss_k,4,1.0,6,43.03797483444214,53.31876260778863,13 267 149 147
viper,1,kiss_k,4,0.1,7,41.77215099334717,53.266153627512345,105 148 24 130
viper,1,kiss_k,4,1.0,7,42.721518874168396,53.72309873203376,105 148 24 130
viper,1,kiss_k,4,0.1,8,43.03797483444214,53.819780511513656,292 196 138 262
viper,1,kiss_k,4,1.0,8,43.670886754989624,53.85360637267353,292 196 138 262
viper,1,kiss_k,4,0.1,9,45.2531635761261,55.39647538817424,5 34 178 299
viper,1,kiss_k,4,1.0,9,43.98734271526337,54.34409553913437,5 34 178 299
viper,1,kiss_k,4,0.1,10,43.670886754989624,53.92093250978912,58 173 127 227
viper,1,kiss_k,4,1.0,10,43.670886754989624,54.11700349745197,58 173 127 227
viper,1,kiss_k,4,0.1,11,44.62025463581085,55.44201705257106,219 175 282 251
viper,1,kiss_k,4,1.0,11,44.62025463581085,55.34359270349808,219 175 282 251
viper,1,kiss_k,4,0.1,12,43.670886754989624,53.6956871888345,67 187 188 288
viper,1,kiss_k,4,1.0,12,43.670886754989624,53.709239463920746,67 187 188 288
viper,1,kiss_k,4,0.1,13,42.721518874168396,53.61914206552709,151 177 233 185
viper,1,kiss_k,4,1.0,13,42.40506291389465,53.06394680731026,151 177 233 185
viper,1,kiss_k,4,0.1,14,45.2531635761261,55.28391335622944,135 159 296 13
viper,1,kiss_k,4,1.0,14,44.30379867553711,54.648077526372255,135 159 296 13
viper,1,kiss_k,4,0.1,15,43.03797483444214,54.20566591407262,229 178 188 252
viper,1,kiss_k,4,1.0,15,44.936707615852356,55.07237639944172,229 178 188 252
viper,1,kiss_k,4,0.1,16,44.30379867553711,54.9214955094418,27 200 17 77
viper,1,kiss_k,4,1.0,16,43.35443079471588,54.34956520373774,27 200 17 77
viper,1,kiss_k,4,0.1,17,43.98734271526337,54.457180757542844,36 227 207 233
viper,1,kiss_k,4,1.0,17,43.670886754989624,54.347084123331015,36 227 207 233
viper,1,kiss_k,4,0.1,18,42.721518874168396,53.65187213807337,208 226 94 91
viper,1,kiss_k,4,1.0,18,42.40506291389465,53.319679214067996,208 226 94 91
viper,1,kiss_k,4,0.1,19,42.40506291389465,53.67682654403969,124 48 232 132
viper,1,kiss_k,4,1.0,19,43.03797483444214,53.55815863596886,124 48 232 132
viper,1,kiss_k,4,0.1,20,43.98734271526337,54.120088917444,133 10 134 162
viper,1,kiss_k,4,1.0,20,43.98734271526337,54.162564234203714,133 10 134 162
viper,1,kiss_k,4,0.1,21,44.30379867553711,54.42894356022823,234 233 205 71
viper,1,kiss_k,4,1.0,21,44.62025463581085,54.14347641909294,234 233 205 71
viper,1,kiss_k,4,0.1,22,43.35443079471588,54.2295512944955,191 165 132 134
viper,1,kiss_k,4,1.0,22,44.30379867553711,54.77774936500588,191 165 132 134
viper,1,kiss_k,4,0.1,23,44.30379867553711,54.25468719485155,53 185 152 226
viper,1,kiss_k,4,1.0,23,44.30379867553711,54.26540330909232,53 185 152 226
viper,1,kiss_k,4,0.1,24,44.30379867553711,54.14535019352331,146 188 1 160
viper,1,kiss_k,4,1.0,24,43.98734271526337,53.88100601925322,146 188 1 160
viper,1,kiss_k,4,0.1,25,43.670886754989624,53.98816632947457,33 24 87 253
viper,1,kiss_k,4,1.0,25,43.35443079471588,53.56646827749827,33 24 87 253
viper,1,kiss_k,4,0.1,26,44.62025463581085,55.24331921847357,179 209 172 253
viper,1,kiss_k,4,1.0,26,44.62025463581085,54.909861833695814,179 209 172 253
viper,1,kiss_k,4,0.1,27,45.2531635761261,55.58731396444486,203 47 264 71
viper,1,kiss_k,4,1.0,27,44.30379867553711,54.77259058378586,203 47 264 71
viper,1,kiss_k,4,0.1,28,46.20253145694733,56.23928328194951,172 240 101 85
viper,1,kiss_k,4,1.0,28,44.30379867553711,55.24284668486056,172 240 101 85
viper,1,kiss_k,4,0.1,29,43.35443079471588,54.3176503944497,6 101 275 184
viper,1,kiss_k,4,1.0,29,44.30379867553711,54.62097361459928,6 101 275 184
viper,1,kiss_k,8,0.1,0,41.455695033073425,53.24449312250693,57 219 33 287 97 231 55 284
viper,1,kiss_k,8,1.0,0,43.03797483444214,54.156429221727166,57 219 33 287 97 231 55 284
viper,1,kiss_k,8,0.1,1,45.886075496673584,56.11502058925586,290 162 68 288 253 258 302 238
viper,1,kiss_k,8,1.0,1,44.62025463581085,55.79676340230941,290 162 68 288 253 258 302 238
viper,1,kiss_k,8,0.1,2,44.936707615852356,55.31105825040839,186 211 96 204 60 229 52 7
viper,1,kiss_k,8,1.0,2,42.40506291389465,53.720097448615725,186 211 96 204 60 229 52 7
viper,1,kiss_k,8,0.1,3,44.936707615852356,55.697956880054974,162 200 242 139 281 302 189 107
viper,1,kiss_k,8,1.0,3,43.670886754989624,54.823279407674505,162 200 242 139 281 302 189 107
viper,1,kiss_k,8,0.1,4,44.62025463581085,55.017020010624584,81 149 248 201 194 298 40 38
viper,1,kiss_k,8,1.0,4,43.670886754989624,54.373081472869046,81 149 248 201 194 298 40 38
viper,1,kiss_k,8,0.1,5,44.62025463581085,54.482649051509426,134 66 142 137 212 18 115 146
viper,1,kiss_k,8,1.0,5,44.30379867553711,54.678902369969585,134 66 142 137 212 18 115 146
viper,1,kiss_k,8,0.1,6,43.98734271526337,54.17338752129489,235 245 285 101 51 181 231 249
viper,1,kiss_k,8,1.0,6,42.721518874168396,53.47923010010478,235 245 285 101 51 181 231 249
viper,1,kiss_k,8,0.1,7,43.35443079471588,54.645642824434624,79 193 215 271 210 90 229 130
viper,1,kiss_k,8,1.0,7,43.670886754989624,54.70032230555481,79 193 215 271 210 90 229 130
viper,1,kiss_k,8,0.1,8,45.56961953639984,55.116402317458856,240 6 5 181 68 70 262 129
viper,1,kiss_k,8,1.0,8,44.62025463581085,54.89387320812125,240 6 5 181 68 70 262 129
viper,1,kiss_k,8,0.1,9,42.40506291389465,53.55034343106257,266 39 311 278 202 171 123 108
viper,1,kiss_k,8,1.0,9,43.670886754989624,54.18665261686948,266 39 311 278 202 171 123 108
viper,1,kiss_k,8,0.1,10,44.936707615852356,54.74994626517945,257 9 125 65 115 50 1 130
viper,1,kiss_k,8,1.0,10,44.30379867553711,54.68326445106415,257 9 125 65 115 50 1 130
viper,1,kiss_k,8,0.1,11,44.936707615852356,56.026364125635155,262 311 32 241 61 104 300 273
viper,1,kiss_k,8,1.0,11,44.936707615852356,56.12162595151471,262 311 32 241 61 104 300 273
viper,1,kiss_k,8,0.1,12,45.2531635761261,56.020399906276516,198 303 165 282 259 135 249 88
viper,1,kiss_k,8,1.0,12,45.2531635761261,55.923253007652875,198 303 165 282 259 135 249 88
viper,1,kiss_k,8,0.1,13,43.03797483444214,53.9572518059426,271 213 162 4 60 97 277 241
viper,1,kiss_k,8,1.0,13,43.670886754989624,54.21923496212596,271 213 162 4 60 97 277 241
viper,1,kiss_k,8,0.1,14,43.98734271526337,54.6067525312051,11 91 179 222 28 246 135 27
viper,1,kiss_k,8,1.0,14,43.98734271526337,54.59909228196301,11 91 179 222 28 246 135 27
viper,1,kiss_k,8,0.1,15,44.62025463581085,54.747080919521075,177 268 238 38 244 306 135 160
viper,1,kiss_k,8,1.0,15,45.2531635761261,54.906342896980995,177 268 238 38 244 306 135 160
viper,1,kiss_k,8,0.1,16,41.77215099334717,53.78171307424279,40 95 247 87 190 300 127 163
viper,1,kiss_k,8,1.0,16,42.721518874168396,54.0096725226999,40 95 247 87 190 300 127 163
viper,1,kiss_k,8,0.1,17,42.40506291389465,53.66945130604515,295 241 89 99 33 54 57 45
viper,1,kiss_k,8,1.0,17,42.721518874168396,54.12808588937087,295 241 89 99 33 54 57 45
viper,1,kiss_k,8,0.1,18,44.30379867553711,54.7901653264091,302 10 118 251 91 144 202 106
viper,1,kiss_k,8,1.0,18,44.30379867553711,54.78205569697777,302 10 118 251 91 144 202 106
viper,1,kiss_k,8,0.1,19,44.62025463581085,54.555424140204835,196 202 84 266 244 149 304 201
viper,1,kiss_k,8,1.0,19,44.936707615852356,54.72160591557316,196 202 84 266 244 149 304 201
viper,1,kiss_k,8,0.1,20,45.56961953639984,55.61537619184891,236 289 68 161 49 243 231 85
viper,1,kiss_k,8,1.0,20,45.886075496673584,55.92219245662899,236 289 68 161 49 243 231 85
viper,1,kiss_k,8,0.1,21,46.20253145694733,56.92396201086704,188 294 166 109 78 82 217 276
viper,1,kiss_k,8,1.0,21,45.886075496673584,56.14172778799795,188 294 166 109 78 82 217 276
viper,1,kiss_k,8,0.1,22,43.98734271526337,54.89064902048702,175 86 81 35 159 167 107 284
viper,1,kiss_k,8,1.0,22,43.98734271526337,54.56714772706579,175 86 81 35 159 167 107 284
viper,1,kiss_k,8,0.1,23,44.62025463581085,54.99721549589839,223 235 102 224 0 179 310 23
viper,1,kiss_k,8,1.0,23,44.30379867553711,55.057462650591425,223 235 102 224 0 179 310 23
viper,1,kiss_k,8,0.1,24,43.35443079471588,53.64889092646842,1 11 9 6 92 42 163 311
viper,1,kiss_k,8,1.0,24,43.03797483444214,53.27704569283737,1 11 9 6 92 42 163 311
viper,1,kiss_k,8,0.1,25,45.56961953639984,56.34415695703374,174 117 193 101 21 144 75 258
viper,1,kiss_k,8,1.0,25,45.56961953639984,56.51987652894101,174 117 193 101 21 144 75 258
viper,1,kiss_k,8,0.1,26,44.30379867553711,55.10340226174667,153 43 280 60 124 286 181 105
viper,1,kiss_k,8,1.0,26,43.670886754989624,54.64564504391568,153 43 280 60 124 286 181 105
viper,1,kiss_k,8,0.1,27,42.40506291389465,53.31789732839377,90 154 44 300 201 266 173 186
viper,1,kiss_k,8,1.0,27,41.77215099334717,52.95837634384616,90 154 44 300 201 266 173 186
viper,1,kiss_k,8,0.1,28,42.08860695362091,53.143118665246604,189 226 55 124 140 315 243 151
viper,1,kiss_k,8,1.0,28,40.82278609275818,52.55366116107055,189 226 55 124 140 315 243 151
viper,1,kiss_k,8,0.1,29,44.62025463581085,54.24507180686757,52 46 244 311 82 89 149 250
viper,1,kiss_k,8,1.0,29,43.98734271526337,54.09866435639211,52 46 244 311 82 89 149 250
viper,1,kiss_k,16,0.1,0,45.2531635761261,55.26657568819184,59 220 9 160 54 210 174 248 106 211 147 201 213 139 87 314
viper,1,kiss_k,16,1.0,0,44.936707615852356,54.874703474353225,59 220 9 160 54 210 174 248 106 211 147 201 213 139 87 314
viper,1,kiss_k,16,0.1,1,43.98734271526337,54.38698138301914,140 93 277 304 182 265 48 122 94 311 45 150 227 75 280 131
viper,1,kiss_k,16,1.0,1,43.98734271526337,54.40551811651224,140 93 277 304 182 265 48 122 94 311 45 150 227 75 280 131
viper,1,kiss_k,16,0.1,2,47.4683552980423,57.722014173224245,47 113 16 24 236 71 299 55 84 129 109 153 85 17 137 139
viper,1,kiss_k,16,1.0,2,46.51898741722107,57.1285816972223,47 113 16 24 236 71 299 55 84 129 109 153 85 17 137 139
viper,1,kiss_k,16,0.1,3,48.10126721858978,58.262784825542454,292 169 228 195 50 48 291 158 76 267 80 255 109 104 57 279
viper,1,kiss_k,16,1.0,3,48.73417615890503,58.92332878949112,292 169 228 195 50 48 291 158 76 267 80 255 109 104 57 279
viper,1,kiss_k,16,0.1,4,45.56961953639984,56.23406178480338,122 1 19 123 258 173 289 41 109 241 171 48 217 75 269 72
viper,1,kiss_k,16,1.0,4,45.56961953639984,56.279003982536835,122 1 19 123 258 173 289 41 109 241 171 48 217 75 269 72
viper,1,kiss_k,16,0.1,5,43.35443079471588,54.81242793527782,94 306 291 302 161 283 33 258 37 236 164 193 34 212 56 31
viper,1,kiss_k,16,1.0,5,45.56961953639984,56.24634979306835,94 306 291 302 161 283 33 258 37 236 164 193 34 212 56 31
viper,1,kiss_k,16,0.1,6,43.670886754989624,54.161081010217025,79 298 45 74 97 310 84 315 50 27 71 235 23 181 26 150
viper,1,kiss_k,16,1.0,6,45.886075496673584,55.5342160341206,79 298 45 74 97 310 84 315 50 27 71 235 23 181 26 150
viper,1,kiss_k,16,0.1,7,43.35443079471588,54.4723250384353,231 314 274 83 30 125 67 249 232 167 240 121 267 252 284 15
viper,1,kiss_k,16,1.0,7,43.670886754989624,54.45388018818841,231 314 274 83 30 125 67 249 232 167 240 121 267 252 284 15
viper,1,kiss_k,16,0.1,8,43.98734271526337,55.54406109343558,45 303 100 114 169 243 228 222 282 215 279 313 112 204 91 14
viper,1,kiss_k,16,1.0,8,44.30379867553711,55.51032508681898,45 303 100 114 169 243 228 222 282 215 279 313 112 204 91 14
viper,1,kiss_k,16,0.1,9,43.35443079471588,54.160645027048915,271 190 159 230 145 314 281 105 13 83 154 286 269 96 28 298
viper,1,kiss_k,16,1.0,9,43.98734271526337,54.88414736526388,271 190 159 230 145 314 281 105 13 83 154 286 269 96 28 298
viper,1,kiss_k,16,0.1,10,43.98734271526337,56.17078812034211,102 36 194 173 240 223 187 107 261 108 61 167 136 95 31 18
viper,1,kiss_k,16,1.0,10,44.936707615852356,56.53024189428633,102 36 194 173 240 223 187 107 261 108 61 167 136 95 31 18
viper,1,kiss_k,16,0.1,11,44.62025463581085,54.769077002383185,162 288 25 182 241 29 98 23 101 32 72 83 124 13 284 109
viper,1,kiss_k,16,1.0,11,44.62025463581085,54.903707715499074,162 288 25 182 241 29 98 23 101 32 72 83 124 13 284 109
viper,1,kiss_k,16,0.1,12,43.98734271526337,55.51482097313638,294 111 114 81 137 211 26 214 154 202 132 133 281 86 309 64
viper,1,kiss_k,16,1.0,12,43.98734271526337,55.36710323177768,294 111 114 81 137 211 26 214 154 202 132 133 281 86 309 64
viper,1,kiss_k,16,0.1,13,43.98734271526337,54.643525120286505,253 187 284 287 162 291 285 95 293 83 304 234 269 31 203 113
viper,1,kiss_k,16,1.0,13,43.35443079471588,54.303205986700576,253 187 284 287 162 291 285 95 293 83 304 234 269 31 203 113
viper,1,kiss_k,16,0.1,14,44.936707615852356,55.578400067867605,51 11 147 97 111 311 281 215 1 31 56 44 102 169 23 150
viper,1,kiss_k,16,1.0,14,44.30379867553711,55.46361174848251,51 11 147 97 111 311 281 215 1 31 56 44 102 169 23 150
viper,1,kiss_k,16,0.1,15,47.4683552980423,57.85908529926618,58 240 57 294 104 49 95 56 134 260 301 65 307 174 304 68
viper,1,kiss_k,16,1.0,15,47.78481125831604,57.7534139115367,58 240 57 294 104 49 95 56 134 260 301 65 307 174 304 68
viper,1,kiss_k,16,0.1,16,44.936707615852356,56.061182644075856,252 178 223 303 45 59 172 42 196 233 20 291 76 182 83 120
viper,1,kiss_k,16,1.0,16,46.83544337749481,57.25490016225133,252 178 223 303 45 59 172 42 196 233 20 291 76 182 83 120
viper,1,kiss_k,16,0.1,17,44.62025463581085,55.258265487003676,275 22 123 27 261 98 176 1 150 26 238 73 143 169 58 252
viper,1,kiss_k,16,1.0,17,45.2531635761261,55.56432896240615,275 22 123 27 261 98 176 1 150 26 238 73 143 169 58 252
viper,1,kiss_k,16,0.1,18,44.936707615852356,55.74997901315609,297 154 226 267 88 143 293 234 289 161 26 48 146 288 60 216
viper,1,kiss_k,16,1.0,18,44.62025463581085,56.177177294730676,297 154 226 267 88 143 293 234 289 161 26 48 146 288 60 216
viper,1,kiss_k,16,0.1,19,43.670886754989624,54.209944578687605,64 291 115 18 304 263 55 216 267 53 210 103 254 231 227 37
viper,1,kiss_k,16,1.0,19,43.670886754989624,54.26916043369846,64 291 115 18 304 263 55 216 267 53 210 103 254 231 227 37
viper,1,kiss_k,16,0.1,20,43.670886754989624,54.863265641885874,291 112 132 169 212 13 76 268 100 87 105 195 194 247 77 187
viper,1,kiss_k,16,1.0,20,43.03797483444214,54.45994591439869,291 112 132 169 212 13 76 268 100 87 105 195 194 247 77 187
viper,1,kiss_k,16,0.1,21,44.30379867553711,55.343083179924804,99 51 114 72 160 171 256 6 50 16 192 234 305 78 52 262
viper,1,kiss_k,16,1.0,21,45.2531635761261,56.12763276208592,99 51 114 72 160 171 256 6 50 16 192 234 305 78 52 262
viper,1,kiss_k,16,0.1,22,46.20253145694733,56.3708292999895,84 296 21 290 86 108 46 301 61 267 210 230 196 58 65 74
viper,1,kiss_k,16,1.0,22,45.56961953639984,56.30240675263665,84 296 21 290 86 108 46 301 61 267 210 230 196 58 65 74
viper,1,kiss_k,16,0.1,23,43.98734271526337,55.88498563514042,196 13 14 119 235 247 123 208 43 246 312 172 185 301 174 296
viper,1,kiss_k,16,1.0,23,45.56961953639984,56.98068530070465,196 13 14 119 235 247 123 208 43 246 312 172 185 301 174 296
viper,1,kiss_k,16,0.1,24,43.35443079471588,53.91336599738536,289 101 272 41 122 39 251 206 59 163 220 154 167 64 234 254
viper,1,kiss_k,16,1.0,24,45.2531635761261,55.16667814395711,289 101 272 41 122 39 251 206 59 163 220 154 167 64 234 254
viper,1,kiss_k,16,0.1,25,42.40506291389465,53.38859425148519,288 1 230 161 160 145 270 264 178 215 135 39 208 198 48 242
viper,1,kiss_k,16,1.0,25,43.35443079471588,54.296091059995334,288 1 230 161 160 145 270 264 178 215 135 39 208 198 48 242
viper,1,kiss_k,16,0.1,26,44.936707615852356,54.926092108042,183 201 252 128 47 42 7 118 97 106 244 212 157 94 23 54
viper,1,kiss_k,16,1.0,26,43.98734271526337,54.671892620634644,183 201 252 128 47 42 7 118 97 106 244 212 157 94 23 54
viper,1,kiss_k,16,0.1,27,46.51898741722107,56.77494732546907,105 88 32 1 315 48 241 164 68 237 87 193 69 267 187 244
viper,1,kiss_k,16,1.0,27,46.51898741722107,56.901596892734894,105 88 32 1 315 48 241 164 68 237 87 193 69 267 187 244
viper,1,kiss_k,16,0.1,28,44.30379867553711,55.34307731541439,56 248 213 105 132 314 194 153 219 237 296 167 53 221 18 266
viper,1,kiss_k,16,1.0,28,43.03797483444214,54.49196410924522,56 248 213 105 132 314 194 153 219 237 296 167 53 221 18 266
viper,1,kiss_k,16,0.1,29,41.13923907279968,53.042114537841435,298 81 283 239 154 256 96 312 277 300 45 89 281 243 294 309
viper,1,kiss_k,16,1.0,29,42.08860695362091,53.583185619160666,298 81 283 239 154 256 96 312 277 300 45 89 281 243 294 309
viper,1,kiss_k,32,0.1,0,45.886075496673584,56.458344966824406,19 33 255 140 202 239 286 218 197 231 170 201 56 85 67 35 281 205 308 186 214 68 188 72 38 4 277 138 203 283 223 219
viper,1,kiss_k,32,1.0,0,46.20253145694733,56.94200407265259,19 33 255 140 202 239 286 218 197 231 170 201 56 85 67 35 281 205 308 186 214 68 188 72 38 4 277 138 203 283 223 219
viper,1,kiss_k,32,0.1,1,46.51898741722107,57.08049642764653,23 271 191 311 70 298 106 182 255 114 248 188 80 240 37 209 162 38 107 252 173 129 31 100 299 250 229 177 45 169 136 65
viper,1,kiss_k,32,1.0,1,45.2531635761261,56.8625027282145,23 271 191 311 70 298 106 182 255 114 248 188 80 240 37 209 162 38 107 252 173 129 31 100 299 250 229 177 45 169 136 65
viper,1,kiss_k,32,0.1,2,45.2531635761261,56.59710688021086,102 213 123 236 146 130 275 117 53 282 98 158 186 144 285 97 211 156 159 62 183 308 234 299 109 145 2 303 241 304 18 149
viper,1,kiss_k,32,1.0,2,47.151899337768555,57.95589182837061,102 213 123 236 146 130 275 117 53 282 98 158 186 144 285 97 211 156 159 62 183 308 234 299 109 145 2 303 241 304 18 149
viper,1,kiss_k,32,0.1,3,44.30379867553711,55.045703015463275,193 291 60 119 20 24 298 240 6 48 255 227 235 51 312 241 17 89 124 261 50 62 129 116 269 133 161 72 57 77 174 197
viper,1,kiss_k,32,1.0,3,45.2531635761261,55.86448160083981,193 291 60 119 20 24 298 240 6 48 255 227 235 51 312 241 17 89 124 261 50 62 129 116 269 133 161 72 57 77 174 197
viper,1,kiss_k,32,0.1,4,46.20253145694733,56.38949282372899,209 104 218 24 6 204 265 21 233 59 148 191 192 291 286 90 96 214 70 62 257 117 127 140 119 52 48 25 63 177 175 129
viper,1,kiss_k,32,1.0,4,48.10126721858978,57.562351621727615,209 104 218 24 6 204 265 21 233 59 148 191 192 291 286 90 96 214 70 62 257 117 127 140 119 52 48 25 63 177 175 129
viper,1,kiss_k,32,0.1,5,44.30379867553711,55.30375761868874,261 151 286 265 12 195 264 108 23 175 277 253 29 184 67 307 14 198 72 79 242 171 227 93 64 113 255 106 86 310 283 239
viper,1,kiss_k,32,1.0,5,44.30379867553711,55.44842671750153,261 151 286 265 12 195 264 108 23 175 277 253 29 184 67 307 14 198 72 79 242 171 227 93 64 113 255 106 86 310 283 239
viper,1,kiss_k,32,0.1,6,42.08860695362091,54.317321677571215,184 95 70 273 105 213 33 240 252 151 62 306 51 297 41 12 278 225 300 191 165 154 314 287 153 27 54 99 255 260 290 308
viper,1,kiss_k,32,1.0,6,43.670886754989624,55.810122181034615,184 95 70 273 105 213 33 240 252 151 62 306 51 297 41 12 278 225 300 191 165 154 314 287 153 27 54 99 255 260 290 308
viper,1,kiss_k,32,0.1,7,46.20253145694733,57.276571120263156,21 206 267 306 34 94 104 115 93 133 90 177 121 130 170 225 276 150 40 294 226 57 189 229 156 266 240 185 236 153 286 77
viper,1,kiss_k,32,1.0,7,45.886075496673584,57.58561134318483,21 206 267 306 34 94 104 115 93 133 90 177 121 130 170 225 276 150 40 294 226 57 189 229 156 266 240 185 236 153 286 77
viper,1,kiss_k,32,0.1,8,43.98734271526337,55.99466522347761,141 303 156 30 284 251 229 186 33 252 19 57 32 276 127 246 94 88 90 181 143 164 196 45 104 91 202 292 287 213 76 34
viper,1,kiss_k,32,1.0,8,44.62025463581085,57.02726852446383,141 303 156 30 284 251 229 186 33 252 19 57 32 276 127 246 94 88 90 181 143 164 196 45 104 91 202 292 287 213 76 34
viper,1,kiss_k,32,0.1,9,46.83544337749481,57.08448874631845,240 125 167 298 160 265 41 263 83 9 158 135 98 177 159 227 22 136 286 257 174 69 312 183 106 20 105 39 223 119 190 182
viper,1,kiss_k,32,1.0,9,47.151899337768555,58.02476766420561,240 125 167 298 160 265 41 263 83 9 158 135 98 177 159 227 22 136 286 257 174 69 312 183 106 20 105 39 223 119 190 182
viper,1,kiss_k,32,0.1,10,45.56961953639984,56.04132924382653,64 179 210 299 104 26 52 45 173 290 17 281 251 297 57 242 300 62 79 56 133 77 198 236 216 304 38 219 176 8 233 142
viper,1,kiss_k,32,1.0,10,45.886075496673584,56.50188313178454,64 179 210 299 104 26 52 45 173 290 17 281 251 297 57 242 300 62 79 56 133 77 198 236 216 304 38 219 176 8 233 142
viper,1,kiss_k,32,0.1,11,46.83544337749481,57.10721671965609,87 129 140 128 197 111 78 114 304 212 59 95 52 136 110 252 219 104 226 34 186 179 296 169 195 172 292 190 162 255 293 289
viper,1,kiss_k,32,1.0,11,47.4683552980423,58.08552446992955,87 129 140 128 197 111 78 114 304 212 59 95 52 136 110 252 219 104 226 34 186 179 296 169 195 172 292 190 162 255 293 289
viper,1,kiss_k,32,0.1,12,47.151899337768555,57.252140803123865,155 8 99 151 134 39 162 19 297 221 142 53 49 259 202 120 292 283 143 146 138 237 261 205 185 57 310 286 200 219 184 267
viper,1,kiss_k,32,1.0,12,47.151899337768555,57.52110781565144,155 8 99 151 134 39 162 19 297 221 142 53 49 259 202 120 292 283 143 146 138 237 261 205 185 57 310 286 200 219 184 267
viper,1,kiss_k,32,0.1,13,43.35443079471588,53.61469546625241,314 83 282 173 44 276 203 42 255 130 171 124 79 170 34 2 169 197 161 236 12 52 3 222 235 89 244 137 204 185 271 174
viper,1,kiss_k,32,1.0,13,44.62025463581085,54.95175524647882,314 83 282 173 44 276 203 42 255 130 171 124 79 170 34 2 169 197 161 236 12 52 3 222 235 89 244 137 204 185 271 174
viper,1,kiss_k,32,0.1,14,44.62025463581085,55.83637310965971,293 200 134 195 175 284 123 188 315 20 256 227 13 258 298 232 183 283 21 182 273 245 50 55 292 299 244 61 282 251 51 95
viper,1,kiss_k,32,1.0,14,45.56961953639984,57.16170294533162,293 200 134 195 175 284 123 188 315 20 256 227 13 258 298 232 183 283 21 182 273 245 50 55 292 299 244 61 282 251 51 95
viper,1,kiss_k,32,0.1,15,45.56961953639984,56.34043845525946,170 214 8 128 32 131 256 138 166 45 100 153 293 136 37 205 14 85 251 276 277 180 243 247 27 34 187 64 173 56 123 5
viper,1,kiss_k,32,1.0,15,46.20253145694733,57.35453475096656,170 214 8 128 32 131 256 138 166 45 100 153 293 136 37 205 14 85 251 276 277 180 243 247 27 34 187 64 173 56 123 5
viper,1,kiss_k,32,0.1,16,46.83544337749481,56.887383480199894,87 142 251 174 122 29 118 233 99 80 58 262 224 108 312 228 8 106 105 127 48 187 295 74 223 61 209 114 190 226 119 143
viper,1,kiss_k,32,1.0,16,48.73417615890503,58.656307522311124,87 142 251 174 122 29 118 233 99 80 58 262 224 108 312 228 8 106 105 127 48 187 295 74 223 61 209 114 190 226 119 143
viper,1,kiss_k,32,0.1,17,47.4683552980423,57.11373223556278,168 271 137 248 52 255 263 97 63 243 102 82 173 26 162 185 72 289 156 99 17 117 207 121 46 297 256 171 145 312 119 159
viper,1,kiss_k,32,1.0,17,48.10126721858978,58.21457459137385,168 271 137 248 52 255 263 97 63 243 102 82 173 26 162 185 72 289 156 99 17 117 207 121 46 297 256 171 145 312 119 159
viper,1,kiss_k,32,0.1,18,44.30379867553711,55.97726123175176,215 45 280 202 55 308 225 154 243 208 10 218 275 74 180 32 292 35 163 256 314 206 69 244 165 248 95 189 302 5 131 125
viper,1,kiss_k,32,1.0,18,44.62025463581085,56.54227718675738,215 45 280 202 55 308 225 154 243 208 10 218 275 74 180 32 292 35 163 256 314 206 69 244 165 248 95 189 302 5 131 125
viper,1,kiss_k,32,0.1,19,45.56961953639984,57.372730867691146,87 287 299 48 21 188 141 164 84 80 138 64 90 112 171 204 313 173 297 307 285 191 77 225 116 114 97 37 14 161 113 30
viper,1,kiss_k,32,1.0,19,45.886075496673584,57.787960482097866,87 287 299 48 21 188 141 164 84 80 138 64 90 112 171 204 313 173 297 307 285 191 77 225 116 114 97 37 14 161 113 30
viper,1,kiss_k,32,0.1,20,45.886075496673584,56.861030512077235,11 128 83 211 105 162 182 130 299 44 199 119 224 28 117 164 175 110 136 17 134 298 89 282 71 218 293 238 190 234 188 233
viper,1,kiss_k,32,1.0,20,44.936707615852356,56.639306623936356,11 128 83 211 105 162 182 130 299 44 199 119 224 28 117 164 175 110 136 17 134 298 89 282 71 218 293 238 190 234 188 233
viper,1,kiss_k,32,0.1,21,44.30379867553711,56.22132696502117,76 62 236 114 178 212 81 305 109 153 96 5 57 27 100 240 177 243 140 294 17 263 237 9 38 111 67 195 10 11 246 262
viper,1,kiss_k,32,1.0,21,45.56961953639984,57.343108022763765,76 62 236 114 178 212 81 305 109 153 96 5 57 27 100 240 177 243 140 294 17 263 237 9 38 111 67 195 10 11 246 262
viper,1,kiss_k,32,0.1,22,47.151899337768555,58.230324444531576,279 252 42 257 82 271 40 68 297 49 129 147 149 296 26 254 30 293 223 169 268 241 139 72 199 80 301 74 170 191 102 78
viper,1,kiss_k,32,1.0,22,48.41772019863129,59.38118292975999,279 252 42 257 82 271 40 68 297 49 129 147 149 296 26 254 30 293 223 169 268 241 139 72 199 80 301 74 170 191 102 78
viper,1,kiss_k,32,0.1,23,45.56961953639984,55.733098399325044,90 207 92 271 51 281 250 257 255 117 70 287 111 248 312 200 168 64 36 131 39 238 142 279 172 292 24 93 20 175 218 144
viper,1,kiss_k,32,1.0,23,47.4683552980423,57.49522962190737,90 207 92 271 51 281 250 257 255 117 70 287 111 248 312 200 168 64 36 131 39 238 142 279 172 292 24 93 20 175 218 144
viper,1,kiss_k,32,0.1,24,44.62025463581085,55.27704408285753,138 264 1 103 73 194 266 176 111 146 209 196 96 68 170 31 231 175 95 154 240 305 136 56 39 46 127 233 193 65 90 48
viper,1,kiss_k,32,1.0,24,44.936707615852356,55.806674677848825,138 264 1 103 73 194 266 176 111 146 209 196 96 68 170 31 231 175 95 154 240 305 136 56 39 46 127 233 193 65 90 48
viper,1,kiss_k,32,0.1,25,45.886075496673584,56.04326085511313,250 24 84 214 108 314 39 87 118 62 67 69 227 252 19 172 291 315 42 18 254 163 117 13 83 310 235 44 300 17 134 86
viper,1,kiss_k,32,1.0,25,45.886075496673584,56.25454954832634,250 24 84 214 108 314 39 87 118 62 67 69 227 252 19 172 291 315 42 18 254 163 117 13 83 310 235 44 300 17 134 86
viper,1,kiss_k,32,0.1,26,45.2531635761261,57.27899872678687,54 293 48 115 122 146 100 273 230 148 214 189 42 261 16 284 213 221 238 6 283 313 228 19 275 241 73 255 301 269 169 220
viper,1,kiss_k,32,1.0,26,45.886075496673584,57.48540819892399,54 293 48 115 122 146 100 273 230 148 214 189 42 261 16 284 213 221 238 6 283 313 228 19 275 241 73 255 301 269 169 220
viper,1,kiss_k,32,0.1,27,46.83544337749481,57.156595463667735,206 261 217 124 94 189 229 88 112 230 195 164 209 155 98 44 218 227 272 289 304 73 238 270 38 91 186 288 257 105 57 262
viper,1,kiss_k,32,1.0,27,47.4683552980423,58.11817253028263,206 261 217 124 94 189 229 88 112 230 195 164 209 155 98 44 218 227 272 289 304 73 238 270 38 91 186 288 257 105 57 262
viper,1,kiss_k,32,0.1,28,43.670886754989624,55.48021083129856,264 122 79 224 304 176 312 143 102 259 239 133 164 100 108 276 128 174 105 119 36 189 157 193 211 254 27 30 162 184 97 75
viper,1,kiss_k,32,1.0,28,45.886075496673584,57.434081845192786,264 122 79 224 304 176 312 143 102 259 239 133 164 100 108 276 128 174 105 119 36 189 157 193 211 254 27 30 162 184 97 75
viper,1,kiss_k,32,0.1,29,46.83544337749481,57.2764307106162,190 193 29 70 77 296 269 87 27 176 129 133 263 195 113 271 125 106 161 231 45 179 213 207 265 294 119 147 222 300 96 249
viper,1,kiss_k,32,1.0,29,47.151899337768555,57.53659155663639,190 193 29 70 77 296 269 87 27 176 129 133 263 195 113 271 125 106 161 231 45 179 213 207 265 294 119 147 222 300 96 249
viper,2,raw,0,-1,-1,40.18987417221069,50.92149057171144,
viper,2,center,0,-1,-1,40.18987417221069,50.92149057171144,
viper,2,unlab,0,0.1,-1,41.455695033073425,51.42095722397647,
viper,2,kiss_all,316,0.1,-1,42.721518874168396,53.83518455173262,
viper,2,unlab,0,1.0,-1,40.18987417221069,50.586797403778746,
viper,2,kiss_all,316,1.0,-1,53.797465562820435,64.66186483341126,
viper,2,kiss_k,2,0.1,0,43.35443079471588,53.13993311055557,113 128
viper,2,kiss_k,2,1.0,0,42.721518874168396,52.60488969502282,113 128
viper,2,kiss_k,2,0.1,1,42.721518874168396,52.62380592291726,135 201
viper,2,kiss_k,2,1.0,1,42.40506291389465,52.30906389137145,135 201
viper,2,kiss_k,2,0.1,2,41.13923907279968,51.19490022304062,75 37
viper,2,kiss_k,2,1.0,2,39.240506291389465,50.14519297618195,75 37
viper,2,kiss_k,2,0.1,3,40.82278609275818,51.270014372626974,20 283
viper,2,kiss_k,2,1.0,3,39.55696225166321,50.66297841098747,20 283
viper,2,kiss_k,2,0.1,4,40.18987417221069,50.94426237849148,289 29
viper,2,kiss_k,2,1.0,4,38.92405033111572,49.91839991982073,289 29
viper,2,kiss_k,2,0.1,5,40.82278609275818,51.591059576215514,59 309
viper,2,kiss_k,2,1.0,5,40.18987417221069,50.94212821394814,59 309
viper,2,kiss_k,2,0.1,6,40.82278609275818,51.44188156502371,93 252
viper,2,kiss_k,2,1.0,6,40.82278609275818,51.439864255850665,93 252
viper,2,kiss_k,2,0.1,7,41.455695033073425,52.260908499739834,34 142
viper,2,kiss_k,2,1.0,7,41.13923907279968,51.88279852556597,34 142
viper,2,kiss_k,2,0.1,8,41.13923907279968,51.77717225532774,206 71
viper,2,kiss_k,2,1.0,8,40.18987417221069,51.416668745127566,206 71
viper,2,kiss_k,2,0.1,9,42.08860695362091,52.38685793776805,49 108
viper,2,kiss_k,2,1.0,9,40.18987417221069,51.1804698092523,49 108
viper,2,kiss_k,2,0.1,10,40.506330132484436,51.216402801735526,104 260
viper,2,kiss_k,2,1.0,10,40.82278609275818,51.22722473091709,104 260
viper,2,kiss_k,2,0.1,11,41.455695033073425,52.60615697652986,187 298
viper,2,kiss_k,2,1.0,11,40.506330132484436,51.90706524137655,187 298
viper,2,kiss_k,2,0.1,12,40.18987417221069,50.82377135942302,184 30
viper,2,kiss_k,2,1.0,12,39.55696225166321,50.17763735936642,184 30
viper,2,kiss_k,2,0.1,13,40.18987417221069,51.10644672485112,275 142
viper,2,kiss_k,2,1.0,13,39.87341821193695,50.727302398623294,275 142
viper,2,kiss_k,2,0.1,14,41.77215099334717,52.42190446242603,124 263
viper,2,kiss_k,2,1.0,14,40.18987417221069,51.378397232631954,124 263
viper,2,kiss_k,2,0.1,15,41.455695033073425,51.53054882643951,39 236
viper,2,kiss_k,2,1.0,15,39.55696225166321,50.90524603201152,39 236
viper,2,kiss_k,2,0.1,16,41.13923907279968,51.89654640795859,88 266
viper,2,kiss_k,2,1.0,16,40.18987417221069,51.266389070349035,88 266
viper,2,kiss_k,2,0.1,17,41.77215099334717,51.97773985814731,27 83
viper,2,kiss_k,2,1.0,17,40.506330132484436,50.9350800447007,27 83
viper,2,kiss_k,2,0.1,18,41.13923907279968,51.7542549085222,288 271
viper,2,kiss_k,2,1.0,18,40.18987417221069,50.84523351863244,288 271
viper,2,kiss_k,2,0.1,19,40.506330132484436,51.401223249514985,86 294
viper,2,kiss_k,2,1.0,19,40.82278609275818,51.206081945008066,86 294
viper,2,kiss_k,2,0.1,20,42.40506291389465,52.810107690794695,169 65
viper,2,kiss_k,2,1.0,20,40.82278609275818,51.92327909883011,169 65
viper,2,kiss_k,2,0.1,21,42.40506291389465,52.00525813218893,144 136
viper,2,kiss_k,2,1.0,21,40.506330132484436,50.94132337754467,144 136
viper,2,kiss_k,2,0.1,22,40.82278609275818,51.56090682593385,175 27
viper,2,kiss_k,2,1.0,22,40.18987417221069,50.89671570371954,175 27
viper,2,kiss_k,2,0.1,23,42.08860695362091,52.09854717725283,208 229
viper,2,kiss_k,2,1.0,23,41.77215099334717,51.75796812909733,208 229
viper,2,kiss_k,2,0.1,24,40.506330132484436,51.01177045551779,242 7
viper,2,kiss_k,2,1.0,24,39.87341821193695,50.6088050687331,242 7
viper,2,kiss_k,2,0.1,25,42.08860695362091,51.952377772358695,112 23
viper,2,kiss_k,2,1.0,25,40.506330132484436,51.193901607339164,112 23
viper,2,kiss_k,2,0.1,26,40.18987417221069,51.09364866291581,160 168
viper,2,kiss_k,2,1.0,26,39.87341821193695,50.84683132521739,160 168
viper,2,kiss_k,2,0.1,27,41.77215099334717,51.836148570395515,55 114
viper,2,kiss_k,2,1.0,27,40.82278609275818,50.91836518759707,55 114
viper,2,kiss_k,2,0.1,28,40.18987417221069,50.67936073543529,228 131
viper,2,kiss_k,2,1.0,28,38.92405033111572,50.27938687865284,228 131
viper,2,kiss_k,2,0.1,29,41.77215099334717,52.10050792998212,81 283
viper,2,kiss_k,2,1.0,29,40.506330132484436,51.39996087450316,81 283
viper,2,kiss_k,4,0.1,0,39.55696225166321,51.584458947975456,58 173 127 227
viper,2,kiss_k,4,1.0,0,39.240506291389465,51.222549080117005,58 173 127 227
viper,2,kiss_k,4,0.1,1,41.13923907279968,52.54489380419268,219 175 282 251
viper,2,kiss_k,4,1.0,1,40.506330132484436,51.46144785539304,219 175 282 251
viper,2,kiss_k,4,0.1,2,41.77215099334717,52.33191597368669,67 187 188 288
viper,2,kiss_k,4,1.0,2,40.82278609275818,51.884003409721345,67 187 188 288
viper,2,kiss_k,4,0.1,3,41.13923907279968,51.99449709743349,151 177 233 185
viper,2,kiss_k,4,1.0,3,39.55696225166321,51.12487650973026,151 177 233 185
viper,2,kiss_k,4,0.1,4,43.03797483444214,53.16718870731224,135 159 296 13
viper,2,kiss_k,4,1.0,4,42.08860695362091,52.55500023922178,135 159 296 13
viper,2,kiss_k,4,0.1,5,41.455695033073425,51.692505807939945,229 178 188 252
viper,2,kiss_k,4,1.0,5,40.506330132484436,51.12110834501207,229 178 188 252
viper,2,kiss_k,4,0.1,6,41.13923907279968,52.09537838673025,27 200 17 77
viper,2,kiss_k,4,1.0,6,41.455695033073425,51.918061766816045,27 200 17 77
viper,2,kiss_k,4,0.1,7,40.82278609275818,51.85567271698714,36 227 207 233
viper,2,kiss_k,4,1.0,7,39.240506291389465,50.70676795750627,36 227 207 233
viper,2,kiss_k,4,0.1,8,42.08860695362091,52.46461476249775,208 226 94 91
viper,2,kiss_k,4,1.0,8,41.77215099334717,51.936313860693076,208 226 94 91
viper,2,kiss_k,4,0.1,9,41.77215099334717,52.400633849862245,124 48 232 132
viper,2,kiss_k,4,1.0,9,41.13923907279968,51.83070881739257,124 48 232 132
viper,2,kiss_k,4,0.1,10,41.13923907279968,52.624160115842486,133 10 134 162
viper,2,kiss_k,4,1.0,10,40.18987417221069,52.004470240780485,133 10 134 162
viper,2,kiss_k,4,0.1,11,41.455695033073425,52.42608887431944,234 233 205 71
viper,2,kiss_k,4,1.0,11,40.506330132484436,51.840715482265345,234 233 205 71
viper,2,kiss_k,4,0.1,12,42.08860695362091,53.002538431904775,191 165 132 134
viper,2,kiss_k,4,1.0,12,41.77215099334717,52.29162907235235,191 165 132 134
viper,2,kiss_k,4,0.1,13,44.30379867553711,53.99564340565839,53 185 152 226
viper,2,kiss_k,4,1.0,13,43.35443079471588,53.33099481959408,53 185 152 226
viper,2,kiss_k,4,0.1,14,41.455695033073425,51.76051261309347,146 188 1 160
viper,2,kiss_k,4,1.0,14,41.455695033073425,51.566749277765176,146 188 1 160
viper,2,kiss_k,4,0.1,15,42.40506291389465,53.01056220200919,33 24 87 253
viper,2,kiss_k,4,1.0,15,42.40506291389465,52.732729780490416,33 24 87 253
viper,2,kiss_k,4,0.1,16,42.40506291389465,52.559893097903455,179 209 172 253
viper,2,kiss_k,4,1.0,16,41.77215099334717,51.8502838786937,179 209 172 253
viper,2,kiss_k,4,0.1,17,42.40506291389465,53.059294505019906,203 47 264 71
viper,2,kiss_k,4,1.0,17,40.82278609275818,52.42906474898745,203 47 264 71
viper,2,kiss_k,4,0.1,18,41.13923907279968,51.3311834418403,172 240 101 85
viper,2,kiss_k,4,1.0,18,40.82278609275818,50.93098572266004,172 240 101 85
viper,2,kiss_k,4,0.1,19,42.721518874168396,52.64317798730714,6 101 275 184
viper,2,kiss_k,4,1.0,19,40.506330132484436,51.04172647687575,6 101 275 184
viper,2,kiss_k,4,0.1,20,43.35443079471588,53.425398441123015,71 98 268 155
viper,2,kiss_k,4,1.0,20,41.77215099334717,52.388316484446165,71 98 268 155
viper,2,kiss_k,4,0.1,21,41.13923907279968,52.06135628103379,22 182 24 119
viper,2,kiss_k,4,1.0,21,41.13923907279968,51.979953076282385,22 182 24 119
viper,2,kiss_k,4,0.1,22,41.77215099334717,52.18011991866257,110 168 83 65
viper,2,kiss_k,4,1.0,22,41.455695033073425,51.68432925129618,110 168 83 65
viper,2,kiss_k,4,0.1,23,42.721518874168396,52.827972838628455,125 158 117 63
viper,2,kiss_k,4,1.0,23,40.506330132484436,51.30182110278544,125 158 117 63
viper,2,kiss_k,4,0.1,24,42.08860695362091,52.57369975474157,273 177 165 36
viper,2,kiss_k,4,1.0,24,40.82278609275818,51.552073757808536,273 177 165 36
viper,2,kiss_k,4,0.1,25,40.506330132484436,51.79172659662898,162 111 228 144
viper,2,kiss_k,4,1.0,25,41.13923907279968,52.0422506438456,162 111 228 144
viper,2,kiss_k,4,0.1,26,43.03797483444214,53.722647845304884,56 15 206 57
viper,2,kiss_k,4,1.0,26,41.13923907279968,52.4962143589648,56 15 206 57
viper,2,kiss_k,4,0.1,27,43.03797483444214,53.55919824387737,206 141 293 125
viper,2,kiss_k,4,1.0,27,41.77215099334717,52.69478213852141,206 141 293 125
viper,2,kiss_k,4,0.1,28,43.03797483444214,52.782355125308655,10 114 238 21
viper,2,kiss_k,4,1.0,28,42.08860695362091,52.04397210028981,10 114 238 21
viper,2,kiss_k,4,0.1,29,41.77215099334717,52.50168221125187,306 288 191 180
viper,2,kiss_k,4,1.0,29,40.18987417221069,51.4903300442551,306 288 191 180
viper,2,kiss_k,8,0.1,0,43.03797483444214,54.465089122124354,257 9 125 65 115 50 1 130
viper,2,kiss_k,8,1.0,0,43.35443079471588,54.231181296111885,257 9 125 65 115 50 1 130
viper,2,kiss_k,8,0.1,1,43.670886754989624,53.802436930811716,262 311 32 241 61 104 300 273
viper,2,kiss_k,8,1.0,1,44.30379867553711,53.858995884351955,262 311 32 241 61 104 300 273
viper,2,kiss_k,8,0.1,2,42.721518874168396,53.20307128274748,198 303 165 282 259 135 249 88
viper,2,kiss_k,8,1.0,2,42.08860695362091,52.56435919844604,198 303 165 282 259 135 249 88
viper,2,kiss_k,8,0.1,3,43.03797483444214,53.36866539932718,271 213 162 4 60 97 277 241
viper,2,kiss_k,8,1.0,3,41.77215099334717,52.63803071452918,271 213 162 4 60 97 277 241
viper,2,kiss_k,8,0.1,4,44.30379867553711,55.06257391217226,11 91 179 222 28 246 135 27
viper,2,kiss_k,8,1.0,4,44.936707615852356,55.184166300504636,11 91 179 222 28 246 135 27
viper,2,kiss_k,8,0.1,5,43.03797483444214,53.520190494525664,177 268 238 38 244 306 135 160
viper,2,kiss_k,8,1.0,5,42.40506291389465,53.04281227544929,177 268 238 38 244 306 135 160
viper,2,kiss_k,8,0.1,6,42.40506291389465,53.131289427821734,40 95 247 87 190 300 127 163
viper,2,kiss_k,8,1.0,6,42.08860695362091,52.82184904254018,40 95 247 87 190 300 127 163
viper,2,kiss_k,8,0.1,7,42.40506291389465,52.861353253148344,295 241 89 99 33 54 57 45
viper,2,kiss_k,8,1.0,7,41.77215099334717,52.30356173877053,295 241 89 99 33 54 57 45
viper,2,kiss_k,8,0.1,8,43.35443079471588,53.6565743965263,302 10 118 251 91 144 202 106
viper,2,kiss_k,8,1.0,8,42.08860695362091,52.77576660221741,302 10 118 251 91 144 202 106
viper,2,kiss_k,8,0.1,9,42.40506291389465,53.13475679582221,196 202 84 266 244 149 304 201
viper,2,kiss_k,8,1.0,9,42.40506291389465,52.90480685766214,196 202 84 266 244 149 304 201
viper,2,kiss_k,8,0.1,10,41.13923907279968,51.91415744757902,236 289 68 161 49 243 231 85
viper,2,kiss_k,8,1.0,10,41.13923907279968,51.99626910147522,236 289 68 161 49 243 231 85
viper,2,kiss_k,8,0.1,11,42.40506291389465,53.13627237286074,188 294 166 109 78 82 217 276
viper,2,kiss_k,8,1.0,11,42.40506291389465,52.7085788633889,188 294 166 109 78 82 217 276
viper,2,kiss_k,8,0.1,12,42.721518874168396,52.81725464510518,175 86 81 35 159 167 107 284
viper,2,kiss_k,8,1.0,12,43.670886754989624,53.21012808054725,175 86 81 35 159 167 107 284
viper,2,kiss_k,8,0.1,13,43.670886754989624,54.06564326610954,223 235 102 224 0 179 310 23
viper,2,kiss_k,8,1.0,13,42.721518874168396,53.344155806304606,223 235 102 224 0 179 310 23
viper,2,kiss_k,8,0.1,14,44.30379867553711,53.903906481029615,1 11 9 6 92 42 163 311
viper,2,kiss_k,8,1.0,14,43.03797483444214,53.529685377886004,1 11 9 6 92 42 163 311
viper,2,kiss_k,8,0.1,15,43.35443079471588,53.45828965654914,174 117 193 101 21 144 75 258
viper,2,kiss_k,8,1.0,15,42.40506291389465,52.913406344810696,174 117 193 101 21 144 75 258
viper,2,kiss_k,8,0.1,16,43.03797483444214,53.14317528507099,153 43 280 60 124 286 181 105
viper,2,kiss_k,8,1.0,16,40.82278609275818,52.11534209646245,153 43 280 60 124 286 181 105
viper,2,kiss_k,8,0.1,17,41.455695033073425,51.99268823720542,90 154 44 300 201 266 173 186
viper,2,kiss_k,8,1.0,17,40.18987417221069,51.226523324205665,90 154 44 300 201 266 173 186
viper,2,kiss_k,8,0.1,18,42.08860695362091,52.397594093786594,189 226 55 124 140 315 243 151
viper,2,kiss_k,8,1.0,18,41.455695033073425,51.94033654813214,189 226 55 124 140 315 243 151
viper,2,kiss_k,8,0.1,19,41.455695033073425,51.75500728261946,52 46 244 311 82 89 149 250
viper,2,kiss_k,8,1.0,19,41.13923907279968,51.40583687956344,52 46 244 311 82 89 149 250
viper,2,kiss_k,8,0.1,20,42.40506291389465,52.61016731541051,78 209 116 216 232 63 11 249
viper,2,kiss_k,8,1.0,20,41.13923907279968,51.943733962754635,78 209 116 216 232 63 11 249
viper,2,kiss_k,8,0.1,21,42.40506291389465,52.752577553684965,114 131 110 260 62 269 34 304
viper,2,kiss_k,8,1.0,21,41.455695033073425,52.497734915983344,114 131 110 260 62 269 34 304
viper,2,kiss_k,8,0.1,22,42.721518874168396,52.99567206970891,35 144 231 101 106 247 46 126
viper,2,kiss_k,8,1.0,22,41.77215099334717,52.604847706399646,35 144 231 101 106 247 46 126
viper,2,kiss_k,8,0.1,23,43.03797483444214,53.41797202990822,177 169 232 60 66 203 12 72
viper,2,kiss_k,8,1.0,23,42.40506291389465,52.99796339303941,177 169 232 60 66 203 12 72
viper,2,kiss_k,8,0.1,24,40.82278609275818,51.75376488003797,312 233 173 276 184 99 10 262
viper,2,kiss_k,8,1.0,24,41.455695033073425,51.94439564039099,312 233 173 276 184 99 10 262
viper,2,kiss_k,8,0.1,25,41.13923907279968,51.71248447594146,90 68 75 20 293 172 290 64
viper,2,kiss_k,8,1.0,25,40.506330132484436,51.26765880304915,90 68 75 20 293 172 290 64
viper,2,kiss_k,8,0.1,26,41.77215099334717,52.78567571922142,176 136 82 59 268 90 308 147
viper,2,kiss_k,8,1.0,26,41.455695033073425,52.32804756260428,176 136 82 59 268 90 308 147
viper,2,kiss_k,8,0.1,27,42.40506291389465,53.419288505554455,185 127 72 310 252 311 171 289
viper,2,kiss_k,8,1.0,27,40.82278609275818,52.49174964878559,185 127 72 310 252 311 171 289
viper,2,kiss_k,8,0.1,28,41.13923907279968,52.73055210375125,206 160 79 204 117 88 157 177
viper,2,kiss_k,8,1.0,28,41.455695033073425,52.466032954877704,206 160 79 204 117 88 157 177
viper,2,kiss_k,8,0.1,29,40.506330132484436,51.57849316589055,315 48 95 51 116 127 96 220
viper,2,kiss_k,8,1.0,29,39.87341821193695,51.04450961718808,315 48 95 51 116 127 96 220
viper,2,kiss_k,16,0.1,0,43.35443079471588,54.42856623169292,102 36 194 173 240 223 187 107 261 108 61 167 136 95 31 18
viper,2,kiss_k,16,1.0,0,42.40506291389465,53.34484024295784,102 36 194 173 240 223 187 107 261 108 61 167 136 95 31 18
viper,2,kiss_k,16,0.1,1,44.62025463581085,54.7665793483395,162 288 25 182 241 29 98 23 101 32 72 83 124 13 284 109
viper,2,kiss_k,16,1.0,1,45.2531635761261,55.26986593192823,162 288 25 182 241 29 98 23 101 32 72 83 124 13 284 109
viper,2,kiss_k,16,0.1,2,43.03797483444214,53.98469418540147,294 111 114 81 137 211 26 214 154 202 132 133 281 86 309 64
viper,2,kiss_k,16,1.0,2,42.40506291389465,53.6769863714606,294 111 114 81 137 211 26 214 154 202 132 133 281 86 309 64
viper,2,kiss_k,16,0.1,3,44.936707615852356,56.22159429477841,253 187 284 287 162 291 285 95 293 83 304 234 269 31 203 113
viper,2,kiss_k,16,1.0,3,44.30379867553711,55.72530486892141,253 187 284 287 162 291 285 95 293 83 304 234 269 31 203 113
viper,2,kiss_k,16,0.1,4,42.40506291389465,53.811743081330874,51 11 147 97 111 311 281 215 1 31 56 44 102 169 23 150
viper,2,kiss_k,16,1.0,4,42.721518874168396,53.90486241572492,51 11 147 97 111 311 281 215 1 31 56 44 102 169 23 150
viper,2,kiss_k,16,0.1,5,44.30379867553711,55.55424408881966,58 240 57 294 104 49 95 56 134 260 301 65 307 174 304 68
viper,2,kiss_k,16,1.0,5,44.30379867553711,55.197637127146805,58 240 57 294 104 49 95 56 134 260 301 65 307 174 304 68
viper,2,kiss_k,16,0.1,6,44.62025463581085,54.81621889445605,252 178 223 303 45 59 172 42 196 233 20 291 76 182 83 120
viper,2,kiss_k,16,1.0,6,43.670886754989624,54.40264820832783,252 178 223 303 45 59 172 42 196 233 20 291 76 182 83 120
viper,2,kiss_k,16,0.1,7,44.936707615852356,55.47768615826111,275 22 123 27 261 98 176 1 150 26 238 73 143 169 58 252
viper,2,kiss_k,16,1.0,7,43.35443079471588,54.92936243825901,275 22 123 27 261 98 176 1 150 26 238 73 143 169 58 252
viper,2,kiss_k,16,0.1,8,43.35443079471588,54.74766421735906,297 154 226 267 88 143 293 234 289 161 26 48 146 288 60 216
viper,2,kiss_k,16,1.0,8,44.62025463581085,54.875792940964274,297 154 226 267 88 143 293 234 289 161 26 48 146 288 60 216
viper,2,kiss_k,16,0.1,9,46.20253145694733,55.765117879121384,64 291 115 18 304 263 55 216 267 53 210 103 254 231 227 37
viper,2,kiss_k,16,1.0,9,45.886075496673584,55.46934409789165,64 291 115 18 304 263 55 216 267 53 210 103 254 231 227 37
viper,2,kiss_k,16,0.1,10,43.670886754989624,55.03402357275318,291 112 132 169 212 13 76 268 100 87 105 195 194 247 77 187
viper,2,kiss_k,16,1.0,10,43.03797483444214,54.51635246403189,291 112 132 169 212 13 76 268 100 87 105 195 194 247 77 187
viper,2,kiss_k,16,0.1,11,43.98734271526337,54.95351240344812,99 51 114 72 160 171 256 6 50 16 192 234 305 78 52 262
viper,2,kiss_k,16,1.0,11,43.35443079471588,54.55441971942167,99 51 114 72 160 171 256 6 50 16 192 234 305 78 52 262
viper,2,kiss_k,16,0.1,12,43.03797483444214,53.746440119670936,84 296 21 290 86 108 46 301 61 267 210 230 196 58 65 74
viper,2,kiss_k,16,1.0,12,42.721518874168396,53.37220306303598,84 296 21 290 86 108 46 301 61 267 210 230 196 58 65 74
viper,2,kiss_k,16,0.1,13,43.98734271526337,53.94543291101108,196 13 14 119 235 247 123 208 43 246 312 172 185 301 174 296
viper,2,kiss_k,16,1.0,13,43.670886754989624,53.6675722077308,196 13 14 119 235 247 123 208 43 246 312 172 185 301 174 296
viper,2,kiss_k,16,0.1,14,46.20253145694733,55.918727293725055,289 101 272 41 122 39 251 206 59 163 220 154 167 64 234 254
viper,2,kiss_k,16,1.0,14,43.98734271526337,54.76681167046817,289 101 272 41 122 39 251 206 59 163 220 154 167 64 234 254
viper,2,kiss_k,16,0.1,15,44.62025463581085,54.06405498247591,288 1 230 161 160 145 270 264 178 215 135 39 208 198 48 242
viper,2,kiss_k,16,1.0,15,43.35443079471588,53.59808247567134,288 1 230 161 160 145 270 264 178 215 135 39 208 198 48 242
viper,2,kiss_k,16,0.1,16,45.56961953639984,55.90341056473487,183 201 252 128 47 42 7 118 97 106 244 212 157 94 23 54
viper,2,kiss_k,16,1.0,16,44.936707615852356,55.74337127705642,183 201 252 128 47 42 7 118 97 106 244 212 157 94 23 54
viper,2,kiss_k,16,0.1,17,44.62025463581085,55.310376221262004,105 88 32 1 315 48 241 164 68 237 87 193 69 267 187 244
viper,2,kiss_k,16,1.0,17,44.30379867553711,55.216005580645735,105 88 32 1 315 48 241 164 68 237 87 193 69 267 187 244
viper,2,kiss_k,16,0.1,18,43.98734271526337,54.93193461053904,56 248 213 105 132 314 194 153 219 237 296 167 53 221 18 266
viper,2,kiss_k,16,1.0,18,42.40506291389465,54.20183209972224,56 248 213 105 132 314 194 153 219 237 296 167 53 221 18 266
viper,2,kiss_k,16,0.1,19,43.35443079471588,54.278600013528774,298 81 283 239 154 256 96 312 277 300 45 89 281 243 294 309
viper,2,kiss_k,16,1.0,19,40.82278609275818,52.68844837557241,298 81 283 239 154 256 96 312 277 300 45 89 281 243 294 309
viper,2,kiss_k,16,0.1,20,43.35443079471588,53.418608254281416,27 260 170 174 183 150 38 47 275 165 314 219 158 25 66 151
viper,2,kiss_k,16,1.0,20,41.455695033073425,52.80888159385927,27 260 170 174 183 150 38 47 275 165 314 219 158 25 66 151
viper,2,kiss_k,16,0.1,21,44.62025463581085,54.56078666602975,11 41 185 147 313 213 139 63 268 81 183 255 16 296 8 0
viper,2,kiss_k,16,1.0,21,43.03797483444214,53.66184601278228,11 41 185 147 313 213 139 63 268 81 183 255 16 296 8 0
viper,2,kiss_k,16,0.1,22,46.20253145694733,55.69890819850881,254 72 36 22 287 303 48 269 179 21 117 232 59 67 227 177
viper,2,kiss_k,16,1.0,22,42.721518874168396,53.986001284123375,254 72 36 22 287 303 48 269 179 21 117 232 59 67 227 177
viper,2,kiss_k,16,0.1,23,43.670886754989624,53.89586134772964,255 202 229 47 80 240 98 275 225 311 205 31 66 231 64 244
viper,2,kiss_k,16,1.0,23,43.03797483444214,53.63454370455985,255 202 229 47 80 240 98 275 225 311 205 31 66 231 64 244
viper,2,kiss_k,16,0.1,24,43.35443079471588,54.04486020936413,283 181 309 289 235 200 136 279 175 117 180 60 187 211 97 179
viper,2,kiss_k,16,1.0,24,42.40506291389465,53.65136513372365,283 181 309 289 235 200 136 279 175 117 180 60 187 211 97 179
viper,2,kiss_k,16,0.1,25,42.721518874168396,53.950861125468805,126 176 296 61 204 227 145 32 197 297 45 244 144 143 243 193
viper,2,kiss_k,16,1.0,25,41.455695033073425,53.152269900272245,126 176 296 61 204 227 145 32 197 297 45 244 144 143 243 193
viper,2,kiss_k,16,0.1,26,41.13923907279968,52.482070237607644,169 161 282 132 182 308 94 173 265 68 71 165 35 11 231 292
viper,2,kiss_k,16,1.0,26,41.13923907279968,52.56294926964089,169 161 282 132 182 308 94 173 265 68 71 165 35 11 231 292
viper,2,kiss_k,16,0.1,27,44.936707615852356,55.59938002694198,232 154 132 191 86 34 283 51 255 159 92 142 221 29 169 136
viper,2,kiss_k,16,1.0,27,44.62025463581085,55.045642997050216,232 154 132 191 86 34 283 51 255 159 92 142 221 29 169 136
viper,2,kiss_k,16,0.1,28,42.08860695362091,52.733875205798434,10 116 256 286 164 294 203 189 199 78 47 109 211 55 284 299
viper,2,kiss_k,16,1.0,28,41.13923907279968,52.253514797224234,10 116 256 286 164 294 203 189 199 78 47 109 211 55 284 299
viper,2,kiss_k,16,0.1,29,45.56961953639984,55.76619616486253,104 195 269 90 191 119 278 255 211 241 156 15 37 122 32 187
viper,2,kiss_k,16,1.0,29,44.30379867553711,54.92392879913576,104 195 269 90 191 119 278 255 211 241 156 15 37 122 32 187
viper,2,kiss_k,32,0.1,0,42.40506291389465,54.78622246512005,64 179 210 299 104 26 52 45 173 290 17 281 251 297 57 242 300 62 79 56 133 77 198 236 216 304 38 219 176 8 233 142
viper,2,kiss_k,32,1.0,0,42.40506291389465,54.832629887498975,64 179 210 299 104 26 52 45 173 290 17 281 251 297 57 242 300 62 79 56 133 77 198 236 216 304 38 219 176 8 233 142
viper,2,kiss_k,32,0.1,1,44.936707615852356,56.09535549806937,87 129 140 128 197 111 78 114 304 212 59 95 52 136 110 252 219 104 226 34 186 179 296 169 195 172 292 190 162 255 293 289
viper,2,kiss_k,32,1.0,1,44.30379867553711,55.68806528664787,87 129 140 128 197 111 78 114 304 212 59 95 52 136 110 252 219 104 226 34 186 179 296 169 195 172 292 190 162 255 293 289
viper,2,kiss_k,32,0.1,2,44.62025463581085,56.65213778916471,155 8 99 151 134 39 162 19 297 221 142 53 49 259 202 120 292 283 143 146 138 237 261 205 185 57 310 286 200 219 184 267
viper,2,kiss_k,32,1.0,2,46.20253145694733,57.50189589735874,155 8 99 151 134 39 162 19 297 221 142 53 49 259 202 120 292 283 143 146 138 237 261 205 185 57 310 286 200 219 184 267
viper,2,kiss_k,32,0.1,3,47.151899337768555,57.08739818555485,314 83 282 173 44 276 203 42 255 130 171 124 79 170 34 2 169 197 161 236 12 52 3 222 235 89 244 137 204 185 271 174
viper,2,kiss_k,32,1.0,3,47.151899337768555,57.32990558888811,314 83 282 173 44 276 203 42 255 130 171 124 79 170 34 2 169 197 161 236 12 52 3 222 235 89 244 137 204 185 271 174
viper,2,kiss_k,32,0.1,4,46.20253145694733,56.714100669311975,293 200 134 195 175 284 123 188 315 20 256 227 13 258 298 232 183 283 21 182 273 245 50 55 292 299 244 61 282 251 51 95
viper,2,kiss_k,32,1.0,4,46.83544337749481,57.062468036431625,293 200 134 195 175 284 123 188 315 20 256 227 13 258 298 232 183 283 21 182 273 245 50 55 292 299 244 61 282 251 51 95
viper,2,kiss_k,32,0.1,5,45.2531635761261,55.47430139647928,170 214 8 128 32 131 256 138 166 45 100 153 293 136 37 205 14 85 251 276 277 180 243 247 27 34 187 64 173 56 123 5
viper,2,kiss_k,32,1.0,5,46.51898741722107,56.14319142338504,170 214 8 128 32 131 256 138 166 45 100 153 293 136 37 205 14 85 251 276 277 180 243 247 27 34 187 64 173 56 123 5
viper,2,kiss_k,32,0.1,6,43.98734271526337,55.16801378334105,87 142 251 174 122 29 118 233 99 80 58 262 224 108 312 228 8 106 105 127 48 187 295 74 223 61 209 114 190 226 119 143
viper,2,kiss_k,32,1.0,6,45.56961953639984,55.814356624447,87 142 251 174 122 29 118 233 99 80 58 262 224 108 312 228 8 106 105 127 48 187 295 74 223 61 209 114 190 226 119 143
viper,2,kiss_k,32,0.1,7,43.98734271526337,55.173860904224966,168 271 137 248 52 255 263 97 63 243 102 82 173 26 162 185 72 289 156 99 17 117 207 121 46 297 256 171 145 312 119 159
viper,2,kiss_k,32,1.0,7,44.936707615852356,55.456099325930964,168 271 137 248 52 255 263 97 63 243 102 82 173 26 162 185 72 289 156 99 17 117 207 121 46 297 256 171 145 312 119 159
viper,2,kiss_k,32,0.1,8,46.20253145694733,56.57404829557533,215 45 280 202 55 308 225 154 243 208 10 218 275 74 180 32 292 35 163 256 314 206 69 244 165 248 95 189 302 5 131 125
viper,2,kiss_k,32,1.0,8,46.20253145694733,56.283481202856386,215 45 280 202 55 308 225 154 243 208 10 218 275 74 180 32 292 35 163 256 314 206 69 244 165 248 95 189 302 5 131 125
viper,2,kiss_k,32,0.1,9,44.936707615852356,55.02064524298639,87 287 299 48 21 188 141 164 84 80 138 64 90 112 171 204 313 173 297 307 285 191 77 225 116 114 97 37 14 161 113 30
viper,2,kiss_k,32,1.0,9,44.62025463581085,55.20229132867153,87 287 299 48 21 188 141 164 84 80 138 64 90 112 171 204 313 173 297 307 285 191 77 225 116 114 97 37 14 161 113 30
viper,2,kiss_k,32,0.1,10,46.51898741722107,57.64239146344523,11 128 83 211 105 162 182 130 299 44 199 119 224 28 117 164 175 110 136 17 134 298 89 282 71 218 293 238 190 234 188 233
viper,2,kiss_k,32,1.0,10,47.151899337768555,58.441260277814145,11 128 83 211 105 162 182 130 299 44 199 119 224 28 117 164 175 110 136 17 134 298 89 282 71 218 293 238 190 234 188 233
viper,2,kiss_k,32,0.1,11,44.936707615852356,55.5832624214586,76 62 236 114 178 212 81 305 109 153 96 5 57 27 100 240 177 243 140 294 17 263 237 9 38 111 67 195 10 11 246 262
viper,2,kiss_k,32,1.0,11,45.56961953639984,55.998013428042206,76 62 236 114 178 212 81 305 109 153 96 5 57 27 100 240 177 243 140 294 17 263 237 9 38 111 67 195 10 11 246 262
viper,2,kiss_k,32,0.1,12,43.98734271526337,55.07331919794615,279 252 42 257 82 271 40 68 297 49 129 147 149 296 26 254 30 293 223 169 268 241 139 72 199 80 301 74 170 191 102 78
viper,2,kiss_k,32,1.0,12,44.62025463581085,55.306678728183414,279 252 42 257 82 271 40 68 297 49 129 147 149 296 26 254 30 293 223 169 268 241 139 72 199 80 301 74 170 191 102 78
viper,2,kiss_k,32,0.1,13,43.03797483444214,54.74112701448956,90 207 92 271 51 281 250 257 255 117 70 287 111 248 312 200 168 64 36 131 39 238 142 279 172 292 24 93 20 175 218 144
viper,2,kiss_k,32,1.0,13,44.62025463581085,55.66725437135492,90 207 92 271 51 281 250 257 255 117 70 287 111 248 312 200 168 64 36 131 39 238 142 279 172 292 24 93 20 175 218 144
viper,2,kiss_k,32,0.1,14,44.62025463581085,54.49544781402844,138 264 1 103 73 194 266 176 111 146 209 196 96 68 170 31 231 175 95 154 240 305 136 56 39 46 127 233 193 65 90 48
viper,2,kiss_k,32,1.0,14,45.2531635761261,54.805017345176,138 264 1 103 73 194 266 176 111 146 209 196 96 68 170 31 231 175 95 154 240 305 136 56 39 46 127 233 193 65 90 48
viper,2,kiss_k,32,0.1,15,45.886075496673584,57.18096478564361,250 24 84 214 108 314 39 87 118 62 67 69 227 252 19 172 291 315 42 18 254 163 117 13 83 310 235 44 300 17 134 86
viper,2,kiss_k,32,1.0,15,45.886075496673584,57.23828548834563,250 24 84 214 108 314 39 87 118 62 67 69 227 252 19 172 291 315 42 18 254 163 117 13 83 310 235 44 300 17 134 86
viper,2,kiss_k,32,0.1,16,47.4683552980423,56.89098783847406,54 293 48 115 122 146 100 273 230 148 214 189 42 261 16 284 213 221 238 6 283 313 228 19 275 241 73 255 301 269 169 220
viper,2,kiss_k,32,1.0,16,47.4683552980423,57.49102143232919,54 293 48 115 122 146 100 273 230 148 214 189 42 261 16 284 213 221 238 6 283 313 228 19 275 241 73 255 301 269 169 220
viper,2,kiss_k,32,0.1,17,44.30379867553711,55.8852207423536,206 261 217 124 94 189 229 88 112 230 195 164 209 155 98 44 218 227 272 289 304 73 238 270 38 91 186 288 257 105 57 262
viper,2,kiss_k,32,1.0,17,45.56961953639984,56.693236805387684,206 261 217 124 94 189 229 88 112 230 195 164 209 155 98 44 218 227 272 289 304 73 238 270 38 91 186 288 257 105 57 262
viper,2,kiss_k,32,0.1,18,43.98734271526337,55.64448755794569,264 122 79 224 304 176 312 143 102 259 239 133 164 100 108 276 128 174 105 119 36 189 157 193 211 254 27 30 162 184 97 75
viper,2,kiss_k,32,1.0,18,45.56961953639984,56.63798210763059,264 122 79 224 304 176 312 143 102 259 239 133 164 100 108 276 128 174 105 119 36 189 157 193 211 254 27 30 162 184 97 75
viper,2,kiss_k,32,0.1,19,46.20253145694733,56.613389138492764,190 193 29 70 77 296 269 87 27 176 129 133 263 195 113 271 125 106 161 231 45 179 213 207 265 294 119 147 222 300 96 249
viper,2,kiss_k,32,1.0,19,46.20253145694733,56.86420278155613,190 193 29 70 77 296 269 87 27 176 129 133 263 195 113 271 125 106 161 231 45 179 213 207 265 294 119 147 222 300 96 249
viper,2,kiss_k,32,0.1,20,46.20253145694733,57.179950750905626,65 111 133 225 116 96 156 107 270 230 253 272 39 63 2 162 260 296 187 13 279 34 239 151 135 117 6 45 229 28 310 12
viper,2,kiss_k,32,1.0,20,45.56961953639984,57.26107225538919,65 111 133 225 116 96 156 107 270 230 253 272 39 63 2 162 260 296 187 13 279 34 239 151 135 117 6 45 229 28 310 12
viper,2,kiss_k,32,0.1,21,44.62025463581085,55.49030710962363,73 109 20 61 241 151 179 2 301 86 6 177 16 22 260 245 231 32 88 100 297 175 211 207 0 95 71 23 117 167 271 54
viper,2,kiss_k,32,1.0,21,45.56961953639984,55.836556887183775,73 109 20 61 241 151 179 2 301 86 6 177 16 22 260 245 231 32 88 100 297 175 211 207 0 95 71 23 117 167 271 54
viper,2,kiss_k,32,0.1,22,43.98734271526337,54.81043480441815,68 51 88 153 194 300 32 46 19 149 80 204 167 130 192 286 120 147 260 2 5 225 213 181 270 196 158 233 116 257 72 45
viper,2,kiss_k,32,1.0,22,44.62025463581085,55.167496263567095,68 51 88 153 194 300 32 46 19 149 80 204 167 130 192 286 120 147 260 2 5 225 213 181 270 196 158 233 116 257 72 45
viper,2,kiss_k,32,0.1,23,43.35443079471588,54.84668885578512,99 180 249 117 40 95 208 70 187 122 265 251 170 226 281 65 255 159 274 46 267 210 111 247 28 8 83 44 17 176 61 118
viper,2,kiss_k,32,1.0,23,43.35443079471588,54.46868602304593,99 180 249 117 40 95 208 70 187 122 265 251 170 226 281 65 255 159 274 46 267 210 111 247 28 8 83 44 17 176 61 118
viper,2,kiss_k,32,0.1,24,46.51898741722107,57.33394007297815,177 277 116 290 237 180 41 174 199 207 125 302 187 189 234 203 132 169 84 188 297 210 278 183 32 135 229 194 165 225 100 31
viper,2,kiss_k,32,1.0,24,45.886075496673584,56.851968119156226,177 277 116 290 237 180 41 174 199 207 125 302 187 189 234 203 132 169 84 188 297 210 278 183 32 135 229 194 165 225 100 31
viper,2,kiss_k,32,0.1,25,45.886075496673584,55.569927790734475,99 68 264 42 87 171 305 274 280 72 71 187 129 112 217 88 294 202 219 111 192 131 191 107 101 0 307 56 139 273 150 132
viper,2,kiss_k,32,1.0,25,45.886075496673584,55.64460934264746,99 68 264 42 87 171 305 274 280 72 71 187 129 112 217 88 294 202 219 111 192 131 191 107 101 0 307 56 139 273 150 132
viper,2,kiss_k,32,0.1,26,44.62025463581085,54.85045936607583,83 194 284 191 38 265 236 222 224 230 177 21 159 221 72 303 298 179 200 300 45 116 275 246 149 152 295 189 96 101 52 69
viper,2,kiss_k,32,1.0,26,45.56961953639984,55.58063937131836,83 194 284 191 38 265 236 222 224 230 177 21 159 221 72 303 298 179 200 300 45 116 275 246 149 152 295 189 96 101 52 69
viper,2,kiss_k,32,0.1,27,45.886075496673584,56.50446019519971,175 144 37 270 187 299 300 136 235 91 129 195 29 125 128 60 140 217 209 141 158 45 1 97 266 135 171 94 9 212 165 131
viper,2,kiss_k,32,1.0,27,46.83544337749481,56.981522179915665,175 144 37 270 187 299 300 136 235 91 129 195 29 125 128 60 140 217 209 141 158 45 1 97 266 135 171 94 9 212 165 131
viper,2,kiss_k,32,0.1,28,44.62025463581085,55.67760428566248,295 256 139 153 23 76 176 63 257 306 103 162 195 58 285 145 77 286 113 200 112 72 167 155 224 20 60 189 294 39 230 93
viper,2,kiss_k,32,1.0,28,43.98734271526337,55.316008790015495,295 256 139 153 23 76 176 63 257 306 103 162 195 58 285 145 77 286 113 200 112 72 167 155 224 20 60 189 294 39 230 93
viper,2,kiss_k,32,0.1,29,48.10126721858978,57.61238386310317,138 293 309 187 236 0 269 219 315 278 146 128 41 35 115 100 98 267 84 47 91 92 191 2 9 141 25 201 121 170 163 11
viper,2,kiss_k,32,1.0,29,46.20253145694733,56.727590023808695,138 293 309 187 236 0 269 219 315 278 146 128 41 35 115 100 98 267 84 47 91 92 191 2 9 141 25 201 121 170 163 11
viper,3,raw,0,-1,-1,40.506330132484436,52.20605758134887,
viper,3,center,0,-1,-1,40.506330132484436,52.20605758134887,
viper,3,unlab,0,0.1,-1,41.77215099334717,52.85548027419185,
viper,3,kiss_all,316,0.1,-1,45.886075496673584,55.64122369075317,
viper,3,unlab,0,1.0,-1,40.506330132484436,52.38488722058825,
viper,3,kiss_all,316,1.0,-1,55.063289403915405,64.24770047531759,
viper,3,kiss_k,2,0.1,0,42.721518874168396,53.42605233720998,104 260
viper,3,kiss_k,2,1.0,0,41.77215099334717,52.90734384323057,104 260
viper,3,kiss_k,2,0.1,1,42.08860695362091,53.72408818788863,187 298
viper,3,kiss_k,2,1.0,1,42.40506291389465,53.874104160096394,187 298
viper,3,kiss_k,2,0.1,2,40.82278609275818,52.320180679533,184 30
viper,3,kiss_k,2,1.0,2,40.82278609275818,52.3132068919114,184 30
viper,3,kiss_k,2,0.1,3,43.03797483444214,54.1325001573361,275 142
viper,3,kiss_k,2,1.0,3,42.08860695362091,53.292816402400376,275 142
viper,3,kiss_k,2,0.1,4,43.03797483444214,53.81783573357375,124 263
viper,3,kiss_k,2,1.0,4,42.721518874168396,53.7065314421994,124 263
viper,3,kiss_k,2,0.1,5,42.40506291389465,53.332643949117276,39 236
viper,3,kiss_k,2,1.0,5,43.03797483444214,53.70541067569678,39 236
viper,3,kiss_k,2,0.1,6,42.08860695362091,53.47116423475126,88 266
viper,3,kiss_k,2,1.0,6,41.455695033073425,53.276189875831115,88 266
viper,3,kiss_k,2,0.1,7,42.40506291389465,53.44729319028841,27 83
viper,3,kiss_k,2,1.0,7,41.455695033073425,52.923615977296414,27 83
viper,3,kiss_k,2,0.1,8,42.08860695362091,52.98481506560021,288 271
viper,3,kiss_k,2,1.0,8,40.82278609275818,52.32250999093223,288 271
viper,3,kiss_k,2,0.1,9,41.77215099334717,52.84028690080083,86 294
viper,3,kiss_k,2,1.0,9,41.455695033073425,52.925223484629505,86 294
viper,3,kiss_k,2,0.1,10,41.455695033073425,53.21406698219875,169 65
viper,3,kiss_k,2,1.0,10,42.08860695362091,53.50995107783005,169 65
viper,3,kiss_k,2,0.1,11,42.08860695362091,53.520478145492646,144 136
viper,3,kiss_k,2,1.0,11,40.18987417221069,52.42768373088358,144 136
viper,3,kiss_k,2,0.1,12,41.455695033073425,52.8682611905452,175 27
viper,3,kiss_k,2,1.0,12,40.18987417221069,52.29541865392569,175 27
viper,3,kiss_k,2,0.1,13,41.77215099334717,52.84044893537458,208 229
viper,3,kiss_k,2,1.0,13,39.87341821193695,51.8363662425634,208 229
viper,3,kiss_k,2,0.1,14,42.721518874168396,52.999229779940606,242 7
viper,3,kiss_k,2,1.0,14,42.08860695362091,52.69916553927047,242 7
viper,3,kiss_k,2,0.1,15,42.721518874168396,53.67229757065422,112 23
viper,3,kiss_k,2,1.0,15,42.721518874168396,53.75501285728724,112 23
viper,3,kiss_k,2,0.1,16,41.455695033073425,52.63187767486881,160 168
viper,3,kiss_k,2,1.0,16,40.18987417221069,52.11567076984696,160 168
viper,3,kiss_k,2,0.1,17,42.721518874168396,53.48505919506206,55 114
viper,3,kiss_k,2,1.0,17,42.08860695362091,53.2113026466998,55 114
viper,3,kiss_k,2,0.1,18,42.08860695362091,52.48610446578535,228 131
viper,3,kiss_k,2,1.0,18,41.13923907279968,51.963666309643685,228 131
viper,3,kiss_k,2,0.1,19,43.03797483444214,53.44924720925282,81 283
viper,3,kiss_k,2,1.0,19,41.77215099334717,52.98157294980721,81 283
viper,3,kiss_k,2,0.1,20,42.40506291389465,53.39737530168397,302 127
viper,3,kiss_k,2,1.0,20,41.77215099334717,53.01370872220068,302 127
viper,3,kiss_k,2,0.1,21,43.670886754989624,54.11583924165354,52 161
viper,3,kiss_k,2,1.0,21,42.40506291389465,53.466633605044024,52 161
viper,3,kiss_k,2,0.1,22,42.721518874168396,53.526903789470914,185 268
viper,3,kiss_k,2,1.0,22,42.08860695362091,53.28923739229157,185 268
viper,3,kiss_k,2,0.1,23,41.13923907279968,52.777532912384075,164 39
viper,3,kiss_k,2,1.0,23,40.82278609275818,52.466391395557345,164 39
viper,3,kiss_k,2,0.1,24,42.40506291389465,53.489835578544785,266 116
viper,3,kiss_k,2,1.0,24,41.455695033073425,52.97331916250947,266 116
viper,3,kiss_k,2,0.1,25,40.82278609275818,52.347119477960504,168 49
viper,3,kiss_k,2,1.0,25,39.87341821193695,51.78820657504327,168 49
viper,3,kiss_k,2,0.1,26,41.455695033073425,53.35348535074756,46 15
viper,3,kiss_k,2,1.0,26,41.455695033073425,53.14648253464593,46 15
viper,3,kiss_k,2,0.1,27,42.08860695362091,53.08534645595048,253 181
viper,3,kiss_k,2,1.0,27,41.77215099334717,52.9498231375091,253 181
viper,3,kiss_k,2,0.1,28,42.40506291389465,53.1114855131959,242 252
viper,3,kiss_k,2,1.0,28,40.506330132484436,51.9558152150494,242 252
viper,3,kiss_k,2,0.1,29,41.13923907279968,52.27758970118148,196 296
viper,3,kiss_k,2,1.0,29,40.82278609275818,52.0068565694494,196 296
viper,3,kiss_k,4,0.1,0,43.35443079471588,54.14916667267497,133 10 134 162
viper,3,kiss_k,4,1.0,0,42.40506291389465,53.39106710643846,133 10 134 162
viper,3,kiss_k,4,0.1,1,42.40506291389465,53.56171588059144,234 233 205 71
viper,3,kiss_k,4,1.0,1,42.40506291389465,53.41108251217892,234 233 205 71
viper,3,kiss_k,4,0.1,2,42.40506291389465,53.71091423149612,191 165 132 134
viper,3,kiss_k,4,1.0,2,42.40506291389465,53.5842224271617,191 165 132 134
viper,3,kiss_k,4,0.1,3,41.77215099334717,53.11367662398223,53 185 152 226
viper,3,kiss_k,4,1.0,3,41.13923907279968,52.740686350096254,53 185 152 226
viper,3,kiss_k,4,0.1,4,42.40506291389465,53.216318479565835,146 188 1 160
viper,3,kiss_k,4,1.0,4,40.82278609275818,52.34485821971388,146 188 1 160
viper,3,kiss_k,4,0.1,5,41.77215099334717,53.34762890506585,33 24 87 253
viper,3,kiss_k,4,1.0,5,41.13923907279968,53.25523696528448,33 24 87 253
viper,3,kiss_k,4,0.1,6,43.35443079471588,53.42377127057107,179 209 172 253
viper,3,kiss_k,4,1.0,6,41.455695033073425,52.44694581293968,179 209 172 253
viper,3,kiss_k,4,0.1,7,43.03797483444214,53.71148236352139,203 47 264 71
viper,3,kiss_k,4,1.0,7,41.13923907279968,52.88617310974384,203 47 264 71
viper,3,kiss_k,4,0.1,8,41.77215099334717,52.67333849694798,172 240 101 85
viper,3,kiss_k,4,1.0,8,41.13923907279968,52.573080344261605,172 240 101 85
viper,3,kiss_k,4,0.1,9,43.98734271526337,54.61437865024523,6 101 275 184
viper,3,kiss_k,4,1.0,9,43.670886754989624,54.18769897804358,6 101 275 184
viper,3,kiss_k,4,0.1,10,43.35443079471588,54.11986202345673,71 98 268 155
viper,3,kiss_k,4,1.0,10,43.35443079471588,54.2492171148646,71 98 268 155
viper,3,kiss_k,4,0.1,11,40.82278609275818,52.702447226866866,22 182 24 119
viper,3,kiss_k,4,1.0,11,41.13923907279968,52.9311334819933,22 182 24 119
viper,3,kiss_k,4,0.1,12,41.13923907279968,53.31737521853036,110 168 83 65
viper,3,kiss_k,4,1.0,12,41.13923907279968,53.2810357082551,110 168 83 65
viper,3,kiss_k,4,0.1,13,43.98734271526337,54.577086215214166,125 158 117 63
viper,3,kiss_k,4,1.0,13,40.82278609275818,53.02959990631291,125 158 117 63
viper,3,kiss_k,4,0.1,14,43.03797483444214,54.008795995578836,273 177 165 36
viper,3,kiss_k,4,1.0,14,41.13923907279968,52.68821320808045,273 177 165 36
viper,3,kiss_k,4,0.1,15,43.03797483444214,53.46951690799888,162 111 228 144
viper,3,kiss_k,4,1.0,15,41.13923907279968,52.24041703618452,162 111 228 144
viper,3,kiss_k,4,0.1,16,42.08860695362091,53.56418348282037,56 15 206 57
viper,3,kiss_k,4,1.0,16,41.13923907279968,53.361233782268194,56 15 206 57
viper,3,kiss_k,4,0.1,17,43.98734271526337,54.96162136535185,206 141 293 125
viper,3,kiss_k,4,1.0,17,42.40506291389465,53.933601599895496,206 141 293 125
viper,3,kiss_k,4,0.1,18,43.670886754989624,53.70306675691444,10 114 238 21
viper,3,kiss_k,4,1.0,18,41.455695033073425,52.4472710420662,10 114 238 21
viper,3,kiss_k,4,0.1,19,40.82278609275818,52.791086965197685,306 288 191 180
viper,3,kiss_k,4,1.0,19,42.08860695362091,53.422016099092176,306 288 191 180
viper,3,kiss_k,4,0.1,20,42.721518874168396,53.04237748007468,206 129 300 238
viper,3,kiss_k,4,1.0,20,42.08860695362091,52.71088325670791,206 129 300 238
viper,3,kiss_k,4,0.1,21,43.35443079471588,54.14461231327415,40 304 199 105
viper,3,kiss_k,4,1.0,21,43.670886754989624,54.16414489177646,40 304 199 105
viper,3,kiss_k,4,0.1,22,42.40506291389465,52.839925625949846,141 69 35 210
viper,3,kiss_k,4,1.0,22,40.82278609275818,52.15358497291653,141 69 35 210
viper,3,kiss_k,4,0.1,23,42.08860695362091,53.65920719253114,311 41 183 45
viper,3,kiss_k,4,1.0,23,41.13923907279968,53.00653329836135,311 41 183 45
viper,3,kiss_k,4,0.1,24,42.08860695362091,53.40953121165444,61 199 279 224
viper,3,kiss_k,4,1.0,24,40.82278609275818,53.041160570711185,61 199 279 224
viper,3,kiss_k,4,0.1,25,42.40506291389465,53.287889782269424,153 129 97 276
viper,3,kiss_k,4,1.0,25,42.08860695362091,53.119132818690986,153 129 97 276
viper,3,kiss_k,4,0.1,26,42.08860695362091,53.701554258419314,135 208 23 194
viper,3,kiss_k,4,1.0,26,41.77215099334717,53.62576129681862,135 208 23 194
viper,3,kiss_k,4,0.1,27,40.82278609275818,52.14094832954858,292 89 176 229
viper,3,kiss_k,4,1.0,27,40.506330132484436,51.87979037673559,292 89 176 229
viper,3,kiss_k,4,0.1,28,42.40506291389465,53.207788527813996,175 114 211 275
viper,3,kiss_k,4,1.0,28,42.08860695362091,52.97838117243609,175 114 211 275
viper,3,kiss_k,4,0.1,29,42.721518874168396,53.94161800183013,136 280 223 276
viper,3,kiss_k,4,1.0,29,42.40506291389465,54.15666485403023,136 280 223 276
viper,3,kiss_k,8,0.1,0,43.670886754989624,53.703770925025005,236 289 68 161 49 243 231 85
viper,3,kiss_k,8,1.0,0,42.721518874168396,53.43836850326239,236 289 68 161 49 243 231 85
viper,3,kiss_k,8,0.1,1,44.62025463581085,55.1060407620575,188 294 166 109 78 82 217 276
viper,3,kiss_k,8,1.0,1,42.721518874168396,54.066778553036556,188 294 166 109 78 82 217 276
viper,3,kiss_k,8,0.1,2,43.35443079471588,53.79137557977673,175 86 81 35 159 167 107 284
viper,3,kiss_k,8,1.0,2,42.40506291389465,53.552416804127944,175 86 81 35 159 167 107 284
viper,3,kiss_k,8,0.1,3,43.03797483444214,53.70684644105557,223 235 102 224 0 179 310 23
viper,3,kiss_k,8,1.0,3,42.08860695362091,53.143175950882906,223 235 102 224 0 179 310 23
viper,3,kiss_k,8,0.1,4,45.886075496673584,56.08868822750333,1 11 9 6 92 42 163 311
viper,3,kiss_k,8,1.0,4,44.30379867553711,55.243224477260355,1 11 9 6 92 42 163 311
viper,3,kiss_k,8,0.1,5,42.40506291389465,53.993747596642514,174 117 193 101 21 144 75 258
viper,3,kiss_k,8,1.0,5,42.08860695362091,53.48257013342575,174 117 193 101 21 144 75 258
viper,3,kiss_k,8,0.1,6,43.670886754989624,53.73465578942193,153 43 280 60 124 286 181 105
viper,3,kiss_k,8,1.0,6,41.455695033073425,53.02487366111045,153 43 280 60 124 286 181 105
viper,3,kiss_k,8,0.1,7,40.506330132484436,52.42482832045445,90 154 44 300 201 266 173 186
viper,3,kiss_k,8,1.0,7,40.506330132484436,52.410450944626255,90 154 44 300 201 266 173 186
viper,3,kiss_k,8,0.1,8,41.455695033073425,52.46617874121592,189 226 55 124 140 315 243 151
viper,3,kiss_k,8,1.0,8,42.721518874168396,53.24542840150648,189 226 55 124 140 315 243 151
viper,3,kiss_k,8,0.1,9,43.03797483444214,53.90555042980011,52 46 244 311 82 89 149 250
viper,3,kiss_k,8,1.0,9,41.455695033073425,52.90185374669496,52 46 244 311 82 89 149 250
viper,3,kiss_k,8,0.1,10,42.721518874168396,53.58935101118082,78 209 116 216 232 63 11 249
viper,3,kiss_k,8,1.0,10,41.77215099334717,53.07653107828394,78 209 116 216 232 63 11 249
viper,3,kiss_k,8,0.1,11,44.30379867553711,54.0552440873515,114 131 110 260 62 269 34 304
viper,3,kiss_k,8,1.0,11,42.08860695362091,53.05417075080061,114 131 110 260 62 269 34 304
viper,3,kiss_k,8,0.1,12,43.670886754989624,54.4275591157389,35 144 231 101 106 247 46 126
viper,3,kiss_k,8,1.0,12,43.03797483444214,54.07452310291608,35 144 231 101 106 247 46 126
viper,3,kiss_k,8,0.1,13,44.30379867553711,54.909463213493815,177 169 232 60 66 203 12 72
viper,3,kiss_k,8,1.0,13,40.82278609275818,53.28897345557806,177 169 232 60 66 203 12 72
viper,3,kiss_k,8,0.1,14,43.35443079471588,53.85323354375105,312 233 173 276 184 99 10 262
viper,3,kiss_k,8,1.0,14,40.18987417221069,51.93203469381322,312 233 173 276 184 99 10 262
viper,3,kiss_k,8,0.1,15,40.506330132484436,52.795036325778334,90 68 75 20 293 172 290 64
viper,3,kiss_k,8,1.0,15,41.455695033073425,53.11819158236178,90 68 75 20 293 172 290 64
viper,3,kiss_k,8,0.1,16,41.77215099334717,53.62256378438591,176 136 82 59 268 90 308 147
viper,3,kiss_k,8,1.0,16,43.03797483444214,54.619671425468994,176 136 82 59 268 90 308 147
viper,3,kiss_k,8,0.1,17,42.40506291389465,53.581213384254376,185 127 72 310 252 311 171 289
viper,3,kiss_k,8,1.0,17,41.77215099334717,53.047242459498676,185 127 72 310 252 311 171 289
viper,3,kiss_k,8,0.1,18,41.77215099334717,53.46774658926541,206 160 79 204 117 88 157 177
viper,3,kiss_k,8,1.0,18,40.506330132484436,52.58390325559169,206 160 79 204 117 88 157 177
viper,3,kiss_k,8,0.1,19,42.40506291389465,53.454071316198615,315 48 95 51 116 127 96 220
viper,3,kiss_k,8,1.0,19,41.455695033073425,53.00914112628018,315 48 95 51 116 127 96 220
viper,3,kiss_k,8,0.1,20,42.721518874168396,53.624772858367145,56 126 131 26 10 60 186 40
viper,3,kiss_k,8,1.0,20,42.40506291389465,53.54388134763069,56 126 131 26 10 60 186 40
viper,3,kiss_k,8,0.1,21,44.30379867553711,54.43456441164598,299 305 167 58 303 87 96 176
viper,3,kiss_k,8,1.0,21,41.13923907279968,52.969946926674204,299 305 167 58 303 87 96 176
viper,3,kiss_k,8,0.1,22,43.670886754989624,54.26744626659442,217 201 83 108 213 286 132 246
viper,3,kiss_k,8,1.0,22,43.03797483444214,53.97673119315576,217 201 83 108 213 286 132 246
viper,3,kiss_k,8,0.1,23,44.30379867553711,55.3822666834616,48 158 234 93 126 137 120 283
viper,3,kiss_k,8,1.0,23,42.40506291389465,54.16609843571467,48 158 234 93 126 137 120 283
viper,3,kiss_k,8,0.1,24,44.30379867553711,54.7005657638075,4 155 254 26 122 257 284 309
viper,3,kiss_k,8,1.0,24,43.03797483444214,54.20063000147247,4 155 254 26 122 257 284 309
viper,3,kiss_k,8,0.1,25,42.721518874168396,54.373635624001246,44 215 200 100 176 42 137 69
viper,3,kiss_k,8,1.0,25,43.03797483444214,54.912379154564526,44 215 200 100 176 42 137 69
viper,3,kiss_k,8,0.1,26,43.35443079471588,54.824826083638264,302 201 45 183 239 208 85 181
viper,3,kiss_k,8,1.0,26,42.721518874168396,54.40108170973173,302 201 45 183 239 208 85 181
viper,3,kiss_k,8,0.1,27,43.98734271526337,53.99607151212199,91 104 268 46 114 281 190 122
viper,3,kiss_k,8,1.0,27,43.670886754989624,53.9084913394678,91 104 268 46 114 281 190 122
viper,3,kiss_k,8,0.1,28,41.13923907279968,53.309421216886435,279 254 117 290 301 118 152 25
viper,3,kiss_k,8,1.0,28,39.55696225166321,52.276546623327356,279 254 117 290 301 118 152 25
viper,3,kiss_k,8,0.1,29,43.98734271526337,54.75749239319067,140 240 264 115 227 175 69 47
viper,3,kiss_k,8,1.0,29,43.03797483444214,54.582246224563534,140 240 264 115 227 175 69 47
viper,3,kiss_k,16,0.1,0,43.03797483444214,54.69052854226334,291 112 132 169 212 13 76 268 100 87 105 195 194 247 77 187
viper,3,kiss_k,16,1.0,0,44.62025463581085,55.765758084460096,291 112 132 169 212 13 76 268 100 87 105 195 194 247 77 187
viper,3,kiss_k,16,0.1,1,43.35443079471588,55.38823843316779,99 51 114 72 160 171 256 6 50 16 192 234 305 78 52 262
viper,3,kiss_k,16,1.0,1,44.30379867553711,55.55848152016204,99 51 114 72 160 171 256 6 50 16 192 234 305 78 52 262
viper,3,kiss_k,16,0.1,2,44.62025463581085,55.051954362620705,84 296 21 290 86 108 46 301 61 267 210 230 196 58 65 74
viper,3,kiss_k,16,1.0,2,42.40506291389465,54.03856759121061,84 296 21 290 86 108 46 301 61 267 210 230 196 58 65 74
viper,3,kiss_k,16,0.1,3,40.82278609275818,52.17902799713109,196 13 14 119 235 247 123 208 43 246 312 172 185 301 174 296
viper,3,kiss_k,16,1.0,3,41.455695033073425,52.79145965583471,196 13 14 119 235 247 123 208 43 246 312 172 185 301 174 296
viper,3,kiss_k,16,0.1,4,44.936707615852356,56.05331993871301,289 101 272 41 122 39 251 206 59 163 220 154 167 64 234 254
viper,3,kiss_k,16,1.0,4,45.886075496673584,56.718927430799226,289 101 272 41 122 39 251 206 59 163 220 154 167 64 234 254
viper,3,kiss_k,16,0.1,5,41.77215099334717,52.41172225423345,288 1 230 161 160 145 270 264 178 215 135 39 208 198 48 242
viper,3,kiss_k,16,1.0,5,41.77215099334717,52.91293895864596,288 1 230 161 160 145 270 264 178 215 135 39 208 198 48 242
viper,3,kiss_k,16,0.1,6,44.30379867553711,55.83732654819894,183 201 252 128 47 42 7 118 97 106 244 212 157 94 23 54
viper,3,kiss_k,16,1.0,6,43.670886754989624,55.660633846783746,183 201 252 128 47 42 7 118 97 106 244 212 157 94 23 54
viper,3,kiss_k,16,0.1,7,44.936707615852356,55.796013662616815,105 88 32 1 315 48 241 164 68 237 87 193 69 267 187 244
viper,3,kiss_k,16,1.0,7,42.40506291389465,54.888498207944146,105 88 32 1 315 48 241 164 68 237 87 193 69 267 187 244
viper,3,kiss_k,16,0.1,8,45.2531635761261,56.33947527688481,56 248 213 105 132 314 194 153 219 237 296 167 53 221 18 266
viper,3,kiss_k,16,1.0,8,45.2531635761261,56.08420793316032,56 248 213 105 132 314 194 153 219 237 296 167 53 221 18 266
viper,3,kiss_k,16,0.1,9,43.35443079471588,54.74276443960059,298 81 283 239 154 256 96 312 277 300 45 89 281 243 294 309
viper,3,kiss_k,16,1.0,9,41.77215099334717,53.587366861643794,298 81 283 239 154 256 96 312 277 300 45 89 281 243 294 309
viper,3,kiss_k,16,0.1,10,43.03797483444214,53.671012989786114,27 260 170 174 183 150 38 47 275 165 314 219 158 25 66 151
viper,3,kiss_k,16,1.0,10,41.455695033073425,52.64388143152661,27 260 170 174 183 150 38 47 275 165 314 219 158 25 66 151
viper,3,kiss_k,16,0.1,11,44.30379867553711,54.36265718356768,11 41 185 147 313 213 139 63 268 81 183 255 16 296 8 0
viper,3,kiss_k,16,1.0,11,44.30379867553711,54.602365054260574,11 41 185 147 313 213 139 63 268 81 183 255 16 296 8 0
viper,3,kiss_k,16,0.1,12,42.721518874168396,54.65031086821352,254 72 36 22 287 303 48 269 179 21 117 232 59 67 227 177
viper,3,kiss_k,16,1.0,12,43.98734271526337,55.357187577756925,254 72 36 22 287 303 48 269 179 21 117 232 59 67 227 177
viper,3,kiss_k,16,0.1,13,43.35443079471588,53.938991018200014,255 202 229 47 80 240 98 275 225 311 205 31 66 231 64 244
viper,3,kiss_k,16,1.0,13,41.455695033073425,52.97137453932188,255 202 229 47 80 240 98 275 225 311 205 31 66 231 64 244
viper,3,kiss_k,16,0.1,14,42.08860695362091,54.073033103401514,283 181 309 289 235 200 136 279 175 117 180 60 187 211 97 179
viper,3,kiss_k,16,1.0,14,43.35443079471588,55.02618968639636,283 181 309 289 235 200 136 279 175 117 180 60 187 211 97 179
viper,3,kiss_k,16,0.1,15,43.670886754989624,55.44061295000435,126 176 296 61 204 227 145 32 197 297 45 244 144 143 243 193
viper,3,kiss_k,16,1.0,15,41.77215099334717,54.67220062805299,126 176 296 61 204 227 145 32 197 297 45 244 144 143 243 193
viper,3,kiss_k,16,0.1,16,42.40506291389465,53.51224246717182,169 161 282 132 182 308 94 173 265 68 71 165 35 11 231 292
viper,3,kiss_k,16,1.0,16,43.35443079471588,54.23878916321079,169 161 282 132 182 308 94 173 265 68 71 165 35 11 231 292
viper,3,kiss_k,16,0.1,17,45.2531635761261,55.95962636219455,232 154 132 191 86 34 283 51 255 159 92 142 221 29 169 136
viper,3,kiss_k,16,1.0,17,46.20253145694733,56.63647528127,232 154 132 191 86 34 283 51 255 159 92 142 221 29 169 136
viper,3,kiss_k,16,0.1,18,43.670886754989624,54.06316356895896,10 116 256 286 164 294 203 189 199 78 47 109 211 55 284 299
viper,3,kiss_k,16,1.0,18,42.40506291389465,53.31171180475636,10 116 256 286 164 294 203 189 199 78 47 109 211 55 284 299
viper,3,kiss_k,16,0.1,19,45.56961953639984,56.300663382589434,104 195 269 90 191 119 278 255 211 241 156 15 37 122 32 187
viper,3,kiss_k,16,1.0,19,46.20253145694733,56.866840670249516,104 195 269 90 191 119 278 255 211 241 156 15 37 122 32 187
viper,3,kiss_k,16,0.1,20,45.2531635761261,56.50056948969715,293 90 6 174 156 269 211 290 76 139 185 173 245 13 122 184
viper,3,kiss_k,16,1.0,20,46.20253145694733,57.164959362434296,293 90 6 174 156 269 211 290 76 139 185 173 245 13 122 184
viper,3,kiss_k,16,0.1,21,43.98734271526337,55.66135282335654,51 24 207 54 226 210 182 83 163 192 245 57 307 280 246 290
viper,3,kiss_k,16,1.0,21,42.721518874168396,55.24389264128939,51 24 207 54 226 210 182 83 163 192 245 57 307 280 246 290
viper,3,kiss_k,16,0.1,22,45.56961953639984,55.97932525875429,243 233 79 28 222 293 253 6 48 288 207 51 22 256 161 106
viper,3,kiss_k,16,1.0,22,44.936707615852356,55.91766683561848,243 233 79 28 222 293 253 6 48 288 207 51 22 256 161 106
viper,3,kiss_k,16,0.1,23,44.62025463581085,55.29589055516592,302 59 18 252 132 86 102 80 246 179 136 277 269 205 117 283
viper,3,kiss_k,16,1.0,23,43.35443079471588,54.76376076078545,302 59 18 252 132 86 102 80 246 179 136 277 269 205 117 283
viper,3,kiss_k,16,0.1,24,44.936707615852356,55.50025117529501,239 15 136 11 195 118 248 130 301 293 215 3 58 116 210 281
viper,3,kiss_k,16,1.0,24,43.98734271526337,55.423825400997494,239 15 136 11 195 118 248 130 301 293 215 3 58 116 210 281
viper,3,kiss_k,16,0.1,25,46.20253145694733,56.94829007774169,224 183 302 193 177 235 2 237 7 54 62 266 315 213 219 57
viper,3,kiss_k,16,1.0,25,44.30379867553711,56.018430763498294,224 183 302 193 177 235 2 237 7 54 62 266 315 213 219 57
viper,3,kiss_k,16,0.1,26,43.98734271526337,54.58334742004847,68 102 125 304 260 66 34 69 126 248 99 48 216 26 179 2
viper,3,kiss_k,16,1.0,26,44.30379867553711,55.0801805066564,68 102 125 304 260 66 34 69 126 248 99 48 216 26 179 2
viper,3,kiss_k,16,0.1,27,44.30379867553711,55.440327891847495,4 297 59 255 61 152 21 240 75 102 254 32 315 244 45 148
viper,3,kiss_k,16,1.0,27,42.40506291389465,54.80246776930099,4 297 59 255 61 152 21 240 75 102 254 32 315 244 45 148
viper,3,kiss_k,16,0.1,28,43.670886754989624,55.35218025566899,213 181 12 3 307 291 119 206 113 194 81 67 230 228 188 264
viper,3,kiss_k,16,1.0,28,43.670886754989624,55.33412842735811,213 181 12 3 307 291 119 206 113 194 81 67 230 228 188 264
viper,3,kiss_k,16,0.1,29,43.670886754989624,54.68467987952283,3 11 230 232 109 282 39 186 286 95 145 169 174 17 235 129
viper,3,kiss_k,16,1.0,29,43.98734271526337,55.16672675855153,3 11 230 232 109 282 39 186 286 95 145 169 174 17 235 129
viper,3,kiss_k,32,0.1,0,45.886075496673584,57.129888710049094,11 128 83 211 105 162 182 130 299 44 199 119 224 28 117 164 175 110 136 17 134 298 89 282 71 218 293 238 190 234 188 233
viper,3,kiss_k,32,1.0,0,46.51898741722107,57.86731387341199,11 128 83 211 105 162 182 130 299 44 199 119 224 28 117 164 175 110 136 17 134 298 89 282 71 218 293 238 190 234 188 233
viper,3,kiss_k,32,0.1,1,45.2531635761261,56.040367340718525,76 62 236 114 178 212 81 305 109 153 96 5 57 27 100 240 177 243 140 294 17 263 237 9 38 111 67 195 10 11 246 262
viper,3,kiss_k,32,1.0,1,44.30379867553711,55.524142916900246,76 62 236 114 178 212 81 305 109 153 96 5 57 27 100 240 177 243 140 294 17 263 237 9 38 111 67 195 10 11 246 262
viper,3,kiss_k,32,0.1,2,45.2531635761261,55.32438278441193,279 252 42 257 82 271 40 68 297 49 129 147 149 296 26 254 30 293 223 169 268 241 139 72 199 80 301 74 170 191 102 78
viper,3,kiss_k,32,1.0,2,45.56961953639984,56.008729177008,279 252 42 257 82 271 40 68 297 49 129 147 149 296 26 254 30 293 223 169 268 241 139 72 199 80 301 74 170 191 102 78
viper,3,kiss_k,32,0.1,3,45.886075496673584,55.77597684669371,90 207 92 271 51 281 250 257 255 117 70 287 111 248 312 200 168 64 36 131 39 238 142 279 172 292 24 93 20 175 218 144
viper,3,kiss_k,32,1.0,3,43.670886754989624,55.236790375129466,90 207 92 271 51 281 250 257 255 117 70 287 111 248 312 200 168 64 36 131 39 238 142 279 172 292 24 93 20 175 218 144
viper,3,kiss_k,32,0.1,4,44.936707615852356,55.07418378995177,138 264 1 103 73 194 266 176 111 146 209 196 96 68 170 31 231 175 95 154 240 305 136 56 39 46 127 233 193 65 90 48
viper,3,kiss_k,32,1.0,4,44.30379867553711,55.10077763802922,138 264 1 103 73 194 266 176 111 146 209 196 96 68 170 31 231 175 95 154 240 305 136 56 39 46 127 233 193 65 90 48
viper,3,kiss_k,32,0.1,5,46.20253145694733,57.24169789905268,250 24 84 214 108 314 39 87 118 62 67 69 227 252 19 172 291 315 42 18 254 163 117 13 83 310 235 44 300 17 134 86
viper,3,kiss_k,32,1.0,5,46.20253145694733,57.30743230534119,250 24 84 214 108 314 39 87 118 62 67 69 227 252 19 172 291 315 42 18 254 163 117 13 83 310 235 44 300 17 134 86
viper,3,kiss_k,32,0.1,6,44.62025463581085,55.59017916135419,54 293 48 115 122 146 100 273 230 148 214 189 42 261 16 284 213 221 238 6 283 313 228 19 275 241 73 255 301 269 169 220
viper,3,kiss_k,32,1.0,6,45.2531635761261,56.33469534029333,54 293 48 115 122 146 100 273 230 148 214 189 42 261 16 284 213 221 238 6 283 313 228 19 275 241 73 255 301 269 169 220
viper,3,kiss_k,32,0.1,7,45.886075496673584,56.471242627258015,206 261 217 124 94 189 229 88 112 230 195 164 209 155 98 44 218 227 272 289 304 73 238 270 38 91 186 288 257 105 57 262
viper,3,kiss_k,32,1.0,7,44.936707615852356,56.63842097431583,206 261 217 124 94 189 229 88 112 230 195 164 209 155 98 44 218 227 272 289 304 73 238 270 38 91 186 288 257 105 57 262
viper,3,kiss_k,32,0.1,8,45.56961953639984,56.48239014114833,264 122 79 224 304 176 312 143 102 259 239 133 164 100 108 276 128 174 105 119 36 189 157 193 211 254 27 30 162 184 97 75
viper,3,kiss_k,32,1.0,8,44.30379867553711,56.10009307505408,264 122 79 224 304 176 312 143 102 259 239 133 164 100 108 276 128 174 105 119 36 189 157 193 211 254 27 30 162 184 97 75
viper,3,kiss_k,32,0.1,9,45.56961953639984,56.65655213218393,190 193 29 70 77 296 269 87 27 176 129 133 263 195 113 271 125 106 161 231 45 179 213 207 265 294 119 147 222 300 96 249
viper,3,kiss_k,32,1.0,9,45.886075496673584,57.295232546620156,190 193 29 70 77 296 269 87 27 176 129 133 263 195 113 271 125 106 161 231 45 179 213 207 265 294 119 147 222 300 96 249
viper,3,kiss_k,32,0.1,10,45.2531635761261,56.65482770950351,65 111 133 225 116 96 156 107 270 230 253 272 39 63 2 162 260 296 187 13 279 34 239 151 135 117 6 45 229 28 310 12
viper,3,kiss_k,32,1.0,10,47.151899337768555,58.22691449929348,65 111 133 225 116 96 156 107 270 230 253 272 39 63 2 162 260 296 187 13 279 34 239 151 135 117 6 45 229 28 310 12
viper,3,kiss_k,32,0.1,11,44.62025463581085,55.96306705294981,73 109 20 61 241 151 179 2 301 86 6 177 16 22 260 245 231 32 88 100 297 175 211 207 0 95 71 23 117 167 271 54
viper,3,kiss_k,32,1.0,11,45.2531635761261,56.569667141271026,73 109 20 61 241 151 179 2 301 86 6 177 16 22 260 245 231 32 88 100 297 175 211 207 0 95 71 23 117 167 271 54
viper,3,kiss_k,32,0.1,12,46.83544337749481,56.64341562372515,68 51 88 153 194 300 32 46 19 149 80 204 167 130 192 286 120 147 260 2 5 225 213 181 270 196 158 233 116 257 72 45
viper,3,kiss_k,32,1.0,12,46.83544337749481,57.32226205561711,68 51 88 153 194 300 32 46 19 149 80 204 167 130 192 286 120 147 260 2 5 225 213 181 270 196 158 233 116 257 72 45
viper,3,kiss_k,32,0.1,13,46.51898741722107,56.49939392124062,99 180 249 117 40 95 208 70 187 122 265 251 170 226 281 65 255 159 274 46 267 210 111 247 28 8 83 44 17 176 61 118
viper,3,kiss_k,32,1.0,13,46.51898741722107,56.5967374465706,99 180 249 117 40 95 208 70 187 122 265 251 170 226 281 65 255 159 274 46 267 210 111 247 28 8 83 44 17 176 61 118
viper,3,kiss_k,32,0.1,14,43.35443079471588,55.9854665905984,177 277 116 290 237 180 41 174 199 207 125 302 187 189 234 203 132 169 84 188 297 210 278 183 32 135 229 194 165 225 100 31
viper,3,kiss_k,32,1.0,14,44.62025463581085,57.09534933917525,177 277 116 290 237 180 41 174 199 207 125 302 187 189 234 203 132 169 84 188 297 210 278 183 32 135 229 194 165 225 100 31
viper,3,kiss_k,32,0.1,15,45.56961953639984,55.305810187342274,99 68 264 42 87 171 305 274 280 72 71 187 129 112 217 88 294 202 219 111 192 131 191 107 101 0 307 56 139 273 150 132
viper,3,kiss_k,32,1.0,15,46.20253145694733,56.450315442877056,99 68 264 42 87 171 305 274 280 72 71 187 129 112 217 88 294 202 219 111 192 131 191 107 101 0 307 56 139 273 150 132
viper,3,kiss_k,32,0.1,16,44.936707615852356,55.36631138795543,83 194 284 191 38 265 236 222 224 230 177 21 159 221 72 303 298 179 200 300 45 116 275 246 149 152 295 189 96 101 52 69
viper,3,kiss_k,32,1.0,16,43.03797483444214,54.49378873480247,83 194 284 191 38 265 236 222 224 230 177 21 159 221 72 303 298 179 200 300 45 116 275 246 149 152 295 189 96 101 52 69
viper,3,kiss_k,32,0.1,17,44.62025463581085,56.04989685529678,175 144 37 270 187 299 300 136 235 91 129 195 29 125 128 60 140 217 209 141 158 45 1 97 266 135 171 94 9 212 165 131
viper,3,kiss_k,32,1.0,17,45.56961953639984,56.663199779475306,175 144 37 270 187 299 300 136 235 91 129 195 29 125 128 60 140 217 209 141 158 45 1 97 266 135 171 94 9 212 165 131
viper,3,kiss_k,32,0.1,18,45.886075496673584,55.69563794326936,295 256 139 153 23 76 176 63 257 306 103 162 195 58 285 145 77 286 113 200 112 72 167 155 224 20 60 189 294 39 230 93
viper,3,kiss_k,32,1.0,18,45.2531635761261,55.593958515242605,295 256 139 153 23 76 176 63 257 306 103 162 195 58 285 145 77 286 113 200 112 72 167 155 224 20 60 189 294 39 230 93
viper,3,kiss_k,32,0.1,19,47.4683552980423,57.00580387254386,138 293 309 187 236 0 269 219 315 278 146 128 41 35 115 100 98 267 84 47 91 92 191 2 9 141 25 201 121 170 163 11
viper,3,kiss_k,32,1.0,19,46.83544337749481,57.094264200877234,138 293 309 187 236 0 269 219 315 278 146 128 41 35 115 100 98 267 84 47 91 92 191 2 9 141 25 201 121 170 163 11
viper,3,kiss_k,32,0.1,20,45.2531635761261,55.59119855119958,186 262 301 147 36 295 66 282 40 56 202 92 260 150 96 16 257 131 169 269 157 0 72 24 272 232 253 103 9 252 153 212
viper,3,kiss_k,32,1.0,20,47.78481125831604,56.82889640283696,186 262 301 147 36 295 66 282 40 56 202 92 260 150 96 16 257 131 169 269 157 0 72 24 272 232 253 103 9 252 153 212
viper,3,kiss_k,32,0.1,21,46.83544337749481,56.57055572334144,270 120 13 7 127 286 141 81 223 194 48 53 196 204 38 168 240 121 70 99 3 184 159 224 34 285 242 230 202 26 142 249
viper,3,kiss_k,32,1.0,21,44.30379867553711,55.514251965640426,270 120 13 7 127 286 141 81 223 194 48 53 196 204 38 168 240 121 70 99 3 184 159 224 34 285 242 230 202 26 142 249
viper,3,kiss_k,32,0.1,22,47.151899337768555,56.83190798570268,23 246 25 296 223 39 143 74 60 176 59 304 38 207 155 215 184 154 226 267 125 49 307 217 270 13 66 216 205 178 245 280
viper,3,kiss_k,32,1.0,22,47.4683552980423,57.60320593729742,23 246 25 296 223 39 143 74 60 176 59 304 38 207 155 215 184 154 226 267 125 49 307 217 270 13 66 216 205 178 245 280
viper,3,kiss_k,32,0.1,23,44.30379867553711,54.633233173578155,231 137 291 22 267 13 77 31 285 89 219 9 136 111 254 220 149 282 32 12 16 275 300 283 278 72 82 43 71 312 223 286
viper,3,kiss_k,32,1.0,23,44.30379867553711,55.0131152630265,231 137 291 22 267 13 77 31 285 89 219 9 136 111 254 220 149 282 32 12 16 275 300 283 278 72 82 43 71 312 223 286
viper,3,kiss_k,32,0.1,24,44.936707615852356,55.563155709686974,249 222 21 106 210 40 2 119 192 283 24 240 87 278 124 176 22 234 66 128 258 48 208 216 204 206 30 300 151 231 64 130
viper,3,kiss_k,32,1.0,24,43.35443079471588,55.34510073894108,249 222 21 106 210 40 2 119 192 283 24 240 87 278 124 176 22 234 66 128 258 48 208 216 204 206 30 300 151 231 64 130
viper,3,kiss_k,32,0.1,25,49.367088079452515,59.110171218275596,12 148 166 156 113 179 287 68 250 98 140 176 290 104 112 97 224 136 128 139 183 76 2 304 70 81 37 78 147 143 45 88
viper,3,kiss_k,32,1.0,25,48.73417615890503,58.77105376930613,12 148 166 156 113 179 287 68 250 98 140 176 290 104 112 97 224 136 128 139 183 76 2 304 70 81 37 78 147 143 45 88
viper,3,kiss_k,32,0.1,26,47.151899337768555,57.678826903527366,66 159 171 216 242 17 243 269 184 113 77 165 142 276 203 40 156 234 138 74 295 270 96 25 18 120 39 23 193 274 241 133
viper,3,kiss_k,32,1.0,26,46.83544337749481,57.812990395840956,66 159 171 216 242 17 243 269 184 113 77 165 142 276 203 40 156 234 138 74 295 270 96 25 18 120 39 23 193 274 241 133
viper,3,kiss_k,32,0.1,27,46.20253145694733,56.64184310293009,224 308 145 30 209 26 163 38 313 250 297 116 109 108 56 198 110 11 94 39 206 213 138 166 57 14 262 259 133 265 17 161
viper,3,kiss_k,32,1.0,27,45.2531635761261,56.54603392209222,224 308 145 30 209 26 163 38 313 250 297 116 109 108 56 198 110 11 94 39 206 213 138 166 57 14 262 259 133 265 17 161
viper,3,kiss_k,32,0.1,28,43.98734271526337,54.808001422917044,261 159 209 42 166 201 44 185 26 83 198 253 234 269 88 107 294 77 228 110 123 224 190 308 175 72 180 132 277 133 193 262
viper,3,kiss_k,32,1.0,28,42.08860695362091,53.91375392213929,261 159 209 42 166 201 44 185 26 83 198 253 234 269 88 107 294 77 228 110 123 224 190 308 175 72 180 132 277 133 193 262
viper,3,kiss_k,32,0.1,29,44.62025463581085,56.10589612320618,249 215 130 178 5 242 197 189 26 70 245 96 220 59 121 244 102 270 134 259 2 86 285 214 297 172 40 92 111 232 133 53
viper,3,kiss_k,32,1.0,29,44.30379867553711,56.766242626691145,249 215 130 178 5 242 197 189 26 70 245 96 220 59 121 244 102 270 134 259 2 86 285 214 297 172 40 92 111 232 133 53
viper,4,raw,0,-1,-1,41.13923907279968,50.47891020347935,
viper,4,center,0,-1,-1,41.13923907279968,50.47891020347935,
viper,4,unlab,0,0.1,-1,40.506330132484436,50.15333930030297,
viper,4,kiss_all,316,0.1,-1,44.30379867553711,55.55065279721851,
viper,4,unlab,0,1.0,-1,39.55696225166321,49.60719944943983,
viper,4,kiss_all,316,1.0,-1,50.94936490058899,62.38272517447213,
viper,4,kiss_k,2,0.1,0,41.13923907279968,50.612337880239224,169 65
viper,4,kiss_k,2,1.0,0,40.82278609275818,50.314444148851415,169 65
viper,4,kiss_k,2,0.1,1,40.506330132484436,50.408302057176556,144 136
viper,4,kiss_k,2,1.0,1,39.55696225166321,49.62178421278644,144 136
viper,4,kiss_k,2,0.1,2,42.40506291389465,51.40765257693835,175 27
viper,4,kiss_k,2,1.0,2,40.82278609275818,50.35182542025763,175 27
viper,4,kiss_k,2,0.1,3,39.87341821193695,50.020403151568146,208 229
viper,4,kiss_k,2,1.0,3,39.240506291389465,49.50625774849516,208 229
viper,4,kiss_k,2,0.1,4,40.506330132484436,50.45990957886713,242 7
viper,4,kiss_k,2,1.0,4,40.506330132484436,50.25367649204067,242 7
viper,4,kiss_k,2,0.1,5,42.08860695362091,51.61976980300168,112 23
viper,4,kiss_k,2,1.0,5,41.455695033073425,51.06399568621701,112 23
viper,4,kiss_k,2,0.1,6,41.77215099334717,50.91258537773364,160 168
viper,4,kiss_k,2,1.0,6,40.82278609275818,50.40157814012072,160 168
viper,4,kiss_k,2,0.1,7,42.721518874168396,51.66254417040591,55 114
viper,4,kiss_k,2,1.0,7,40.18987417221069,50.14910416322647,55 114
viper,4,kiss_k,2,0.1,8,41.13923907279968,51.151610841471616,228 131
viper,4,kiss_k,2,1.0,8,40.506330132484436,50.45094473642787,228 131
viper,4,kiss_k,2,0.1,9,42.08860695362091,51.79251871438596,81 283
viper,4,kiss_k,2,1.0,9,41.13923907279968,51.090078014144154,81 283
viper,4,kiss_k,2,0.1,10,42.721518874168396,52.67495400831517,302 127
viper,4,kiss_k,2,1.0,10,40.82278609275818,51.26198608063729,302 127
viper,4,kiss_k,2,0.1,11,41.455695033073425,51.07543781659755,52 161
viper,4,kiss_k,2,1.0,11,40.82278609275818,50.49683455069614,52 161
viper,4,kiss_k,2,0.1,12,42.721518874168396,51.91321467040364,185 268
viper,4,kiss_k,2,1.0,12,41.455695033073425,50.966640536140616,185 268
viper,4,kiss_k,2,0.1,13,41.77215099334717,51.18273438962909,164 39
viper,4,kiss_k,2,1.0,13,40.18987417221069,50.094562580915614,164 39
viper,4,kiss_k,2,0.1,14,41.13923907279968,50.60934090348886,266 116
viper,4,kiss_k,2,1.0,14,40.82278609275818,50.52724076462177,266 116
viper,4,kiss_k,2,0.1,15,41.13923907279968,51.34961406725268,168 49
viper,4,kiss_k,2,1.0,15,40.506330132484436,50.98471376222863,168 49
viper,4,kiss_k,2,0.1,16,42.40506291389465,52.069583610070026,46 15
viper,4,kiss_k,2,1.0,16,41.455695033073425,51.0088394697543,46 15
viper,4,kiss_k,2,0.1,17,41.455695033073425,51.324830304440425,253 181
viper,4,kiss_k,2,1.0,17,40.506330132484436,50.39054604368334,253 181
viper,4,kiss_k,2,0.1,18,40.506330132484436,50.712715257839534,242 252
viper,4,kiss_k,2,1.0,18,40.82278609275818,50.62046761006241,242 252
viper,4,kiss_k,2,0.1,19,40.82278609275818,51.150662402546466,196 296
viper,4,kiss_k,2,1.0,19,39.87341821193695,50.436205561922684,196 296
viper,4,kiss_k,2,0.1,20,41.77215099334717,51.32054976983693,185 109
viper,4,kiss_k,2,1.0,20,41.13923907279968,50.71377966655868,185 109
viper,4,kiss_k,2,0.1,21,41.77215099334717,51.036404223221176,227 128
viper,4,kiss_k,2,1.0,21,40.82278609275818,50.526480625679326,227 128
viper,4,kiss_k,2,0.1,22,40.82278609275818,50.66466654179135,309 224
viper,4,kiss_k,2,1.0,22,40.18987417221069,50.03080098352538,309 224
viper,4,kiss_k,2,0.1,23,42.40506291389465,51.68522879250944,309 268
viper,4,kiss_k,2,1.0,23,40.18987417221069,50.32113327447583,309 268
viper,4,kiss_k,2,0.1,24,40.82278609275818,50.180058402522995,26 194
viper,4,kiss_k,2,1.0,24,40.18987417221069,49.749755028573226,26 194
viper,4,kiss_k,2,0.1,25,41.455695033073425,50.71114573103298,129 64
viper,4,kiss_k,2,1.0,25,40.506330132484436,50.27143621790131,129 64
viper,4,kiss_k,2,0.1,26,41.77215099334717,51.31195303103146,175 171
viper,4,kiss_k,2,1.0,26,40.506330132484436,50.62987697943573,175 171
viper,4,kiss_k,2,0.1,27,41.77215099334717,50.987532542306035,223 214
viper,4,kiss_k,2,1.0,27,40.18987417221069,49.93700947433087,223 214
viper,4,kiss_k,2,0.1,28,40.82278609275818,50.47959048212226,230 173
viper,4,kiss_k,2,1.0,28,40.18987417221069,50.15674820858932,230 173
viper,4,kiss_k,2,0.1,29,41.13923907279968,50.772102705517376,249 97
viper,4,kiss_k,2,1.0,29,39.87341821193695,50.0753580532622,249 97
viper,4,kiss_k,4,0.1,0,40.82278609275818,51.25388569377589,71 98 268 155
viper,4,kiss_k,4,1.0,0,39.87341821193695,50.50730178425309,71 98 268 155
viper,4,kiss_k,4,0.1,1,41.13923907279968,50.687142091509266,22 182 24 119
viper,4,kiss_k,4,1.0,1,39.55696225166321,49.968342374734185,22 182 24 119
viper,4,kiss_k,4,0.1,2,40.506330132484436,50.85955965232615,110 168 83 65
viper,4,kiss_k,4,1.0,2,40.506330132484436,50.768990635699,110 168 83 65
viper,4,kiss_k,4,0.1,3,42.08860695362091,51.8212715501034,125 158 117 63
viper,4,kiss_k,4,1.0,3,40.506330132484436,50.721898785243205,125 158 117 63
viper,4,kiss_k,4,0.1,4,42.40506291389465,51.922799734384775,273 177 165 36
viper,4,kiss_k,4,1.0,4,41.455695033073425,51.40838906061676,273 177 165 36
viper,4,kiss_k,4,0.1,5,42.08860695362091,51.60617896799407,162 111 228 144
viper,4,kiss_k,4,1.0,5,41.455695033073425,51.05416789091457,162 111 228 144
viper,4,kiss_k,4,0.1,6,42.40506291389465,51.6245346035148,56 15 206 57
viper,4,kiss_k,4,1.0,6,42.08860695362091,51.20084188027418,56 15 206 57
viper,4,kiss_k,4,0.1,7,41.77215099334717,52.018710513863596,206 141 293 125
viper,4,kiss_k,4,1.0,7,41.455695033073425,51.59483213751407,206 141 293 125
viper,4,kiss_k,4,0.1,8,43.35443079471588,52.375940140083635,10 114 238 21
viper,4,kiss_k,4,1.0,8,41.455695033073425,51.27203854852769,10 114 238 21
viper,4,kiss_k,4,0.1,9,41.77215099334717,51.70658082053154,306 288 191 180
viper,4,kiss_k,4,1.0,9,42.08860695362091,51.63574540482334,306 288 191 180
viper,4,kiss_k,4,0.1,10,42.08860695362091,51.51211356050807,206 129 300 238
viper,4,kiss_k,4,1.0,10,39.87341821193695,50.20212814170855,206 129 300 238
viper,4,kiss_k,4,0.1,11,42.721518874168396,51.63747095332548,40 304 199 105
viper,4,kiss_k,4,1.0,11,40.506330132484436,50.23405075605125,40 304 199 105
viper,4,kiss_k,4,0.1,12,41.455695033073425,51.29909258025044,141 69 35 210
viper,4,kiss_k,4,1.0,12,39.87341821193695,49.764040851100496,141 69 35 210
viper,4,kiss_k,4,0.1,13,40.82278609275818,51.01711470987329,311 41 183 45
viper,4,kiss_k,4,1.0,13,39.87341821193695,50.1265682128626,311 41 183 45
viper,4,kiss_k,4,0.1,14,42.40506291389465,51.75437999404357,61 199 279 224
viper,4,kiss_k,4,1.0,14,41.77215099334717,51.17736929201321,61 199 279 224
viper,4,kiss_k,4,0.1,15,42.721518874168396,51.638177891021705,153 129 97 276
viper,4,kiss_k,4,1.0,15,41.455695033073425,50.73582522999087,153 129 97 276
viper,4,kiss_k,4,0.1,16,41.13923907279968,51.239574945555496,135 208 23 194
viper,4,kiss_k,4,1.0,16,40.82278609275818,50.624789265951044,135 208 23 194
viper,4,kiss_k,4,0.1,17,41.455695033073425,51.07220365563381,292 89 176 229
viper,4,kiss_k,4,1.0,17,40.18987417221069,50.181731960407994,292 89 176 229
viper,4,kiss_k,4,0.1,18,41.13923907279968,50.701701281907944,175 114 211 275
viper,4,kiss_k,4,1.0,18,41.455695033073425,50.54761314642347,175 114 211 275
viper,4,kiss_k,4,0.1,19,43.98734271526337,53.04027362757594,136 280 223 276
viper,4,kiss_k,4,1.0,19,43.35443079471588,52.125268908784385,136 280 223 276
viper,4,kiss_k,4,0.1,20,43.670886754989624,52.886712549508005,78 175 23 233
viper,4,kiss_k,4,1.0,20,42.08860695362091,51.93295715722158,78 175 23 233
viper,4,kiss_k,4,0.1,21,43.03797483444214,52.53455358655399,129 124 44 18
viper,4,kiss_k,4,1.0,21,41.13923907279968,51.251272396734336,129 124 44 18
viper,4,kiss_k,4,0.1,22,42.721518874168396,52.39319724074267,233 42 115 183
viper,4,kiss_k,4,1.0,22,42.721518874168396,52.286681527062285,233 42 115 183
viper,4,kiss_k,4,0.1,23,40.82278609275818,51.12476286248854,212 216 146 205
viper,4,kiss_k,4,1.0,23,40.18987417221069,50.51130355862031,212 216 146 205
viper,4,kiss_k,4,0.1,24,41.455695033073425,51.2575469399785,285 2 260 136
viper,4,kiss_k,4,1.0,24,40.82278609275818,50.39363166649304,285 2 260 136
viper,4,kiss_k,4,0.1,25,42.08860695362091,51.7768622550409,63 40 172 44
viper,4,kiss_k,4,1.0,25,41.13923907279968,50.968408122613695,63 40 172 44
viper,4,kiss_k,4,0.1,26,41.455695033073425,50.95873342545273,53 88 151 144
viper,4,kiss_k,4,1.0,26,39.87341821193695,50.16083105325444,53 88 151 144
viper,4,kiss_k,4,0.1,27,43.35443079471588,52.71139292758669,238 184 83 115
viper,4,kiss_k,4,1.0,27,42.08860695362091,52.04017236347054,238 184 83 115
viper,4,kiss_k,4,0.1,28,41.455695033073425,50.66972938239031,20 60 131 226
viper,4,kiss_k,4,1.0,28,40.82278609275818,50.17737085398245,20 60 131 226
viper,4,kiss_k,4,0.1,29,40.506330132484436,50.68160174567421,311 123 176 235
viper,4,kiss_k,4,1.0,29,39.87341821193695,50.047800317184944,311 123 176 235
viper,4,kiss_k,8,0.1,0,42.721518874168396,52.786070569778396,78 209 116 216 232 63 11 249
viper,4,kiss_k,8,1.0,0,43.03797483444214,52.80052670945013,78 209 116 216 232 63 11 249
viper,4,kiss_k,8,0.1,1,44.936707615852356,53.41007391135042,114 131 110 260 62 269 34 304
viper,4,kiss_k,8,1.0,1,43.98734271526337,52.438703358499474,114 131 110 260 62 269 34 304
viper,4,kiss_k,8,0.1,2,44.62025463581085,52.98552669898184,35 144 231 101 106 247 46 126
viper,4,kiss_k,8,1.0,2,42.721518874168396,51.66474942950173,35 144 231 101 106 247 46 126
viper,4,kiss_k,8,0.1,3,42.721518874168396,52.26114070777679,177 169 232 60 66 203 12 72
viper,4,kiss_k,8,1.0,3,41.455695033073425,51.29611328140591,177 169 232 60 66 203 12 72
viper,4,kiss_k,8,0.1,4,44.30379867553711,54.27645049788359,312 233 173 276 184 99 10 262
viper,4,kiss_k,8,1.0,4,43.35443079471588,53.47035513885877,312 233 173 276 184 99 10 262
viper,4,kiss_k,8,0.1,5,42.40506291389465,52.45361259356446,90 68 75 20 293 172 290 64
viper,4,kiss_k,8,1.0,5,42.08860695362091,51.92573876323486,90 68 75 20 293 172 290 64
viper,4,kiss_k,8,0.1,6,41.455695033073425,52.811469490434945,176 136 82 59 268 90 308 147
viper,4,kiss_k,8,1.0,6,40.18987417221069,51.62877869382937,176 136 82 59 268 90 308 147
viper,4,kiss_k,8,0.1,7,43.98734271526337,54.1256263031933,185 127 72 310 252 311 171 289
viper,4,kiss_k,8,1.0,7,43.98734271526337,53.9723724632606,185 127 72 310 252 311 171 289
viper,4,kiss_k,8,0.1,8,41.455695033073425,51.54761851267212,206 160 79 204 117 88 157 177
viper,4,kiss_k,8,1.0,8,42.40506291389465,51.53849231489036,206 160 79 204 117 88 157 177
viper,4,kiss_k,8,0.1,9,44.62025463581085,54.113164640221136,315 48 95 51 116 127 96 220
viper,4,kiss_k,8,1.0,9,43.35443079471588,52.88323614299303,315 48 95 51 116 127 96 220
viper,4,kiss_k,8,0.1,10,43.98734271526337,52.67250788431521,56 126 131 26 10 60 186 40
viper,4,kiss_k,8,1.0,10,42.721518874168396,51.91305724553181,56 126 131 26 10 60 186 40
viper,4,kiss_k,8,0.1,11,44.936707615852356,54.109867430977886,299 305 167 58 303 87 96 176
viper,4,kiss_k,8,1.0,11,43.98734271526337,53.30807554889275,299 305 167 58 303 87 96 176
viper,4,kiss_k,8,0.1,12,42.40506291389465,52.42012268357199,217 201 83 108 213 286 132 246
viper,4,kiss_k,8,1.0,12,41.455695033073425,51.80636459145662,217 201 83 108 213 286 132 246
viper,4,kiss_k,8,0.1,13,43.670886754989624,52.41394100897933,48 158 234 93 126 137 120 283
viper,4,kiss_k,8,1.0,13,41.77215099334717,51.546455817633486,48 158 234 93 126 137 120 283
viper,4,kiss_k,8,0.1,14,41.13923907279968,51.14681751812172,4 155 254 26 122 257 284 309
viper,4,kiss_k,8,1.0,14,40.82278609275818,50.52121048881186,4 155 254 26 122 257 284 309
viper,4,kiss_k,8,0.1,15,43.670886754989624,53.452776757054686,44 215 200 100 176 42 137 69
viper,4,kiss_k,8,1.0,15,42.721518874168396,52.53933985412787,44 215 200 100 176 42 137 69
viper,4,kiss_k,8,0.1,16,43.35443079471588,52.84086289680463,302 201 45 183 239 208 85 181
viper,4,kiss_k,8,1.0,16,41.77215099334717,51.73152490613828,302 201 45 183 239 208 85 181
viper,4,kiss_k,8,0.1,17,45.2531635761261,54.51018542966274,91 104 268 46 114 281 190 122
viper,4,kiss_k,8,1.0,17,44.30379867553711,53.698876078164005,91 104 268 46 114 281 190 122
viper,4,kiss_k,8,0.1,18,43.03797483444214,52.205774711584304,279 254 117 290 301 118 152 25
viper,4,kiss_k,8,1.0,18,41.13923907279968,50.884699874370966,279 254 117 290 301 118 152 25
viper,4,kiss_k,8,0.1,19,44.62025463581085,53.21833180775596,140 240 264 115 227 175 69 47
viper,4,kiss_k,8,1.0,19,43.35443079471588,52.68988795086275,140 240 264 115 227 175 69 47
viper,4,kiss_k,8,0.1,20,42.40506291389465,52.509568355933986,44 241 28 172 236 68 58 66
viper,4,kiss_k,8,1.0,20,42.08860695362091,52.1081453883543,44 241 28 172 236 68 58 66
viper,4,kiss_k,8,0.1,21,43.03797483444214,52.2282410795266,161 204 239 6 85 257 158 34
viper,4,kiss_k,8,1.0,21,40.82278609275818,50.91131088907703,161 204 239 6 85 257 158 34
viper,4,kiss_k,8,0.1,22,43.670886754989624,53.278434196661664,19 73 305 142 219 20 62 199
viper,4,kiss_k,8,1.0,22,42.721518874168396,52.67866639358106,19 73 305 142 219 20 62 199
viper,4,kiss_k,8,0.1,23,43.35443079471588,53.43664084757209,11 185 91 106 182 297 55 223
viper,4,kiss_k,8,1.0,23,41.77215099334717,52.096686139742246,11 185 91 106 182 297 55 223
viper,4,kiss_k,8,0.1,24,43.98734271526337,53.446630148312,166 90 176 193 46 54 113 57
viper,4,kiss_k,8,1.0,24,42.40506291389465,52.62355841433146,166 90 176 193 46 54 113 57
viper,4,kiss_k,8,0.1,25,42.721518874168396,51.94820253501259,170 250 141 214 212 122 284 42
viper,4,kiss_k,8,1.0,25,42.08860695362091,51.470598520739905,170 250 141 214 212 122 284 42
viper,4,kiss_k,8,0.1,26,42.40506291389465,52.67658558737489,196 309 80 186 56 20 96 92
viper,4,kiss_k,8,1.0,26,41.13923907279968,52.00261164612918,196 309 80 186 56 20 96 92
viper,4,kiss_k,8,0.1,27,42.40506291389465,52.97396104135436,121 218 34 69 35 194 49 83
viper,4,kiss_k,8,1.0,27,42.721518874168396,52.81849808470924,121 218 34 69 35 194 49 83
viper,4,kiss_k,8,0.1,28,42.08860695362091,51.42241188233383,255 222 155 199 154 157 285 129
viper,4,kiss_k,8,1.0,28,40.82278609275818,50.74309213140472,255 222 155 199 154 157 285 129
viper,4,kiss_k,8,0.1,29,42.721518874168396,53.107962327854665,109 43 212 27 91 51 121 123
viper,4,kiss_k,8,1.0,29,42.721518874168396,52.904688387849774,109 43 212 27 91 51 121 123
viper,4,kiss_k,16,0.1,0,40.82278609275818,51.69969776711669,27 260 170 174 183 150 38 47 275 165 314 219 158 25 66 151
viper,4,kiss_k,16,1.0,0,40.506330132484436,51.412364797570206,27 260 170 174 183 150 38 47 275 165 314 219 158 25 66 151
viper,4,kiss_k,16,0.1,1,41.455695033073425,52.72588974413114,11 41 185 147 313 213 139 63 268 81 183 255 16 296 8 0
viper,4,kiss_k,16,1.0,1,42.08860695362091,52.8602993750526,11 41 185 147 313 213 139 63 268 81 183 255 16 296 8 0
viper,4,kiss_k,16,0.1,2,43.35443079471588,53.19710408429825,254 72 36 22 287 303 48 269 179 21 117 232 59 67 227 177
viper,4,kiss_k,16,1.0,2,42.721518874168396,52.54209345861632,254 72 36 22 287 303 48 269 179 21 117 232 59 67 227 177
viper,4,kiss_k,16,0.1,3,43.35443079471588,53.218469583627716,255 202 229 47 80 240 98 275 225 311 205 31 66 231 64 244
viper,4,kiss_k,16,1.0,3,43.35443079471588,53.260334319791056,255 202 229 47 80 240 98 275 225 311 205 31 66 231 64 244
viper,4,kiss_k,16,0.1,4,44.30379867553711,53.82203850284741,283 181 309 289 235 200 136 279 175 117 180 60 187 211 97 179
viper,4,kiss_k,16,1.0,4,44.62025463581085,53.80056241498159,283 181 309 289 235 200 136 279 175 117 180 60 187 211 97 179
viper,4,kiss_k,16,0.1,5,44.936707615852356,53.836800661854056,126 176 296 61 204 227 145 32 197 297 45 244 144 143 243 193
viper,4,kiss_k,16,1.0,5,43.98734271526337,53.485509500033736,126 176 296 61 204 227 145 32 197 297 45 244 144 143 243 193
viper,4,kiss_k,16,0.1,6,43.98734271526337,53.58694215088292,169 161 282 132 182 308 94 173 265 68 71 165 35 11 231 292
viper,4,kiss_k,16,1.0,6,43.03797483444214,52.880085785506004,169 161 282 132 182 308 94 173 265 68 71 165 35 11 231 292
viper,4,kiss_k,16,0.1,7,43.98734271526337,54.69611872923855,232 154 132 191 86 34 283 51 255 159 92 142 221 29 169 136
viper,4,kiss_k,16,1.0,7,43.98734271526337,54.38863273591789,232 154 132 191 86 34 283 51 255 159 92 142 221 29 169 136
viper,4,kiss_k,16,0.1,8,44.936707615852356,54.00853513116114,10 116 256 286 164 294 203 189 199 78 47 109 211 55 284 299
viper,4,kiss_k,16,1.0,8,44.30379867553711,53.509176436933295,10 116 256 286 164 294 203 189 199 78 47 109 211 55 284 299
viper,4,kiss_k,16,0.1,9,46.20253145694733,54.83121444508702,104 195 269 90 191 119 278 255 211 241 156 15 37 122 32 187
viper,4,kiss_k,16,1.0,9,45.2531635761261,54.38984723066942,104 195 269 90 191 119 278 255 211 241 156 15 37 122 32 187
viper,4,kiss_k,16,0.1,10,45.886075496673584,55.521588289966076,293 90 6 174 156 269 211 290 76 139 185 173 245 13 122 184
viper,4,kiss_k,16,1.0,10,46.20253145694733,55.48904148437048,293 90 6 174 156 269 211 290 76 139 185 173 245 13 122 184
viper,4,kiss_k,16,0.1,11,44.62025463581085,54.66126535274374,51 24 207 54 226 210 182 83 163 192 245 57 307 280 246 290
viper,4,kiss_k,16,1.0,11,43.98734271526337,53.89707545385591,51 24 207 54 226 210 182 83 163 192 245 57 307 280 246 290
viper,4,kiss_k,16,0.1,12,45.2531635761261,54.44274487081656,243 233 79 28 222 293 253 6 48 288 207 51 22 256 161 106
viper,4,kiss_k,16,1.0,12,45.56961953639984,54.53002809221855,243 233 79 28 222 293 253 6 48 288 207 51 22 256 161 106
viper,4,kiss_k,16,0.1,13,45.886075496673584,55.68274851470279,302 59 18 252 132 86 102 80 246 179 136 277 269 205 117 283
viper,4,kiss_k,16,1.0,13,43.98734271526337,54.484780554300535,302 59 18 252 132 86 102 80 246 179 136 277 269 205 117 283
viper,4,kiss_k,16,0.1,14,44.62025463581085,54.57464405572166,239 15 136 11 195 118 248 130 301 293 215 3 58 116 210 281
viper,4,kiss_k,16,1.0,14,44.30379867553711,54.12564063582376,239 15 136 11 195 118 248 130 301 293 215 3 58 116 210 281
viper,4,kiss_k,16,0.1,15,43.98734271526337,53.73905486923313,224 183 302 193 177 235 2 237 7 54 62 266 315 213 219 57
viper,4,kiss_k,16,1.0,15,44.62025463581085,54.07385220650792,224 183 302 193 177 235 2 237 7 54 62 266 315 213 219 57
viper,4,kiss_k,16,0.1,16,43.98734271526337,53.355825223596156,68 102 125 304 260 66 34 69 126 248 99 48 216 26 179 2
viper,4,kiss_k,16,1.0,16,42.721518874168396,52.80248632055914,68 102 125 304 260 66 34 69 126 248 99 48 216 26 179 2
viper,4,kiss_k,16,0.1,17,44.62025463581085,54.416397533257275,4 297 59 255 61 152 21 240 75 102 254 32 315 244 45 148
viper,4,kiss_k,16,1.0,17,44.30379867553711,54.52906418542306,4 297 59 255 61 152 21 240 75 102 254 32 315 244 45 148
viper,4,kiss_k,16,0.1,18,46.51898741722107,55.491622784158714,213 181 12 3 307 291 119 206 113 194 81 67 230 228 188 264
viper,4,kiss_k,16,1.0,18,44.936707615852356,54.57466252656011,213 181 12 3 307 291 119 206 113 194 81 67 230 228 188 264
viper,4,kiss_k,16,0.1,19,43.03797483444214,53.904637918486706,3 11 230 232 109 282 39 186 286 95 145 169 174 17 235 129
viper,4,kiss_k,16,1.0,19,43.670886754989624,53.93259185899555,3 11 230 232 109 282 39 186 286 95 145 169 174 17 235 129
viper,4,kiss_k,16,0.1,20,42.721518874168396,53.47482375142681,164 48 249 155 289 262 65 153 170 183 23 13 185 85 287 71
viper,4,kiss_k,16,1.0,20,41.77215099334717,53.01522412321227,164 48 249 155 289 262 65 153 170 183 23 13 185 85 287 71
viper,4,kiss_k,16,0.1,21,43.03797483444214,53.20022456536532,22 277 111 91 156 230 250 13 154 45 80 92 184 20 125 87
viper,4,kiss_k,16,1.0,21,42.40506291389465,52.79948916005179,22 277 111 91 156 230 250 13 154 45 80 92 184 20 125 87
viper,4,kiss_k,16,0.1,22,44.62025463581085,55.25286710090911,103 200 290 231 142 243 221 294 248 288 9 101 207 7 205 64
viper,4,kiss_k,16,1.0,22,45.56961953639984,55.48181299558818,103 200 290 231 142 243 221 294 248 288 9 101 207 7 205 64
viper,4,kiss_k,16,0.1,23,44.936707615852356,54.09838864294696,27 300 245 181 225 206 217 254 236 227 124 104 229 126 61 263
viper,4,kiss_k,16,1.0,23,45.2531635761261,54.17763849801326,27 300 245 181 225 206 217 254 236 227 124 104 229 126 61 263
viper,4,kiss_k,16,0.1,24,41.13923907279968,52.405851979563266,178 4 154 305 217 299 71 276 59 85 259 261 145 182 82 224
viper,4,kiss_k,16,1.0,24,40.82278609275818,52.144952624321085,178 4 154 305 217 299 71 276 59 85 259 261 145 182 82 224
viper,4,kiss_k,16,0.1,25,46.83544337749481,55.95482717434413,271 156 62 8 296 23 176 245 58 186 132 173 33 59 167 303
viper,4,kiss_k,16,1.0,25,45.886075496673584,55.21386006766641,271 156 62 8 296 23 176 245 58 186 132 173 33 59 167 303
viper,4,kiss_k,16,0.1,26,44.30379867553711,54.25311655950824,281 49 80 125 170 38 176 313 101 87 273 241 152 206 102 118
viper,4,kiss_k,16,1.0,26,43.03797483444214,53.764084096726904,281 49 80 125 170 38 176 313 101 87 273 241 152 206 102 118
viper,4,kiss_k,16,0.1,27,44.30379867553711,53.59227864310466,60 101 160 173 187 1 270 82 134 164 262 227 167 204 3 144
viper,4,kiss_k,16,1.0,27,42.721518874168396,52.407070308819115,60 101 160 173 187 1 270 82 134 164 262 227 167 204 3 144
viper,4,kiss_k,16,0.1,28,44.30379867553711,54.39854732415761,216 88 157 171 215 121 47 292 36 119 203 272 149 249 278 271
viper,4,kiss_k,16,1.0,28,42.721518874168396,53.05908069183116,216 88 157 171 215 121 47 292 36 119 203 272 149 249 278 271
viper,4,kiss_k,16,0.1,29,44.30379867553711,53.551527538736735,256 54 85 280 203 241 271 150 243 297 11 232 15 143 277 56
viper,4,kiss_k,16,1.0,29,44.62025463581085,53.38933580104609,256 54 85 280 203 241 271 150 243 297 11 232 15 143 277 56
viper,4,kiss_k,32,0.1,0,46.51898741722107,55.40148895865345,65 111 133 225 116 96 156 107 270 230 253 272 39 63 2 162 260 296 187 13 279 34 239 151 135 117 6 45 229 28 310 12
viper,4,kiss_k,32,1.0,0,45.886075496673584,55.334599881979166,65 111 133 225 116 96 156 107 270 230 253 272 39 63 2 162 260 296 187 13 279 34 239 151 135 117 6 45 229 28 310 12
viper,4,kiss_k,32,0.1,1,45.56961953639984,55.36244039313295,73 109 20 61 241 151 179 2 301 86 6 177 16 22 260 245 231 32 88 100 297 175 211 207 0 95 71 23 117 167 271 54
viper,4,kiss_k,32,1.0,1,46.83544337749481,56.08012943323678,73 109 20 61 241 151 179 2 301 86 6 177 16 22 260 245 231 32 88 100 297 175 211 207 0 95 71 23 117 167 271 54
viper,4,kiss_k,32,0.1,2,44.936707615852356,55.35550559177131,68 51 88 153 194 300 32 46 19 149 80 204 167 130 192 286 120 147 260 2 5 225 213 181 270 196 158 233 116 257 72 45
viper,4,kiss_k,32,1.0,2,44.30379867553711,54.82455124917542,68 51 88 153 194 300 32 46 19 149 80 204 167 130 192 286 120 147 260 2 5 225 213 181 270 196 158 233 116 257 72 45
viper,4,kiss_k,32,0.1,3,44.30379867553711,54.44264794103619,99 180 249 117 40 95 208 70 187 122 265 251 170 226 281 65 255 159 274 46 267 210 111 247 28 8 83 44 17 176 61 118
viper,4,kiss_k,32,1.0,3,43.35443079471588,54.03046585640252,99 180 249 117 40 95 208 70 187 122 265 251 170 226 281 65 255 159 274 46 267 210 111 247 28 8 83 44 17 176 61 118
viper,4,kiss_k,32,0.1,4,44.62025463581085,55.11469839739661,177 277 116 290 237 180 41 174 199 207 125 302 187 189 234 203 132 169 84 188 297 210 278 183 32 135 229 194 165 225 100 31
viper,4,kiss_k,32,1.0,4,44.62025463581085,55.0152316279335,177 277 116 290 237 180 41 174 199 207 125 302 187 189 234 203 132 169 84 188 297 210 278 183 32 135 229 194 165 225 100 31
viper,4,kiss_k,32,0.1,5,48.73417615890503,57.58561267921406,99 68 264 42 87 171 305 274 280 72 71 187 129 112 217 88 294 202 219 111 192 131 191 107 101 0 307 56 139 273 150 132
viper,4,kiss_k,32,1.0,5,46.83544337749481,56.57793095185683,99 68 264 42 87 171 305 274 280 72 71 187 129 112 217 88 294 202 219 111 192 131 191 107 101 0 307 56 139 273 150 132
viper,4,kiss_k,32,0.1,6,43.670886754989624,53.77161704354001,83 194 284 191 38 265 236 222 224 230 177 21 159 221 72 303 298 179 200 300 45 116 275 246 149 152 295 189 96 101 52 69
viper,4,kiss_k,32,1.0,6,43.670886754989624,53.87783738401583,83 194 284 191 38 265 236 222 224 230 177 21 159 221 72 303 298 179 200 300 45 116 275 246 149 152 295 189 96 101 52 69
viper,4,kiss_k,32,0.1,7,44.62025463581085,54.923329964743715,175 144 37 270 187 299 300 136 235 91 129 195 29 125 128 60 140 217 209 141 158 45 1 97 266 135 171 94 9 212 165 131
viper,4,kiss_k,32,1.0,7,44.30379867553711,54.65117558243544,175 144 37 270 187 299 300 136 235 91 129 195 29 125 128 60 140 217 209 141 158 45 1 97 266 135 171 94 9 212 165 131
viper,4,kiss_k,32,0.1,8,45.886075496673584,55.01427802194624,295 256 139 153 23 76 176 63 257 306 103 162 195 58 285 145 77 286 113 200 112 72 167 155 224 20 60 189 294 39 230 93
viper,4,kiss_k,32,1.0,8,45.56961953639984,54.92674339624095,295 256 139 153 23 76 176 63 257 306 103 162 195 58 285 145 77 286 113 200 112 72 167 155 224 20 60 189 294 39 230 93
viper,4,kiss_k,32,0.1,9,46.20253145694733,55.435263840238626,138 293 309 187 236 0 269 219 315 278 146 128 41 35 115 100 98 267 84 47 91 92 191 2 9 141 25 201 121 170 163 11
viper,4,kiss_k,32,1.0,9,44.936707615852356,54.82891913269295,138 293 309 187 236 0 269 219 315 278 146 128 41 35 115 100 98 267 84 47 91 92 191 2 9 141 25 201 121 170 163 11
viper,4,kiss_k,32,0.1,10,43.98734271526337,54.69828647263204,186 262 301 147 36 295 66 282 40 56 202 92 260 150 96 16 257 131 169 269 157 0 72 24 272 232 253 103 9 252 153 212
viper,4,kiss_k,32,1.0,10,43.98734271526337,54.88600182016143,186 262 301 147 36 295 66 282 40 56 202 92 260 150 96 16 257 131 169 269 157 0 72 24 272 232 253 103 9 252 153 212
viper,4,kiss_k,32,0.1,11,45.2531635761261,54.8339159318431,270 120 13 7 127 286 141 81 223 194 48 53 196 204 38 168 240 121 70 99 3 184 159 224 34 285 242 230 202 26 142 249
viper,4,kiss_k,32,1.0,11,45.886075496673584,55.58186793107285,270 120 13 7 127 286 141 81 223 194 48 53 196 204 38 168 240 121 70 99 3 184 159 224 34 285 242 230 202 26 142 249
viper,4,kiss_k,32,0.1,12,45.886075496673584,55.95061487358982,23 246 25 296 223 39 143 74 60 176 59 304 38 207 155 215 184 154 226 267 125 49 307 217 270 13 66 216 205 178 245 280
viper,4,kiss_k,32,1.0,12,46.20253145694733,56.234728804415425,23 246 25 296 223 39 143 74 60 176 59 304 38 207 155 215 184 154 226 267 125 49 307 217 270 13 66 216 205 178 245 280
viper,4,kiss_k,32,0.1,13,44.936707615852356,55.40519110506561,231 137 291 22 267 13 77 31 285 89 219 9 136 111 254 220 149 282 32 12 16 275 300 283 278 72 82 43 71 312 223 286
viper,4,kiss_k,32,1.0,13,44.30379867553711,55.19615331979857,231 137 291 22 267 13 77 31 285 89 219 9 136 111 254 220 149 282 32 12 16 275 300 283 278 72 82 43 71 312 223 286
viper,4,kiss_k,32,0.1,14,44.62025463581085,54.80104779850878,249 222 21 106 210 40 2 119 192 283 24 240 87 278 124 176 22 234 66 128 258 48 208 216 204 206 30 300 151 231 64 130
viper,4,kiss_k,32,1.0,14,46.51898741722107,56.0921034398989,249 222 21 106 210 40 2 119 192 283 24 240 87 278 124 176 22 234 66 128 258 48 208 216 204 206 30 300 151 231 64 130
viper,4,kiss_k,32,0.1,15,44.62025463581085,54.59102497933236,12 148 166 156 113 179 287 68 250 98 140 176 290 104 112 97 224 136 128 139 183 76 2 304 70 81 37 78 147 143 45 88
viper,4,kiss_k,32,1.0,15,43.670886754989624,53.87427325359457,12 148 166 156 113 179 287 68 250 98 140 176 290 104 112 97 224 136 128 139 183 76 2 304 70 81 37 78 147 143 45 88
viper,4,kiss_k,32,0.1,16,47.151899337768555,57.21619417597425,66 159 171 216 242 17 243 269 184 113 77 165 142 276 203 40 156 234 138 74 295 270 96 25 18 120 39 23 193 274 241 133
viper,4,kiss_k,32,1.0,16,48.10126721858978,57.82410325126912,66 159 171 216 242 17 243 269 184 113 77 165 142 276 203 40 156 234 138 74 295 270 96 25 18 120 39 23 193 274 241 133
viper,4,kiss_k,32,0.1,17,45.56961953639984,55.64139509269075,224 308 145 30 209 26 163 38 313 250 297 116 109 108 56 198 110 11 94 39 206 213 138 166 57 14 262 259 133 265 17 161
viper,4,kiss_k,32,1.0,17,44.30379867553711,54.98118475386929,224 308 145 30 209 26 163 38 313 250 297 116 109 108 56 198 110 11 94 39 206 213 138 166 57 14 262 259 133 265 17 161
viper,4,kiss_k,32,0.1,18,47.4683552980423,57.26531030047531,261 159 209 42 166 201 44 185 26 83 198 253 234 269 88 107 294 77 228 110 123 224 190 308 175 72 180 132 277 133 193 262
viper,4,kiss_k,32,1.0,18,48.73417615890503,58.00290772593893,261 159 209 42 166 201 44 185 26 83 198 253 234 269 88 107 294 77 228 110 123 224 190 308 175 72 180 132 277 133 193 262
viper,4,kiss_k,32,0.1,19,44.30379867553711,54.45785192002832,249 215 130 178 5 242 197 189 26 70 245 96 220 59 121 244 102 270 134 259 2 86 285 214 297 172 40 92 111 232 133 53
viper,4,kiss_k,32,1.0,19,44.30379867553711,54.347284245242314,249 215 130 178 5 242 197 189 26 70 245 96 220 59 121 244 102 270 134 259 2 86 285 214 297 172 40 92 111 232 133 53
viper,4,kiss_k,32,0.1,20,46.51898741722107,55.98175795099799,276 263 96 74 232 244 3 308 217 215 23 43 53 270 68 114 175 86 135 102 119 76 284 281 255 193 307 88 180 262 280 27
viper,4,kiss_k,32,1.0,20,45.2531635761261,55.47366406735873,276 263 96 74 232 244 3 308 217 215 23 43 53 270 68 114 175 86 135 102 119 76 284 281 255 193 307 88 180 262 280 27
viper,4,kiss_k,32,0.1,21,44.62025463581085,54.86393402380588,273 3 272 21 301 143 263 296 241 259 236 297 157 164 11 59 303 206 66 107 287 139 69 305 45 216 204 58 16 91 262 146
viper,4,kiss_k,32,1.0,21,43.03797483444214,54.208672871349215,273 3 272 21 301 143 263 296 241 259 236 297 157 164 11 59 303 206 66 107 287 139 69 305 45 216 204 58 16 91 262 146
viper,4,kiss_k,32,0.1,22,46.83544337749481,55.927845490503,9 10 114 283 264 135 136 220 44 163 232 181 193 245 126 12 233 4 116 147 164 203 183 16 24 133 305 209 273 119 145 159
viper,4,kiss_k,32,1.0,22,45.2531635761261,55.27256304503306,9 10 114 283 264 135 136 220 44 163 232 181 193 245 126 12 233 4 116 147 164 203 183 16 24 133 305 209 273 119 145 159
viper,4,kiss_k,32,0.1,23,46.83544337749481,56.400304655732306,79 107 125 155 68 71 201 42 14 291 113 273 165 241 189 169 81 281 118 170 308 4 280 182 224 217 278 61 78 275 297 186
viper,4,kiss_k,32,1.0,23,45.2531635761261,55.38255419301233,79 107 125 155 68 71 201 42 14 291 113 273 165 241 189 169 81 281 118 170 308 4 280 182 224 217 278 61 78 275 297 186
viper,4,kiss_k,32,0.1,24,46.83544337749481,55.551102726070745,291 168 29 37 153 119 250 246 157 17 212 113 167 264 229 240 294 131 81 118 122 74 35 15 150 205 65 314 41 135 215 266
viper,4,kiss_k,32,1.0,24,48.41772019863129,56.30188122978678,291 168 29 37 153 119 250 246 157 17 212 113 167 264 229 240 294 131 81 118 122 74 35 15 150 205 65 314 41 135 215 266
viper,4,kiss_k,32,0.1,25,43.670886754989624,54.25671554174942,136 68 60 314 273 249 122 29 313 205 70 294 128 147 83 178 153 212 310 300 170 33 274 152 45 132 103 16 36 38 220 96
viper,4,kiss_k,32,1.0,25,43.670886754989624,54.182903018722975,136 68 60 314 273 249 122 29 313 205 70 294 128 147 83 178 153 212 310 300 170 33 274 152 45 132 103 16 36 38 220 96
viper,4,kiss_k,32,0.1,26,47.151899337768555,56.451579201679436,140 302 15 10 24 58 134 106 220 48 150 259 60 223 264 287 94 258 270 214 201 116 283 7 61 88 187 221 127 33 2 52
viper,4,kiss_k,32,1.0,26,44.30379867553711,55.01500195855987,140 302 15 10 24 58 134 106 220 48 150 259 60 223 264 287 94 258 270 214 201 116 283 7 61 88 187 221 127 33 2 52
viper,4,kiss_k,32,0.1,27,47.78481125831604,56.786986904010895,238 253 244 160 55 56 286 13 304 151 15 181 92 90 61 227 162 186 242 264 1 245 77 95 188 110 156 249 269 40 273 49
viper,4,kiss_k,32,1.0,27,48.41772019863129,57.38800138257816,238 253 244 160 55 56 286 13 304 151 15 181 92 90 61 227 162 186 242 264 1 245 77 95 188 110 156 249 269 40 273 49
viper,4,kiss_k,32,0.1,28,43.35443079471588,53.94277119772006,39 96 49 103 92 170 18 1 189 305 235 265 300 141 145 146 3 26 72 306 4 31 232 293 25 98 259 41 33 222 255 311
viper,4,kiss_k,32,1.0,28,41.77215099334717,53.181385043394926,39 96 49 103 92 170 18 1 189 305 235 265 300 141 145 146 3 26 72 306 4 31 232 293 25 98 259 41 33 222 255 311
viper,4,kiss_k,32,0.1,29,45.56961953639984,54.95179821625725,122 225 96 50 177 0 258 59 220 196 84 305 20 222 142 11 149 172 211 187 256 208 34 303 32 26 90 173 232 17 200 152
viper,4,kiss_k,32,1.0,29,43.670886754989624,53.9359905804718,122 225 96 50 177 0 258 59 220 196 84 305 20 222 142 11 149 172 211 187 256 208 34 303 32 26 90 173 232 17 200 152
viper,5,raw,0,-1,-1,42.40506291389465,53.591349675730015,
viper,5,center,0,-1,-1,42.40506291389465,53.591349675730015,
viper,5,unlab,0,0.1,-1,41.77215099334717,53.34456870690247,
viper,5,kiss_all,316,0.1,-1,48.41772019863129,56.35092292457522,
viper,5,unlab,0,1.0,-1,42.721518874168396,53.39072654162179,
viper,5,kiss_all,316,1.0,-1,56.329113245010376,65.74764892422685,
viper,5,kiss_k,2,0.1,0,43.670886754989624,55.1680654645453,302 127
viper,5,kiss_k,2,1.0,0,43.98734271526337,54.86992795783598,302 127
viper,5,kiss_k,2,0.1,1,42.721518874168396,54.235559939022735,52 161
viper,5,kiss_k,2,1.0,1,43.03797483444214,53.97347928052694,52 161
viper,5,kiss_k,2,0.1,2,43.670886754989624,54.80388994824506,185 268
viper,5,kiss_k,2,1.0,2,43.670886754989624,54.30902497442378,185 268
viper,5,kiss_k,2,0.1,3,42.721518874168396,53.9739883618224,164 39
viper,5,kiss_k,2,1.0,3,43.03797483444214,53.87019568917327,164 39
viper,5,kiss_k,2,0.1,4,43.03797483444214,53.90344666336462,266 116
viper,5,kiss_k,2,1.0,4,43.670886754989624,53.90917705379618,266 116
viper,5,kiss_k,2,0.1,5,43.670886754989624,54.35591166894815,168 49
viper,5,kiss_k,2,1.0,5,43.03797483444214,53.719060386607296,168 49
viper,5,kiss_k,2,0.1,6,43.03797483444214,54.17987137516865,46 15
viper,5,kiss_k,2,1.0,6,42.40506291389465,53.78566930536619,46 15
viper,5,kiss_k,2,0.1,7,44.30379867553711,54.73395163046838,253 181
viper,5,kiss_k,2,1.0,7,43.98734271526337,54.370375839521024,253 181
viper,5,kiss_k,2,0.1,8,42.40506291389465,53.16724023359072,242 252
viper,5,kiss_k,2,1.0,8,43.03797483444214,53.43817614949761,242 252
viper,5,kiss_k,2,0.1,9,40.82278609275818,52.77029303068097,196 296
viper,5,kiss_k,2,1.0,9,42.40506291389465,53.568837633243845,196 296
viper,5,kiss_k,2,0.1,10,43.98734271526337,55.079984176546134,185 109
viper,5,kiss_k,2,1.0,10,44.936707615852356,54.98738876611197,185 109
viper,5,kiss_k,2,0.1,11,42.721518874168396,54.18116432739966,227 128
viper,5,kiss_k,2,1.0,11,42.721518874168396,53.97978301484281,227 128
viper,5,kiss_k,2,0.1,12,44.30379867553711,54.84559301399721,309 224
viper,5,kiss_k,2,1.0,12,43.670886754989624,54.307441084554775,309 224
viper,5,kiss_k,2,0.1,13,43.670886754989624,54.87230282230231,309 268
viper,5,kiss_k,2,1.0,13,43.670886754989624,54.50497302228287,309 268
viper,5,kiss_k,2,0.1,14,42.721518874168396,53.55879970713797,26 194
viper,5,kiss_k,2,1.0,14,42.721518874168396,53.36827102286864,26 194
viper,5,kiss_k,2,0.1,15,42.08860695362091,53.394650490208676,129 64
viper,5,kiss_k,2,1.0,15,42.721518874168396,53.52557480127367,129 64
viper,5,kiss_k,2,0.1,16,43.35443079471588,54.38541138083328,175 171
viper,5,kiss_k,2,1.0,16,43.03797483444214,54.011061051153874,175 171
viper,5,kiss_k,2,0.1,17,44.30379867553711,54.95858322843823,223 214
viper,5,kiss_k,2,1.0,17,44.62025463581085,54.81207716733725,223 214
viper,5,kiss_k,2,0.1,18,43.98734271526337,54.30205407506532,230 173
viper,5,kiss_k,2,1.0,18,43.03797483444214,53.461789464406614,230 173
viper,5,kiss_k,2,0.1,19,42.40506291389465,53.643022253144046,249 97
viper,5,kiss_k,2,1.0,19,42.08860695362091,53.366854054965614,249 97
viper,5,kiss_k,2,0.1,20,43.35443079471588,54.6441692871165,255 223
viper,5,kiss_k,2,1.0,20,44.936707615852356,55.14429540960117,255 223
viper,5,kiss_k,2,0.1,21,41.13923907279968,53.32508645273186,140 182
viper,5,kiss_k,2,1.0,21,40.82278609275818,52.88359228023545,140 182
viper,5,kiss_k,2,0.1,22,42.40506291389465,53.29348188636829,133 151
viper,5,kiss_k,2,1.0,22,42.40506291389465,52.940389974019254,133 151
viper,5,kiss_k,2,0.1,23,42.08860695362091,53.46505930931079,19 256
viper,5,kiss_k,2,1.0,23,41.77215099334717,52.981612548599,19 256
viper,5,kiss_k,2,0.1,24,43.35443079471588,54.0368069722889,4 108
viper,5,kiss_k,2,1.0,24,42.721518874168396,53.29877145918916,4 108
viper,5,kiss_k,2,0.1,25,41.455695033073425,53.552240696618426,130 21
viper,5,kiss_k,2,1.0,25,42.721518874168396,53.87068601089574,130 21
viper,5,kiss_k,2,0.1,26,42.40506291389465,53.70408283898577,257 305
viper,5,kiss_k,2,1.0,26,42.721518874168396,53.530850874332444,257 305
viper,5,kiss_k,2,0.1,27,43.03797483444214,54.54072270790108,109 301
viper,5,kiss_k,2,1.0,27,43.03797483444214,54.13967577506726,109 301
viper,5,kiss_k,2,0.1,28,43.03797483444214,53.84132627651975,122 132
viper,5,kiss_k,2,1.0,28,43.98734271526337,54.31989603098529,122 132
viper,5,kiss_k,2,0.1,29,42.721518874168396,54.40451588535849,160 186
viper,5,kiss_k,2,1.0,29,42.721518874168396,54.33770012920668,160 186
viper,5,kiss_k,4,0.1,0,43.670886754989624,54.595614208641194,206 129 300 238
viper,5,kiss_k,4,1.0,0,44.30379867553711,54.48267446992238,206 129 300 238
viper,5,kiss_k,4,0.1,1,43.35443079471588,54.35692470894238,40 304 199 105
viper,5,kiss_k,4,1.0,1,43.35443079471588,53.975151369459205,40 304 199 105
viper,5,kiss_k,4,0.1,2,44.62025463581085,55.516293249538485,141 69 35 210
viper,5,kiss_k,4,1.0,2,43.670886754989624,54.591674144628385,141 69 35 210
viper,5,kiss_k,4,0.1,3,41.77215099334717,53.90438943922803,311 41 183 45
viper,5,kiss_k,4,1.0,3,41.77215099334717,53.278451728519435,311 41 183 45
viper,5,kiss_k,4,0.1,4,45.2531635761261,55.340596083281035,61 199 279 224
viper,5,kiss_k,4,1.0,4,44.30379867553711,54.45436177883186,61 199 279 224
viper,5,kiss_k,4,0.1,5,43.98734271526337,54.76959192816865,153 129 97 276
viper,5,kiss_k,4,1.0,5,44.30379867553711,54.58307580068424,153 129 97 276
viper,5,kiss_k,4,0.1,6,43.03797483444214,53.51863234468336,135 208 23 194
viper,5,kiss_k,4,1.0,6,43.35443079471588,53.488491024261045,135 208 23 194
viper,5,kiss_k,4,0.1,7,43.670886754989624,54.11416379982364,292 89 176 229
viper,5,kiss_k,4,1.0,7,42.721518874168396,53.26485125336655,292 89 176 229
viper,5,kiss_k,4,0.1,8,42.08860695362091,53.05645954665017,175 114 211 275
viper,5,kiss_k,4,1.0,8,42.40506291389465,52.9923714093695,175 114 211 275
viper,5,kiss_k,4,0.1,9,45.56961953639984,56.62624966060237,136 280 223 276
viper,5,kiss_k,4,1.0,9,44.62025463581085,55.59720606059867,136 280 223 276
viper,5,kiss_k,4,0.1,10,44.936707615852356,55.340960786430195,78 175 23 233
viper,5,kiss_k,4,1.0,10,44.30379867553711,54.785013559418,78 175 23 233
viper,5,kiss_k,4,0.1,11,43.98734271526337,54.83040743340195,129 124 44 18
viper,5,kiss_k,4,1.0,11,44.30379867553711,54.74397593402593,129 124 44 18
viper,5,kiss_k,4,0.1,12,43.03797483444214,54.898311514791054,233 42 115 183
viper,5,kiss_k,4,1.0,12,44.62025463581085,55.409931588905984,233 42 115 183
viper,5,kiss_k,4,0.1,13,43.03797483444214,54.37245728989718,212 216 146 205
viper,5,kiss_k,4,1.0,13,43.98734271526337,54.69166753375968,212 216 146 205
viper,5,kiss_k,4,0.1,14,43.670886754989624,54.31920213469817,285 2 260 136
viper,5,kiss_k,4,1.0,14,42.40506291389465,53.56346826631745,285 2 260 136
viper,5,kiss_k,4,0.1,15,43.35443079471588,54.59150518993167,63 40 172 44
viper,5,kiss_k,4,1.0,15,44.30379867553711,54.51357035823941,63 40 172 44
viper,5,kiss_k,4,0.1,16,43.670886754989624,53.98398093400194,53 88 151 144
viper,5,kiss_k,4,1.0,16,43.35443079471588,53.61079072000597,53 88 151 144
viper,5,kiss_k,4,0.1,17,43.35443079471588,54.4997883429983,238 184 83 115
viper,5,kiss_k,4,1.0,17,43.670886754989624,54.41245764822962,238 184 83 115
viper,5,kiss_k,4,0.1,18,43.03797483444214,53.699156431246095,20 60 131 226
viper,5,kiss_k,4,1.0,18,43.98734271526337,53.85694772005601,20 60 131 226
viper,5,kiss_k,4,0.1,19,44.30379867553711,54.94233454795876,311 123 176 235
viper,5,kiss_k,4,1.0,19,43.670886754989624,54.20884850520743,311 123 176 235
viper,5,kiss_k,4,0.1,20,43.670886754989624,54.28984840935615,260 226 37 74
viper,5,kiss_k,4,1.0,20,43.98734271526337,54.12453568536488,260 226 37 74
viper,5,kiss_k,4,0.1,21,44.62025463581085,54.78164830050074,132 283 114 33
viper,5,kiss_k,4,1.0,21,44.30379867553711,54.7720599833981,132 283 114 33
viper,5,kiss_k,4,0.1,22,43.03797483444214,54.06141641544946,128 93 67 176
viper,5,kiss_k,4,1.0,22,43.03797483444214,54.024059805864866,128 93 67 176
viper,5,kiss_k,4,0.1,23,42.40506291389465,53.82368508143516,76 301 200 116
viper,5,kiss_k,4,1.0,23,41.77215099334717,53.259286763691215,76 301 200 116
viper,5,kiss_k,4,0.1,24,43.03797483444214,54.15264126885272,130 23 75 303
viper,5,kiss_k,4,1.0,24,43.98734271526337,54.347994697881774,130 23 75 303
viper,5,kiss_k,4,0.1,25,43.98734271526337,55.3151539218253,5 216 30 76
viper,5,kiss_k,4,1.0,25,43.670886754989624,54.885164987632315,5 216 30 76
viper,5,kiss_k,4,0.1,26,45.56961953639984,55.68765310471795,301 262 72 55
viper,5,kiss_k,4,1.0,26,44.62025463581085,55.280419204318946,301 262 72 55
viper,5,kiss_k,4,0.1,27,41.77215099334717,53.601596813234785,45 52 224 38
viper,5,kiss_k,4,1.0,27,43.35443079471588,54.08441047032518,45 52 224 38
viper,5,kiss_k,4,0.1,28,43.98734271526337,54.907204642578165,36 213 135 116
viper,5,kiss_k,4,1.0,28,44.936707615852356,55.451878547394095,36 213 135 116
viper,5,kiss_k,4,0.1,29,43.98734271526337,54.87716668374708,4 309 110 64
viper,5,kiss_k,4,1.0,29,42.40506291389465,54.01264072877696,4 309 110 64
viper,5,kiss_k,8,0.1,0,44.62025463581085,54.941534268710534,56 126 131 26 10 60 186 40
viper,5,kiss_k,8,1.0,0,45.2531635761261,55.09010041246588,56 126 131 26 10 60 186 40
viper,5,kiss_k,8,0.1,1,44.936707615852356,55.194368654981695,299 305 167 58 303 87 96 176
viper,5,kiss_k,8,1.0,1,44.30379867553711,54.82207750800651,299 305 167 58 303 87 96 176
viper,5,kiss_k,8,0.1,2,44.30379867553711,55.21510228006754,217 201 83 108 213 286 132 246
viper,5,kiss_k,8,1.0,2,43.670886754989624,54.4757617613958,217 201 83 108 213 286 132 246
viper,5,kiss_k,8,0.1,3,45.2531635761261,55.31461883541967,48 158 234 93 126 137 120 283
viper,5,kiss_k,8,1.0,3,43.03797483444214,53.969004617798824,48 158 234 93 126 137 120 283
viper,5,kiss_k,8,0.1,4,45.2531635761261,55.30317141807337,4 155 254 26 122 257 284 309
viper,5,kiss_k,8,1.0,4,44.30379867553711,54.836305608368654,4 155 254 26 122 257 284 309
viper,5,kiss_k,8,0.1,5,43.670886754989624,54.93833379883664,44 215 200 100 176 42 137 69
viper,5,kiss_k,8,1.0,5,45.2531635761261,55.64286317264837,44 215 200 100 176 42 137 69
viper,5,kiss_k,8,0.1,6,43.670886754989624,54.74908499335373,302 201 45 183 239 208 85 181
viper,5,kiss_k,8,1.0,6,43.670886754989624,54.45292739025539,302 201 45 183 239 208 85 181
viper,5,kiss_k,8,0.1,7,43.98734271526337,55.30903342023993,91 104 268 46 114 281 190 122
viper,5,kiss_k,8,1.0,7,43.35443079471588,54.94837372098744,91 104 268 46 114 281 190 122
viper,5,kiss_k,8,0.1,8,42.08860695362091,53.76533738758178,279 254 117 290 301 118 152 25
viper,5,kiss_k,8,1.0,8,41.455695033073425,53.09373871734186,279 254 117 290 301 118 152 25
viper,5,kiss_k,8,0.1,9,44.936707615852356,55.84364824019471,140 240 264 115 227 175 69 47
viper,5,kiss_k,8,1.0,9,45.2531635761261,56.13402444100167,140 240 264 115 227 175 69 47
viper,5,kiss_k,8,0.1,10,45.2531635761261,55.67252125725622,44 241 28 172 236 68 58 66
viper,5,kiss_k,8,1.0,10,44.30379867553711,55.175707243320296,44 241 28 172 236 68 58 66
viper,5,kiss_k,8,0.1,11,43.35443079471588,54.46182282830958,161 204 239 6 85 257 158 34
viper,5,kiss_k,8,1.0,11,43.35443079471588,54.547272950283286,161 204 239 6 85 257 158 34
viper,5,kiss_k,8,0.1,12,41.455695033073425,53.96413816857063,19 73 305 142 219 20 62 199
viper,5,kiss_k,8,1.0,12,42.08860695362091,53.971648248067396,19 73 305 142 219 20 62 199
viper,5,kiss_k,8,0.1,13,44.30379867553711,55.93559674532067,11 185 91 106 182 297 55 223
viper,5,kiss_k,8,1.0,13,45.2531635761261,55.960553786187525,11 185 91 106 182 297 55 223
viper,5,kiss_k,8,0.1,14,46.20253145694733,55.81708616235872,166 90 176 193 46 54 113 57
viper,5,kiss_k,8,1.0,14,44.62025463581085,54.894939406333364,166 90 176 193 46 54 113 57
viper,5,kiss_k,8,0.1,15,43.35443079471588,54.701260404291894,170 250 141 214 212 122 284 42
viper,5,kiss_k,8,1.0,15,44.936707615852356,55.01167612422624,170 250 141 214 212 122 284 42
viper,5,kiss_k,8,0.1,16,43.35443079471588,54.744058601001136,196 309 80 186 56 20 96 92
viper,5,kiss_k,8,1.0,16,45.56961953639984,55.59108028638819,196 309 80 186 56 20 96 92
viper,5,kiss_k,8,0.1,17,44.936707615852356,55.63137897136071,121 218 34 69 35 194 49 83
viper,5,kiss_k,8,1.0,17,45.2531635761261,55.73217909523831,121 218 34 69 35 194 49 83
viper,5,kiss_k,8,0.1,18,43.03797483444214,54.0806111728086,255 222 155 199 154 157 285 129
viper,5,kiss_k,8,1.0,18,43.670886754989624,54.499509305978556,255 222 155 199 154 157 285 129
viper,5,kiss_k,8,0.1,19,44.62025463581085,55.88226253398319,109 43 212 27 91 51 121 123
viper,5,kiss_k,8,1.0,19,45.56961953639984,56.227631700518046,109 43 212 27 91 51 121 123
viper,5,kiss_k,8,0.1,20,43.98734271526337,54.72097464701431,265 219 82 220 147 112 132 187
viper,5,kiss_k,8,1.0,20,43.98734271526337,54.63637860413062,265 219 82 220 147 112 132 187
viper,5,kiss_k,8,0.1,21,43.98734271526337,54.90894689588263,91 256 154 264 7 56 187 305
viper,5,kiss_k,8,1.0,21,43.35443079471588,54.34123946256555,91 256 154 264 7 56 187 305
viper,5,kiss_k,8,0.1,22,46.51898741722107,56.791602058149095,212 221 62 255 169 175 307 107
viper,5,kiss_k,8,1.0,22,45.56961953639984,55.86355806027304,212 221 62 255 169 175 307 107
viper,5,kiss_k,8,0.1,23,45.2531635761261,55.79410203158712,47 50 166 71 273 20 247 61
viper,5,kiss_k,8,1.0,23,45.886075496673584,55.84487602915872,47 50 166 71 273 20 247 61
viper,5,kiss_k,8,0.1,24,44.30379867553711,54.69577943068962,274 40 279 287 3 215 197 219
viper,5,kiss_k,8,1.0,24,43.98734271526337,54.40948087452493,274 40 279 287 3 215 197 219
viper,5,kiss_k,8,0.1,25,44.936707615852356,54.94392904742129,175 21 141 28 198 54 135 150
viper,5,kiss_k,8,1.0,25,43.03797483444214,54.0210753692001,175 21 141 28 198 54 135 150
viper,5,kiss_k,8,0.1,26,45.886075496673584,56.83865837191134,125 13 176 7 177 205 184 140
viper,5,kiss_k,8,1.0,26,43.670886754989624,55.79716794995549,125 13 176 7 177 205 184 140
viper,5,kiss_k,8,0.1,27,43.35443079471588,53.97552525523991,222 311 219 201 144 92 6 272
viper,5,kiss_k,8,1.0,27,43.35443079471588,53.946214604271916,222 311 219 201 144 92 6 272
viper,5,kiss_k,8,0.1,28,44.62025463581085,55.579919587168035,268 281 194 117 175 19 46 86
viper,5,kiss_k,8,1.0,28,44.30379867553711,55.252709428765954,268 281 194 117 175 19 46 86
viper,5,kiss_k,8,0.1,29,46.51898741722107,56.19903780330054,13 182 153 268 148 307 18 183
viper,5,kiss_k,8,1.0,29,44.30379867553711,55.12777961643862,13 182 153 268 148 307 18 183
viper,5,kiss_k,16,0.1,0,47.78481125831604,57.88895026919613,293 90 6 174 156 269 211 290 76 139 185 173 245 13 122 184
viper,5,kiss_k,16,1.0,0,47.151899337768555,57.756535394365095,293 90 6 174 156 269 211 290 76 139 185 173 245 13 122 184
viper,5,kiss_k,16,0.1,1,46.20253145694733,56.43559493038974,51 24 207 54 226 210 182 83 163 192 245 57 307 280 246 290
viper,5,kiss_k,16,1.0,1,45.56961953639984,56.138850259552974,51 24 207 54 226 210 182 83 163 192 245 57 307 280 246 290
viper,5,kiss_k,16,0.1,2,47.4683552980423,57.20906346493312,243 233 79 28 222 293 253 6 48 288 207 51 22 256 161 106
viper,5,kiss_k,16,1.0,2,48.73417615890503,58.226016032552984,243 233 79 28 222 293 253 6 48 288 207 51 22 256 161 106
viper,5,kiss_k,16,0.1,3,48.41772019863129,58.817167319933816,302 59 18 252 132 86 102 80 246 179 136 277 269 205 117 283
viper,5,kiss_k,16,1.0,3,48.41772019863129,58.673432364984215,302 59 18 252 132 86 102 80 246 179 136 277 269 205 117 283
viper,5,kiss_k,16,0.1,4,46.20253145694733,57.36088408718641,239 15 136 11 195 118 248 130 301 293 215 3 58 116 210 281
viper,5,kiss_k,16,1.0,4,45.56961953639984,57.29366071620059,239 15 136 11 195 118 248 130 301 293 215 3 58 116 210 281
viper,5,kiss_k,16,0.1,5,45.2531635761261,56.012733312761455,224 183 302 193 177 235 2 237 7 54 62 266 315 213 219 57
viper,5,kiss_k,16,1.0,5,45.2531635761261,55.948919972420974,224 183 302 193 177 235 2 237 7 54 62 266 315 213 219 57
viper,5,kiss_k,16,0.1,6,45.56961953639984,55.722840174330955,68 102 125 304 260 66 34 69 126 248 99 48 216 26 179 2
viper,5,kiss_k,16,1.0,6,46.51898741722107,56.366289844705406,68 102 125 304 260 66 34 69 126 248 99 48 216 26 179 2
viper,5,kiss_k,16,0.1,7,47.78481125831604,57.85895178386732,4 297 59 255 61 152 21 240 75 102 254 32 315 244 45 148
viper,5,kiss_k,16,1.0,7,46.51898741722107,57.17360301740315,4 297 59 255 61 152 21 240 75 102 254 32 315 244 45 148
viper,5,kiss_k,16,0.1,8,46.51898741722107,57.194179760288854,213 181 12 3 307 291 119 206 113 194 81 67 230 228 188 264
viper,5,kiss_k,16,1.0,8,47.151899337768555,57.086848511253464,213 181 12 3 307 291 119 206 113 194 81 67 230 228 188 264
viper,5,kiss_k,16,0.1,9,46.20253145694733,57.09666068923457,3 11 230 232 109 282 39 186 286 95 145 169 174 17 235 129
viper,5,kiss_k,16,1.0,9,45.886075496673584,56.96761576412034,3 11 230 232 109 282 39 186 286 95 145 169 174 17 235 129
viper,5,kiss_k,16,0.1,10,45.56961953639984,56.479732098125815,164 48 249 155 289 262 65 153 170 183 23 13 185 85 287 71
viper,5,kiss_k,16,1.0,10,45.56961953639984,56.21023151348928,164 48 249 155 289 262 65 153 170 183 23 13 185 85 287 71
viper,5,kiss_k,16,0.1,11,46.83544337749481,57.443198141319264,22 277 111 91 156 230 250 13 154 45 80 92 184 20 125 87
viper,5,kiss_k,16,1.0,11,45.2531635761261,56.20401362141487,22 277 111 91 156 230 250 13 154 45 80 92 184 20 125 87
viper,5,kiss_k,16,0.1,12,46.51898741722107,57.43675236720135,103 200 290 231 142 243 221 294 248 288 9 101 207 7 205 64
viper,5,kiss_k,16,1.0,12,46.51898741722107,57.519323113693,103 200 290 231 142 243 221 294 248 288 9 101 207 7 205 64
viper,5,kiss_k,16,0.1,13,47.4683552980423,57.74835607976061,27 300 245 181 225 206 217 254 236 227 124 104 229 126 61 263
viper,5,kiss_k,16,1.0,13,46.83544337749481,57.13920930081028,27 300 245 181 225 206 217 254 236 227 124 104 229 126 61 263
viper,5,kiss_k,16,0.1,14,44.62025463581085,55.84671443386652,178 4 154 305 217 299 71 276 59 85 259 261 145 182 82 224
viper,5,kiss_k,16,1.0,14,44.936707615852356,55.896531871446854,178 4 154 305 217 299 71 276 59 85 259 261 145 182 82 224
viper,5,kiss_k,16,0.1,15,45.886075496673584,56.41044202416602,271 156 62 8 296 23 176 245 58 186 132 173 33 59 167 303
viper,5,kiss_k,16,1.0,15,44.936707615852356,56.14420254903661,271 156 62 8 296 23 176 245 58 186 132 173 33 59 167 303
viper,5,kiss_k,16,0.1,16,43.670886754989624,55.44820694119112,281 49 80 125 170 38 176 313 101 87 273 241 152 206 102 118
viper,5,kiss_k,16,1.0,16,42.721518874168396,54.482864614924466,281 49 80 125 170 38 176 313 101 87 273 241 152 206 102 118
viper,5,kiss_k,16,0.1,17,46.51898741722107,57.05945224777606,60 101 160 173 187 1 270 82 134 164 262 227 167 204 3 144
viper,5,kiss_k,16,1.0,17,47.4683552980423,57.2117002178855,60 101 160 173 187 1 270 82 134 164 262 227 167 204 3 144
viper,5,kiss_k,16,0.1,18,43.35443079471588,54.91159437333227,216 88 157 171 215 121 47 292 36 119 203 272 149 249 278 271
viper,5,kiss_k,16,1.0,18,43.98734271526337,55.39988249677873,216 88 157 171 215 121 47 292 36 119 203 272 149 249 278 271
viper,5,kiss_k,16,0.1,19,44.62025463581085,55.69392515960807,256 54 85 280 203 241 271 150 243 297 11 232 15 143 277 56
viper,5,kiss_k,16,1.0,19,45.2531635761261,56.01747998895055,256 54 85 280 203 241 271 150 243 297 11 232 15 143 277 56
viper,5,kiss_k,16,0.1,20,44.936707615852356,55.99411977086189,308 198 213 218 258 184 294 159 217 313 180 62 259 35 112 100
viper,5,kiss_k,16,1.0,20,45.56961953639984,56.54987937702456,308 198 213 218 258 184 294 159 217 313 180 62 259 35 112 100
viper,5,kiss_k,16,0.1,21,44.936707615852356,56.447693008234836,194 240 75 203 268 223 157 156 63 235 81 68 261 138 161 178
viper,5,kiss_k,16,1.0,21,43.670886754989624,55.440541446080225,194 240 75 203 268 223 157 156 63 235 81 68 261 138 161 178
viper,5,kiss_k,16,0.1,22,43.03797483444214,54.96175126098265,214 186 182 225 131 286 88 117 151 308 251 168 221 220 301 305
viper,5,kiss_k,16,1.0,22,43.670886754989624,55.245336680008904,214 186 182 225 131 286 88 117 151 308 251 168 221 220 301 305
viper,5,kiss_k,16,0.1,23,47.151899337768555,57.90501159793385,235 60 127 90 17 31 230 228 137 243 16 123 198 146 289 176
viper,5,kiss_k,16,1.0,23,46.83544337749481,57.419246285460936,235 60 127 90 17 31 230 228 137 243 16 123 198 146 289 176
viper,5,kiss_k,16,0.1,24,46.83544337749481,57.63741694155259,125 243 118 201 267 187 120 230 1 193 196 91 217 68 40 21
viper,5,kiss_k,16,1.0,24,45.2531635761261,56.59980914545854,125 243 118 201 267 187 120 230 1 193 196 91 217 68 40 21
viper,5,kiss_k,16,0.1,25,45.886075496673584,55.772315670380245,68 234 205 126 272 37 115 221 17 223 300 23 120 301 47 112
viper,5,kiss_k,16,1.0,25,44.62025463581085,55.31773578735787,68 234 205 126 272 37 115 221 17 223 300 23 120 301 47 112
viper,5,kiss_k,16,0.1,26,48.41772019863129,57.655762030157234,89 308 57 5 61 272 169 147 96 134 39 168 49 228 68 102
viper,5,kiss_k,16,1.0,26,46.20253145694733,56.904873676082865,89 308 57 5 61 272 169 147 96 134 39 168 49 228 68 102
viper,5,kiss_k,16,0.1,27,48.41772019863129,58.34935711752402,236 99 291 255 205 121 104 98 21 195 128 96 184 90 300 47
viper,5,kiss_k,16,1.0,27,48.10126721858978,57.861782328510344,236 99 291 255 205 121 104 98 21 195 128 96 184 90 300 47
viper,5,kiss_k,16,0.1,28,46.51898741722107,57.29776011032788,290 212 175 239 17 227 102 260 11 297 311 44 233 48 62 143
viper,5,kiss_k,16,1.0,28,46.20253145694733,56.92155206817016,290 212 175 239 17 227 102 260 11 297 311 44 233 48 62 143
viper,5,kiss_k,16,0.1,29,45.886075496673584,56.408808919869315,272 213 94 61 16 4 219 90 267 85 156 198 68 44 186 170
viper,5,kiss_k,16,1.0,29,48.41772019863129,57.870826751200866,272 213 94 61 16 4 219 90 267 85 156 198 68 44 186 170
viper,5,kiss_k,32,0.1,0,46.51898741722107,57.12959534283832,186 262 301 147 36 295 66 282 40 56 202 92 260 150 96 16 257 131 169 269 157 0 72 24 272 232 253 103 9 252 153 212
viper,5,kiss_k,32,1.0,0,45.886075496673584,56.96014382483523,186 262 301 147 36 295 66 282 40 56 202 92 260 150 96 16 257 131 169 269 157 0 72 24 272 232 253 103 9 252 153 212
viper,5,kiss_k,32,0.1,1,45.886075496673584,56.52787924394761,270 120 13 7 127 286 141 81 223 194 48 53 196 204 38 168 240 121 70 99 3 184 159 224 34 285 242 230 202 26 142 249
viper,5,kiss_k,32,1.0,1,45.2531635761261,56.284209503118944,270 120 13 7 127 286 141 81 223 194 48 53 196 204 38 168 240 121 70 99 3 184 159 224 34 285 242 230 202 26 142 249
viper,5,kiss_k,32,0.1,2,46.20253145694733,57.568474228095255,23 246 25 296 223 39 143 74 60 176 59 304 38 207 155 215 184 154 226 267 125 49 307 217 270 13 66 216 205 178 245 280
viper,5,kiss_k,32,1.0,2,48.10126721858978,58.98120648142825,23 246 25 296 223 39 143 74 60 176 59 304 38 207 155 215 184 154 226 267 125 49 307 217 270 13 66 216 205 178 245 280
viper,5,kiss_k,32,0.1,3,46.83544337749481,57.16856856480679,231 137 291 22 267 13 77 31 285 89 219 9 136 111 254 220 149 282 32 12 16 275 300 283 278 72 82 43 71 312 223 286
viper,5,kiss_k,32,1.0,3,48.73417615890503,58.661628763317594,231 137 291 22 267 13 77 31 285 89 219 9 136 111 254 220 149 282 32 12 16 275 300 283 278 72 82 43 71 312 223 286
viper,5,kiss_k,32,0.1,4,49.68354403972626,58.71534968960946,249 222 21 106 210 40 2 119 192 283 24 240 87 278 124 176 22 234 66 128 258 48 208 216 204 206 30 300 151 231 64 130
viper,5,kiss_k,32,1.0,4,49.05063211917877,58.64729508139616,249 222 21 106 210 40 2 119 192 283 24 240 87 278 124 176 22 234 66 128 258 48 208 216 204 206 30 300 151 231 64 130
viper,5,kiss_k,32,0.1,5,47.78481125831604,57.772051333690264,12 148 166 156 113 179 287 68 250 98 140 176 290 104 112 97 224 136 128 139 183 76 2 304 70 81 37 78 147 143 45 88
viper,5,kiss_k,32,1.0,5,47.151899337768555,58.00231710064463,12 148 166 156 113 179 287 68 250 98 140 176 290 104 112 97 224 136 128 139 183 76 2 304 70 81 37 78 147 143 45 88
viper,5,kiss_k,32,0.1,6,48.73417615890503,59.520106822453336,66 159 171 216 242 17 243 269 184 113 77 165 142 276 203 40 156 234 138 74 295 270 96 25 18 120 39 23 193 274 241 133
viper,5,kiss_k,32,1.0,6,44.62025463581085,57.49858259865953,66 159 171 216 242 17 243 269 184 113 77 165 142 276 203 40 156 234 138 74 295 270 96 25 18 120 39 23 193 274 241 133
viper,5,kiss_k,32,0.1,7,45.886075496673584,57.203209907336294,224 308 145 30 209 26 163 38 313 250 297 116 109 108 56 198 110 11 94 39 206 213 138 166 57 14 262 259 133 265 17 161
viper,5,kiss_k,32,1.0,7,47.4683552980423,57.90651787958604,224 308 145 30 209 26 163 38 313 250 297 116 109 108 56 198 110 11 94 39 206 213 138 166 57 14 262 259 133 265 17 161
viper,5,kiss_k,32,0.1,8,47.151899337768555,57.84442426830056,261 159 209 42 166 201 44 185 26 83 198 253 234 269 88 107 294 77 228 110 123 224 190 308 175 72 180 132 277 133 193 262
viper,5,kiss_k,32,1.0,8,47.4683552980423,58.361161701568065,261 159 209 42 166 201 44 185 26 83 198 253 234 269 88 107 294 77 228 110 123 224 190 308 175 72 180 132 277 133 193 262
viper,5,kiss_k,32,0.1,9,45.56961953639984,56.35575287008739,249 215 130 178 5 242 197 189 26 70 245 96 220 59 121 244 102 270 134 259 2 86 285 214 297 172 40 92 111 232 133 53
viper,5,kiss_k,32,1.0,9,45.56961953639984,56.70323944679348,249 215 130 178 5 242 197 189 26 70 245 96 220 59 121 244 102 270 134 259 2 86 285 214 297 172 40 92 111 232 133 53
viper,5,kiss_k,32,0.1,10,45.886075496673584,56.52868417560421,276 263 96 74 232 244 3 308 217 215 23 43 53 270 68 114 175 86 135 102 119 76 284 281 255 193 307 88 180 262 280 27
viper,5,kiss_k,32,1.0,10,46.83544337749481,57.755648715989196,276 263 96 74 232 244 3 308 217 215 23 43 53 270 68 114 175 86 135 102 119 76 284 281 255 193 307 88 180 262 280 27
viper,5,kiss_k,32,0.1,11,47.78481125831604,57.88732768215954,273 3 272 21 301 143 263 296 241 259 236 297 157 164 11 59 303 206 66 107 287 139 69 305 45 216 204 58 16 91 262 146
viper,5,kiss_k,32,1.0,11,47.4683552980423,57.8658623216904,273 3 272 21 301 143 263 296 241 259 236 297 157 164 11 59 303 206 66 107 287 139 69 305 45 216 204 58 16 91 262 146
viper,5,kiss_k,32,0.1,12,46.51898741722107,57.70954239519557,9 10 114 283 264 135 136 220 44 163 232 181 193 245 126 12 233 4 116 147 164 203 183 16 24 133 305 209 273 119 145 159
viper,5,kiss_k,32,1.0,12,47.4683552980423,57.97764513449849,9 10 114 283 264 135 136 220 44 163 232 181 193 245 126 12 233 4 116 147 164 203 183 16 24 133 305 209 273 119 145 159
viper,5,kiss_k,32,0.1,13,47.4683552980423,58.20646440122874,79 107 125 155 68 71 201 42 14 291 113 273 165 241 189 169 81 281 118 170 308 4 280 182 224 217 278 61 78 275 297 186
viper,5,kiss_k,32,1.0,13,47.78481125831604,58.34588097168725,79 107 125 155 68 71 201 42 14 291 113 273 165 241 189 169 81 281 118 170 308 4 280 182 224 217 278 61 78 275 297 186
viper,5,kiss_k,32,0.1,14,46.51898741722107,57.200734622437096,291 168 29 37 153 119 250 246 157 17 212 113 167 264 229 240 294 131 81 118 122 74 35 15 150 205 65 314 41 135 215 266
viper,5,kiss_k,32,1.0,14,46.51898741722107,57.16249898974207,291 168 29 37 153 119 250 246 157 17 212 113 167 264 229 240 294 131 81 118 122 74 35 15 150 205 65 314 41 135 215 266
viper,5,kiss_k,32,0.1,15,44.62025463581085,55.85086662110602,136 68 60 314 273 249 122 29 313 205 70 294 128 147 83 178 153 212 310 300 170 33 274 152 45 132 103 16 36 38 220 96
viper,5,kiss_k,32,1.0,15,45.2531635761261,56.33523857153092,136 68 60 314 273 249 122 29 313 205 70 294 128 147 83 178 153 212 310 300 170 33 274 152 45 132 103 16 36 38 220 96
viper,5,kiss_k,32,0.1,16,48.73417615890503,58.20061941831831,140 302 15 10 24 58 134 106 220 48 150 259 60 223 264 287 94 258 270 214 201 116 283 7 61 88 187 221 127 33 2 52
viper,5,kiss_k,32,1.0,16,49.68354403972626,59.16710852689058,140 302 15 10 24 58 134 106 220 48 150 259 60 223 264 287 94 258 270 214 201 116 283 7 61 88 187 221 127 33 2 52
viper,5,kiss_k,32,0.1,17,46.51898741722107,57.482628133177684,238 253 244 160 55 56 286 13 304 151 15 181 92 90 61 227 162 186 242 264 1 245 77 95 188 110 156 249 269 40 273 49
viper,5,kiss_k,32,1.0,17,47.78481125831604,58.5922457422122,238 253 244 160 55 56 286 13 304 151 15 181 92 90 61 227 162 186 242 264 1 245 77 95 188 110 156 249 269 40 273 49
viper,5,kiss_k,32,0.1,18,44.936707615852356,56.043145522241346,39 96 49 103 92 170 18 1 189 305 235 265 300 141 145 146 3 26 72 306 4 31 232 293 25 98 259 41 33 222 255 311
viper,5,kiss_k,32,1.0,18,44.30379867553711,56.26633456532676,39 96 49 103 92 170 18 1 189 305 235 265 300 141 145 146 3 26 72 306 4 31 232 293 25 98 259 41 33 222 255 311
viper,5,kiss_k,32,0.1,19,45.2531635761261,55.61195012938438,122 225 96 50 177 0 258 59 220 196 84 305 20 222 142 11 149 172 211 187 256 208 34 303 32 26 90 173 232 17 200 152
viper,5,kiss_k,32,1.0,19,45.2531635761261,56.14546064188952,122 225 96 50 177 0 258 59 220 196 84 305 20 222 142 11 149 172 211 187 256 208 34 303 32 26 90 173 232 17 200 152
viper,5,kiss_k,32,0.1,20,46.51898741722107,56.45550376356625,0 70 244 146 314 241 32 213 132 90 8 195 313 300 286 20 95 288 16 156 280 58 268 170 115 155 111 203 71 261 74 62
viper,5,kiss_k,32,1.0,20,47.4683552980423,57.074066822429906,0 70 244 146 314 241 32 213 132 90 8 195 313 300 286 20 95 288 16 156 280 58 268 170 115 155 111 203 71 261 74 62
viper,5,kiss_k,32,0.1,21,49.367088079452515,58.90787749576892,32 112 173 88 241 170 175 43 229 100 195 78 71 92 185 60 189 203 62 192 66 154 110 287 180 262 95 227 171 58 298 129
viper,5,kiss_k,32,1.0,21,48.41772019863129,58.641695013169596,32 112 173 88 241 170 175 43 229 100 195 78 71 92 185 60 189 203 62 192 66 154 110 287 180 262 95 227 171 58 298 129
viper,5,kiss_k,32,0.1,22,45.56961953639984,56.07774946680374,198 92 13 261 187 287 30 220 159 200 259 194 47 180 131 50 293 238 112 193 185 95 173 243 62 176 41 3 23 70 100 151
viper,5,kiss_k,32,1.0,22,45.886075496673584,56.273977734132174,198 92 13 261 187 287 30 220 159 200 259 194 47 180 131 50 293 238 112 193 185 95 173 243 62 176 41 3 23 70 100 151
viper,5,kiss_k,32,0.1,23,44.62025463581085,56.46414389990597,196 0 313 135 285 66 38 125 147 203 279 153 121 139 270 195 309 249 94 157 87 151 206 9 210 246 286 39 239 306 237 166
viper,5,kiss_k,32,1.0,23,45.56961953639984,57.25111637053551,196 0 313 135 285 66 38 125 147 203 279 153 121 139 270 195 309 249 94 157 87 151 206 9 210 246 286 39 239 306 237 166
viper,5,kiss_k,32,0.1,24,47.4683552980423,57.76170029854559,222 273 158 300 110 92 178 173 52 123 180 230 188 21 144 57 121 301 80 205 216 142 46 279 11 127 111 236 49 244 47 175
viper,5,kiss_k,32,1.0,24,47.78481125831604,58.31781512243368,222 273 158 300 110 92 178 173 52 123 180 230 188 21 144 57 121 301 80 205 216 142 46 279 11 127 111 236 49 244 47 175
viper,5,kiss_k,32,0.1,25,46.51898741722107,57.08511910408938,186 248 150 95 23 125 209 274 51 142 308 255 129 34 93 187 13 128 72 199 17 259 224 197 110 4 113 243 159 103 7 307
viper,5,kiss_k,32,1.0,25,44.62025463581085,56.14127427901775,186 248 150 95 23 125 209 274 51 142 308 255 129 34 93 187 13 128 72 199 17 259 224 197 110 4 113 243 159 103 7 307
viper,5,kiss_k,32,0.1,26,44.62025463581085,55.38268580942793,203 177 11 312 12 300 82 16 100 101 51 255 163 252 181 84 105 132 265 104 289 165 296 164 212 271 117 17 216 168 285 152
viper,5,kiss_k,32,1.0,26,43.670886754989624,54.86817502889211,203 177 11 312 12 300 82 16 100 101 51 255 163 252 181 84 105 132 265 104 289 165 296 164 212 271 117 17 216 168 285 152
viper,5,kiss_k,32,0.1,27,49.68354403972626,58.99192668272103,171 174 287 273 117 270 299 232 51 310 155 71 24 215 146 238 298 257 159 186 264 47 309 272 193 179 289 95 280 307 249 156
viper,5,kiss_k,32,1.0,27,48.10126721858978,58.457890932507375,171 174 287 273 117 270 299 232 51 310 155 71 24 215 146 238 298 257 159 186 264 47 309 272 193 179 289 95 280 307 249 156
viper,5,kiss_k,32,0.1,28,47.4683552980423,57.19196606737301,122 100 69 149 313 14 161 25 192 163 237 12 177 101 2 208 158 227 269 128 195 310 238 273 297 39 111 191 300 209 106 178
viper,5,kiss_k,32,1.0,28,47.78481125831604,57.48636836342641,122 100 69 149 313 14 161 25 192 163 237 12 177 101 2 208 158 227 269 128 195 310 238 273 297 39 111 191 300 209 106 178
viper,5,kiss_k,32,0.1,29,45.886075496673584,56.484913950856594,253 95 241 82 164 101 151 29 288 176 296 46 99 250 9 298 158 35 52 138 286 144 91 102 170 16 232 184 47 27 177 267
viper,5,kiss_k,32,1.0,29,45.2531635761261,56.75154330920551,253 95 241 82 164 101 151 29 288 176 296 46 99 250 9 298 158 35 52 138 286 144 91 102 170 16 232 184 47 27 177 267
viper,6,raw,0,-1,-1,42.40506291389465,51.96365655621232,
viper,6,center,0,-1,-1,42.40506291389465,51.96365655621232,
viper,6,unlab,0,0.1,-1,40.82278609275818,50.915197216138885,
viper,6,kiss_all,316,0.1,-1,45.56961953639984,55.081875008721994,
viper,6,unlab,0,1.0,-1,40.82278609275818,50.55674564286182,
viper,6,kiss_all,316,1.0,-1,55.37974834442139,64.36044549371871,
viper,6,kiss_k,2,0.1,0,42.40506291389465,51.86362053397771,185 109
viper,6,kiss_k,2,1.0,0,40.82278609275818,50.7772489707071,185 109
viper,6,kiss_k,2,0.1,1,39.87341821193695,50.44282299798676,227 128
viper,6,kiss_k,2,1.0,1,40.18987417221069,50.49985920684357,227 128
viper,6,kiss_k,2,0.1,2,41.77215099334717,51.58147643763942,309 224
viper,6,kiss_k,2,1.0,2,42.08860695362091,51.41893202442511,309 224
viper,6,kiss_k,2,0.1,3,43.35443079471588,52.468585560763835,309 268
viper,6,kiss_k,2,1.0,3,42.721518874168396,51.93279620192608,309 268
viper,6,kiss_k,2,0.1,4,42.721518874168396,52.22298182545205,26 194
viper,6,kiss_k,2,1.0,4,42.08860695362091,51.72625354310668,26 194
viper,6,kiss_k,2,0.1,5,41.77215099334717,52.298734096021605,129 64
viper,6,kiss_k,2,1.0,5,40.18987417221069,51.26710865427668,129 64
viper,6,kiss_k,2,0.1,6,43.03797483444214,52.777625164379046,175 171
viper,6,kiss_k,2,1.0,6,41.77215099334717,51.82404167476374,175 171
viper,6,kiss_k,2,0.1,7,43.03797483444214,53.0768733707898,223 214
viper,6,kiss_k,2,1.0,7,40.82278609275818,51.469080085159504,223 214
viper,6,kiss_k,2,0.1,8,42.08860695362091,51.40448118709882,230 173
viper,6,kiss_k,2,1.0,8,40.82278609275818,50.567949765319796,230 173
viper,6,kiss_k,2,0.1,9,42.40506291389465,51.88719810081614,249 97
viper,6,kiss_k,2,1.0,9,42.08860695362091,51.54890872427923,249 97
viper,6,kiss_k,2,0.1,10,42.40506291389465,52.13909367382118,255 223
viper,6,kiss_k,2,1.0,10,39.87341821193695,50.73747593841126,255 223
viper,6,kiss_k,2,0.1,11,41.13923907279968,51.278361412182484,140 182
viper,6,kiss_k,2,1.0,11,40.506330132484436,50.67214690254562,140 182
viper,6,kiss_k,2,0.1,12,43.03797483444214,52.2776001752038,133 151
viper,6,kiss_k,2,1.0,12,42.721518874168396,51.69790275393474,133 151
viper,6,kiss_k,2,0.1,13,41.77215099334717,52.02989207950899,19 256
viper,6,kiss_k,2,1.0,13,40.82278609275818,51.15822437294659,19 256
viper,6,kiss_k,2,0.1,14,42.08860695362091,51.615489594859596,4 108
viper,6,kiss_k,2,1.0,14,41.455695033073425,51.10947259131666,4 108
viper,6,kiss_k,2,0.1,15,43.03797483444214,52.32316933500045,130 21
viper,6,kiss_k,2,1.0,15,42.40506291389465,51.896490640652345,130 21
viper,6,kiss_k,2,0.1,16,41.13923907279968,51.10162617683308,257 305
viper,6,kiss_k,2,1.0,16,40.18987417221069,50.25882725144667,257 305
viper,6,kiss_k,2,0.1,17,41.455695033073425,51.390231894021085,109 301
viper,6,kiss_k,2,1.0,17,41.13923907279968,50.95872716308715,109 301
viper,6,kiss_k,2,0.1,18,42.40506291389465,52.07823485366482,122 132
viper,6,kiss_k,2,1.0,18,41.13923907279968,51.15475973328547,122 132
viper,6,kiss_k,2,0.1,19,42.40506291389465,52.37983529638971,160 186
viper,6,kiss_k,2,1.0,19,42.08860695362091,51.853684185888504,160 186
viper,6,kiss_k,2,0.1,20,41.77215099334717,51.41275714318333,250 284
viper,6,kiss_k,2,1.0,20,40.82278609275818,50.54477188907306,250 284
viper,6,kiss_k,2,0.1,21,42.40506291389465,51.94430436569905,167 246
viper,6,kiss_k,2,1.0,21,40.506330132484436,50.877407745698136,167 246
viper,6,kiss_k,2,0.1,22,42.721518874168396,52.158965822992364,270 36
viper,6,kiss_k,2,1.0,22,40.506330132484436,50.661946909252144,270 36
viper,6,kiss_k,2,0.1,23,41.455695033073425,51.7370519852701,89 259
viper,6,kiss_k,2,1.0,23,42.08860695362091,51.77239584507943,89 259
viper,6,kiss_k,2,0.1,24,43.35443079471588,52.70222080657118,54 201
viper,6,kiss_k,2,1.0,24,41.455695033073425,51.55051121383241,54 201
viper,6,kiss_k,2,0.1,25,43.03797483444214,52.599983618230326,298 14
viper,6,kiss_k,2,1.0,25,42.08860695362091,52.13420431327086,298 14
viper,6,kiss_k,2,0.1,26,42.40506291389465,51.83205961222901,209 11
viper,6,kiss_k,2,1.0,26,41.455695033073425,51.08454415614705,209 11
viper,6,kiss_k,2,0.1,27,43.98734271526337,53.02319670064215,278 177
viper,6,kiss_k,2,1.0,27,42.08860695362091,51.72167253060992,278 177
viper,6,kiss_k,2,0.1,28,42.08860695362091,51.99605755360906,38 130
viper,6,kiss_k,2,1.0,28,40.82278609275818,51.18603376214407,38 130
viper,6,kiss_k,2,0.1,29,42.721518874168396,52.17118389669992,186 2
viper,6,kiss_k,2,1.0,29,40.506330132484436,50.393090225986924,186 2
viper,6,kiss_k,4,0.1,0,43.35443079471588,52.83394013699817,78 175 23 233
viper,6,kiss_k,4,1.0,0,42.40506291389465,52.32752680046799,78 175 23 233
viper,6,kiss_k,4,0.1,1,41.455695033073425,51.65222468597308,129 124 44 18
viper,6,kiss_k,4,1.0,1,40.82278609275818,50.916133162319746,129 124 44 18
viper,6,kiss_k,4,0.1,2,42.08860695362091,51.85409530878974,233 42 115 183
viper,6,kiss_k,4,1.0,2,41.455695033073425,51.221823800339685,233 42 115 183
viper,6,kiss_k,4,0.1,3,43.03797483444214,52.3799562275858,212 216 146 205
viper,6,kiss_k,4,1.0,3,41.77215099334717,51.42761018572607,212 216 146 205
viper,6,kiss_k,4,0.1,4,42.40506291389465,52.30971749474305,285 2 260 136
viper,6,kiss_k,4,1.0,4,41.13923907279968,51.41319386591672,285 2 260 136
viper,6,kiss_k,4,0.1,5,43.03797483444214,53.1582979286795,63 40 172 44
viper,6,kiss_k,4,1.0,5,42.08860695362091,52.28077871293307,63 40 172 44
viper,6,kiss_k,4,0.1,6,44.30379867553711,53.40647948333462,53 88 151 144
viper,6,kiss_k,4,1.0,6,43.03797483444214,52.67960022147167,53 88 151 144
viper,6,kiss_k,4,0.1,7,43.03797483444214,52.52353761982621,238 184 83 115
viper,6,kiss_k,4,1.0,7,42.08860695362091,51.99146873298122,238 184 83 115
viper,6,kiss_k,4,0.1,8,42.40506291389465,52.09161096528021,20 60 131 226
viper,6,kiss_k,4,1.0,8,41.455695033073425,51.27494322095018,20 60 131 226
viper,6,kiss_k,4,0.1,9,44.936707615852356,53.640681571235014,311 123 176 235
viper,6,kiss_k,4,1.0,9,42.721518874168396,52.69187527413103,311 123 176 235
viper,6,kiss_k,4,0.1,10,44.30379867553711,53.47696033131941,260 226 37 74
viper,6,kiss_k,4,1.0,10,43.670886754989624,52.67686624996759,260 226 37 74
viper,6,kiss_k,4,0.1,11,43.03797483444214,52.533327432458044,132 283 114 33
viper,6,kiss_k,4,1.0,11,42.40506291389465,51.81623411673421,132 283 114 33
viper,6,kiss_k,4,0.1,12,42.721518874168396,52.5152278762233,128 93 67 176
viper,6,kiss_k,4,1.0,12,43.03797483444214,52.334545356120685,128 93 67 176
viper,6,kiss_k,4,0.1,13,41.77215099334717,52.05556522312782,76 301 200 116
viper,6,kiss_k,4,1.0,13,40.82278609275818,51.22540842450061,76 301 200 116
viper,6,kiss_k,4,0.1,14,43.98734271526337,53.340682633707715,130 23 75 303
viper,6,kiss_k,4,1.0,14,42.08860695362091,52.10959235687679,130 23 75 303
viper,6,kiss_k,4,0.1,15,41.455695033073425,51.84908293397953,5 216 30 76
viper,6,kiss_k,4,1.0,15,42.08860695362091,51.85632396511345,5 216 30 76
viper,6,kiss_k,4,0.1,16,42.721518874168396,52.26884742782513,301 262 72 55
viper,6,kiss_k,4,1.0,16,41.13923907279968,51.15909392082961,301 262 72 55
viper,6,kiss_k,4,0.1,17,40.506330132484436,51.119547451896075,45 52 224 38
viper,6,kiss_k,4,1.0,17,40.506330132484436,50.660553294619874,45 52 224 38
viper,6,kiss_k,4,0.1,18,42.40506291389465,52.06045508322945,36 213 135 116
viper,6,kiss_k,4,1.0,18,41.77215099334717,51.395496205426895,36 213 135 116
viper,6,kiss_k,4,0.1,19,43.98734271526337,54.031237307432676,4 309 110 64
viper,6,kiss_k,4,1.0,19,43.03797483444214,53.18400207444749,4 309 110 64
viper,6,kiss_k,4,0.1,20,42.40506291389465,52.27119855710374,237 154 78 108
viper,6,kiss_k,4,1.0,20,42.08860695362091,51.77621399735442,237 154 78 108
viper,6,kiss_k,4,0.1,21,42.40506291389465,52.205316570548845,96 12 169 45
viper,6,kiss_k,4,1.0,21,40.82278609275818,51.040225192740984,96 12 169 45
viper,6,kiss_k,4,0.1,22,42.08860695362091,51.92596846023866,99 186 195 95
viper,6,kiss_k,4,1.0,22,41.13923907279968,51.05394406061878,99 186 195 95
viper,6,kiss_k,4,0.1,23,43.03797483444214,52.15434770811391,300 145 127 236
viper,6,kiss_k,4,1.0,23,41.455695033073425,51.17709112367841,300 145 127 236
viper,6,kiss_k,4,0.1,24,41.455695033073425,51.779613734910846,132 102 150 277
viper,6,kiss_k,4,1.0,24,41.455695033073425,51.58227144036498,132 102 150 277
viper,6,kiss_k,4,0.1,25,41.77215099334717,51.82142019191346,102 26 16 28
viper,6,kiss_k,4,1.0,25,42.40506291389465,52.001117796174576,102 26 16 28
viper,6,kiss_k,4,0.1,26,43.03797483444214,53.224447229959196,277 139 61 215
viper,6,kiss_k,4,1.0,26,41.455695033073425,51.91556505108134,277 139 61 215
viper,6,kiss_k,4,0.1,27,42.721518874168396,52.56107398894005,148 85 251 138
viper,6,kiss_k,4,1.0,27,42.08860695362091,51.97792679829103,148 85 251 138
viper,6,kiss_k,4,0.1,28,40.506330132484436,50.91356351865802,93 101 126 25
viper,6,kiss_k,4,1.0,28,41.455695033073425,51.20938797643982,93 101 126 25
viper,6,kiss_k,4,0.1,29,42.721518874168396,52.298684989080904,156 32 304 52
viper,6,kiss_k,4,1.0,29,41.13923907279968,51.6487492929636,156 32 304 52
viper,6,kiss_k,8,0.1,0,43.98734271526337,53.702770057335236,44 241 28 172 236 68 58 66
viper,6,kiss_k,8,1.0,0,43.35443079471588,52.840586684885594,44 241 28 172 236 68 58 66
viper,6,kiss_k,8,0.1,1,45.2531635761261,54.695944121188155,161 204 239 6 85 257 158 34
viper,6,kiss_k,8,1.0,1,43.670886754989624,53.67070052415427,161 204 239 6 85 257 158 34
viper,6,kiss_k,8,0.1,2,44.30379867553711,53.3193052451171,19 73 305 142 219 20 62 199
viper,6,kiss_k,8,1.0,2,43.03797483444214,52.62895545814447,19 73 305 142 219 20 62 199
viper,6,kiss_k,8,0.1,3,44.30379867553711,53.880058063878465,11 185 91 106 182 297 55 223
viper,6,kiss_k,8,1.0,3,43.670886754989624,53.537449419779456,11 185 91 106 182 297 55 223
viper,6,kiss_k,8,0.1,4,43.670886754989624,52.98947518751095,166 90 176 193 46 54 113 57
viper,6,kiss_k,8,1.0,4,42.40506291389465,52.22519007173672,166 90 176 193 46 54 113 57
viper,6,kiss_k,8,0.1,5,43.670886754989624,53.17612633414141,170 250 141 214 212 122 284 42
viper,6,kiss_k,8,1.0,5,41.455695033073425,51.58784460572065,170 250 141 214 212 122 284 42
viper,6,kiss_k,8,0.1,6,41.455695033073425,51.67213962049354,196 309 80 186 56 20 96 92
viper,6,kiss_k,8,1.0,6,41.13923907279968,51.233571560471034,196 309 80 186 56 20 96 92
viper,6,kiss_k,8,0.1,7,43.03797483444214,52.555573869853546,121 218 34 69 35 194 49 83
viper,6,kiss_k,8,1.0,7,41.77215099334717,51.67272823206965,121 218 34 69 35 194 49 83
viper,6,kiss_k,8,0.1,8,43.35443079471588,52.79133297185076,255 222 155 199 154 157 285 129
viper,6,kiss_k,8,1.0,8,42.40506291389465,52.32373972856025,255 222 155 199 154 157 285 129
viper,6,kiss_k,8,0.1,9,43.670886754989624,53.58746758452734,109 43 212 27 91 51 121 123
viper,6,kiss_k,8,1.0,9,41.77215099334717,52.70678327766942,109 43 212 27 91 51 121 123
viper,6,kiss_k,8,0.1,10,41.77215099334717,52.343331549416014,265 219 82 220 147 112 132 187
viper,6,kiss_k,8,1.0,10,42.08860695362091,52.13172167295789,265 219 82 220 147 112 132 187
viper,6,kiss_k,8,0.1,11,43.98734271526337,53.2779454025756,91 256 154 264 7 56 187 305
viper,6,kiss_k,8,1.0,11,42.40506291389465,52.4877006534834,91 256 154 264 7 56 187 305
viper,6,kiss_k,8,0.1,12,43.35443079471588,53.30711626433303,212 221 62 255 169 175 307 107
viper,6,kiss_k,8,1.0,12,41.455695033073425,52.00063160746471,212 221 62 255 169 175 307 107
viper,6,kiss_k,8,0.1,13,44.62025463581085,53.528141538447,47 50 166 71 273 20 247 61
viper,6,kiss_k,8,1.0,13,43.03797483444214,52.69825797373255,47 50 166 71 273 20 247 61
viper,6,kiss_k,8,0.1,14,45.56961953639984,54.750737203553456,274 40 279 287 3 215 197 219
viper,6,kiss_k,8,1.0,14,43.35443079471588,53.53086994386378,274 40 279 287 3 215 197 219
viper,6,kiss_k,8,0.1,15,44.936707615852356,53.65711561594907,175 21 141 28 198 54 135 150
viper,6,kiss_k,8,1.0,15,43.98734271526337,53.16083279688638,175 21 141 28 198 54 135 150
viper,6,kiss_k,8,0.1,16,43.03797483444214,52.599096951305725,125 13 176 7 177 205 184 140
viper,6,kiss_k,8,1.0,16,42.08860695362091,51.75145643156374,125 13 176 7 177 205 184 140
viper,6,kiss_k,8,0.1,17,43.98734271526337,53.25589750382892,222 311 219 201 144 92 6 272
viper,6,kiss_k,8,1.0,17,43.03797483444214,52.482749681536376,222 311 219 201 144 92 6 272
viper,6,kiss_k,8,0.1,18,43.670886754989624,53.234477058546204,268 281 194 117 175 19 46 86
viper,6,kiss_k,8,1.0,18,42.08860695362091,52.42004705421369,268 281 194 117 175 19 46 86
viper,6,kiss_k,8,0.1,19,44.62025463581085,53.4885547323596,13 182 153 268 148 307 18 183
viper,6,kiss_k,8,1.0,19,42.40506291389465,52.44819210656405,13 182 153 268 148 307 18 183
viper,6,kiss_k,8,0.1,20,43.670886754989624,53.65704029097038,103 121 290 147 14 192 214 119
viper,6,kiss_k,8,1.0,20,43.03797483444214,53.08217189063049,103 121 290 147 14 192 214 119
viper,6,kiss_k,8,0.1,21,42.721518874168396,52.30053487991051,233 212 261 16 110 312 109 111
viper,6,kiss_k,8,1.0,21,42.40506291389465,51.79159669896842,233 212 261 16 110 312 109 111
viper,6,kiss_k,8,0.1,22,44.30379867553711,53.85656934026497,123 199 84 94 190 219 91 57
viper,6,kiss_k,8,1.0,22,42.721518874168396,53.25305827029667,123 199 84 94 190 219 91 57
viper,6,kiss_k,8,0.1,23,43.35443079471588,53.67709099735314,5 67 125 231 80 158 200 136
viper,6,kiss_k,8,1.0,23,40.82278609275818,51.97326171690243,5 67 125 231 80 158 200 136
viper,6,kiss_k,8,0.1,24,43.98734271526337,52.973701746581526,201 263 206 34 109 204 208 260
viper,6,kiss_k,8,1.0,24,42.40506291389465,52.17703265554394,201 263 206 34 109 204 208 260
viper,6,kiss_k,8,0.1,25,43.35443079471588,52.718801284790054,143 217 184 63 122 309 257 36
viper,6,kiss_k,8,1.0,25,42.40506291389465,51.887617455772464,143 217 184 63 122 309 257 36
viper,6,kiss_k,8,0.1,26,43.670886754989624,53.32520925555039,54 269 299 122 263 187 120 285
viper,6,kiss_k,8,1.0,26,43.670886754989624,52.996533659837134,54 269 299 122 263 187 120 285
viper,6,kiss_k,8,0.1,27,44.62025463581085,54.28629469105387,244 128 98 107 160 12 9 189
viper,6,kiss_k,8,1.0,27,42.40506291389465,53.05162886712832,244 128 98 107 160 12 9 189
viper,6,kiss_k,8,0.1,28,44.62025463581085,53.517872138746235,245 115 126 24 68 307 206 213
viper,6,kiss_k,8,1.0,28,42.40506291389465,52.43835974143811,245 115 126 24 68 307 206 213
viper,6,kiss_k,8,0.1,29,43.35443079471588,52.66894126476483,152 122 10 308 169 284 36 246
viper,6,kiss_k,8,1.0,29,41.77215099334717,51.573071026258845,152 122 10 308 169 284 36 246
viper,6,kiss_k,16,0.1,0,45.2531635761261,54.32579842863529,164 48 249 155 289 262 65 153 170 183 23 13 185 85 287 71
viper,6,kiss_k,16,1.0,0,45.2531635761261,54.36642069727253,164 48 249 155 289 262 65 153 170 183 23 13 185 85 287 71
viper,6,kiss_k,16,0.1,1,46.20253145694733,55.192770633228946,22 277 111 91 156 230 250 13 154 45 80 92 184 20 125 87
viper,6,kiss_k,16,1.0,1,45.2531635761261,54.843606955128685,22 277 111 91 156 230 250 13 154 45 80 92 184 20 125 87
viper,6,kiss_k,16,0.1,2,46.51898741722107,55.37639646813327,103 200 290 231 142 243 221 294 248 288 9 101 207 7 205 64
viper,6,kiss_k,16,1.0,2,45.2531635761261,54.79152951149489,103 200 290 231 142 243 221 294 248 288 9 101 207 7 205 64
viper,6,kiss_k,16,0.1,3,44.30379867553711,53.68809538358419,27 300 245 181 225 206 217 254 236 227 124 104 229 126 61 263
viper,6,kiss_k,16,1.0,3,42.08860695362091,52.56435179214359,27 300 245 181 225 206 217 254 236 227 124 104 229 126 61 263
viper,6,kiss_k,16,0.1,4,46.20253145694733,55.770853918286015,178 4 154 305 217 299 71 276 59 85 259 261 145 182 82 224
viper,6,kiss_k,16,1.0,4,44.62025463581085,54.78247542557625,178 4 154 305 217 299 71 276 59 85 259 261 145 182 82 224
viper,6,kiss_k,16,0.1,5,44.936707615852356,54.19395285623132,271 156 62 8 296 23 176 245 58 186 132 173 33 59 167 303
viper,6,kiss_k,16,1.0,5,44.62025463581085,54.23188149828204,271 156 62 8 296 23 176 245 58 186 132 173 33 59 167 303
viper,6,kiss_k,16,0.1,6,45.2531635761261,55.17941724464352,281 49 80 125 170 38 176 313 101 87 273 241 152 206 102 118
viper,6,kiss_k,16,1.0,6,44.936707615852356,54.79372840683047,281 49 80 125 170 38 176 313 101 87 273 241 152 206 102 118
viper,6,kiss_k,16,0.1,7,44.62025463581085,55.03474260473388,60 101 160 173 187 1 270 82 134 164 262 227 167 204 3 144
viper,6,kiss_k,16,1.0,7,43.35443079471588,54.210950576244386,60 101 160 173 187 1 270 82 134 164 262 227 167 204 3 144
viper,6,kiss_k,16,0.1,8,45.886075496673584,55.26639156313855,216 88 157 171 215 121 47 292 36 119 203 272 149 249 278 271
viper,6,kiss_k,16,1.0,8,44.936707615852356,54.76339161666816,216 88 157 171 215 121 47 292 36 119 203 272 149 249 278 271
viper,6,kiss_k,16,0.1,9,45.886075496673584,55.23873330968486,256 54 85 280 203 241 271 150 243 297 11 232 15 143 277 56
viper,6,kiss_k,16,1.0,9,45.886075496673584,55.10162934989673,256 54 85 280 203 241 271 150 243 297 11 232 15 143 277 56
viper,6,kiss_k,16,0.1,10,45.56961953639984,54.24855153255391,308 198 213 218 258 184 294 159 217 313 180 62 259 35 112 100
viper,6,kiss_k,16,1.0,10,45.886075496673584,54.17011626294044,308 198 213 218 258 184 294 159 217 313 180 62 259 35 112 100
viper,6,kiss_k,16,0.1,11,44.936707615852356,54.41959794596318,194 240 75 203 268 223 157 156 63 235 81 68 261 138 161 178
viper,6,kiss_k,16,1.0,11,43.670886754989624,54.06846249181329,194 240 75 203 268 223 157 156 63 235 81 68 261 138 161 178
viper,6,kiss_k,16,0.1,12,43.98734271526337,53.73786158991197,214 186 182 225 131 286 88 117 151 308 251 168 221 220 301 305
viper,6,kiss_k,16,1.0,12,42.721518874168396,52.64546985241634,214 186 182 225 131 286 88 117 151 308 251 168 221 220 301 305
viper,6,kiss_k,16,0.1,13,44.62025463581085,54.30434211409557,235 60 127 90 17 31 230 228 137 243 16 123 198 146 289 176
viper,6,kiss_k,16,1.0,13,43.670886754989624,53.96993861338169,235 60 127 90 17 31 230 228 137 243 16 123 198 146 289 176
viper,6,kiss_k,16,0.1,14,46.83544337749481,55.77895488551169,125 243 118 201 267 187 120 230 1 193 196 91 217 68 40 21
viper,6,kiss_k,16,1.0,14,47.151899337768555,56.01114368345588,125 243 118 201 267 187 120 230 1 193 196 91 217 68 40 21
viper,6,kiss_k,16,0.1,15,44.62025463581085,54.436369360222045,68 234 205 126 272 37 115 221 17 223 300 23 120 301 47 112
viper,6,kiss_k,16,1.0,15,44.30379867553711,54.25592449925546,68 234 205 126 272 37 115 221 17 223 300 23 120 301 47 112
viper,6,kiss_k,16,0.1,16,44.30379867553711,54.557119394289124,89 308 57 5 61 272 169 147 96 134 39 168 49 228 68 102
viper,6,kiss_k,16,1.0,16,44.30379867553711,54.43449955305979,89 308 57 5 61 272 169 147 96 134 39 168 49 228 68 102
viper,6,kiss_k,16,0.1,17,44.62025463581085,53.965907202839794,236 99 291 255 205 121 104 98 21 195 128 96 184 90 300 47
viper,6,kiss_k,16,1.0,17,43.98734271526337,53.78830872105367,236 99 291 255 205 121 104 98 21 195 128 96 184 90 300 47
viper,6,kiss_k,16,0.1,18,43.670886754989624,54.04760057133797,290 212 175 239 17 227 102 260 11 297 311 44 233 48 62 143
viper,6,kiss_k,16,1.0,18,44.936707615852356,54.8686442371899,290 212 175 239 17 227 102 260 11 297 311 44 233 48 62 143
viper,6,kiss_k,16,0.1,19,44.936707615852356,53.982572080327664,272 213 94 61 16 4 219 90 267 85 156 198 68 44 186 170
viper,6,kiss_k,16,1.0,19,44.62025463581085,53.63471099420541,272 213 94 61 16 4 219 90 267 85 156 198 68 44 186 170
viper,6,kiss_k,16,0.1,20,43.98734271526337,54.0300690216791,287 155 145 136 301 137 131 130 133 179 35 19 111 79 125 17
viper,6,kiss_k,16,1.0,20,41.77215099334717,52.96298450381883,287 155 145 136 301 137 131 130 133 179 35 19 111 79 125 17
viper,6,kiss_k,16,0.1,21,47.151899337768555,56.66712372126903,144 134 200 6 223 309 64 229 272 23 32 204 104 41 242 295
viper,6,kiss_k,16,1.0,21,46.20253145694733,56.57253906728194,144 134 200 6 223 309 64 229 272 23 32 204 104 41 242 295
viper,6,kiss_k,16,0.1,22,45.2531635761261,54.50725864729395,59 130 288 107 144 205 147 155 308 212 168 228 18 156 175 121
viper,6,kiss_k,16,1.0,22,43.98734271526337,53.92441710310798,59 130 288 107 144 205 147 155 308 212 168 228 18 156 175 121
viper,6,kiss_k,16,0.1,23,47.4683552980423,56.202966630125175,218 300 70 87 115 194 102 26 22 37 167 301 178 130 119 270
viper,6,kiss_k,16,1.0,23,45.56961953639984,55.109770382446534,218 300 70 87 115 194 102 26 22 37 167 301 178 130 119 270
viper,6,kiss_k,16,0.1,24,45.886075496673584,54.34925340990456,196 151 306 128 307 211 129 97 225 181 184 32 268 312 144 104
viper,6,kiss_k,16,1.0,24,44.30379867553711,53.61179652857552,196 151 306 128 307 211 129 97 225 181 184 32 268 312 144 104
viper,6,kiss_k,16,0.1,25,46.20253145694733,55.16238821780133,7 31 144 62 39 287 302 85 132 122 252 196 147 290 247 93
viper,6,kiss_k,16,1.0,25,46.83544337749481,55.93070797137768,7 31 144 62 39 287 302 85 132 122 252 196 147 290 247 93
viper,6,kiss_k,16,0.1,26,46.51898741722107,55.4273492188584,171 283 172 226 303 178 285 253 53 282 118 202 46 88 225 45
viper,6,kiss_k,16,1.0,26,46.51898741722107,55.378864867197045,171 283 172 226 303 178 285 253 53 282 118 202 46 88 225 45
viper,6,kiss_k,16,0.1,27,45.886075496673584,54.47862076480953,254 216 199 294 37 101 38 299 120 267 174 103 223 74 234 79
viper,6,kiss_k,16,1.0,27,44.62025463581085,53.87226157729257,254 216 199 294 37 101 38 299 120 267 174 103 223 74 234 79
viper,6,kiss_k,16,0.1,28,46.51898741722107,55.667104065332474,16 254 87 46 243 22 300 190 185 42 8 25 272 153 222 139
viper,6,kiss_k,16,1.0,28,44.936707615852356,54.85518362852272,16 254 87 46 243 22 300 190 185 42 8 25 272 153 222 139
viper,6,kiss_k,16,0.1,29,44.30379867553711,54.08449040703501,30 1 207 234 220 119 281 197 47 68 173 0 237 127 75 78
viper,6,kiss_k,16,1.0,29,44.30379867553711,54.18259737715355,30 1 207 234 220 119 281 197 47 68 173 0 237 127 75 78
viper,6,kiss_k,32,0.1,0,47.78481125831604,56.33011221686267,276 263 96 74 232 244 3 308 217 215 23 43 53 270 68 114 175 86 135 102 119 76 284 281 255 193 307 88 180 262 280 27
viper,6,kiss_k,32,1.0,0,47.4683552980423,56.49631113977167,276 263 96 74 232 244 3 308 217 215 23 43 53 270 68 114 175 86 135 102 119 76 284 281 255 193 307 88 180 262 280 27
viper,6,kiss_k,32,0.1,1,45.56961953639984,55.03478607602962,273 3 272 21 301 143 263 296 241 259 236 297 157 164 11 59 303 206 66 107 287 139 69 305 45 216 204 58 16 91 262 146
viper,6,kiss_k,32,1.0,1,46.51898741722107,55.97866272667954,273 3 272 21 301 143 263 296 241 259 236 297 157 164 11 59 303 206 66 107 287 139 69 305 45 216 204 58 16 91 262 146
viper,6,kiss_k,32,0.1,2,45.56961953639984,55.36943183120457,9 10 114 283 264 135 136 220 44 163 232 181 193 245 126 12 233 4 116 147 164 203 183 16 24 133 305 209 273 119 145 159
viper,6,kiss_k,32,1.0,2,44.30379867553711,54.90456096029984,9 10 114 283 264 135 136 220 44 163 232 181 193 245 126 12 233 4 116 147 164 203 183 16 24 133 305 209 273 119 145 159
viper,6,kiss_k,32,0.1,3,48.10126721858978,56.88698702198103,79 107 125 155 68 71 201 42 14 291 113 273 165 241 189 169 81 281 118 170 308 4 280 182 224 217 278 61 78 275 297 186
viper,6,kiss_k,32,1.0,3,46.51898741722107,56.017841981347324,79 107 125 155 68 71 201 42 14 291 113 273 165 241 189 169 81 281 118 170 308 4 280 182 224 217 278 61 78 275 297 186
viper,6,kiss_k,32,0.1,4,44.936707615852356,54.8659580060057,291 168 29 37 153 119 250 246 157 17 212 113 167 264 229 240 294 131 81 118 122 74 35 15 150 205 65 314 41 135 215 266
viper,6,kiss_k,32,1.0,4,43.670886754989624,54.224798604029736,291 168 29 37 153 119 250 246 157 17 212 113 167 264 229 240 294 131 81 118 122 74 35 15 150 205 65 314 41 135 215 266
viper,6,kiss_k,32,0.1,5,44.30379867553711,53.93912893205771,136 68 60 314 273 249 122 29 313 205 70 294 128 147 83 178 153 212 310 300 170 33 274 152 45 132 103 16 36 38 220 96
viper,6,kiss_k,32,1.0,5,43.98734271526337,53.76247407910775,136 68 60 314 273 249 122 29 313 205 70 294 128 147 83 178 153 212 310 300 170 33 274 152 45 132 103 16 36 38 220 96
viper,6,kiss_k,32,0.1,6,44.936707615852356,54.91838647721378,140 302 15 10 24 58 134 106 220 48 150 259 60 223 264 287 94 258 270 214 201 116 283 7 61 88 187 221 127 33 2 52
viper,6,kiss_k,32,1.0,6,43.98734271526337,54.3840594077168,140 302 15 10 24 58 134 106 220 48 150 259 60 223 264 287 94 258 270 214 201 116 283 7 61 88 187 221 127 33 2 52
viper,6,kiss_k,32,0.1,7,46.51898741722107,55.15685921510243,238 253 244 160 55 56 286 13 304 151 15 181 92 90 61 227 162 186 242 264 1 245 77 95 188 110 156 249 269 40 273 49
viper,6,kiss_k,32,1.0,7,47.78481125831604,56.23188200903139,238 253 244 160 55 56 286 13 304 151 15 181 92 90 61 227 162 186 242 264 1 245 77 95 188 110 156 249 269 40 273 49
viper,6,kiss_k,32,0.1,8,46.20253145694733,55.20762800411711,39 96 49 103 92 170 18 1 189 305 235 265 300 141 145 146 3 26 72 306 4 31 232 293 25 98 259 41 33 222 255 311
viper,6,kiss_k,32,1.0,8,44.62025463581085,54.55562590739497,39 96 49 103 92 170 18 1 189 305 235 265 300 141 145 146 3 26 72 306 4 31 232 293 25 98 259 41 33 222 255 311
viper,6,kiss_k,32,0.1,9,45.56961953639984,54.52121375841463,122 225 96 50 177 0 258 59 220 196 84 305 20 222 142 11 149 172 211 187 256 208 34 303 32 26 90 173 232 17 200 152
viper,6,kiss_k,32,1.0,9,47.4683552980423,55.64497548973717,122 225 96 50 177 0 258 59 220 196 84 305 20 222 142 11 149 172 211 187 256 208 34 303 32 26 90 173 232 17 200 152
viper,6,kiss_k,32,0.1,10,46.83544337749481,54.96087935293602,0 70 244 146 314 241 32 213 132 90 8 195 313 300 286 20 95 288 16 156 280 58 268 170 115 155 111 203 71 261 74 62
viper,6,kiss_k,32,1.0,10,47.4683552980423,55.43809581299273,0 70 244 146 314 241 32 213 132 90 8 195 313 300 286 20 95 288 16 156 280 58 268 170 115 155 111 203 71 261 74 62
viper,6,kiss_k,32,0.1,11,45.2531635761261,55.044311699866576,32 112 173 88 241 170 175 43 229 100 195 78 71 92 185 60 189 203 62 192 66 154 110 287 180 262 95 227 171 58 298 129
viper,6,kiss_k,32,1.0,11,46.20253145694733,55.71233198839038,32 112 173 88 241 170 175 43 229 100 195 78 71 92 185 60 189 203 62 192 66 154 110 287 180 262 95 227 171 58 298 129
viper,6,kiss_k,32,0.1,12,48.41772019863129,57.212437796176104,198 92 13 261 187 287 30 220 159 200 259 194 47 180 131 50 293 238 112 193 185 95 173 243 62 176 41 3 23 70 100 151
viper,6,kiss_k,32,1.0,12,49.68354403972626,58.082132715210314,198 92 13 261 187 287 30 220 159 200 259 194 47 180 131 50 293 238 112 193 185 95 173 243 62 176 41 3 23 70 100 151
viper,6,kiss_k,32,0.1,13,46.83544337749481,56.27844598650215,196 0 313 135 285 66 38 125 147 203 279 153 121 139 270 195 309 249 94 157 87 151 206 9 210 246 286 39 239 306 237 166
viper,6,kiss_k,32,1.0,13,47.4683552980423,56.960605011387855,196 0 313 135 285 66 38 125 147 203 279 153 121 139 270 195 309 249 94 157 87 151 206 9 210 246 286 39 239 306 237 166
viper,6,kiss_k,32,0.1,14,44.30379867553711,54.0703397027552,222 273 158 300 110 92 178 173 52 123 180 230 188 21 144 57 121 301 80 205 216 142 46 279 11 127 111 236 49 244 47 175
viper,6,kiss_k,32,1.0,14,44.62025463581085,54.457142225567544,222 273 158 300 110 92 178 173 52 123 180 230 188 21 144 57 121 301 80 205 216 142 46 279 11 127 111 236 49 244 47 175
viper,6,kiss_k,32,0.1,15,44.30379867553711,54.113648916489254,186 248 150 95 23 125 209 274 51 142 308 255 129 34 93 187 13 128 72 199 17 259 224 197 110 4 113 243 159 103 7 307
viper,6,kiss_k,32,1.0,15,44.30379867553711,54.13043056220685,186 248 150 95 23 125 209 274 51 142 308 255 129 34 93 187 13 128 72 199 17 259 224 197 110 4 113 243 159 103 7 307
viper,6,kiss_k,32,0.1,16,45.886075496673584,55.05873576548673,203 177 11 312 12 300 82 16 100 101 51 255 163 252 181 84 105 132 265 104 289 165 296 164 212 271 117 17 216 168 285 152
viper,6,kiss_k,32,1.0,16,45.56961953639984,55.19124381373901,203 177 11 312 12 300 82 16 100 101 51 255 163 252 181 84 105 132 265 104 289 165 296 164 212 271 117 17 216 168 285 152
viper,6,kiss_k,32,0.1,17,45.886075496673584,55.018911496785016,171 174 287 273 117 270 299 232 51 310 155 71 24 215 146 238 298 257 159 186 264 47 309 272 193 179 289 95 280 307 249 156
viper,6,kiss_k,32,1.0,17,45.2531635761261,54.97988407561725,171 174 287 273 117 270 299 232 51 310 155 71 24 215 146 238 298 257 159 186 264 47 309 272 193 179 289 95 280 307 249 156
viper,6,kiss_k,32,0.1,18,47.4683552980423,55.89786448307964,122 100 69 149 313 14 161 25 192 163 237 12 177 101 2 208 158 227 269 128 195 310 238 273 297 39 111 191 300 209 106 178
viper,6,kiss_k,32,1.0,18,45.886075496673584,55.61226235062101,122 100 69 149 313 14 161 25 192 163 237 12 177 101 2 208 158 227 269 128 195 310 238 273 297 39 111 191 300 209 106 178
viper,6,kiss_k,32,0.1,19,47.151899337768555,55.89662725238445,253 95 241 82 164 101 151 29 288 176 296 46 99 250 9 298 158 35 52 138 286 144 91 102 170 16 232 184 47 27 177 267
viper,6,kiss_k,32,1.0,19,47.151899337768555,56.06863892877608,253 95 241 82 164 101 151 29 288 176 296 46 99 250 9 298 158 35 52 138 286 144 91 102 170 16 232 184 47 27 177 267
viper,6,kiss_k,32,0.1,20,43.670886754989624,54.135945658718086,245 292 10 188 23 250 105 213 312 25 42 287 3 89 154 7 196 120 227 228 57 178 206 284 162 281 81 186 203 129 212 171
viper,6,kiss_k,32,1.0,20,45.56961953639984,55.52944205339549,245 292 10 188 23 250 105 213 312 25 42 287 3 89 154 7 196 120 227 228 57 178 206 284 162 281 81 186 203 129 212 171
viper,6,kiss_k,32,0.1,21,47.4683552980423,56.82180499425801,67 193 297 143 21 10 40 60 9 106 147 74 307 188 107 181 247 64 173 29 272 121 252 48 295 178 101 241 280 59 94 75
viper,6,kiss_k,32,1.0,21,47.78481125831604,57.0829040062809,67 193 297 143 21 10 40 60 9 106 147 74 307 188 107 181 247 64 173 29 272 121 252 48 295 178 101 241 280 59 94 75
viper,6,kiss_k,32,0.1,22,46.51898741722107,55.68186612509537,128 61 122 93 309 57 237 125 276 187 213 124 34 126 76 292 253 37 95 147 174 285 264 190 234 277 244 135 173 197 8 113
viper,6,kiss_k,32,1.0,22,46.51898741722107,55.86163387992254,128 61 122 93 309 57 237 125 276 187 213 124 34 126 76 292 253 37 95 147 174 285 264 190 234 277 244 135 173 197 8 113
viper,6,kiss_k,32,0.1,23,44.30379867553711,54.32127806512295,224 229 234 64 7 107 176 103 257 186 20 294 178 51 175 189 220 127 225 283 204 91 12 104 185 235 269 63 248 33 67 16
viper,6,kiss_k,32,1.0,23,45.886075496673584,55.39546559242372,224 229 234 64 7 107 176 103 257 186 20 294 178 51 175 189 220 127 225 283 204 91 12 104 185 235 269 63 248 33 67 16
viper,6,kiss_k,32,0.1,24,46.83544337749481,56.717077108865745,160 225 179 34 122 214 218 29 124 314 57 131 261 250 171 210 70 117 290 113 120 79 64 190 32 102 38 17 185 76 1 50
viper,6,kiss_k,32,1.0,24,46.83544337749481,56.77839710290645,160 225 179 34 122 214 218 29 124 314 57 131 261 250 171 210 70 117 290 113 120 79 64 190 32 102 38 17 185 76 1 50
viper,6,kiss_k,32,0.1,25,47.151899337768555,56.085319789727514,166 173 284 310 56 245 103 33 14 193 70 257 202 195 280 246 125 315 144 59 135 276 204 230 174 172 72 277 114 261 19 80
viper,6,kiss_k,32,1.0,25,44.30379867553711,54.93447616699761,166 173 284 310 56 245 103 33 14 193 70 257 202 195 280 246 125 315 144 59 135 276 204 230 174 172 72 277 114 261 19 80
viper,6,kiss_k,32,0.1,26,46.51898741722107,55.143613107737956,271 160 4 57 33 269 276 100 16 170 23 35 54 55 236 184 181 185 227 297 79 59 282 94 116 48 277 230 134 11 152 218
viper,6,kiss_k,32,1.0,26,45.56961953639984,54.97455055160636,271 160 4 57 33 269 276 100 16 170 23 35 54 55 236 184 181 185 227 297 79 59 282 94 116 48 277 230 134 11 152 218
viper,6,kiss_k,32,0.1,27,50.316452980041504,58.29502756863141,43 241 114 192 276 243 1 160 122 113 210 223 59 170 29 46 310 200 19 48 252 251 55 164 189 178 183 11 27 9 222 203
viper,6,kiss_k,32,1.0,27,48.10126721858978,57.687175444339225,43 241 114 192 276 243 1 160 122 113 210 223 59 170 29 46 310 200 19 48 252 251 55 164 189 178 183 11 27 9 222 203
viper,6,kiss_k,32,0.1,28,45.886075496673584,55.73979313894796,17 110 164 31 123 196 16 79 207 226 255 298 43 291 166 158 120 235 181 13 147 177 105 65 40 212 245 217 283 146 73 213
viper,6,kiss_k,32,1.0,28,44.62025463581085,55.1735521794477,17 110 164 31 123 196 16 79 207 226 255 298 43 291 166 158 120 235 181 13 147 177 105 65 40 212 245 217 283 146 73 213
viper,6,kiss_k,32,0.1,29,46.51898741722107,56.01856096861356,106 218 181 209 193 101 82 280 98 30 277 299 268 175 159 125 267 72 247 32 141 185 177 6 31 97 105 294 225 122 71 121
viper,6,kiss_k,32,1.0,29,46.83544337749481,56.502874837302386,106 218 181 209 193 101 82 280 98 30 277 299 268 175 159 125 267 72 247 32 141 185 177 6 31 97 105 294 225 122 71 121
viper,7,raw,0,-1,-1,43.03797483444214,52.72119479182113,
viper,7,center,0,-1,-1,43.03797483444214,52.72119479182113,
viper,7,unlab,0,0.1,-1,43.35443079471588,52.83365639452507,
viper,7,kiss_all,316,0.1,-1,39.87341821193695,51.41334315287152,
viper,7,unlab,0,1.0,-1,42.08860695362091,52.24102670279016,
viper,7,kiss_all,316,1.0,-1,50.94936490058899,62.05959385654815,
viper,7,kiss_k,2,0.1,0,41.77215099334717,52.26803671630097,255 223
viper,7,kiss_k,2,1.0,0,41.13923907279968,51.95331718357631,255 223
viper,7,kiss_k,2,0.1,1,42.721518874168396,52.52455871739977,140 182
viper,7,kiss_k,2,1.0,1,42.08860695362091,52.274188074131224,140 182
viper,7,kiss_k,2,0.1,2,42.721518874168396,52.656553391933954,133 151
viper,7,kiss_k,2,1.0,2,43.03797483444214,52.616636675675586,133 151
viper,7,kiss_k,2,0.1,3,43.03797483444214,53.33959882444529,19 256
viper,7,kiss_k,2,1.0,3,43.03797483444214,53.65636732794851,19 256
viper,7,kiss_k,2,0.1,4,44.30379867553711,53.30612644583888,4 108
viper,7,kiss_k,2,1.0,4,42.721518874168396,52.74415105872914,4 108
viper,7,kiss_k,2,0.1,5,43.98734271526337,53.644775172698886,130 21
viper,7,kiss_k,2,1.0,5,42.721518874168396,52.8350723163303,130 21
viper,7,kiss_k,2,0.1,6,43.670886754989624,53.135357335611545,257 305
viper,7,kiss_k,2,1.0,6,42.721518874168396,52.44264885952739,257 305
viper,7,kiss_k,2,0.1,7,43.03797483444214,52.435232487427065,109 301
viper,7,kiss_k,2,1.0,7,41.77215099334717,52.0391864623047,109 301
viper,7,kiss_k,2,0.1,8,42.40506291389465,52.194682976430585,122 132
viper,7,kiss_k,2,1.0,8,41.77215099334717,52.2156223913656,122 132
viper,7,kiss_k,2,0.1,9,44.30379867553711,53.29799104561869,160 186
viper,7,kiss_k,2,1.0,9,43.670886754989624,53.18983114673051,160 186
viper,7,kiss_k,2,0.1,10,43.35443079471588,52.60976844692519,250 284
viper,7,kiss_k,2,1.0,10,42.40506291389465,52.14212225667766,250 284
viper,7,kiss_k,2,0.1,11,42.08860695362091,52.740991113008626,167 246
viper,7,kiss_k,2,1.0,11,43.35443079471588,53.15285765790455,167 246
viper,7,kiss_k,2,0.1,12,42.721518874168396,52.685629427978775,270 36
viper,7,kiss_k,2,1.0,12,42.08860695362091,52.44222336034997,270 36
viper,7,kiss_k,2,0.1,13,44.62025463581085,53.62181059530013,89 259
viper,7,kiss_k,2,1.0,13,44.30379867553711,53.794253370809116,89 259
viper,7,kiss_k,2,0.1,14,43.35443079471588,53.34212065193364,54 201
viper,7,kiss_k,2,1.0,14,43.03797483444214,53.163700056058296,54 201
viper,7,kiss_k,2,0.1,15,43.03797483444214,53.09015240271986,298 14
viper,7,kiss_k,2,1.0,15,42.721518874168396,52.79472881833057,298 14
viper,7,kiss_k,2,0.1,16,42.40506291389465,52.830316287982484,209 11
viper,7,kiss_k,2,1.0,16,42.721518874168396,52.71026058482822,209 11
viper,7,kiss_k,2,0.1,17,43.670886754989624,53.31412911355595,278 177
viper,7,kiss_k,2,1.0,17,42.08860695362091,52.66905726260913,278 177
viper,7,kiss_k,2,0.1,18,42.721518874168396,52.848901537258286,38 130
viper,7,kiss_k,2,1.0,18,42.40506291389465,52.578009522902526,38 130
viper,7,kiss_k,2,0.1,19,42.721518874168396,52.4486942758311,186 2
viper,7,kiss_k,2,1.0,19,41.455695033073425,51.79112303253658,186 2
viper,7,kiss_k,2,0.1,20,44.30379867553711,53.32821652111106,73 95
viper,7,kiss_k,2,1.0,20,43.35443079471588,52.875916719375915,73 95
viper,7,kiss_k,2,0.1,21,42.721518874168396,52.030259848885116,149 112
viper,7,kiss_k,2,1.0,21,41.455695033073425,51.97397931661,149 112
viper,7,kiss_k,2,0.1,22,43.03797483444214,52.7453213685289,221 110
viper,7,kiss_k,2,1.0,22,41.77215099334717,52.245095084280436,221 110
viper,7,kiss_k,2,0.1,23,42.721518874168396,52.75951974012407,18 299
viper,7,kiss_k,2,1.0,23,42.721518874168396,52.710433495372335,18 299
viper,7,kiss_k,2,0.1,24,43.670886754989624,53.36517040681195,57 146
viper,7,kiss_k,2,1.0,24,42.08860695362091,52.42321688979206,57 146
viper,7,kiss_k,2,0.1,25,42.721518874168396,53.06527448872248,32 19
viper,7,kiss_k,2,1.0,25,42.721518874168396,53.01573147982642,32 19
viper,7,kiss_k,2,0.1,26,43.98734271526337,52.72934191961248,79 303
viper,7,kiss_k,2,1.0,26,43.670886754989624,53.1111768963626,79 303
viper,7,kiss_k,2,0.1,27,43.03797483444214,53.398624176893236,107 167
viper,7,kiss_k,2,1.0,27,43.35443079471588,53.3896542602202,107 167
viper,7,kiss_k,2,0.1,28,43.35443079471588,53.15331133321528,61 310
viper,7,kiss_k,2,1.0,28,42.08860695362091,52.33472578408469,61 310
viper,7,kiss_k,2,0.1,29,43.670886754989624,52.876625020995704,28 272
viper,7,kiss_k,2,1.0,29,42.721518874168396,52.61297861024866,28 272
viper,7,kiss_k,4,0.1,0,43.670886754989624,53.04459803798544,260 226 37 74
viper,7,kiss_k,4,1.0,0,43.03797483444214,53.043568867654955,260 226 37 74
viper,7,kiss_k,4,0.1,1,42.40506291389465,52.56491461562738,132 283 114 33
viper,7,kiss_k,4,1.0,1,43.03797483444214,52.781898160345776,132 283 114 33
viper,7,kiss_k,4,0.1,2,45.886075496673584,54.60223409741276,128 93 67 176
viper,7,kiss_k,4,1.0,2,45.56961953639984,54.45047465147049,128 93 67 176
viper,7,kiss_k,4,0.1,3,41.77215099334717,52.720469359849574,76 301 200 116
viper,7,kiss_k,4,1.0,3,41.13923907279968,52.30218872313392,76 301 200 116
viper,7,kiss_k,4,0.1,4,44.62025463581085,54.12437103171451,130 23 75 303
viper,7,kiss_k,4,1.0,4,44.62025463581085,53.91583073294301,130 23 75 303
viper,7,kiss_k,4,0.1,5,42.40506291389465,53.27275892744444,5 216 30 76
viper,7,kiss_k,4,1.0,5,42.08860695362091,52.70030951125416,5 216 30 76
viper,7,kiss_k,4,0.1,6,41.455695033073425,51.76604166793659,301 262 72 55
viper,7,kiss_k,4,1.0,6,41.77215099334717,52.05543850166414,301 262 72 55
viper,7,kiss_k,4,0.1,7,41.77215099334717,52.364377953349894,45 52 224 38
viper,7,kiss_k,4,1.0,7,42.721518874168396,52.66269678667121,45 52 224 38
viper,7,kiss_k,4,0.1,8,41.13923907279968,52.06056976145453,36 213 135 116
viper,7,kiss_k,4,1.0,8,40.18987417221069,51.38184648372373,36 213 135 116
viper,7,kiss_k,4,0.1,9,44.936707615852356,54.412782541351035,4 309 110 64
viper,7,kiss_k,4,1.0,9,43.670886754989624,53.701710735638194,4 309 110 64
viper,7,kiss_k,4,0.1,10,43.35443079471588,53.56729530881007,237 154 78 108
viper,7,kiss_k,4,1.0,10,41.77215099334717,52.571721340238554,237 154 78 108
viper,7,kiss_k,4,0.1,11,43.98734271526337,53.504271382057986,96 12 169 45
viper,7,kiss_k,4,1.0,11,43.35443079471588,53.00458829991472,96 12 169 45
viper,7,kiss_k,4,0.1,12,44.30379867553711,53.72241039128364,99 186 195 95
viper,7,kiss_k,4,1.0,12,43.35443079471588,53.081081758378815,99 186 195 95
viper,7,kiss_k,4,0.1,13,44.936707615852356,53.44255129763884,300 145 127 236
viper,7,kiss_k,4,1.0,13,44.30379867553711,53.11803131656184,300 145 127 236
viper,7,kiss_k,4,0.1,14,41.13923907279968,51.88776909101188,132 102 150 277
viper,7,kiss_k,4,1.0,14,41.455695033073425,52.241416440527324,132 102 150 277
viper,7,kiss_k,4,0.1,15,42.721518874168396,52.35540261681112,102 26 16 28
viper,7,kiss_k,4,1.0,15,42.40506291389465,52.76126592069992,102 26 16 28
viper,7,kiss_k,4,0.1,16,43.03797483444214,53.94835109650883,277 139 61 215
viper,7,kiss_k,4,1.0,16,43.03797483444214,53.54696669638604,277 139 61 215
viper,7,kiss_k,4,0.1,17,44.936707615852356,53.81514840925157,148 85 251 138
viper,7,kiss_k,4,1.0,17,45.2531635761261,54.38822879963057,148 85 251 138
viper,7,kiss_k,4,0.1,18,42.721518874168396,52.26001717750732,93 101 126 25
viper,7,kiss_k,4,1.0,18,41.77215099334717,51.70720393361179,93 101 126 25
viper,7,kiss_k,4,0.1,19,43.670886754989624,52.989218160664024,156 32 304 52
viper,7,kiss_k,4,1.0,19,42.721518874168396,52.42155474020444,156 32 304 52
viper,7,kiss_k,4,0.1,20,43.03797483444214,52.93064128140561,58 295 304 307
viper,7,kiss_k,4,1.0,20,43.03797483444214,52.87640953729083,58 295 304 307
viper,7,kiss_k,4,0.1,21,42.08860695362091,52.7515428441953,132 41 222 36
viper,7,kiss_k,4,1.0,21,42.08860695362091,52.63720433161516,132 41 222 36
viper,7,kiss_k,4,0.1,22,41.13923907279968,51.680744643448186,126 193 312 180
viper,7,kiss_k,4,1.0,22,40.18987417221069,51.5601541875796,126 193 312 180
viper,7,kiss_k,4,0.1,23,44.936707615852356,54.565273252035176,215 171 104 146
viper,7,kiss_k,4,1.0,23,45.56961953639984,54.99523889322215,215 171 104 146
viper,7,kiss_k,4,0.1,24,43.98734271526337,53.86472735831976,300 200 188 165
viper,7,kiss_k,4,1.0,24,44.62025463581085,54.07663080445163,300 200 188 165
viper,7,kiss_k,4,0.1,25,40.82278609275818,51.97901017131841,290 142 131 77
viper,7,kiss_k,4,1.0,25,40.506330132484436,51.60311665963923,290 142 131 77
viper,7,kiss_k,4,0.1,26,42.40506291389465,52.77663150073264,287 187 8 73
viper,7,kiss_k,4,1.0,26,42.721518874168396,53.07241369451462,287 187 8 73
viper,7,kiss_k,4,0.1,27,44.30379867553711,53.75423807501395,250 209 139 84
viper,7,kiss_k,4,1.0,27,43.03797483444214,53.57514424236452,250 209 139 84
viper,7,kiss_k,4,0.1,28,43.35443079471588,54.00395347991711,276 96 154 290
viper,7,kiss_k,4,1.0,28,43.35443079471588,53.46825821199415,276 96 154 290
viper,7,kiss_k,4,0.1,29,42.721518874168396,53.670297420776436,265 37 239 226
viper,7,kiss_k,4,1.0,29,42.40506291389465,53.30849455413218,265 37 239 226
viper,7,kiss_k,8,0.1,0,43.670886754989624,53.86577828767955,265 219 82 220 147 112 132 187
viper,7,kiss_k,8,1.0,0,44.30379867553711,54.0173906576419,265 219 82 220 147 112 132 187
viper,7,kiss_k,8,0.1,1,43.98734271526337,54.18320926076614,91 256 154 264 7 56 187 305
viper,7,kiss_k,8,1.0,1,43.98734271526337,54.370933026505476,91 256 154 264 7 56 187 305
viper,7,kiss_k,8,0.1,2,43.03797483444214,53.29823986624572,212 221 62 255 169 175 307 107
viper,7,kiss_k,8,1.0,2,44.30379867553711,53.97195514733618,212 221 62 255 169 175 307 107
viper,7,kiss_k,8,0.1,3,42.08860695362091,52.12118129964757,47 50 166 71 273 20 247 61
viper,7,kiss_k,8,1.0,3,41.455695033073425,51.66449556983088,47 50 166 71 273 20 247 61
viper,7,kiss_k,8,0.1,4,43.98734271526337,54.20200430980693,274 40 279 287 3 215 197 219
viper,7,kiss_k,8,1.0,4,43.35443079471588,53.8259046056584,274 40 279 287 3 215 197 219
viper,7,kiss_k,8,0.1,5,42.08860695362091,52.75918337029345,175 21 141 28 198 54 135 150
viper,7,kiss_k,8,1.0,5,43.03797483444214,53.625839408392686,175 21 141 28 198 54 135 150
viper,7,kiss_k,8,0.1,6,40.506330132484436,51.078906022229845,125 13 176 7 177 205 184 140
viper,7,kiss_k,8,1.0,6,42.08860695362091,52.221758757227,125 13 176 7 177 205 184 140
viper,7,kiss_k,8,0.1,7,42.40506291389465,52.66302480115753,222 311 219 201 144 92 6 272
viper,7,kiss_k,8,1.0,7,41.77215099334717,52.567155934627394,222 311 219 201 144 92 6 272
viper,7,kiss_k,8,0.1,8,43.98734271526337,54.19497577165985,268 281 194 117 175 19 46 86
viper,7,kiss_k,8,1.0,8,43.670886754989624,54.10826257257827,268 281 194 117 175 19 46 86
viper,7,kiss_k,8,0.1,9,43.03797483444214,53.362757090527424,13 182 153 268 148 307 18 183
viper,7,kiss_k,8,1.0,9,43.670886754989624,53.884108498786354,13 182 153 268 148 307 18 183
viper,7,kiss_k,8,0.1,10,43.670886754989624,54.13521671203819,103 121 290 147 14 192 214 119
viper,7,kiss_k,8,1.0,10,43.98734271526337,54.12552175017947,103 121 290 147 14 192 214 119
viper,7,kiss_k,8,0.1,11,42.721518874168396,52.57555432542823,233 212 261 16 110 312 109 111
viper,7,kiss_k,8,1.0,11,42.08860695362091,52.4897509040264,233 212 261 16 110 312 109 111
viper,7,kiss_k,8,0.1,12,43.35443079471588,53.778033912429756,123 199 84 94 190 219 91 57
viper,7,kiss_k,8,1.0,12,43.35443079471588,53.63992514543302,123 199 84 94 190 219 91 57
viper,7,kiss_k,8,0.1,13,44.62025463581085,54.85550261230514,5 67 125 231 80 158 200 136
viper,7,kiss_k,8,1.0,13,42.08860695362091,53.572943258699546,5 67 125 231 80 158 200 136
viper,7,kiss_k,8,0.1,14,43.03797483444214,52.38625976352018,201 263 206 34 109 204 208 260
viper,7,kiss_k,8,1.0,14,41.13923907279968,51.63528846637707,201 263 206 34 109 204 208 260
viper,7,kiss_k,8,0.1,15,42.40506291389465,52.06536896954539,143 217 184 63 122 309 257 36
viper,7,kiss_k,8,1.0,15,42.08860695362091,51.8997706994759,143 217 184 63 122 309 257 36
viper,7,kiss_k,8,0.1,16,44.30379867553711,54.07763055485509,54 269 299 122 263 187 120 285
viper,7,kiss_k,8,1.0,16,42.40506291389465,53.08970721773044,54 269 299 122 263 187 120 285
viper,7,kiss_k,8,0.1,17,46.20253145694733,55.82075387688587,244 128 98 107 160 12 9 189
viper,7,kiss_k,8,1.0,17,45.886075496673584,55.86861586271489,244 128 98 107 160 12 9 189
viper,7,kiss_k,8,0.1,18,44.936707615852356,54.77608196979731,245 115 126 24 68 307 206 213
viper,7,kiss_k,8,1.0,18,44.936707615852356,54.8475278017637,245 115 126 24 68 307 206 213
viper,7,kiss_k,8,0.1,19,42.40506291389465,52.71884942193,152 122 10 308 169 284 36 246
viper,7,kiss_k,8,1.0,19,42.40506291389465,52.626422171969054,152 122 10 308 169 284 36 246
viper,7,kiss_k,8,0.1,20,42.721518874168396,53.680734228786775,103 154 263 229 236 260 224 226
viper,7,kiss_k,8,1.0,20,42.721518874168396,53.32414957269985,103 154 263 229 236 260 224 226
viper,7,kiss_k,8,0.1,21,43.98734271526337,54.2599701548293,81 187 15 160 197 154 50 200
viper,7,kiss_k,8,1.0,21,44.62025463581085,54.76736128243008,81 187 15 160 197 154 50 200
viper,7,kiss_k,8,0.1,22,44.30379867553711,54.448735504554435,63 284 59 215 161 64 270 173
viper,7,kiss_k,8,1.0,22,45.2531635761261,54.697491615735586,63 284 59 215 161 64 270 173
viper,7,kiss_k,8,0.1,23,45.2531635761261,54.5111912029572,260 251 156 233 288 208 172 215
viper,7,kiss_k,8,1.0,23,45.2531635761261,54.84547970624508,260 251 156 233 288 208 172 215
viper,7,kiss_k,8,0.1,24,44.936707615852356,54.064982037512586,258 185 280 195 297 183 228 22
viper,7,kiss_k,8,1.0,24,42.721518874168396,53.172220274646044,258 185 280 195 297 183 228 22
viper,7,kiss_k,8,0.1,25,44.936707615852356,55.52237068657847,292 34 21 225 55 91 244 248
viper,7,kiss_k,8,1.0,25,44.936707615852356,54.98976225390761,292 34 21 225 55 91 244 248
viper,7,kiss_k,8,0.1,26,43.03797483444214,53.24341007642961,309 63 76 75 122 71 42 140
viper,7,kiss_k,8,1.0,26,44.62025463581085,54.22597818551903,309 63 76 75 122 71 42 140
viper,7,kiss_k,8,0.1,27,44.936707615852356,54.260280315544605,65 276 108 67 98 307 78 168
viper,7,kiss_k,8,1.0,27,43.98734271526337,53.69404323551339,65 276 108 67 98 307 78 168
viper,7,kiss_k,8,0.1,28,42.721518874168396,52.523165824113036,255 304 30 148 56 45 101 273
viper,7,kiss_k,8,1.0,28,42.721518874168396,52.77207836117957,255 304 30 148 56 45 101 273
viper,7,kiss_k,8,0.1,29,43.03797483444214,53.12814022079589,185 109 84 299 87 249 161 211
viper,7,kiss_k,8,1.0,29,44.30379867553711,53.84927337990274,185 109 84 299 87 249 161 211
viper,7,kiss_k,16,0.1,0,44.30379867553711,54.33906031974131,308 198 213 218 258 184 294 159 217 313 180 62 259 35 112 100
viper,7,kiss_k,16,1.0,0,44.936707615852356,54.790879076327435,308 198 213 218 258 184 294 159 217 313 180 62 259 35 112 100
viper,7,kiss_k,16,0.1,1,42.721518874168396,53.79696749394316,194 240 75 203 268 223 157 156 63 235 81 68 261 138 161 178
viper,7,kiss_k,16,1.0,1,43.670886754989624,54.45620318953481,194 240 75 203 268 223 157 156 63 235 81 68 261 138 161 178
viper,7,kiss_k,16,0.1,2,44.62025463581085,54.2107337421483,214 186 182 225 131 286 88 117 151 308 251 168 221 220 301 305
viper,7,kiss_k,16,1.0,2,43.98734271526337,54.24611226952533,214 186 182 225 131 286 88 117 151 308 251 168 221 220 301 305
viper,7,kiss_k,16,0.1,3,46.51898741722107,55.75134406755322,235 60 127 90 17 31 230 228 137 243 16 123 198 146 289 176
viper,7,kiss_k,16,1.0,3,45.56961953639984,55.73571778518757,235 60 127 90 17 31 230 228 137 243 16 123 198 146 289 176
viper,7,kiss_k,16,0.1,4,44.936707615852356,55.234386370843524,125 243 118 201 267 187 120 230 1 193 196 91 217 68 40 21
viper,7,kiss_k,16,1.0,4,44.62025463581085,54.953349181251866,125 243 118 201 267 187 120 230 1 193 196 91 217 68 40 21
viper,7,kiss_k,16,0.1,5,43.670886754989624,54.210492022566235,68 234 205 126 272 37 115 221 17 223 300 23 120 301 47 112
viper,7,kiss_k,16,1.0,5,41.455695033073425,52.961245151592095,68 234 205 126 272 37 115 221 17 223 300 23 120 301 47 112
viper,7,kiss_k,16,0.1,6,44.30379867553711,54.56262954677567,89 308 57 5 61 272 169 147 96 134 39 168 49 228 68 102
viper,7,kiss_k,16,1.0,6,44.62025463581085,55.09424701754878,89 308 57 5 61 272 169 147 96 134 39 168 49 228 68 102
viper,7,kiss_k,16,0.1,7,43.35443079471588,53.83568690861762,236 99 291 255 205 121 104 98 21 195 128 96 184 90 300 47
viper,7,kiss_k,16,1.0,7,43.35443079471588,54.08010576304698,236 99 291 255 205 121 104 98 21 195 128 96 184 90 300 47
viper,7,kiss_k,16,0.1,8,45.2531635761261,55.29054216081868,290 212 175 239 17 227 102 260 11 297 311 44 233 48 62 143
viper,7,kiss_k,16,1.0,8,45.2531635761261,55.0925759983376,290 212 175 239 17 227 102 260 11 297 311 44 233 48 62 143
viper,7,kiss_k,16,0.1,9,43.98734271526337,54.290334482012305,272 213 94 61 16 4 219 90 267 85 156 198 68 44 186 170
viper,7,kiss_k,16,1.0,9,43.35443079471588,54.12656694789704,272 213 94 61 16 4 219 90 267 85 156 198 68 44 186 170
viper,7,kiss_k,16,0.1,10,43.670886754989624,54.230101950883125,287 155 145 136 301 137 131 130 133 179 35 19 111 79 125 17
viper,7,kiss_k,16,1.0,10,42.40506291389465,53.82924416400826,287 155 145 136 301 137 131 130 133 179 35 19 111 79 125 17
viper,7,kiss_k,16,0.1,11,44.936707615852356,55.628963177684135,144 134 200 6 223 309 64 229 272 23 32 204 104 41 242 295
viper,7,kiss_k,16,1.0,11,44.62025463581085,55.71970708931842,144 134 200 6 223 309 64 229 272 23 32 204 104 41 242 295
viper,7,kiss_k,16,0.1,12,42.08860695362091,53.02624712030537,59 130 288 107 144 205 147 155 308 212 168 228 18 156 175 121
viper,7,kiss_k,16,1.0,12,43.98734271526337,54.081319851283794,59 130 288 107 144 205 147 155 308 212 168 228 18 156 175 121
viper,7,kiss_k,16,0.1,13,45.2531635761261,55.48348408110476,218 300 70 87 115 194 102 26 22 37 167 301 178 130 119 270
viper,7,kiss_k,16,1.0,13,44.936707615852356,55.010098862964185,218 300 70 87 115 194 102 26 22 37 167 301 178 130 119 270
viper,7,kiss_k,16,0.1,14,44.30379867553711,53.994226217794115,196 151 306 128 307 211 129 97 225 181 184 32 268 312 144 104
viper,7,kiss_k,16,1.0,14,45.2531635761261,54.5575665635408,196 151 306 128 307 211 129 97 225 181 184 32 268 312 144 104
viper,7,kiss_k,16,0.1,15,43.98734271526337,54.9449252845513,7 31 144 62 39 287 302 85 132 122 252 196 147 290 247 93
viper,7,kiss_k,16,1.0,15,44.936707615852356,55.604066893080706,7 31 144 62 39 287 302 85 132 122 252 196 147 290 247 93
viper,7,kiss_k,16,0.1,16,44.62025463581085,54.31945475388598,171 283 172 226 303 178 285 253 53 282 118 202 46 88 225 45
viper,7,kiss_k,16,1.0,16,44.30379867553711,54.58182946636321,171 283 172 226 303 178 285 253 53 282 118 202 46 88 225 45
viper,7,kiss_k,16,0.1,17,43.670886754989624,53.848801563687665,254 216 199 294 37 101 38 299 120 267 174 103 223 74 234 79
viper,7,kiss_k,16,1.0,17,42.40506291389465,53.19927755408283,254 216 199 294 37 101 38 299 120 267 174 103 223 74 234 79
viper,7,kiss_k,16,0.1,18,46.20253145694733,55.2672479106726,16 254 87 46 243 22 300 190 185 42 8 25 272 153 222 139
viper,7,kiss_k,16,1.0,18,46.20253145694733,55.72567445492782,16 254 87 46 243 22 300 190 185 42 8 25 272 153 222 139
viper,7,kiss_k,16,0.1,19,43.03797483444214,53.57574450454645,30 1 207 234 220 119 281 197 47 68 173 0 237 127 75 78
viper,7,kiss_k,16,1.0,19,43.03797483444214,53.65948727829106,30 1 207 234 220 119 281 197 47 68 173 0 237 127 75 78
viper,7,kiss_k,16,0.1,20,41.455695033073425,51.897813904083925,268 147 263 122 218 271 169 8 256 82 88 73 117 59 206 219
viper,7,kiss_k,16,1.0,20,41.13923907279968,52.16603596191436,268 147 263 122 218 271 169 8 256 82 88 73 117 59 206 219
viper,7,kiss_k,16,0.1,21,43.98734271526337,53.18764175337202,206 170 264 130 258 93 219 92 228 11 213 112 257 32 277 63
viper,7,kiss_k,16,1.0,21,43.35443079471588,53.19770901223819,206 170 264 130 258 93 219 92 228 11 213 112 257 32 277 63
viper,7,kiss_k,16,0.1,22,43.670886754989624,54.194977631542706,162 311 241 116 271 10 77 2 177 58 254 115 91 8 123 42
viper,7,kiss_k,16,1.0,22,44.30379867553711,54.505047556630736,162 311 241 116 271 10 77 2 177 58 254 115 91 8 123 42
viper,7,kiss_k,16,0.1,23,45.56961953639984,54.82634846004185,300 210 270 75 133 50 173 116 77 163 170 308 176 110 5 103
viper,7,kiss_k,16,1.0,23,45.886075496673584,54.95489785801904,300 210 270 75 133 50 173 116 77 163 170 308 176 110 5 103
viper,7,kiss_k,16,0.1,24,43.35443079471588,53.44976338508624,301 51 52 250 152 98 220 99 142 188 315 8 86 164 143 237
viper,7,kiss_k,16,1.0,24,43.98734271526337,54.01525149997951,301 51 52 250 152 98 220 99 142 188 315 8 86 164 143 237
viper,7,kiss_k,16,0.1,25,43.03797483444214,53.247543907546365,118 141 131 256 177 232 259 314 190 203 130 249 38 126 234 174
viper,7,kiss_k,16,1.0,25,43.03797483444214,53.76518806693357,118 141 131 256 177 232 259 314 190 203 130 249 38 126 234 174
viper,7,kiss_k,16,0.1,26,42.08860695362091,53.00527994547696,231 122 227 277 3 246 25 217 282 224 38 135 177 129 247 254
viper,7,kiss_k,16,1.0,26,43.98734271526337,53.86504481108164,231 122 227 277 3 246 25 217 282 224 38 135 177 129 247 254
viper,7,kiss_k,16,0.1,27,43.670886754989624,54.13447847205397,245 251 6 62 283 168 214 39 52 77 87 303 156 295 40 102
viper,7,kiss_k,16,1.0,27,43.35443079471588,54.12017885776339,245 251 6 62 283 168 214 39 52 77 87 303 156 295 40 102
viper,7,kiss_k,16,0.1,28,43.670886754989624,53.889839265173066,164 105 261 255 131 223 303 252 155 209 244 78 300 47 235 263
viper,7,kiss_k,16,1.0,28,44.30379867553711,54.95537212511906,164 105 261 255 131 223 303 252 155 209 244 78 300 47 235 263
viper,7,kiss_k,16,0.1,29,42.721518874168396,53.370810874332165,96 257 202 313 97 148 45 50 104 6 86 15 188 262 39 19
viper,7,kiss_k,16,1.0,29,43.98734271526337,54.114333999913434,96 257 202 313 97 148 45 50 104 6 86 15 188 262 39 19
viper,7,kiss_k,32,0.1,0,43.03797483444214,53.65887312548405,0 70 244 146 314 241 32 213 132 90 8 195 313 300 286 20 95 288 16 156 280 58 268 170 115 155 111 203 71 261 74 62
viper,7,kiss_k,32,1.0,0,44.30379867553711,54.579063062709864,0 70 244 146 314 241 32 213 132 90 8 195 313 300 286 20 95 288 16 156 280 58 268 170 115 155 111 203 71 261 74 62
viper,7,kiss_k,32,0.1,1,44.30379867553711,55.06366649164247,32 112 173 88 241 170 175 43 229 100 195 78 71 92 185 60 189 203 62 192 66 154 110 287 180 262 95 227 171 58 298 129
viper,7,kiss_k,32,1.0,1,45.2531635761261,55.620790870339285,32 112 173 88 241 170 175 43 229 100 195 78 71 92 185 60 189 203 62 192 66 154 110 287 180 262 95 227 171 58 298 129
viper,7,kiss_k,32,0.1,2,44.62025463581085,54.982174337934964,198 92 13 261 187 287 30 220 159 200 259 194 47 180 131 50 293 238 112 193 185 95 173 243 62 176 41 3 23 70 100 151
viper,7,kiss_k,32,1.0,2,46.51898741722107,56.54271452426748,198 92 13 261 187 287 30 220 159 200 259 194 47 180 131 50 293 238 112 193 185 95 173 243 62 176 41 3 23 70 100 151
viper,7,kiss_k,32,0.1,3,45.886075496673584,56.05090074446694,196 0 313 135 285 66 38 125 147 203 279 153 121 139 270 195 309 249 94 157 87 151 206 9 210 246 286 39 239 306 237 166
viper,7,kiss_k,32,1.0,3,45.56961953639984,56.3596150445564,196 0 313 135 285 66 38 125 147 203 279 153 121 139 270 195 309 249 94 157 87 151 206 9 210 246 286 39 239 306 237 166
viper,7,kiss_k,32,0.1,4,44.62025463581085,54.24355527333341,222 273 158 300 110 92 178 173 52 123 180 230 188 21 144 57 121 301 80 205 216 142 46 279 11 127 111 236 49 244 47 175
viper,7,kiss_k,32,1.0,4,44.62025463581085,54.64571172636524,222 273 158 300 110 92 178 173 52 123 180 230 188 21 144 57 121 301 80 205 216 142 46 279 11 127 111 236 49 244 47 175
viper,7,kiss_k,32,0.1,5,45.886075496673584,55.567008721683806,186 248 150 95 23 125 209 274 51 142 308 255 129 34 93 187 13 128 72 199 17 259 224 197 110 4 113 243 159 103 7 307
viper,7,kiss_k,32,1.0,5,46.51898741722107,56.28957849561289,186 248 150 95 23 125 209 274 51 142 308 255 129 34 93 187 13 128 72 199 17 259 224 197 110 4 113 243 159 103 7 307
viper,7,kiss_k,32,0.1,6,43.98734271526337,54.17292838932168,203 177 11 312 12 300 82 16 100 101 51 255 163 252 181 84 105 132 265 104 289 165 296 164 212 271 117 17 216 168 285 152
viper,7,kiss_k,32,1.0,6,45.886075496673584,55.77869479855008,203 177 11 312 12 300 82 16 100 101 51 255 163 252 181 84 105 132 265 104 289 165 296 164 212 271 117 17 216 168 285 152
viper,7,kiss_k,32,0.1,7,45.2531635761261,54.6002548863207,171 174 287 273 117 270 299 232 51 310 155 71 24 215 146 238 298 257 159 186 264 47 309 272 193 179 289 95 280 307 249 156
viper,7,kiss_k,32,1.0,7,46.51898741722107,55.54169241905004,171 174 287 273 117 270 299 232 51 310 155 71 24 215 146 238 298 257 159 186 264 47 309 272 193 179 289 95 280 307 249 156
viper,7,kiss_k,32,0.1,8,43.98734271526337,54.04008945728373,122 100 69 149 313 14 161 25 192 163 237 12 177 101 2 208 158 227 269 128 195 310 238 273 297 39 111 191 300 209 106 178
viper,7,kiss_k,32,1.0,8,44.62025463581085,54.89570876351277,122 100 69 149 313 14 161 25 192 163 237 12 177 101 2 208 158 227 269 128 195 310 238 273 297 39 111 191 300 209 106 178
viper,7,kiss_k,32,0.1,9,46.20253145694733,55.76610376057928,253 95 241 82 164 101 151 29 288 176 296 46 99 250 9 298 158 35 52 138 286 144 91 102 170 16 232 184 47 27 177 267
viper,7,kiss_k,32,1.0,9,46.51898741722107,56.29294084567375,253 95 241 82 164 101 151 29 288 176 296 46 99 250 9 298 158 35 52 138 286 144 91 102 170 16 232 184 47 27 177 267
viper,7,kiss_k,32,0.1,10,44.936707615852356,55.13038973431384,245 292 10 188 23 250 105 213 312 25 42 287 3 89 154 7 196 120 227 228 57 178 206 284 162 281 81 186 203 129 212 171
viper,7,kiss_k,32,1.0,10,45.2531635761261,55.8376770282357,245 292 10 188 23 250 105 213 312 25 42 287 3 89 154 7 196 120 227 228 57 178 206 284 162 281 81 186 203 129 212 171
viper,7,kiss_k,32,0.1,11,47.78481125831604,57.05948210490611,67 193 297 143 21 10 40 60 9 106 147 74 307 188 107 181 247 64 173 29 272 121 252 48 295 178 101 241 280 59 94 75
viper,7,kiss_k,32,1.0,11,48.41772019863129,57.79365202133723,67 193 297 143 21 10 40 60 9 106 147 74 307 188 107 181 247 64 173 29 272 121 252 48 295 178 101 241 280 59 94 75
viper,7,kiss_k,32,0.1,12,45.56961953639984,55.91028380021008,128 61 122 93 309 57 237 125 276 187 213 124 34 126 76 292 253 37 95 147 174 285 264 190 234 277 244 135 173 197 8 113
viper,7,kiss_k,32,1.0,12,43.98734271526337,55.66231066807019,128 61 122 93 309 57 237 125 276 187 213 124 34 126 76 292 253 37 95 147 174 285 264 190 234 277 244 135 173 197 8 113
viper,7,kiss_k,32,0.1,13,44.30379867553711,54.614222422890045,224 229 234 64 7 107 176 103 257 186 20 294 178 51 175 189 220 127 225 283 204 91 12 104 185 235 269 63 248 33 67 16
viper,7,kiss_k,32,1.0,13,43.670886754989624,54.57065910246054,224 229 234 64 7 107 176 103 257 186 20 294 178 51 175 189 220 127 225 283 204 91 12 104 185 235 269 63 248 33 67 16
viper,7,kiss_k,32,0.1,14,45.886075496673584,56.554713764062555,160 225 179 34 122 214 218 29 124 314 57 131 261 250 171 210 70 117 290 113 120 79 64 190 32 102 38 17 185 76 1 50
viper,7,kiss_k,32,1.0,14,47.4683552980423,58.143506711856155,160 225 179 34 122 214 218 29 124 314 57 131 261 250 171 210 70 117 290 113 120 79 64 190 32 102 38 17 185 76 1 50
viper,7,kiss_k,32,0.1,15,45.2531635761261,55.43967573642651,166 173 284 310 56 245 103 33 14 193 70 257 202 195 280 246 125 315 144 59 135 276 204 230 174 172 72 277 114 261 19 80
viper,7,kiss_k,32,1.0,15,45.56961953639984,56.45914955033165,166 173 284 310 56 245 103 33 14 193 70 257 202 195 280 246 125 315 144 59 135 276 204 230 174 172 72 277 114 261 19 80
viper,7,kiss_k,32,0.1,16,43.35443079471588,54.29185600312434,271 160 4 57 33 269 276 100 16 170 23 35 54 55 236 184 181 185 227 297 79 59 282 94 116 48 277 230 134 11 152 218
viper,7,kiss_k,32,1.0,16,44.62025463581085,55.365777606867404,271 160 4 57 33 269 276 100 16 170 23 35 54 55 236 184 181 185 227 297 79 59 282 94 116 48 277 230 134 11 152 218
viper,7,kiss_k,32,0.1,17,45.2531635761261,55.950856735129385,43 241 114 192 276 243 1 160 122 113 210 223 59 170 29 46 310 200 19 48 252 251 55 164 189 178 183 11 27 9 222 203
viper,7,kiss_k,32,1.0,17,45.56961953639984,56.51327301871899,43 241 114 192 276 243 1 160 122 113 210 223 59 170 29 46 310 200 19 48 252 251 55 164 189 178 183 11 27 9 222 203
viper,7,kiss_k,32,0.1,18,43.03797483444214,54.323698879171964,17 110 164 31 123 196 16 79 207 226 255 298 43 291 166 158 120 235 181 13 147 177 105 65 40 212 245 217 283 146 73 213
viper,7,kiss_k,32,1.0,18,44.30379867553711,55.2960185793298,17 110 164 31 123 196 16 79 207 226 255 298 43 291 166 158 120 235 181 13 147 177 105 65 40 212 245 217 283 146 73 213
viper,7,kiss_k,32,0.1,19,46.51898741722107,56.54072466288959,106 218 181 209 193 101 82 280 98 30 277 299 268 175 159 125 267 72 247 32 141 185 177 6 31 97 105 294 225 122 71 121
viper,7,kiss_k,32,1.0,19,46.51898741722107,56.86347197313,106 218 181 209 193 101 82 280 98 30 277 299 268 175 159 125 267 72 247 32 141 185 177 6 31 97 105 294 225 122 71 121
viper,7,kiss_k,32,0.1,20,44.936707615852356,54.39259430327722,311 99 77 25 249 255 160 203 281 309 148 272 297 201 293 155 287 275 197 59 195 169 193 298 265 181 166 307 109 66 185 18
viper,7,kiss_k,32,1.0,20,43.98734271526337,54.14936093740186,311 99 77 25 249 255 160 203 281 309 148 272 297 201 293 155 287 275 197 59 195 169 193 298 265 181 166 307 109 66 185 18
viper,7,kiss_k,32,0.1,21,43.670886754989624,54.320331248556485,302 56 125 188 146 91 203 207 193 102 220 296 74 244 130 109 99 232 150 264 263 182 131 55 17 222 270 45 107 57 79 234
viper,7,kiss_k,32,1.0,21,44.30379867553711,55.175306322034544,302 56 125 188 146 91 203 207 193 102 220 296 74 244 130 109 99 232 150 264 263 182 131 55 17 222 270 45 107 57 79 234
viper,7,kiss_k,32,0.1,22,45.56961953639984,54.87644536087374,268 119 147 181 194 24 12 2 11 277 88 241 100 235 272 19 93 113 10 79 72 5 107 51 206 142 303 202 201 207 151 315
viper,7,kiss_k,32,1.0,22,45.2531635761261,55.29421793869933,268 119 147 181 194 24 12 2 11 277 88 241 100 235 272 19 93 113 10 79 72 5 107 51 206 142 303 202 201 207 151 315
viper,7,kiss_k,32,0.1,23,44.62025463581085,55.5527168833745,272 209 154 19 258 89 234 57 192 270 143 303 188 23 127 124 219 202 68 54 133 67 140 75 82 58 155 11 147 287 148 271
viper,7,kiss_k,32,1.0,23,44.62025463581085,55.84637991242164,272 209 154 19 258 89 234 57 192 270 143 303 188 23 127 124 219 202 68 54 133 67 140 75 82 58 155 11 147 287 148 271
viper,7,kiss_k,32,0.1,24,41.455695033073425,52.617486162552886,135 74 68 5 284 306 168 48 308 130 78 304 190 156 38 56 180 295 154 246 131 303 28 124 216 162 13 189 249 312 91 79
viper,7,kiss_k,32,1.0,24,41.77215099334717,53.05235987303318,135 74 68 5 284 306 168 48 308 130 78 304 190 156 38 56 180 295 154 246 131 303 28 124 216 162 13 189 249 312 91 79
viper,7,kiss_k,32,0.1,25,41.455695033073425,52.05967638602068,190 246 30 230 295 310 65 108 130 47 236 74 273 222 34 80 0 44 176 46 254 127 300 1 72 88 13 79 69 155 235 250
viper,7,kiss_k,32,1.0,25,43.35443079471588,53.40331224127437,190 246 30 230 295 310 65 108 130 47 236 74 273 222 34 80 0 44 176 46 254 127 300 1 72 88 13 79 69 155 235 250
viper,7,kiss_k,32,0.1,26,45.56961953639984,55.12397386829503,115 179 257 287 14 209 28 220 85 108 219 271 288 123 44 234 173 301 157 10 213 35 86 125 185 308 298 315 172 221 2 130
viper,7,kiss_k,32,1.0,26,45.886075496673584,55.803180451914955,115 179 257 287 14 209 28 220 85 108 219 271 288 123 44 234 173 301 157 10 213 35 86 125 185 308 298 315 172 221 2 130
viper,7,kiss_k,32,0.1,27,45.2531635761261,55.05660710982924,224 213 36 151 92 239 72 313 90 82 133 269 278 165 263 281 157 6 265 253 244 89 23 283 254 126 251 310 5 285 240 175
viper,7,kiss_k,32,1.0,27,44.62025463581085,55.22128715314919,224 213 36 151 92 239 72 313 90 82 133 269 278 165 263 281 157 6 265 253 244 89 23 283 254 126 251 310 5 285 240 175
viper,7,kiss_k,32,0.1,28,43.35443079471588,54.348328262760326,247 270 296 153 80 228 21 258 136 121 68 156 216 262 286 63 77 149 165 36 24 298 202 199 170 92 272 174 88 62 227 308
viper,7,kiss_k,32,1.0,28,43.98734271526337,54.847747635031986,247 270 296 153 80 228 21 258 136 121 68 156 216 262 286 63 77 149 165 36 24 298 202 199 170 92 272 174 88 62 227 308
viper,7,kiss_k,32,0.1,29,44.30379867553711,54.46693971250119,229 155 142 33 30 177 203 22 304 4 135 309 12 225 188 108 102 207 146 77 28 129 123 307 313 244 140 257 295 81 227 31
viper,7,kiss_k,32,1.0,29,45.2531635761261,55.51854718380997,229 155 142 33 30 177 203 22 304 4 135 309 12 225 188 108 102 207 146 77 28 129 123 307 313 244 140 257 295 81 227 31
viper,8,raw,0,-1,-1,36.39240562915802,48.82263042859394,
viper,8,center,0,-1,-1,36.39240562915802,48.82263042859394,
viper,8,unlab,0,0.1,-1,37.974682450294495,49.4986618119149,
viper,8,kiss_all,316,0.1,-1,43.03797483444214,54.38570888013348,
viper,8,unlab,0,1.0,-1,36.07594966888428,48.25385948637888,
viper,8,kiss_all,316,1.0,-1,50.632911920547485,62.836564929336646,
viper,8,kiss_k,2,0.1,0,37.65822649002075,49.12719988155866,250 284
viper,8,kiss_k,2,1.0,0,36.39240562915802,47.99966233380084,250 284
viper,8,kiss_k,2,0.1,1,37.34177350997925,49.03271599549514,167 246
viper,8,kiss_k,2,1.0,1,36.70886158943176,48.380502921729736,167 246
viper,8,kiss_k,2,0.1,2,38.92405033111572,50.75400408276152,270 36
viper,8,kiss_k,2,1.0,2,38.92405033111572,50.461904537091904,270 36
viper,8,kiss_k,2,0.1,3,39.240506291389465,50.142086928843035,89 259
viper,8,kiss_k,2,1.0,3,37.65822649002075,49.01771921459157,89 259
viper,8,kiss_k,2,0.1,4,38.60759437084198,50.076048886266236,54 201
viper,8,kiss_k,2,1.0,4,37.974682450294495,49.576461296681366,54 201
viper,8,kiss_k,2,0.1,5,39.240506291389465,50.659906602941575,298 14
viper,8,kiss_k,2,1.0,5,38.60759437084198,50.077473125538155,298 14
viper,8,kiss_k,2,0.1,6,38.29113841056824,50.41865905112428,209 11
viper,8,kiss_k,2,1.0,6,38.60759437084198,50.3271408957603,209 11
viper,8,kiss_k,2,0.1,7,37.974682450294495,49.95026217830401,278 177
viper,8,kiss_k,2,1.0,7,37.025317549705505,49.044892709383134,278 177
viper,8,kiss_k,2,0.1,8,39.55696225166321,50.83073294000354,38 130
viper,8,kiss_k,2,1.0,8,37.974682450294495,49.48369103586985,38 130
viper,8,kiss_k,2,0.1,9,37.974682450294495,49.61128657724977,186 2
viper,8,kiss_k,2,1.0,9,37.65822649002075,49.032858330861714,186 2
viper,8,kiss_k,2,0.1,10,37.34177350997925,49.62359048060032,73 95
viper,8,kiss_k,2,1.0,10,37.65822649002075,49.22916688622942,73 95
viper,8,kiss_k,2,0.1,11,38.60759437084198,50.12387129545639,149 112
viper,8,kiss_k,2,1.0,11,36.70886158943176,48.861045422805205,149 112
viper,8,kiss_k,2,0.1,12,37.34177350997925,49.4598087730197,221 110
viper,8,kiss_k,2,1.0,12,36.70886158943176,48.76088212226829,221 110
viper,8,kiss_k,2,0.1,13,39.240506291389465,50.15405810181236,18 299
viper,8,kiss_k,2,1.0,13,37.974682450294495,49.20304469289744,18 299
viper,8,kiss_k,2,0.1,14,37.974682450294495,49.50325955130113,57 146
viper,8,kiss_k,2,1.0,14,38.29113841056824,49.35631086122053,57 146
viper,8,kiss_k,2,0.1,15,37.025317549705505,49.44029724264992,32 19
viper,8,kiss_k,2,1.0,15,36.70886158943176,49.0029235668157,32 19
viper,8,kiss_k,2,0.1,16,39.55696225166321,51.244785555640746,79 303
viper,8,kiss_k,2,1.0,16,39.240506291389465,50.764560279009906,79 303
viper,8,kiss_k,2,0.1,17,37.65822649002075,49.374119012790864,107 167
viper,8,kiss_k,2,1.0,17,37.34177350997925,48.89706429640094,107 167
viper,8,kiss_k,2,0.1,18,37.34177350997925,48.883675278270736,61 310
viper,8,kiss_k,2,1.0,18,36.70886158943176,48.153839683482914,61 310
viper,8,kiss_k,2,0.1,19,37.974682450294495,49.67936731428605,28 272
viper,8,kiss_k,2,1.0,19,37.65822649002075,49.24532205304113,28 272
viper,8,kiss_k,2,0.1,20,38.60759437084198,49.900055300334685,142 257
viper,8,kiss_k,2,1.0,20,37.65822649002075,49.04686319048263,142 257
viper,8,kiss_k,2,0.1,21,37.65822649002075,49.45277952608246,87 258
viper,8,kiss_k,2,1.0,21,37.974682450294495,49.23643935383812,87 258
viper,8,kiss_k,2,0.1,22,36.70886158943176,48.563752452542104,97 171
viper,8,kiss_k,2,1.0,22,37.025317549705505,48.50856491276966,97 171
viper,8,kiss_k,2,0.1,23,37.974682450294495,49.53537369452981,44 94
viper,8,kiss_k,2,1.0,23,35.759493708610535,47.983430535103636,44 94
viper,8,kiss_k,2,0.1,24,40.506330132484436,51.3171384829473,151 289
viper,8,kiss_k,2,1.0,24,40.506330132484436,51.205152262654906,151 289
viper,8,kiss_k,2,0.1,25,37.025317549705505,48.89793621891382,312 62
viper,8,kiss_k,2,1.0,25,36.39240562915802,48.104821920864374,312 62
viper,8,kiss_k,2,0.1,26,38.92405033111572,50.58481722506687,130 172
viper,8,kiss_k,2,1.0,26,37.974682450294495,49.655011699392,130 172
viper,8,kiss_k,2,0.1,27,38.29113841056824,49.66746625932345,7 274
viper,8,kiss_k,2,1.0,27,37.025317549705505,48.66005640160749,7 274
viper,8,kiss_k,2,0.1,28,38.60759437084198,50.15038443893385,298 9
viper,8,kiss_k,2,1.0,28,37.974682450294495,49.428109575772375,298 9
viper,8,kiss_k,2,0.1,29,39.240506291389465,50.518596928626756,222 79
viper,8,kiss_k,2,1.0,29,37.65822649002075,49.338959750648705,222 79
viper,8,kiss_k,4,0.1,0,40.506330132484436,51.85103417197401,237 154 78 108
viper,8,kiss_k,4,1.0,0,38.92405033111572,50.5993164586521,237 154 78 108
viper,8,kiss_k,4,0.1,1,38.92405033111572,51.14529592256727,96 12 169 45
viper,8,kiss_k,4,1.0,1,36.39240562915802,49.61182217778449,96 12 169 45
viper,8,kiss_k,4,0.1,2,37.34177350997925,49.503848384830405,99 186 195 95
viper,8,kiss_k,4,1.0,2,36.39240562915802,48.946876190608286,99 186 195 95
viper,8,kiss_k,4,0.1,3,37.025317549705505,48.82711808060736,300 145 127 236
viper,8,kiss_k,4,1.0,3,36.70886158943176,48.72141858516706,300 145 127 236
viper,8,kiss_k,4,0.1,4,36.39240562915802,48.12619291916551,132 102 150 277
viper,8,kiss_k,4,1.0,4,36.39240562915802,47.90371697641527,132 102 150 277
viper,8,kiss_k,4,0.1,5,38.92405033111572,50.48467992069299,102 26 16 28
viper,8,kiss_k,4,1.0,5,39.55696225166321,50.95116658253719,102 26 16 28
viper,8,kiss_k,4,0.1,6,39.55696225166321,50.99715067099697,277 139 61 215
viper,8,kiss_k,4,1.0,6,37.65822649002075,49.42879944603404,277 139 61 215
viper,8,kiss_k,4,0.1,7,36.07594966888428,48.57684284462542,148 85 251 138
viper,8,kiss_k,4,1.0,7,36.39240562915802,48.12279424976653,148 85 251 138
viper,8,kiss_k,4,0.1,8,37.65822649002075,50.10661659952551,93 101 126 25
viper,8,kiss_k,4,1.0,8,36.70886158943176,49.13511642056984,93 101 126 25
viper,8,kiss_k,4,0.1,9,37.65822649002075,50.031799080691854,156 32 304 52
viper,8,kiss_k,4,1.0,9,37.65822649002075,49.74126389784036,156 32 304 52
viper,8,kiss_k,4,0.1,10,36.39240562915802,48.80507027490047,58 295 304 307
viper,8,kiss_k,4,1.0,10,36.07594966888428,48.176235360795125,58 295 304 307
viper,8,kiss_k,4,0.1,11,38.29113841056824,49.90637300644334,132 41 222 36
viper,8,kiss_k,4,1.0,11,37.974682450294495,49.433637178602005,132 41 222 36
viper,8,kiss_k,4,0.1,12,36.70886158943176,48.9036920385464,126 193 312 180
viper,8,kiss_k,4,1.0,12,36.39240562915802,48.1749562862355,126 193 312 180
viper,8,kiss_k,4,0.1,13,38.60759437084198,50.34557819035385,215 171 104 146
viper,8,kiss_k,4,1.0,13,38.60759437084198,49.813688311022126,215 171 104 146
viper,8,kiss_k,4,0.1,14,38.60759437084198,50.248741352433825,300 200 188 165
viper,8,kiss_k,4,1.0,14,37.34177350997925,49.11518264915409,300 200 188 165
viper,8,kiss_k,4,0.1,15,37.65822649002075,49.1521986948094,290 142 131 77
viper,8,kiss_k,4,1.0,15,37.34177350997925,48.857138744597414,290 142 131 77
viper,8,kiss_k,4,0.1,16,37.65822649002075,49.55457534978653,287 187 8 73
viper,8,kiss_k,4,1.0,16,38.60759437084198,49.43705712915065,287 187 8 73
viper,8,kiss_k,4,0.1,17,38.60759437084198,50.21700036482496,250 209 139 84
viper,8,kiss_k,4,1.0,17,37.34177350997925,48.842955455948434,250 209 139 84
viper,8,kiss_k,4,0.1,18,39.55696225166321,51.078496682653196,276 96 154 290
viper,8,kiss_k,4,1.0,18,39.240506291389465,50.73586107044365,276 96 154 290
viper,8,kiss_k,4,0.1,19,37.974682450294495,49.83504641133858,265 37 239 226
viper,8,kiss_k,4,1.0,19,36.39240562915802,48.85588033891274,265 37 239 226
viper,8,kiss_k,4,0.1,20,38.92405033111572,50.765246480202364,158 308 233 92
viper,8,kiss_k,4,1.0,20,38.60759437084198,50.306700353299405,158 308 233 92
viper,8,kiss_k,4,0.1,21,37.974682450294495,49.655093462094264,191 161 132 171
viper,8,kiss_k,4,1.0,21,37.974682450294495,49.54947132911086,191 161 132 171
viper,8,kiss_k,4,0.1,22,39.55696225166321,50.69094115864138,7 232 48 278
viper,8,kiss_k,4,1.0,22,37.974682450294495,49.5286628170212,7 232 48 278
viper,8,kiss_k,4,0.1,23,38.29113841056824,49.71472177699711,97 47 72 229
viper,8,kiss_k,4,1.0,23,38.29113841056824,49.507070580283155,97 47 72 229
viper,8,kiss_k,4,0.1,24,37.65822649002075,49.677381406487804,169 7 141 0
viper,8,kiss_k,4,1.0,24,37.974682450294495,49.46920710723373,169 7 141 0
viper,8,kiss_k,4,0.1,25,37.025317549705505,49.6522562536369,251 60 108 306
viper,8,kiss_k,4,1.0,25,37.025317549705505,48.967570466008176,251 60 108 306
viper,8,kiss_k,4,0.1,26,39.87341821193695,50.90370127929182,232 56 60 224
viper,8,kiss_k,4,1.0,26,38.60759437084198,50.12466078128705,232 56 60 224
viper,8,kiss_k,4,0.1,27,37.65822649002075,49.77723210483795,46 234 203 10
viper,8,kiss_k,4,1.0,27,37.025317549705505,48.95301014653009,46 234 203 10
viper,8,kiss_k,4,0.1,28,38.60759437084198,50.21374059547357,310 135 36 30
viper,8,kiss_k,4,1.0,28,36.39240562915802,48.70217422764618,310 135 36 30
viper,8,kiss_k,4,0.1,29,39.55696225166321,50.782180219374126,165 46 251 86
viper,8,kiss_k,4,1.0,29,37.65822649002075,49.402912754339056,165 46 251 86
viper,8,kiss_k,8,0.1,0,39.240506291389465,50.68019690438813,103 121 290 147 14 192 214 119
viper,8,kiss_k,8,1.0,0,38.92405033111572,50.44483027712647,103 121 290 147 14 192 214 119
viper,8,kiss_k,8,0.1,1,37.974682450294495,50.327510898116465,233 212 261 16 110 312 109 111
viper,8,kiss_k,8,1.0,1,38.92405033111572,50.48013993828917,233 212 261 16 110 312 109 111
viper,8,kiss_k,8,0.1,2,38.92405033111572,51.98350328617241,123 199 84 94 190 219 91 57
viper,8,kiss_k,8,1.0,2,40.82278609275818,52.67378999487773,123 199 84 94 190 219 91 57
viper,8,kiss_k,8,0.1,3,39.87341821193695,51.25424284859389,5 67 125 231 80 158 200 136
viper,8,kiss_k,8,1.0,3,39.240506291389465,50.7879546218863,5 67 125 231 80 158 200 136
viper,8,kiss_k,8,0.1,4,38.29113841056824,50.277755231473876,201 263 206 34 109 204 208 260
viper,8,kiss_k,8,1.0,4,39.240506291389465,50.288001458595566,201 263 206 34 109 204 208 260
viper,8,kiss_k,8,0.1,5,38.29113841056824,49.984054648521486,143 217 184 63 122 309 257 36
viper,8,kiss_k,8,1.0,5,37.974682450294495,49.546185582497685,143 217 184 63 122 309 257 36
viper,8,kiss_k,8,0.1,6,40.506330132484436,51.2803960144953,54 269 299 122 263 187 120 285
viper,8,kiss_k,8,1.0,6,40.506330132484436,51.0425656839992,54 269 299 122 263 187 120 285
viper,8,kiss_k,8,0.1,7,40.506330132484436,52.06280236049281,244 128 98 107 160 12 9 189
viper,8,kiss_k,8,1.0,7,38.60759437084198,51.015921526312255,244 128 98 107 160 12 9 189
viper,8,kiss_k,8,0.1,8,38.92405033111572,50.2501721329658,245 115 126 24 68 307 206 213
viper,8,kiss_k,8,1.0,8,38.29113841056824,49.66202940451493,245 115 126 24 68 307 206 213
viper,8,kiss_k,8,0.1,9,38.29113841056824,51.39234255593339,152 122 10 308 169 284 36 246
viper,8,kiss_k,8,1.0,9,39.240506291389465,51.70181817110462,152 122 10 308 169 284 36 246
viper,8,kiss_k,8,0.1,10,38.29113841056824,50.65684851888568,103 154 263 229 236 260 224 226
viper,8,kiss_k,8,1.0,10,37.974682450294495,50.451567462369326,103 154 263 229 236 260 224 226
viper,8,kiss_k,8,0.1,11,38.60759437084198,50.622927271030484,81 187 15 160 197 154 50 200
viper,8,kiss_k,8,1.0,11,37.974682450294495,50.01699375711801,81 187 15 160 197 154 50 200
viper,8,kiss_k,8,0.1,12,41.455695033073425,53.05320214296268,63 284 59 215 161 64 270 173
viper,8,kiss_k,8,1.0,12,39.55696225166321,51.52007807957004,63 284 59 215 161 64 270 173
viper,8,kiss_k,8,0.1,13,37.974682450294495,50.44972672496656,260 251 156 233 288 208 172 215
viper,8,kiss_k,8,1.0,13,37.65822649002075,49.90542063609303,260 251 156 233 288 208 172 215
viper,8,kiss_k,8,0.1,14,38.92405033111572,50.75751717560808,258 185 280 195 297 183 228 22
viper,8,kiss_k,8,1.0,14,38.92405033111572,50.306769830296695,258 185 280 195 297 183 228 22
viper,8,kiss_k,8,0.1,15,40.18987417221069,51.491646366547904,292 34 21 225 55 91 244 248
viper,8,kiss_k,8,1.0,15,39.87341821193695,51.15890985510425,292 34 21 225 55 91 244 248
viper,8,kiss_k,8,0.1,16,40.506330132484436,51.45083081162111,309 63 76 75 122 71 42 140
viper,8,kiss_k,8,1.0,16,40.506330132484436,51.46896429809756,309 63 76 75 122 71 42 140
viper,8,kiss_k,8,0.1,17,39.240506291389465,51.17711186621116,65 276 108 67 98 307 78 168
viper,8,kiss_k,8,1.0,17,38.92405033111572,50.90082842011081,65 276 108 67 98 307 78 168
viper,8,kiss_k,8,0.1,18,38.92405033111572,50.50394299294968,255 304 30 148 56 45 101 273
viper,8,kiss_k,8,1.0,18,37.65822649002075,49.42523591150927,255 304 30 148 56 45 101 273
viper,8,kiss_k,8,0.1,19,39.87341821193695,51.62258015119681,185 109 84 299 87 249 161 211
viper,8,kiss_k,8,1.0,19,40.18987417221069,51.60739893602197,185 109 84 299 87 249 161 211
viper,8,kiss_k,8,0.1,20,37.974682450294495,50.70985833339369,280 121 111 148 271 41 32 89
viper,8,kiss_k,8,1.0,20,37.65822649002075,50.303383554013124,280 121 111 148 271 41 32 89
viper,8,kiss_k,8,0.1,21,38.29113841056824,50.65563080136236,305 209 160 68 1 178 18 100
viper,8,kiss_k,8,1.0,21,38.29113841056824,50.2826146794064,305 209 160 68 1 178 18 100
viper,8,kiss_k,8,0.1,22,38.92405033111572,50.50336439498662,19 208 53 67 305 29 225 132
viper,8,kiss_k,8,1.0,22,37.974682450294495,50.07676713932627,19 208 53 67 305 29 225 132
viper,8,kiss_k,8,0.1,23,39.87341821193695,51.4206099931262,205 294 226 75 207 113 78 304
viper,8,kiss_k,8,1.0,23,38.29113841056824,50.28354170353227,205 294 226 75 207 113 78 304
viper,8,kiss_k,8,0.1,24,38.60759437084198,50.49929463526324,97 215 15 74 245 84 173 78
viper,8,kiss_k,8,1.0,24,38.60759437084198,50.28358468495253,97 215 15 74 245 84 173 78
viper,8,kiss_k,8,0.1,25,39.87341821193695,51.1279108128292,107 191 227 117 241 270 205 48
viper,8,kiss_k,8,1.0,25,39.240506291389465,50.60679812338537,107 191 227 117 241 270 205 48
viper,8,kiss_k,8,0.1,26,40.18987417221069,51.127940005603556,145 74 205 79 35 311 65 76
viper,8,kiss_k,8,1.0,26,39.55696225166321,50.47015652026462,145 74 205 79 35 311 65 76
viper,8,kiss_k,8,0.1,27,38.60759437084198,50.77200724983253,299 171 197 45 225 25 57 293
viper,8,kiss_k,8,1.0,27,39.87341821193695,50.888849831038186,299 171 197 45 225 25 57 293
viper,8,kiss_k,8,0.1,28,41.455695033073425,51.65106878393163,200 207 24 258 287 210 227 131
viper,8,kiss_k,8,1.0,28,41.455695033073425,51.73421386895326,200 207 24 258 287 210 227 131
viper,8,kiss_k,8,0.1,29,40.18987417221069,51.48139068015577,193 217 24 5 50 47 38 295
viper,8,kiss_k,8,1.0,29,40.18987417221069,51.15059184201343,193 217 24 5 50 47 38 295
viper,8,kiss_k,16,0.1,0,39.87341821193695,51.468431261269544,287 155 145 136 301 137 131 130 133 179 35 19 111 79 125 17
viper,8,kiss_k,16,1.0,0,39.55696225166321,50.99830246344541,287 155 145 136 301 137 131 130 133 179 35 19 111 79 125 17
viper,8,kiss_k,16,0.1,1,42.08860695362091,53.28383200923456,144 134 200 6 223 309 64 229 272 23 32 204 104 41 242 295
viper,8,kiss_k,16,1.0,1,42.08860695362091,53.473970814518864,144 134 200 6 223 309 64 229 272 23 32 204 104 41 242 295
viper,8,kiss_k,16,0.1,2,39.87341821193695,51.430013890175594,59 130 288 107 144 205 147 155 308 212 168 228 18 156 175 121
viper,8,kiss_k,16,1.0,2,39.55696225166321,51.16467670143261,59 130 288 107 144 205 147 155 308 212 168 228 18 156 175 121
viper,8,kiss_k,16,0.1,3,38.92405033111572,51.14225641917373,218 300 70 87 115 194 102 26 22 37 167 301 178 130 119 270
viper,8,kiss_k,16,1.0,3,39.87341821193695,51.359327418689205,218 300 70 87 115 194 102 26 22 37 167 301 178 130 119 270
viper,8,kiss_k,16,0.1,4,41.455695033073425,52.325553368408706,196 151 306 128 307 211 129 97 225 181 184 32 268 312 144 104
viper,8,kiss_k,16,1.0,4,41.455695033073425,52.34464262766447,196 151 306 128 307 211 129 97 225 181 184 32 268 312 144 104
viper,8,kiss_k,16,0.1,5,41.13923907279968,52.300129685006716,7 31 144 62 39 287 302 85 132 122 252 196 147 290 247 93
viper,8,kiss_k,16,1.0,5,40.18987417221069,52.16374428186922,7 31 144 62 39 287 302 85 132 122 252 196 147 290 247 93
viper,8,kiss_k,16,0.1,6,42.08860695362091,54.17735510830452,171 283 172 226 303 178 285 253 53 282 118 202 46 88 225 45
viper,8,kiss_k,16,1.0,6,42.08860695362091,53.91281199418759,171 283 172 226 303 178 285 253 53 282 118 202 46 88 225 45
viper,8,kiss_k,16,0.1,7,41.455695033073425,52.36346519190861,254 216 199 294 37 101 38 299 120 267 174 103 223 74 234 79
viper,8,kiss_k,16,1.0,7,40.18987417221069,51.32847344251791,254 216 199 294 37 101 38 299 120 267 174 103 223 74 234 79
viper,8,kiss_k,16,0.1,8,39.240506291389465,51.39428646694907,16 254 87 46 243 22 300 190 185 42 8 25 272 153 222 139
viper,8,kiss_k,16,1.0,8,39.55696225166321,51.39865196008186,16 254 87 46 243 22 300 190 185 42 8 25 272 153 222 139
viper,8,kiss_k,16,0.1,9,39.87341821193695,51.5676186347252,30 1 207 234 220 119 281 197 47 68 173 0 237 127 75 78
viper,8,kiss_k,16,1.0,9,40.18987417221069,51.83686764278038,30 1 207 234 220 119 281 197 47 68 173 0 237 127 75 78
viper,8,kiss_k,16,0.1,10,40.506330132484436,52.973196356726696,268 147 263 122 218 271 169 8 256 82 88 73 117 59 206 219
viper,8,kiss_k,16,1.0,10,40.18987417221069,52.77744962565634,268 147 263 122 218 271 169 8 256 82 88 73 117 59 206 219
viper,8,kiss_k,16,0.1,11,41.13923907279968,53.154019232307405,206 170 264 130 258 93 219 92 228 11 213 112 257 32 277 63
viper,8,kiss_k,16,1.0,11,42.08860695362091,53.64112450958589,206 170 264 130 258 93 219 92 228 11 213 112 257 32 277 63
viper,8,kiss_k,16,0.1,12,40.18987417221069,53.220120703058946,162 311 241 116 271 10 77 2 177 58 254 115 91 8 123 42
viper,8,kiss_k,16,1.0,12,40.18987417221069,52.66368672307543,162 311 241 116 271 10 77 2 177 58 254 115 91 8 123 42
viper,8,kiss_k,16,0.1,13,41.77215099334717,52.80680833453659,300 210 270 75 133 50 173 116 77 163 170 308 176 110 5 103
viper,8,kiss_k,16,1.0,13,40.18987417221069,52.15066468223489,300 210 270 75 133 50 173 116 77 163 170 308 176 110 5 103
viper,8,kiss_k,16,0.1,14,39.55696225166321,52.14095812012336,301 51 52 250 152 98 220 99 142 188 315 8 86 164 143 237
viper,8,kiss_k,16,1.0,14,40.506330132484436,52.08731174208295,301 51 52 250 152 98 220 99 142 188 315 8 86 164 143 237
viper,8,kiss_k,16,0.1,15,42.40506291389465,53.581349322577495,118 141 131 256 177 232 259 314 190 203 130 249 38 126 234 174
viper,8,kiss_k,16,1.0,15,41.77215099334717,53.05164629635028,118 141 131 256 177 232 259 314 190 203 130 249 38 126 234 174
viper,8,kiss_k,16,0.1,16,40.82278609275818,53.04200105501413,231 122 227 277 3 246 25 217 282 224 38 135 177 129 247 254
viper,8,kiss_k,16,1.0,16,42.08860695362091,53.452403614301325,231 122 227 277 3 246 25 217 282 224 38 135 177 129 247 254
viper,8,kiss_k,16,0.1,17,41.13923907279968,52.84999586053757,245 251 6 62 283 168 214 39 52 77 87 303 156 295 40 102
viper,8,kiss_k,16,1.0,17,38.60759437084198,51.4224183221201,245 251 6 62 283 168 214 39 52 77 87 303 156 295 40 102
viper,8,kiss_k,16,0.1,18,41.77215099334717,54.04153611982425,164 105 261 255 131 223 303 252 155 209 244 78 300 47 235 263
viper,8,kiss_k,16,1.0,18,42.08860695362091,54.0515604240315,164 105 261 255 131 223 303 252 155 209 244 78 300 47 235 263
viper,8,kiss_k,16,0.1,19,41.13923907279968,52.73594245832638,96 257 202 313 97 148 45 50 104 6 86 15 188 262 39 19
viper,8,kiss_k,16,1.0,19,40.18987417221069,52.101522922721536,96 257 202 313 97 148 45 50 104 6 86 15 188 262 39 19
viper,8,kiss_k,16,0.1,20,39.240506291389465,51.07782491257884,108 287 291 254 95 3 257 122 277 176 256 35 156 295 250 9
viper,8,kiss_k,16,1.0,20,39.240506291389465,51.10853035172372,108 287 291 254 95 3 257 122 277 176 256 35 156 295 250 9
viper,8,kiss_k,16,0.1,21,41.13923907279968,53.48595842106694,176 80 226 144 273 195 270 115 188 196 28 151 281 3 286 100
viper,8,kiss_k,16,1.0,21,40.82278609275818,53.45117758183466,176 80 226 144 273 195 270 115 188 196 28 151 281 3 286 100
viper,8,kiss_k,16,0.1,22,41.77215099334717,53.2308745173228,163 172 228 222 284 151 146 97 213 301 314 56 124 128 20 9
viper,8,kiss_k,16,1.0,22,41.77215099334717,53.5276642586935,163 172 228 222 284 151 146 97 213 301 314 56 124 128 20 9
viper,8,kiss_k,16,0.1,23,38.92405033111572,50.94294769432229,21 77 159 56 306 263 9 243 184 223 290 45 257 311 61 68
viper,8,kiss_k,16,1.0,23,38.29113841056824,50.56870622564972,21 77 159 56 306 263 9 243 184 223 290 45 257 311 61 68
viper,8,kiss_k,16,0.1,24,41.13923907279968,53.01576838018301,12 204 26 240 5 312 100 298 171 70 308 236 245 214 156 205
viper,8,kiss_k,16,1.0,24,41.455695033073425,53.4528391260093,12 204 26 240 5 312 100 298 171 70 308 236 245 214 156 205
viper,8,kiss_k,16,0.1,25,35.44303774833679,49.07226124897574,176 74 181 129 3 83 36 307 264 156 43 312 113 259 53 310
viper,8,kiss_k,16,1.0,25,35.44303774833679,48.66581060763793,176 74 181 129 3 83 36 307 264 156 43 312 113 259 53 310
viper,8,kiss_k,16,0.1,26,41.13923907279968,53.566879941151555,94 298 293 37 207 243 290 200 148 301 163 14 201 190 36 270
viper,8,kiss_k,16,1.0,26,40.506330132484436,52.82836607430813,94 298 293 37 207 243 290 200 148 301 163 14 201 190 36 270
viper,8,kiss_k,16,0.1,27,37.974682450294495,50.364779324398675,147 210 151 125 79 242 169 55 155 277 33 66 142 217 106 56
viper,8,kiss_k,16,1.0,27,38.92405033111572,50.69730332161571,147 210 151 125 79 242 169 55 155 277 33 66 142 217 106 56
viper,8,kiss_k,16,0.1,28,42.721518874168396,54.344879375417406,154 257 192 130 201 173 312 57 175 190 132 242 123 128 143 124
viper,8,kiss_k,16,1.0,28,42.08860695362091,53.779561487070026,154 257 192 130 201 173 312 57 175 190 132 242 123 128 143 124
viper,8,kiss_k,16,0.1,29,39.240506291389465,50.98875709661047,237 198 288 137 196 254 136 297 234 77 48 304 250 57 70 175
viper,8,kiss_k,16,1.0,29,38.92405033111572,50.33030688263377,237 198 288 137 196 254 136 297 234 77 48 304 250 57 70 175
viper,8,kiss_k,32,0.1,0,43.03797483444214,54.37616425122891,245 292 10 188 23 250 105 213 312 25 42 287 3 89 154 7 196 120 227 228 57 178 206 284 162 281 81 186 203 129 212 171
viper,8,kiss_k,32,1.0,0,41.77215099334717,54.033481305318745,245 292 10 188 23 250 105 213 312 25 42 287 3 89 154 7 196 120 227 228 57 178 206 284 162 281 81 186 203 129 212 171
viper,8,kiss_k,32,0.1,1,40.82278609275818,52.78517203370424,67 193 297 143 21 10 40 60 9 106 147 74 307 188 107 181 247 64 173 29 272 121 252 48 295 178 101 241 280 59 94 75
viper,8,kiss_k,32,1.0,1,42.40506291389465,53.57913404558471,67 193 297 143 21 10 40 60 9 106 147 74 307 188 107 181 247 64 173 29 272 121 252 48 295 178 101 241 280 59 94 75
viper,8,kiss_k,32,0.1,2,40.82278609275818,52.786233388055,128 61 122 93 309 57 237 125 276 187 213 124 34 126 76 292 253 37 95 147 174 285 264 190 234 277 244 135 173 197 8 113
viper,8,kiss_k,32,1.0,2,40.18987417221069,52.44820320009256,128 61 122 93 309 57 237 125 276 187 213 124 34 126 76 292 253 37 95 147 174 285 264 190 234 277 244 135 173 197 8 113
viper,8,kiss_k,32,0.1,3,43.670886754989624,54.190925296493454,224 229 234 64 7 107 176 103 257 186 20 294 178 51 175 189 220 127 225 283 204 91 12 104 185 235 269 63 248 33 67 16
viper,8,kiss_k,32,1.0,3,42.40506291389465,53.98752569711738,224 229 234 64 7 107 176 103 257 186 20 294 178 51 175 189 220 127 225 283 204 91 12 104 185 235 269 63 248 33 67 16
viper,8,kiss_k,32,0.1,4,42.721518874168396,54.477227594144885,160 225 179 34 122 214 218 29 124 314 57 131 261 250 171 210 70 117 290 113 120 79 64 190 32 102 38 17 185 76 1 50
viper,8,kiss_k,32,1.0,4,44.936707615852356,55.9224373777916,160 225 179 34 122 214 218 29 124 314 57 131 261 250 171 210 70 117 290 113 120 79 64 190 32 102 38 17 185 76 1 50
viper,8,kiss_k,32,0.1,5,41.77215099334717,53.06170773370498,166 173 284 310 56 245 103 33 14 193 70 257 202 195 280 246 125 315 144 59 135 276 204 230 174 172 72 277 114 261 19 80
viper,8,kiss_k,32,1.0,5,41.13923907279968,53.28452202633868,166 173 284 310 56 245 103 33 14 193 70 257 202 195 280 246 125 315 144 59 135 276 204 230 174 172 72 277 114 261 19 80
viper,8,kiss_k,32,0.1,6,42.08860695362091,53.658493521930176,271 160 4 57 33 269 276 100 16 170 23 35 54 55 236 184 181 185 227 297 79 59 282 94 116 48 277 230 134 11 152 218
viper,8,kiss_k,32,1.0,6,43.03797483444214,54.4189484434246,271 160 4 57 33 269 276 100 16 170 23 35 54 55 236 184 181 185 227 297 79 59 282 94 116 48 277 230 134 11 152 218
viper,8,kiss_k,32,0.1,7,36.70886158943176,50.464317753257106,43 241 114 192 276 243 1 160 122 113 210 223 59 170 29 46 310 200 19 48 252 251 55 164 189 178 183 11 27 9 222 203
viper,8,kiss_k,32,1.0,7,37.65822649002075,51.44884282925164,43 241 114 192 276 243 1 160 122 113 210 223 59 170 29 46 310 200 19 48 252 251 55 164 189 178 183 11 27 9 222 203
viper,8,kiss_k,32,0.1,8,42.721518874168396,54.84444521100018,17 110 164 31 123 196 16 79 207 226 255 298 43 291 166 158 120 235 181 13 147 177 105 65 40 212 245 217 283 146 73 213
viper,8,kiss_k,32,1.0,8,43.03797483444214,55.00102033226519,17 110 164 31 123 196 16 79 207 226 255 298 43 291 166 158 120 235 181 13 147 177 105 65 40 212 245 217 283 146 73 213
viper,8,kiss_k,32,0.1,9,42.721518874168396,54.6480435067218,106 218 181 209 193 101 82 280 98 30 277 299 268 175 159 125 267 72 247 32 141 185 177 6 31 97 105 294 225 122 71 121
viper,8,kiss_k,32,1.0,9,43.35443079471588,55.509738401262446,106 218 181 209 193 101 82 280 98 30 277 299 268 175 159 125 267 72 247 32 141 185 177 6 31 97 105 294 225 122 71 121
viper,8,kiss_k,32,0.1,10,42.08860695362091,53.17918980888719,311 99 77 25 249 255 160 203 281 309 148 272 297 201 293 155 287 275 197 59 195 169 193 298 265 181 166 307 109 66 185 18
viper,8,kiss_k,32,1.0,10,40.506330132484436,52.2406447075353,311 99 77 25 249 255 160 203 281 309 148 272 297 201 293 155 287 275 197 59 195 169 193 298 265 181 166 307 109 66 185 18
viper,8,kiss_k,32,0.1,11,40.506330132484436,52.38623161683195,302 56 125 188 146 91 203 207 193 102 220 296 74 244 130 109 99 232 150 264 263 182 131 55 17 222 270 45 107 57 79 234
viper,8,kiss_k,32,1.0,11,42.721518874168396,53.64811222244262,302 56 125 188 146 91 203 207 193 102 220 296 74 244 130 109 99 232 150 264 263 182 131 55 17 222 270 45 107 57 79 234
viper,8,kiss_k,32,0.1,12,43.03797483444214,55.291521115919394,268 119 147 181 194 24 12 2 11 277 88 241 100 235 272 19 93 113 10 79 72 5 107 51 206 142 303 202 201 207 151 315
viper,8,kiss_k,32,1.0,12,43.670886754989624,56.10819869263146,268 119 147 181 194 24 12 2 11 277 88 241 100 235 272 19 93 113 10 79 72 5 107 51 206 142 303 202 201 207 151 315
viper,8,kiss_k,32,0.1,13,43.03797483444214,54.76901770966737,272 209 154 19 258 89 234 57 192 270 143 303 188 23 127 124 219 202 68 54 133 67 140 75 82 58 155 11 147 287 148 271
viper,8,kiss_k,32,1.0,13,42.40506291389465,54.74706178088668,272 209 154 19 258 89 234 57 192 270 143 303 188 23 127 124 219 202 68 54 133 67 140 75 82 58 155 11 147 287 148 271
viper,8,kiss_k,32,0.1,14,43.03797483444214,54.65804228058282,135 74 68 5 284 306 168 48 308 130 78 304 190 156 38 56 180 295 154 246 131 303 28 124 216 162 13 189 249 312 91 79
viper,8,kiss_k,32,1.0,14,45.2531635761261,56.17733045793132,135 74 68 5 284 306 168 48 308 130 78 304 190 156 38 56 180 295 154 246 131 303 28 124 216 162 13 189 249 312 91 79
viper,8,kiss_k,32,0.1,15,39.55696225166321,51.62162975797687,190 246 30 230 295 310 65 108 130 47 236 74 273 222 34 80 0 44 176 46 254 127 300 1 72 88 13 79 69 155 235 250
viper,8,kiss_k,32,1.0,15,39.55696225166321,51.712656781328825,190 246 30 230 295 310 65 108 130 47 236 74 273 222 34 80 0 44 176 46 254 127 300 1 72 88 13 79 69 155 235 250
viper,8,kiss_k,32,0.1,16,42.721518874168396,54.5327947805768,115 179 257 287 14 209 28 220 85 108 219 271 288 123 44 234 173 301 157 10 213 35 86 125 185 308 298 315 172 221 2 130
viper,8,kiss_k,32,1.0,16,41.455695033073425,53.9644809435366,115 179 257 287 14 209 28 220 85 108 219 271 288 123 44 234 173 301 157 10 213 35 86 125 185 308 298 315 172 221 2 130
viper,8,kiss_k,32,0.1,17,40.18987417221069,52.14251205676486,224 213 36 151 92 239 72 313 90 82 133 269 278 165 263 281 157 6 265 253 244 89 23 283 254 126 251 310 5 285 240 175
viper,8,kiss_k,32,1.0,17,41.77215099334717,52.9457811627953,224 213 36 151 92 239 72 313 90 82 133 269 278 165 263 281 157 6 265 253 244 89 23 283 254 126 251 310 5 285 240 175
viper,8,kiss_k,32,0.1,18,41.77215099334717,53.5207778068294,247 270 296 153 80 228 21 258 136 121 68 156 216 262 286 63 77 149 165 36 24 298 202 199 170 92 272 174 88 62 227 308
viper,8,kiss_k,32,1.0,18,42.08860695362091,54.16999896854128,247 270 296 153 80 228 21 258 136 121 68 156 216 262 286 63 77 149 165 36 24 298 202 199 170 92 272 174 88 62 227 308
viper,8,kiss_k,32,0.1,19,41.13923907279968,52.964874799021125,229 155 142 33 30 177 203 22 304 4 135 309 12 225 188 108 102 207 146 77 28 129 123 307 313 244 140 257 295 81 227 31
viper,8,kiss_k,32,1.0,19,41.77215099334717,53.577293753947785,229 155 142 33 30 177 203 22 304 4 135 309 12 225 188 108 102 207 146 77 28 129 123 307 313 244 140 257 295 81 227 31
viper,8,kiss_k,32,0.1,20,42.40506291389465,54.70746580349205,227 312 268 219 181 105 290 100 10 107 51 259 279 264 229 151 98 85 17 315 183 3 70 190 8 231 302 92 276 103 295 261
viper,8,kiss_k,32,1.0,20,43.03797483444214,55.28560261106762,227 312 268 219 181 105 290 100 10 107 51 259 279 264 229 151 98 85 17 315 183 3 70 190 8 231 302 92 276 103 295 261
viper,8,kiss_k,32,0.1,21,43.03797483444214,54.758748075799325,299 53 197 151 211 221 314 233 39 118 207 44 45 134 202 250 84 49 212 257 54 161 87 24 311 143 201 23 206 123 112 243
viper,8,kiss_k,32,1.0,21,43.03797483444214,54.81083615244305,299 53 197 151 211 221 314 233 39 118 207 44 45 134 202 250 84 49 212 257 54 161 87 24 311 143 201 23 206 123 112 243
viper,8,kiss_k,32,0.1,22,43.03797483444214,54.87956760892171,182 113 315 219 99 109 3 294 37 27 80 31 193 98 205 305 91 62 241 146 66 267 264 34 134 112 104 95 123 57 96 108
viper,8,kiss_k,32,1.0,22,42.721518874168396,55.00326900620613,182 113 315 219 99 109 3 294 37 27 80 31 193 98 205 305 91 62 241 146 66 267 264 34 134 112 104 95 123 57 96 108
viper,8,kiss_k,32,0.1,23,41.455695033073425,52.88403250252571,180 297 147 245 103 188 278 18 272 120 66 121 22 257 242 303 28 296 48 223 244 2 198 61 202 206 126 30 258 131 254 60
viper,8,kiss_k,32,1.0,23,41.13923907279968,53.06449160011548,180 297 147 245 103 188 278 18 272 120 66 121 22 257 242 303 28 296 48 223 244 2 198 61 202 206 126 30 258 131 254 60
viper,8,kiss_k,32,0.1,24,42.40506291389465,54.87172224262116,301 18 3 269 225 294 215 270 64 139 80 57 79 142 290 62 12 159 31 27 9 299 90 55 230 28 39 137 190 281 119 200
viper,8,kiss_k,32,1.0,24,42.08860695362091,54.924952652752765,301 18 3 269 225 294 215 270 64 139 80 57 79 142 290 62 12 159 31 27 9 299 90 55 230 28 39 137 190 281 119 200
viper,8,kiss_k,32,0.1,25,44.30379867553711,55.15080891702583,7 152 84 121 230 226 236 246 286 12 311 195 3 27 156 41 215 224 232 130 31 56 207 146 110 173 144 214 183 300 306 75
viper,8,kiss_k,32,1.0,25,44.936707615852356,55.97373055798614,7 152 84 121 230 226 236 246 286 12 311 195 3 27 156 41 215 224 232 130 31 56 207 146 110 173 144 214 183 300 306 75
viper,8,kiss_k,32,0.1,26,42.721518874168396,54.45473026360037,237 239 195 26 214 138 106 308 6 284 259 39 265 202 303 310 272 5 74 50 172 246 178 263 63 59 169 22 145 186 171 92
viper,8,kiss_k,32,1.0,26,43.98734271526337,55.253575616365026,237 239 195 26 214 138 106 308 6 284 259 39 265 202 303 310 272 5 74 50 172 246 178 263 63 59 169 22 145 186 171 92
viper,8,kiss_k,32,0.1,27,41.455695033073425,52.99039889660755,138 227 284 266 67 276 256 33 104 169 75 28 57 303 178 117 74 171 129 92 161 45 29 226 128 82 168 277 99 278 26 95
viper,8,kiss_k,32,1.0,27,40.82278609275818,53.15254807576009,138 227 284 266 67 276 256 33 104 169 75 28 57 303 178 117 74 171 129 92 161 45 29 226 128 82 168 277 99 278 26 95
viper,8,kiss_k,32,0.1,28,41.455695033073425,53.531013740204656,181 246 77 313 261 206 273 182 119 81 283 134 205 56 132 142 102 50 131 16 51 86 53 201 307 305 204 60 157 252 100 18
viper,8,kiss_k,32,1.0,28,41.13923907279968,53.10789433336155,181 246 77 313 261 206 273 182 119 81 283 134 205 56 132 142 102 50 131 16 51 86 53 201 307 305 204 60 157 252 100 18
viper,8,kiss_k,32,0.1,29,41.77215099334717,53.00810182961728,302 282 9 45 168 22 90 257 199 179 13 10 276 245 310 255 244 249 208 254 313 149 286 72 30 190 37 113 200 228 124 58
viper,8,kiss_k,32,1.0,29,41.13923907279968,52.577142757821804,302 282 9 45 168 22 90 257 199 179 13 10 276 245 310 255 244 249 208 254 313 149 286 72 30 190 37 113 200 228 124 58
viper,9,raw,0,-1,-1,42.721518874168396,53.12125314004429,
viper,9,center,0,-1,-1,42.721518874168396,53.12125314004429,
viper,9,unlab,0,0.1,-1,42.721518874168396,53.23243130452238,
viper,9,kiss_all,316,0.1,-1,44.62025463581085,53.87251502575891,
viper,9,unlab,0,1.0,-1,42.08860695362091,52.597351878047164,
viper,9,kiss_all,316,1.0,-1,52.848100662231445,63.232524608758,
viper,9,kiss_k,2,0.1,0,42.40506291389465,52.92875344584665,73 95
viper,9,kiss_k,2,1.0,0,41.455695033073425,52.21745552269812,73 95
viper,9,kiss_k,2,0.1,1,43.03797483444214,53.72085560776816,149 112
viper,9,kiss_k,2,1.0,1,42.08860695362091,53.09070735891967,149 112
viper,9,kiss_k,2,0.1,2,44.30379867553711,54.108422423598,221 110
viper,9,kiss_k,2,1.0,2,41.77215099334717,52.74434904136024,221 110
viper,9,kiss_k,2,0.1,3,43.98734271526337,54.3219639881503,18 299
viper,9,kiss_k,2,1.0,3,43.35443079471588,53.57355880102297,18 299
viper,9,kiss_k,2,0.1,4,42.40506291389465,53.35102685960131,57 146
viper,9,kiss_k,2,1.0,4,42.08860695362091,52.973353307678586,57 146
viper,9,kiss_k,2,0.1,5,42.40506291389465,53.52937104299087,32 19
viper,9,kiss_k,2,1.0,5,42.40506291389465,53.252186467787595,32 19
viper,9,kiss_k,2,0.1,6,43.35443079471588,53.740505122906455,79 303
viper,9,kiss_k,2,1.0,6,43.03797483444214,53.410644646005835,79 303
viper,9,kiss_k,2,0.1,7,42.08860695362091,52.93847994250572,107 167
viper,9,kiss_k,2,1.0,7,42.08860695362091,52.527944966457795,107 167
viper,9,kiss_k,2,0.1,8,41.77215099334717,52.48454085678335,61 310
viper,9,kiss_k,2,1.0,8,41.455695033073425,52.03322544512095,61 310
viper,9,kiss_k,2,0.1,9,42.08860695362091,53.219136493374755,28 272
viper,9,kiss_k,2,1.0,9,42.721518874168396,53.35135085370752,28 272
viper,9,kiss_k,2,0.1,10,44.62025463581085,54.55544164177578,142 257
viper,9,kiss_k,2,1.0,10,43.98734271526337,53.70558521673797,142 257
viper,9,kiss_k,2,0.1,11,43.03797483444214,53.438426366995905,87 258
viper,9,kiss_k,2,1.0,11,41.455695033073425,52.58278022430595,87 258
viper,9,kiss_k,2,0.1,12,41.77215099334717,52.5941356285051,97 171
viper,9,kiss_k,2,1.0,12,41.13923907279968,52.07846641733978,97 171
viper,9,kiss_k,2,0.1,13,42.40506291389465,53.026451104107544,44 94
viper,9,kiss_k,2,1.0,13,41.77215099334717,52.16945181141921,44 94
viper,9,kiss_k,2,0.1,14,43.98734271526337,54.39632993071803,151 289
viper,9,kiss_k,2,1.0,14,42.721518874168396,53.52564763667159,151 289
viper,9,kiss_k,2,0.1,15,42.40506291389465,53.00587201767644,312 62
viper,9,kiss_k,2,1.0,15,41.455695033073425,52.276121888351845,312 62
viper,9,kiss_k,2,0.1,16,43.03797483444214,54.0445311342185,130 172
viper,9,kiss_k,2,1.0,16,42.40506291389465,53.12209884485834,130 172
viper,9,kiss_k,2,0.1,17,42.08860695362091,53.30481632211954,7 274
viper,9,kiss_k,2,1.0,17,42.721518874168396,53.075557892957356,7 274
viper,9,kiss_k,2,0.1,18,42.08860695362091,52.906706208573254,298 9
viper,9,kiss_k,2,1.0,18,42.721518874168396,53.07421669620034,298 9
viper,9,kiss_k,2,0.1,19,43.03797483444214,53.693758722429294,222 79
viper,9,kiss_k,2,1.0,19,43.98734271526337,53.86792377481975,222 79
viper,9,kiss_k,2,0.1,20,43.98734271526337,54.3823389203153,77 54
viper,9,kiss_k,2,1.0,20,44.30379867553711,54.17376722641034,77 54
viper,9,kiss_k,2,0.1,21,42.721518874168396,53.456608120603576,306 41
viper,9,kiss_k,2,1.0,21,41.77215099334717,52.844310240519185,306 41
viper,9,kiss_k,2,0.1,22,43.35443079471588,53.69591054052145,27 56
viper,9,kiss_k,2,1.0,22,42.08860695362091,52.77465687546449,27 56
viper,9,kiss_k,2,0.1,23,42.40506291389465,53.10508982731796,84 131
viper,9,kiss_k,2,1.0,23,41.77215099334717,52.37545943358726,84 131
viper,9,kiss_k,2,0.1,24,42.721518874168396,53.34600948119338,112 74
viper,9,kiss_k,2,1.0,24,42.08860695362091,52.67790118220809,112 74
viper,9,kiss_k,2,0.1,25,43.670886754989624,54.11741755658937,297 76
viper,9,kiss_k,2,1.0,25,43.03797483444214,53.657159644314945,297 76
viper,9,kiss_k,2,0.1,26,41.455695033073425,52.649442781494734,122 113
viper,9,kiss_k,2,1.0,26,42.08860695362091,52.67421159342817,122 113
viper,9,kiss_k,2,0.1,27,42.40506291389465,53.66696762827632,23 256
viper,9,kiss_k,2,1.0,27,41.77215099334717,53.025027364115154,23 256
viper,9,kiss_k,2,0.1,28,41.77215099334717,52.31002771403458,132 210
viper,9,kiss_k,2,1.0,28,42.721518874168396,52.8128046248855,132 210
viper,9,kiss_k,2,0.1,29,43.670886754989624,53.99987227943873,17 77
viper,9,kiss_k,2,1.0,29,43.35443079471588,53.51984430120439,17 77
viper,9,kiss_k,4,0.1,0,42.721518874168396,53.28963055330903,58 295 304 307
viper,9,kiss_k,4,1.0,0,41.77215099334717,52.47088738326203,58 295 304 307
viper,9,kiss_k,4,0.1,1,42.08860695362091,53.068894198567854,132 41 222 36
viper,9,kiss_k,4,1.0,1,42.40506291389465,53.12270183062097,132 41 222 36
viper,9,kiss_k,4,0.1,2,43.03797483444214,53.44622391459669,126 193 312 180
viper,9,kiss_k,4,1.0,2,42.08860695362091,52.694264162733916,126 193 312 180
viper,9,kiss_k,4,0.1,3,40.82278609275818,52.66113688068306,215 171 104 146
viper,9,kiss_k,4,1.0,3,40.18987417221069,51.98066448183407,215 171 104 146
viper,9,kiss_k,4,0.1,4,42.40506291389465,53.39337654777425,300 200 188 165
viper,9,kiss_k,4,1.0,4,41.77215099334717,52.98155750453816,300 200 188 165
viper,9,kiss_k,4,0.1,5,42.40506291389465,53.47957544016039,290 142 131 77
viper,9,kiss_k,4,1.0,5,42.40506291389465,53.12910279170801,290 142 131 77
viper,9,kiss_k,4,0.1,6,41.13923907279968,52.55094303421769,287 187 8 73
viper,9,kiss_k,4,1.0,6,40.18987417221069,51.539286669613794,287 187 8 73
viper,9,kiss_k,4,0.1,7,41.77215099334717,52.86893152471933,250 209 139 84
viper,9,kiss_k,4,1.0,7,41.455695033073425,52.6548212176566,250 209 139 84
viper,9,kiss_k,4,0.1,8,43.03797483444214,53.608500493092826,276 96 154 290
viper,9,kiss_k,4,1.0,8,42.08860695362091,53.09277372032064,276 96 154 290
viper,9,kiss_k,4,0.1,9,42.721518874168396,53.261651971982396,265 37 239 226
viper,9,kiss_k,4,1.0,9,41.455695033073425,52.436612049954036,265 37 239 226
viper,9,kiss_k,4,0.1,10,43.35443079471588,54.17749078398266,158 308 233 92
viper,9,kiss_k,4,1.0,10,42.721518874168396,53.450091610739825,158 308 233 92
viper,9,kiss_k,4,0.1,11,42.08860695362091,52.74548538609651,191 161 132 171
viper,9,kiss_k,4,1.0,11,43.98734271526337,53.66800384074762,191 161 132 171
viper,9,kiss_k,4,0.1,12,43.670886754989624,54.22611552511166,7 232 48 278
viper,9,kiss_k,4,1.0,12,43.03797483444214,53.561455650401726,7 232 48 278
viper,9,kiss_k,4,0.1,13,43.03797483444214,53.9424872447695,97 47 72 229
viper,9,kiss_k,4,1.0,13,42.721518874168396,53.27815838188678,97 47 72 229
viper,9,kiss_k,4,0.1,14,43.03797483444214,53.903525889176684,169 7 141 0
viper,9,kiss_k,4,1.0,14,42.08860695362091,52.89438236766194,169 7 141 0
viper,9,kiss_k,4,0.1,15,42.721518874168396,53.572493613363406,251 60 108 306
viper,9,kiss_k,4,1.0,15,41.13923907279968,52.52411569882661,251 60 108 306
viper,9,kiss_k,4,0.1,16,44.936707615852356,54.81750549267753,232 56 60 224
viper,9,kiss_k,4,1.0,16,43.35443079471588,53.75548316688572,232 56 60 224
viper,9,kiss_k,4,0.1,17,43.03797483444214,53.686129015486564,46 234 203 10
viper,9,kiss_k,4,1.0,17,42.08860695362091,52.72486132941295,46 234 203 10
viper,9,kiss_k,4,0.1,18,43.03797483444214,53.8063741859939,310 135 36 30
viper,9,kiss_k,4,1.0,18,42.40506291389465,53.11736233643898,310 135 36 30
viper,9,kiss_k,4,0.1,19,43.03797483444214,53.976802035938796,165 46 251 86
viper,9,kiss_k,4,1.0,19,42.08860695362091,53.44026529159941,165 46 251 86
viper,9,kiss_k,4,0.1,20,42.40506291389465,53.2984966251046,293 259 180 192
viper,9,kiss_k,4,1.0,20,42.721518874168396,53.47507538322698,293 259 180 192
viper,9,kiss_k,4,0.1,21,43.670886754989624,53.978213991842914,206 247 122 251
viper,9,kiss_k,4,1.0,21,42.721518874168396,53.604250869122616,206 247 122 251
viper,9,kiss_k,4,0.1,22,44.62025463581085,54.45653536372205,93 139 189 82
viper,9,kiss_k,4,1.0,22,43.35443079471588,53.46453659798791,93 139 189 82
viper,9,kiss_k,4,0.1,23,42.08860695362091,52.52373532460036,277 295 307 5
viper,9,kiss_k,4,1.0,23,41.13923907279968,52.05412954709841,277 295 307 5
viper,9,kiss_k,4,0.1,24,42.40506291389465,53.010922474858326,290 243 307 296
viper,9,kiss_k,4,1.0,24,41.13923907279968,52.23267610286278,290 243 307 296
viper,9,kiss_k,4,0.1,25,43.670886754989624,54.232396607260924,16 2 280 306
viper,9,kiss_k,4,1.0,25,43.35443079471588,54.10598369897033,16 2 280 306
viper,9,kiss_k,4,0.1,26,44.936707615852356,54.33399653886583,102 272 114 243
viper,9,kiss_k,4,1.0,26,43.670886754989624,53.54959395924104,102 272 114 243
viper,9,kiss_k,4,0.1,27,42.721518874168396,53.25618208798076,217 38 47 266
viper,9,kiss_k,4,1.0,27,42.40506291389465,52.94144561006434,217 38 47 266
viper,9,kiss_k,4,0.1,28,42.721518874168396,54.03080676900998,70 140 229 20
viper,9,kiss_k,4,1.0,28,42.08860695362091,53.40585246327614,70 140 229 20
viper,9,kiss_k,4,0.1,29,42.721518874168396,53.06956728448403,234 147 296 148
viper,9,kiss_k,4,1.0,29,41.455695033073425,52.4007272110548,234 147 296 148
viper,9,kiss_k,8,0.1,0,43.03797483444214,53.32417302075789,103 154 263 229 236 260 224 226
viper,9,kiss_k,8,1.0,0,43.670886754989624,53.70368868878441,103 154 263 229 236 260 224 226
viper,9,kiss_k,8,0.1,1,43.03797483444214,53.68375474814362,81 187 15 160 197 154 50 200
viper,9,kiss_k,8,1.0,1,43.03797483444214,53.38044800606237,81 187 15 160 197 154 50 200
viper,9,kiss_k,8,0.1,2,43.670886754989624,54.698400325522535,63 284 59 215 161 64 270 173
viper,9,kiss_k,8,1.0,2,42.40506291389465,54.13411811099851,63 284 59 215 161 64 270 173
viper,9,kiss_k,8,0.1,3,42.721518874168396,54.10484551214796,260 251 156 233 288 208 172 215
viper,9,kiss_k,8,1.0,3,41.455695033073425,53.30017057072208,260 251 156 233 288 208 172 215
viper,9,kiss_k,8,0.1,4,42.721518874168396,53.437886857387795,258 185 280 195 297 183 228 22
viper,9,kiss_k,8,1.0,4,41.77215099334717,52.95393002403323,258 185 280 195 297 183 228 22
viper,9,kiss_k,8,0.1,5,44.30379867553711,54.8998940097289,292 34 21 225 55 91 244 248
viper,9,kiss_k,8,1.0,5,44.30379867553711,54.55929245732273,292 34 21 225 55 91 244 248
viper,9,kiss_k,8,0.1,6,42.08860695362091,53.10909661518214,309 63 76 75 122 71 42 140
viper,9,kiss_k,8,1.0,6,42.08860695362091,53.335274918691745,309 63 76 75 122 71 42 140
viper,9,kiss_k,8,0.1,7,43.35443079471588,54.0683690328406,65 276 108 67 98 307 78 168
viper,9,kiss_k,8,1.0,7,40.82278609275818,52.548135918112536,65 276 108 67 98 307 78 168
viper,9,kiss_k,8,0.1,8,42.721518874168396,53.582366554234504,255 304 30 148 56 45 101 273
viper,9,kiss_k,8,1.0,8,41.77215099334717,52.88394724658618,255 304 30 148 56 45 101 273
viper,9,kiss_k,8,0.1,9,43.98734271526337,54.96467822547623,185 109 84 299 87 249 161 211
viper,9,kiss_k,8,1.0,9,43.670886754989624,54.40902718147623,185 109 84 299 87 249 161 211
viper,9,kiss_k,8,0.1,10,43.670886754989624,54.91370197758426,280 121 111 148 271 41 32 89
viper,9,kiss_k,8,1.0,10,41.77215099334717,53.948651767705016,280 121 111 148 271 41 32 89
viper,9,kiss_k,8,0.1,11,41.13923907279968,52.825990244877296,305 209 160 68 1 178 18 100
viper,9,kiss_k,8,1.0,11,41.13923907279968,52.88424549384639,305 209 160 68 1 178 18 100
viper,9,kiss_k,8,0.1,12,43.03797483444214,53.35992527961911,19 208 53 67 305 29 225 132
viper,9,kiss_k,8,1.0,12,43.35443079471588,53.58383570262761,19 208 53 67 305 29 225 132
viper,9,kiss_k,8,0.1,13,44.936707615852356,55.55843075570726,205 294 226 75 207 113 78 304
viper,9,kiss_k,8,1.0,13,43.03797483444214,54.357925234977266,205 294 226 75 207 113 78 304
viper,9,kiss_k,8,0.1,14,43.670886754989624,54.88758955330222,97 215 15 74 245 84 173 78
viper,9,kiss_k,8,1.0,14,43.03797483444214,54.60775052749022,97 215 15 74 245 84 173 78
viper,9,kiss_k,8,0.1,15,43.03797483444214,53.85115794723861,107 191 227 117 241 270 205 48
viper,9,kiss_k,8,1.0,15,44.30379867553711,54.51797738596442,107 191 227 117 241 270 205 48
viper,9,kiss_k,8,0.1,16,44.936707615852356,54.95374505727115,145 74 205 79 35 311 65 76
viper,9,kiss_k,8,1.0,16,43.670886754989624,54.16128731065181,145 74 205 79 35 311 65 76
viper,9,kiss_k,8,0.1,17,43.03797483444214,53.55869494090132,299 171 197 45 225 25 57 293
viper,9,kiss_k,8,1.0,17,42.721518874168396,53.42303372731716,299 171 197 45 225 25 57 293
viper,9,kiss_k,8,0.1,18,43.03797483444214,54.23935007996838,200 207 24 258 287 210 227 131
viper,9,kiss_k,8,1.0,18,41.13923907279968,53.08882356624118,200 207 24 258 287 210 227 131
viper,9,kiss_k,8,0.1,19,43.670886754989624,54.27360081049426,193 217 24 5 50 47 38 295
viper,9,kiss_k,8,1.0,19,42.08860695362091,53.38610442034724,193 217 24 5 50 47 38 295
viper,9,kiss_k,8,0.1,20,43.03797483444214,54.70803183935713,36 99 280 313 6 203 78 308
viper,9,kiss_k,8,1.0,20,42.721518874168396,54.457288769165146,36 99 280 313 6 203 78 308
viper,9,kiss_k,8,0.1,21,42.721518874168396,53.46423046979519,305 155 212 300 227 304 8 266
viper,9,kiss_k,8,1.0,21,41.77215099334717,52.76523608376961,305 155 212 300 227 304 8 266
viper,9,kiss_k,8,0.1,22,43.98734271526337,54.216485142140215,226 138 85 309 211 247 84 31
viper,9,kiss_k,8,1.0,22,43.35443079471588,53.847222703103036,226 138 85 309 211 247 84 31
viper,9,kiss_k,8,0.1,23,44.62025463581085,55.48156846753185,72 128 246 212 231 54 18 161
viper,9,kiss_k,8,1.0,23,44.30379867553711,55.286071684775486,72 128 246 212 231 54 18 161
viper,9,kiss_k,8,0.1,24,46.20253145694733,56.52199667432125,53 123 120 243 105 200 280 281
viper,9,kiss_k,8,1.0,24,43.35443079471588,55.18293808329783,53 123 120 243 105 200 280 281
viper,9,kiss_k,8,0.1,25,43.98734271526337,54.51903852337876,241 185 182 38 4 3 92 58
viper,9,kiss_k,8,1.0,25,43.03797483444214,54.14463889334501,241 185 182 38 4 3 92 58
viper,9,kiss_k,8,0.1,26,43.98734271526337,54.814080752918834,91 28 249 90 116 89 157 289
viper,9,kiss_k,8,1.0,26,43.670886754989624,54.49106970675649,91 28 249 90 116 89 157 289
viper,9,kiss_k,8,0.1,27,44.30379867553711,54.01421791543767,187 107 131 208 83 179 249 212
viper,9,kiss_k,8,1.0,27,42.721518874168396,53.27355847442824,187 107 131 208 83 179 249 212
viper,9,kiss_k,8,0.1,28,44.62025463581085,54.39347768484573,115 159 203 67 131 91 0 206
viper,9,kiss_k,8,1.0,28,45.2531635761261,54.55455549396974,115 159 203 67 131 91 0 206
viper,9,kiss_k,8,0.1,29,44.30379867553711,54.304447745501136,135 69 53 203 84 219 285 104
viper,9,kiss_k,8,1.0,29,42.40506291389465,53.529484752300164,135 69 53 203 84 219 285 104
viper,9,kiss_k,16,0.1,0,44.30379867553711,54.958120015211044,268 147 263 122 218 271 169 8 256 82 88 73 117 59 206 219
viper,9,kiss_k,16,1.0,0,42.721518874168396,54.337214279366165,268 147 263 122 218 271 169 8 256 82 88 73 117 59 206 219
viper,9,kiss_k,16,0.1,1,44.936707615852356,55.128478399362415,206 170 264 130 258 93 219 92 228 11 213 112 257 32 277 63
viper,9,kiss_k,16,1.0,1,44.936707615852356,55.5111095495535,206 170 264 130 258 93 219 92 228 11 213 112 257 32 277 63
viper,9,kiss_k,16,0.1,2,45.2531635761261,56.83529421690835,162 311 241 116 271 10 77 2 177 58 254 115 91 8 123 42
viper,9,kiss_k,16,1.0,2,45.886075496673584,56.8376674460058,162 311 241 116 271 10 77 2 177 58 254 115 91 8 123 42
viper,9,kiss_k,16,0.1,3,45.886075496673584,55.51883709801193,300 210 270 75 133 50 173 116 77 163 170 308 176 110 5 103
viper,9,kiss_k,16,1.0,3,46.20253145694733,55.592329745156555,300 210 270 75 133 50 173 116 77 163 170 308 176 110 5 103
viper,9,kiss_k,16,0.1,4,43.98734271526337,55.066117584586195,301 51 52 250 152 98 220 99 142 188 315 8 86 164 143 237
viper,9,kiss_k,16,1.0,4,43.03797483444214,54.40029199102688,301 51 52 250 152 98 220 99 142 188 315 8 86 164 143 237
viper,9,kiss_k,16,0.1,5,45.56961953639984,56.108696386809044,118 141 131 256 177 232 259 314 190 203 130 249 38 126 234 174
viper,9,kiss_k,16,1.0,5,45.886075496673584,56.223843863805264,118 141 131 256 177 232 259 314 190 203 130 249 38 126 234 174
viper,9,kiss_k,16,0.1,6,42.40506291389465,54.156762493449506,231 122 227 277 3 246 25 217 282 224 38 135 177 129 247 254
viper,9,kiss_k,16,1.0,6,44.936707615852356,55.67377490689712,231 122 227 277 3 246 25 217 282 224 38 135 177 129 247 254
viper,9,kiss_k,16,0.1,7,46.20253145694733,56.321021426986185,245 251 6 62 283 168 214 39 52 77 87 303 156 295 40 102
viper,9,kiss_k,16,1.0,7,46.20253145694733,56.39803181452262,245 251 6 62 283 168 214 39 52 77 87 303 156 295 40 102
viper,9,kiss_k,16,0.1,8,46.83544337749481,56.91166233412284,164 105 261 255 131 223 303 252 155 209 244 78 300 47 235 263
viper,9,kiss_k,16,1.0,8,47.4683552980423,57.245608724526,164 105 261 255 131 223 303 252 155 209 244 78 300 47 235 263
viper,9,kiss_k,16,0.1,9,43.98734271526337,54.79130410087836,96 257 202 313 97 148 45 50 104 6 86 15 188 262 39 19
viper,9,kiss_k,16,1.0,9,43.35443079471588,54.50941980897661,96 257 202 313 97 148 45 50 104 6 86 15 188 262 39 19
viper,9,kiss_k,16,0.1,10,41.77215099334717,52.59004922715502,108 287 291 254 95 3 257 122 277 176 256 35 156 295 250 9
viper,9,kiss_k,16,1.0,10,42.40506291389465,52.98057048159508,108 287 291 254 95 3 257 122 277 176 256 35 156 295 250 9
viper,9,kiss_k,16,0.1,11,43.03797483444214,54.54706583516501,176 80 226 144 273 195 270 115 188 196 28 151 281 3 286 100
viper,9,kiss_k,16,1.0,11,44.30379867553711,55.73902055315877,176 80 226 144 273 195 270 115 188 196 28 151 281 3 286 100
viper,9,kiss_k,16,0.1,12,43.98734271526337,55.205067320580916,163 172 228 222 284 151 146 97 213 301 314 56 124 128 20 9
viper,9,kiss_k,16,1.0,12,43.670886754989624,55.03330512088187,163 172 228 222 284 151 146 97 213 301 314 56 124 128 20 9
viper,9,kiss_k,16,0.1,13,42.08860695362091,53.58578907226722,21 77 159 56 306 263 9 243 184 223 290 45 257 311 61 68
viper,9,kiss_k,16,1.0,13,44.62025463581085,54.98025319857434,21 77 159 56 306 263 9 243 184 223 290 45 257 311 61 68
viper,9,kiss_k,16,0.1,14,47.4683552980423,57.224460565432686,12 204 26 240 5 312 100 298 171 70 308 236 245 214 156 205
viper,9,kiss_k,16,1.0,14,44.62025463581085,55.94627785608976,12 204 26 240 5 312 100 298 171 70 308 236 245 214 156 205
viper,9,kiss_k,16,0.1,15,42.08860695362091,53.09109386706601,176 74 181 129 3 83 36 307 264 156 43 312 113 259 53 310
viper,9,kiss_k,16,1.0,15,42.721518874168396,53.5296246229908,176 74 181 129 3 83 36 307 264 156 43 312 113 259 53 310
viper,9,kiss_k,16,0.1,16,45.886075496673584,55.909228831278945,94 298 293 37 207 243 290 200 148 301 163 14 201 190 36 270
viper,9,kiss_k,16,1.0,16,44.30379867553711,55.01017164674658,94 298 293 37 207 243 290 200 148 301 163 14 201 190 36 270
viper,9,kiss_k,16,0.1,17,43.670886754989624,53.92294789116592,147 210 151 125 79 242 169 55 155 277 33 66 142 217 106 56
viper,9,kiss_k,16,1.0,17,44.62025463581085,54.33814825292571,147 210 151 125 79 242 169 55 155 277 33 66 142 217 106 56
viper,9,kiss_k,16,0.1,18,45.56961953639984,56.235105694916996,154 257 192 130 201 173 312 57 175 190 132 242 123 128 143 124
viper,9,kiss_k,16,1.0,18,45.56961953639984,56.412394383444685,154 257 192 130 201 173 312 57 175 190 132 242 123 128 143 124
viper,9,kiss_k,16,0.1,19,44.30379867553711,54.3756744079874,237 198 288 137 196 254 136 297 234 77 48 304 250 57 70 175
viper,9,kiss_k,16,1.0,19,43.35443079471588,53.98508307713217,237 198 288 137 196 254 136 297 234 77 48 304 250 57 70 175
viper,9,kiss_k,16,0.1,20,42.721518874168396,53.83556524639772,180 89 100 204 307 259 22 285 263 258 103 99 68 11 246 1
viper,9,kiss_k,16,1.0,20,42.08860695362091,53.63989801481952,180 89 100 204 307 259 22 285 263 258 103 99 68 11 246 1
viper,9,kiss_k,16,0.1,21,43.35443079471588,55.0440388533661,187 305 213 5 2 211 33 269 292 218 77 172 91 274 208 66
viper,9,kiss_k,16,1.0,21,43.03797483444214,54.399910776325235,187 305 213 5 2 211 33 269 292 218 77 172 91 274 208 66
viper,9,kiss_k,16,0.1,22,42.08860695362091,54.08699252276935,195 48 307 308 238 111 251 124 97 14 247 166 53 304 89 93
viper,9,kiss_k,16,1.0,22,43.03797483444214,54.36427447078103,195 48 307 308 238 111 251 124 97 14 247 166 53 304 89 93
viper,9,kiss_k,16,0.1,23,44.30379867553711,55.26242392695022,307 7 6 265 133 168 292 50 305 45 162 285 18 289 173 148
viper,9,kiss_k,16,1.0,23,43.98734271526337,55.024775489048615,307 7 6 265 133 168 292 50 305 45 162 285 18 289 173 148
viper,9,kiss_k,16,0.1,24,44.62025463581085,55.57265493906783,139 300 178 33 314 208 161 105 24 90 191 87 59 112 199 150
viper,9,kiss_k,16,1.0,24,43.670886754989624,55.3922366807196,139 300 178 33 314 208 161 105 24 90 191 87 59 112 199 150
viper,9,kiss_k,16,0.1,25,46.51898741722107,56.29538676872031,264 60 161 185 3 70 222 206 201 302 98 75 242 170 110 113
viper,9,kiss_k,16,1.0,25,46.20253145694733,56.24629539599901,264 60 161 185 3 70 222 206 201 302 98 75 242 170 110 113
viper,9,kiss_k,16,0.1,26,43.670886754989624,54.16683340996147,142 250 165 239 285 95 136 230 168 111 146 91 295 129 84 59
viper,9,kiss_k,16,1.0,26,43.03797483444214,53.85406180056245,142 250 165 239 285 95 136 230 168 111 146 91 295 129 84 59
viper,9,kiss_k,16,0.1,27,45.2531635761261,55.40002007723771,225 202 134 200 306 264 5 85 197 143 153 196 54 30 246 293
viper,9,kiss_k,16,1.0,27,45.2531635761261,55.4358806877045,225 202 134 200 306 264 5 85 197 143 153 196 54 30 246 293
viper,9,kiss_k,16,0.1,28,43.03797483444214,54.98805214140735,24 159 232 178 19 236 212 294 102 286 0 245 287 169 244 98
viper,9,kiss_k,16,1.0,28,42.40506291389465,54.2313333434806,24 159 232 178 19 236 212 294 102 286 0 245 287 169 244 98
viper,9,kiss_k,16,0.1,29,44.30379867553711,54.87798228422918,176 207 124 302 20 287 196 262 198 243 66 157 141 3 289 297
viper,9,kiss_k,16,1.0,29,43.98734271526337,54.65831301588766,176 207 124 302 20 287 196 262 198 243 66 157 141 3 289 297
viper,9,kiss_k,32,0.1,0,42.08860695362091,53.63659276594179,311 99 77 25 249 255 160 203 281 309 148 272 297 201 293 155 287 275 197 59 195 169 193 298 265 181 166 307 109 66 185 18
viper,9,kiss_k,32,1.0,0,41.455695033073425,53.171096069222365,311 99 77 25 249 255 160 203 281 309 148 272 297 201 293 155 287 275 197 59 195 169 193 298 265 181 166 307 109 66 185 18
viper,9,kiss_k,32,0.1,1,44.62025463581085,55.085380162758625,302 56 125 188 146 91 203 207 193 102 220 296 74 244 130 109 99 232 150 264 263 182 131 55 17 222 270 45 107 57 79 234
viper,9,kiss_k,32,1.0,1,43.98734271526337,55.47171965162781,302 56 125 188 146 91 203 207 193 102 220 296 74 244 130 109 99 232 150 264 263 182 131 55 17 222 270 45 107 57 79 234
viper,9,kiss_k,32,0.1,2,43.98734271526337,56.072617000893246,268 119 147 181 194 24 12 2 11 277 88 241 100 235 272 19 93 113 10 79 72 5 107 51 206 142 303 202 201 207 151 315
viper,9,kiss_k,32,1.0,2,43.670886754989624,56.347753368251254,268 119 147 181 194 24 12 2 11 277 88 241 100 235 272 19 93 113 10 79 72 5 107 51 206 142 303 202 201 207 151 315
viper,9,kiss_k,32,0.1,3,43.670886754989624,54.98489812282439,272 209 154 19 258 89 234 57 192 270 143 303 188 23 127 124 219 202 68 54 133 67 140 75 82 58 155 11 147 287 148 271
viper,9,kiss_k,32,1.0,3,44.62025463581085,55.772305869781015,272 209 154 19 258 89 234 57 192 270 143 303 188 23 127 124 219 202 68 54 133 67 140 75 82 58 155 11 147 287 148 271
viper,9,kiss_k,32,0.1,4,43.98734271526337,54.97827590291134,135 74 68 5 284 306 168 48 308 130 78 304 190 156 38 56 180 295 154 246 131 303 28 124 216 162 13 189 249 312 91 79
viper,9,kiss_k,32,1.0,4,44.936707615852356,56.17196073010504,135 74 68 5 284 306 168 48 308 130 78 304 190 156 38 56 180 295 154 246 131 303 28 124 216 162 13 189 249 312 91 79
viper,9,kiss_k,32,0.1,5,42.40506291389465,53.826482942327544,190 246 30 230 295 310 65 108 130 47 236 74 273 222 34 80 0 44 176 46 254 127 300 1 72 88 13 79 69 155 235 250
viper,9,kiss_k,32,1.0,5,42.40506291389465,54.0731070654597,190 246 30 230 295 310 65 108 130 47 236 74 273 222 34 80 0 44 176 46 254 127 300 1 72 88 13 79 69 155 235 250
viper,9,kiss_k,32,0.1,6,43.98734271526337,55.505553442076504,115 179 257 287 14 209 28 220 85 108 219 271 288 123 44 234 173 301 157 10 213 35 86 125 185 308 298 315 172 221 2 130
viper,9,kiss_k,32,1.0,6,44.30379867553711,55.636452600246386,115 179 257 287 14 209 28 220 85 108 219 271 288 123 44 234 173 301 157 10 213 35 86 125 185 308 298 315 172 221 2 130
viper,9,kiss_k,32,0.1,7,44.30379867553711,55.2127469519716,224 213 36 151 92 239 72 313 90 82 133 269 278 165 263 281 157 6 265 253 244 89 23 283 254 126 251 310 5 285 240 175
viper,9,kiss_k,32,1.0,7,45.56961953639984,56.2253605778312,224 213 36 151 92 239 72 313 90 82 133 269 278 165 263 281 157 6 265 253 244 89 23 283 254 126 251 310 5 285 240 175
viper,9,kiss_k,32,0.1,8,44.936707615852356,56.43028724359108,247 270 296 153 80 228 21 258 136 121 68 156 216 262 286 63 77 149 165 36 24 298 202 199 170 92 272 174 88 62 227 308
viper,9,kiss_k,32,1.0,8,45.886075496673584,56.874885908679175,247 270 296 153 80 228 21 258 136 121 68 156 216 262 286 63 77 149 165 36 24 298 202 199 170 92 272 174 88 62 227 308
viper,9,kiss_k,32,0.1,9,42.40506291389465,53.804553046604276,229 155 142 33 30 177 203 22 304 4 135 309 12 225 188 108 102 207 146 77 28 129 123 307 313 244 140 257 295 81 227 31
viper,9,kiss_k,32,1.0,9,43.35443079471588,54.800894654933266,229 155 142 33 30 177 203 22 304 4 135 309 12 225 188 108 102 207 146 77 28 129 123 307 313 244 140 257 295 81 227 31
viper,9,kiss_k,32,0.1,10,44.62025463581085,56.33502456142635,227 312 268 219 181 105 290 100 10 107 51 259 279 264 229 151 98 85 17 315 183 3 70 190 8 231 302 92 276 103 295 261
viper,9,kiss_k,32,1.0,10,44.30379867553711,56.379073158508994,227 312 268 219 181 105 290 100 10 107 51 259 279 264 229 151 98 85 17 315 183 3 70 190 8 231 302 92 276 103 295 261
viper,9,kiss_k,32,0.1,11,46.51898741722107,56.95207781344834,299 53 197 151 211 221 314 233 39 118 207 44 45 134 202 250 84 49 212 257 54 161 87 24 311 143 201 23 206 123 112 243
viper,9,kiss_k,32,1.0,11,46.51898741722107,57.307398275725916,299 53 197 151 211 221 314 233 39 118 207 44 45 134 202 250 84 49 212 257 54 161 87 24 311 143 201 23 206 123 112 243
viper,9,kiss_k,32,0.1,12,47.151899337768555,57.583458730478874,182 113 315 219 99 109 3 294 37 27 80 31 193 98 205 305 91 62 241 146 66 267 264 34 134 112 104 95 123 57 96 108
viper,9,kiss_k,32,1.0,12,45.886075496673584,57.0920892780196,182 113 315 219 99 109 3 294 37 27 80 31 193 98 205 305 91 62 241 146 66 267 264 34 134 112 104 95 123 57 96 108
viper,9,kiss_k,32,0.1,13,46.51898741722107,55.71346759500238,180 297 147 245 103 188 278 18 272 120 66 121 22 257 242 303 28 296 48 223 244 2 198 61 202 206 126 30 258 131 254 60
viper,9,kiss_k,32,1.0,13,45.2531635761261,55.412520193193416,180 297 147 245 103 188 278 18 272 120 66 121 22 257 242 303 28 296 48 223 244 2 198 61 202 206 126 30 258 131 254 60
viper,9,kiss_k,32,0.1,14,44.936707615852356,56.32040268739812,301 18 3 269 225 294 215 270 64 139 80 57 79 142 290 62 12 159 31 27 9 299 90 55 230 28 39 137 190 281 119 200
viper,9,kiss_k,32,1.0,14,46.51898741722107,57.5139952443678,301 18 3 269 225 294 215 270 64 139 80 57 79 142 290 62 12 159 31 27 9 299 90 55 230 28 39 137 190 281 119 200
viper,9,kiss_k,32,0.1,15,45.886075496673584,56.800062878506,7 152 84 121 230 226 236 246 286 12 311 195 3 27 156 41 215 224 232 130 31 56 207 146 110 173 144 214 183 300 306 75
viper,9,kiss_k,32,1.0,15,47.151899337768555,57.740942550936936,7 152 84 121 230 226 236 246 286 12 311 195 3 27 156 41 215 224 232 130 31 56 207 146 110 173 144 214 183 300 306 75
viper,9,kiss_k,32,0.1,16,44.62025463581085,55.41437754659218,237 239 195 26 214 138 106 308 6 284 259 39 265 202 303 310 272 5 74 50 172 246 178 263 63 59 169 22 145 186 171 92
viper,9,kiss_k,32,1.0,16,48.10126721858978,57.59587315022786,237 239 195 26 214 138 106 308 6 284 259 39 265 202 303 310 272 5 74 50 172 246 178 263 63 59 169 22 145 186 171 92
viper,9,kiss_k,32,0.1,17,44.62025463581085,54.87601918207938,138 227 284 266 67 276 256 33 104 169 75 28 57 303 178 117 74 171 129 92 161 45 29 226 128 82 168 277 99 278 26 95
viper,9,kiss_k,32,1.0,17,42.721518874168396,54.72885232260617,138 227 284 266 67 276 256 33 104 169 75 28 57 303 178 117 74 171 129 92 161 45 29 226 128 82 168 277 99 278 26 95
viper,9,kiss_k,32,0.1,18,44.30379867553711,56.0772512313975,181 246 77 313 261 206 273 182 119 81 283 134 205 56 132 142 102 50 131 16 51 86 53 201 307 305 204 60 157 252 100 18
viper,9,kiss_k,32,1.0,18,44.936707615852356,56.60131187630547,181 246 77 313 261 206 273 182 119 81 283 134 205 56 132 142 102 50 131 16 51 86 53 201 307 305 204 60 157 252 100 18
viper,9,kiss_k,32,0.1,19,42.721518874168396,54.27647377012582,302 282 9 45 168 22 90 257 199 179 13 10 276 245 310 255 244 249 208 254 313 149 286 72 30 190 37 113 200 228 124 58
viper,9,kiss_k,32,1.0,19,42.08860695362091,54.37273328388057,302 282 9 45 168 22 90 257 199 179 13 10 276 245 310 255 244 249 208 254 313 149 286 72 30 190 37 113 200 228 124 58
viper,9,kiss_k,32,0.1,20,44.62025463581085,55.36818692306026,263 109 147 4 150 280 138 57 21 39 202 139 208 199 301 162 172 302 41 284 180 160 309 40 83 196 178 6 134 308 30 237
viper,9,kiss_k,32,1.0,20,46.51898741722107,56.91470394756243,263 109 147 4 150 280 138 57 21 39 202 139 208 199 301 162 172 302 41 284 180 160 309 40 83 196 178 6 134 308 30 237
viper,9,kiss_k,32,0.1,21,45.56961953639984,56.61998110845807,44 16 185 188 69 227 177 175 285 85 240 10 92 189 29 219 114 313 48 58 157 200 231 287 36 7 248 90 310 39 120 162
viper,9,kiss_k,32,1.0,21,43.98734271526337,56.12636903472165,44 16 185 188 69 227 177 175 285 85 240 10 92 189 29 219 114 313 48 58 157 200 231 287 36 7 248 90 310 39 120 162
viper,9,kiss_k,32,0.1,22,43.98734271526337,54.85160786352308,259 43 178 262 95 37 92 208 162 232 142 40 56 45 264 310 84 257 46 241 214 195 245 273 107 187 197 13 306 32 211 307
viper,9,kiss_k,32,1.0,22,43.670886754989624,55.06274808414149,259 43 178 262 95 37 92 208 162 232 142 40 56 45 264 310 84 257 46 241 214 195 245 273 107 187 197 13 306 32 211 307
viper,9,kiss_k,32,0.1,23,45.886075496673584,57.687405481966714,43 59 229 207 133 54 90 35 134 204 151 1 22 222 202 60 142 12 274 57 13 55 120 286 263 252 105 240 193 266 140 158
viper,9,kiss_k,32,1.0,23,45.886075496673584,57.716119221067366,43 59 229 207 133 54 90 35 134 204 151 1 22 222 202 60 142 12 274 57 13 55 120 286 263 252 105 240 193 266 140 158
viper,9,kiss_k,32,0.1,24,45.2531635761261,55.89512318987334,88 295 275 273 292 266 93 220 43 123 114 223 259 154 25 311 290 155 129 213 218 112 39 303 278 305 246 128 51 277 38 82
viper,9,kiss_k,32,1.0,24,43.35443079471588,55.435841953748586,88 295 275 273 292 266 93 220 43 123 114 223 259 154 25 311 290 155 129 213 218 112 39 303 278 305 246 128 51 277 38 82
viper,9,kiss_k,32,0.1,25,45.886075496673584,55.916561248223154,62 207 56 55 118 194 244 129 231 131 232 258 278 205 306 58 173 174 203 87 180 70 30 295 122 143 29 51 160 302 201 90
viper,9,kiss_k,32,1.0,25,45.56961953639984,55.88741669241496,62 207 56 55 118 194 244 129 231 131 232 258 278 205 306 58 173 174 203 87 180 70 30 295 122 143 29 51 160 302 201 90
viper,9,kiss_k,32,0.1,26,47.151899337768555,57.79693879243851,164 253 248 202 73 204 299 302 3 91 296 136 304 66 129 161 209 278 266 134 53 230 268 241 215 242 287 219 254 171 167 96
viper,9,kiss_k,32,1.0,26,48.41772019863129,58.841762221926764,164 253 248 202 73 204 299 302 3 91 296 136 304 66 129 161 209 278 266 134 53 230 268 241 215 242 287 219 254 171 167 96
viper,9,kiss_k,32,0.1,27,45.2531635761261,56.021962541528204,161 131 30 220 182 175 193 17 295 181 78 24 153 240 273 65 202 34 108 93 172 225 136 210 309 86 120 95 47 276 130 57
viper,9,kiss_k,32,1.0,27,43.98734271526337,55.40993935851133,161 131 30 220 182 175 193 17 295 181 78 24 153 240 273 65 202 34 108 93 172 225 136 210 309 86 120 95 47 276 130 57
viper,9,kiss_k,32,0.1,28,45.2531635761261,55.76610928842071,246 133 272 186 56 212 157 62 72 304 213 270 41 230 222 172 93 90 235 51 294 84 115 77 39 170 156 70 198 60 254 99
viper,9,kiss_k,32,1.0,28,45.2531635761261,55.938737283968955,246 133 272 186 56 212 157 62 72 304 213 270 41 230 222 172 93 90 235 51 294 84 115 77 39 170 156 70 198 60 254 99
viper,9,kiss_k,32,0.1,29,43.35443079471588,55.019089903115095,123 148 210 275 227 64 146 185 81 154 38 249 189 144 231 271 280 137 24 201 111 59 57 233 40 127 195 260 261 179 99 16
viper,9,kiss_k,32,1.0,29,43.670886754989624,55.87188289105056,123 148 210 275 227 64 146 185 81 154 38 249 189 144 231 271 280 137 24 201 111 59 57 233 40 127 195 260 261 179 99 16
grid,0,raw,0,-1,-1,25.600001215934753,36.10418427710564,
grid,0,center,0,-1,-1,25.600001215934753,36.10418427710564,
grid,0,unlab,0,0.1,-1,24.799999594688416,34.70046487890398,
grid,0,kiss_all,125,0.1,-1,20.800000429153442,32.09277625632694,
grid,0,unlab,0,1.0,-1,22.40000069141388,33.1199592801974,
grid,0,kiss_all,125,1.0,-1,26.399999856948853,37.064249529230956,
grid,0,kiss_k,2,0.1,0,24.799999594688416,34.93489872811942,44 30
grid,0,kiss_k,2,1.0,0,23.19999933242798,33.38101136163946,44 30
grid,0,kiss_k,2,0.1,1,25.600001215934753,35.254875020135856,49 11
grid,0,kiss_k,2,1.0,1,23.999999463558197,33.87549977515272,49 11
grid,0,kiss_k,2,0.1,2,23.19999933242798,34.008649354282454,113 54
grid,0,kiss_k,2,1.0,2,22.40000069141388,32.9502469106005,113 54
grid,0,kiss_k,2,0.1,3,25.600001215934753,36.055376339525715,58 22
grid,0,kiss_k,2,1.0,3,23.999999463558197,34.83459718719944,58 22
grid,0,kiss_k,2,0.1,4,23.19999933242798,33.328835264106345,25 12
grid,0,kiss_k,2,1.0,4,22.40000069141388,32.75666936481591,25 12
grid,0,kiss_k,2,0.1,5,24.799999594688416,34.514698924152135,118 65
grid,0,kiss_k,2,1.0,5,23.19999933242798,33.2048966711429,118 65
grid,0,kiss_k,2,0.1,6,22.40000069141388,33.31692171359263,71 89
grid,0,kiss_k,2,1.0,6,21.60000056028366,32.432356494753556,71 89
grid,0,kiss_k,2,0.1,7,23.999999463558197,35.1853189944346,18 21
grid,0,kiss_k,2,1.0,7,22.40000069141388,33.61511259510334,18 21
grid,0,kiss_k,2,0.1,8,23.999999463558197,34.44290251502418,124 35
grid,0,kiss_k,2,1.0,8,23.19999933242798,33.48230734224057,124 35
grid,0,kiss_k,2,0.1,9,23.999999463558197,33.860201684294175,64 115
grid,0,kiss_k,2,1.0,9,23.19999933242798,33.10046901785939,64 115
grid,0,kiss_k,2,0.1,10,23.19999933242798,34.153611069614655,115 50
grid,0,kiss_k,2,1.0,10,21.60000056028366,33.10893708135597,115 50
grid,0,kiss_k,2,0.1,11,24.799999594688416,34.87394996393085,0 55
grid,0,kiss_k,2,1.0,11,23.19999933242798,33.59128321191151,0 55
grid,0,kiss_k,2,0.1,12,23.999999463558197,35.33296388393177,61 100
grid,0,kiss_k,2,1.0,12,22.40000069141388,33.4949145060766,61 100
grid,0,kiss_k,2,0.1,13,23.999999463558197,34.98372036453949,48 76
grid,0,kiss_k,2,1.0,13,23.999999463558197,34.47993125531375,48 76
grid,0,kiss_k,2,0.1,14,24.799999594688416,35.18907644141176,53 95
grid,0,kiss_k,2,1.0,14,24.799999594688416,34.440461963582024,53 95
grid,0,kiss_k,2,0.1,15,23.19999933242798,34.054113235512006,15 73
grid,0,kiss_k,2,1.0,15,21.60000056028366,32.65882614057589,15 73
grid,0,kiss_k,2,0.1,16,23.999999463558197,34.19871704160697,52 118
grid,0,kiss_k,2,1.0,16,23.19999933242798,33.64404076115981,52 118
grid,0,kiss_k,2,0.1,17,24.799999594688416,35.08435545479419,45 84
grid,0,kiss_k,2,1.0,17,20.800000429153442,32.478393424144784,45 84
grid,0,kiss_k,2,0.1,18,24.799999594688416,34.77158179192939,82 43
grid,0,kiss_k,2,1.0,18,24.799999594688416,34.2564132041257,82 43
grid,0,kiss_k,2,0.1,19,23.19999933242798,33.23046747189076,115 120
grid,0,kiss_k,2,1.0,19,23.19999933242798,32.97149740676982,115 120
grid,0,kiss_k,2,0.1,20,23.19999933242798,33.61342713218832,36 68
grid,0,kiss_k,2,1.0,20,22.40000069141388,32.40110074503663,36 68
grid,0,kiss_k,2,0.1,21,23.999999463558197,34.27550116493111,64 54
grid,0,kiss_k,2,1.0,21,22.40000069141388,32.680475274065714,64 54
grid,0,kiss_k,2,0.1,22,25.600001215934753,35.396922492142124,103 62
grid,0,kiss_k,2,1.0,22,24.799999594688416,34.78836664500797,103 62
grid,0,kiss_k,2,0.1,23,25.600001215934753,35.51901907463104,72 66
grid,0,kiss_k,2,1.0,23,24.799999594688416,34.93561840590949,72 66
grid,0,kiss_k,2,0.1,24,25.600001215934753,35.482682368332284,103 121
grid,0,kiss_k,2,1.0,24,25.600001215934753,35.087816143217296,103 121
grid,0,kiss_k,2,0.1,25,22.40000069141388,33.117189804331105,89 102
grid,0,kiss_k,2,1.0,25,21.60000056028366,31.978584315110446,89 102
grid,0,kiss_k,2,0.1,26,23.999999463558197,34.568094174584935,48 72
grid,0,kiss_k,2,1.0,26,22.40000069141388,33.20950855913468,48 72
grid,0,kiss_k,2,0.1,27,23.19999933242798,34.41595284149785,47 107
grid,0,kiss_k,2,1.0,27,22.40000069141388,33.75414615536593,47 107
grid,0,kiss_k,2,0.1,28,24.799999594688416,35.06042295306049,20 116
grid,0,kiss_k,2,1.0,28,24.799999594688416,34.85576998127436,20 116
grid,0,kiss_k,2,0.1,29,23.999999463558197,34.3211047304103,21 108
grid,0,kiss_k,2,1.0,29,23.19999933242798,33.46920967029255,21 108
grid,0,kiss_k,4,0.1,0,24.799999594688416,34.951109863040294,64 18 5 16
grid,0,kiss_k,4,1.0,0,23.999999463558197,33.96682324427428,64 18 5 16
grid,0,kiss_k,4,0.1,1,23.999999463558197,34.90803286197086,5 70 93 54
grid,0,kiss_k,4,1.0,1,23.19999933242798,33.55737156260737,5 70 93 54
grid,0,kiss_k,4,0.1,2,23.19999933242798,33.71404002152317,50 87 84 43
grid,0,kiss_k,4,1.0,2,22.40000069141388,32.99064964355526,50 87 84 43
grid,0,kiss_k,4,0.1,3,24.799999594688416,35.32498592987142,54 83 61 24
grid,0,kiss_k,4,1.0,3,24.799999594688416,34.784254450543635,54 83 61 24
grid,0,kiss_k,4,0.1,4,23.999999463558197,34.56896498644608,121 35 39 43
grid,0,kiss_k,4,1.0,4,23.999999463558197,33.83673696235149,121 35 39 43
grid,0,kiss_k,4,0.1,5,23.999999463558197,34.73154690704723,54 124 62 2
grid,0,kiss_k,4,1.0,5,23.19999933242798,33.59661570480768,54 124 62 2
grid,0,kiss_k,4,0.1,6,23.19999933242798,33.963208093232446,31 114 18 17
grid,0,kiss_k,4,1.0,6,22.40000069141388,33.122291214111414,31 114 18 17
grid,0,kiss_k,4,0.1,7,23.19999933242798,34.40486333851202,108 90 103 38
grid,0,kiss_k,4,1.0,7,23.19999933242798,33.775175043395855,108 90 103 38
grid,0,kiss_k,4,0.1,8,23.19999933242798,33.53782604069496,17 97 36 78
grid,0,kiss_k,4,1.0,8,21.60000056028366,32.33488535856821,17 97 36 78
grid,0,kiss_k,4,0.1,9,21.60000056028366,33.109603060438424,114 48 108 13
grid,0,kiss_k,4,1.0,9,23.19999933242798,33.46742657919304,114 48 108 13
grid,0,kiss_k,4,0.1,10,23.19999933242798,34.16451385235574,94 17 91 32
grid,0,kiss_k,4,1.0,10,23.999999463558197,33.55598620300936,94 17 91 32
grid,0,kiss_k,4,0.1,11,22.40000069141388,33.997560769454765,79 60 122 19
grid,0,kiss_k,4,1.0,11,21.60000056028366,32.532752094217706,79 60 122 19
grid,0,kiss_k,4,0.1,12,26.399999856948853,36.51011830750285,110 78 74 53
grid,0,kiss_k,4,1.0,12,23.19999933242798,34.58088774864543,110 78 74 53
grid,0,kiss_k,4,0.1,13,25.600001215934753,35.441515222440835,66 89 74 54
grid,0,kiss_k,4,1.0,13,26.399999856948853,35.331117908965396,66 89 74 54
grid,0,kiss_k,4,0.1,14,23.19999933242798,34.86299061711392,76 90 18 100
grid,0,kiss_k,4,1.0,14,23.19999933242798,33.92952364116781,76 90 18 100
grid,0,kiss_k,4,0.1,15,25.600001215934753,35.88467417211386,94 115 7 44
grid,0,kiss_k,4,1.0,15,25.600001215934753,35.29928515089601,94 115 7 44
grid,0,kiss_k,4,0.1,16,24.799999594688416,35.218267381949524,60 26 105 112
grid,0,kiss_k,4,1.0,16,23.999999463558197,34.89570430195486,60 26 105 112
grid,0,kiss_k,4,0.1,17,24.799999594688416,34.633111622546444,12 16 102 7
grid,0,kiss_k,4,1.0,17,23.19999933242798,33.704754925091585,12 16 102 7
grid,0,kiss_k,4,0.1,18,26.399999856948853,37.06362439270901,107 117 48 58
grid,0,kiss_k,4,1.0,18,25.600001215934753,35.84457001837564,107 117 48 58
grid,0,kiss_k,4,0.1,19,24.799999594688416,34.66170972116019,33 10 41 112
grid,0,kiss_k,4,1.0,19,23.19999933242798,33.70237111194398,33 10 41 112
grid,0,kiss_k,4,0.1,20,22.40000069141388,33.2482209741978,12 73 5 60
grid,0,kiss_k,4,1.0,20,21.60000056028366,32.449832539193196,12 73 5 60
grid,0,kiss_k,4,0.1,21,24.799999594688416,34.16310648319491,85 6 88 3
grid,0,kiss_k,4,1.0,21,23.999999463558197,33.566160196646045,85 6 88 3
grid,0,kiss_k,4,0.1,22,23.19999933242798,34.41742834620679,87 48 47 54
grid,0,kiss_k,4,1.0,22,23.19999933242798,34.03517816353544,87 48 47 54
grid,0,kiss_k,4,0.1,23,27.20000147819519,35.99158454902629,26 59 15 3
grid,0,kiss_k,4,1.0,23,23.999999463558197,34.2187406887245,26 59 15 3
grid,0,kiss_k,4,0.1,24,23.999999463558197,34.76609176610519,60 116 26 25
grid,0,kiss_k,4,1.0,24,23.999999463558197,34.64269266337298,60 116 26 25
grid,0,kiss_k,4,0.1,25,21.60000056028366,32.94313913398932,9 71 15 18
grid,0,kiss_k,4,1.0,25,23.999999463558197,34.16116184059263,9 71 15 18
grid,0,kiss_k,4,0.1,26,20.800000429153442,32.65137098370008,114 121 62 33
grid,0,kiss_k,4,1.0,26,21.60000056028366,32.65301916006258,114 121 62 33
grid,0,kiss_k,4,0.1,27,23.19999933242798,34.790475912228395,117 60 25 106
grid,0,kiss_k,4,1.0,27,20.800000429153442,32.59047298402133,117 60 25 106
grid,0,kiss_k,4,0.1,28,25.600001215934753,36.02511667274975,94 20 79 117
grid,0,kiss_k,4,1.0,28,24.799999594688416,35.17382436703185,94 20 79 117
grid,0,kiss_k,4,0.1,29,23.999999463558197,35.32707944864546,104 74 100 107
grid,0,kiss_k,4,1.0,29,23.999999463558197,34.83884803221418,104 74 100 107
grid,0,kiss_k,8,0.1,0,26.399999856948853,36.06643202725972,117 107 69 79 4 12 88 30
grid,0,kiss_k,8,1.0,0,24.799999594688416,35.129098852864885,117 107 69 79 4 12 88 30
grid,0,kiss_k,8,0.1,1,23.19999933242798,34.699546357770735,111 48 12 94 19 68 52 100
grid,0,kiss_k,8,1.0,1,23.19999933242798,33.682931583745585,111 48 12 94 19 68 52 100
grid,0,kiss_k,8,0.1,2,22.40000069141388,34.19462292223134,98 34 50 72 55 48 41 17
grid,0,kiss_k,8,1.0,2,21.60000056028366,32.911181072108896,98 34 50 72 55 48 41 17
grid,0,kiss_k,8,0.1,3,25.600001215934753,36.30336064989398,123 89 0 96 101 105 8 11
grid,0,kiss_k,8,1.0,3,24.799999594688416,34.75332046940322,123 89 0 96 101 105 8 11
grid,0,kiss_k,8,0.1,4,27.20000147819519,36.22301812304285,54 84 5 66 8 83 32 63
grid,0,kiss_k,8,1.0,4,26.399999856948853,35.32565111167239,54 84 5 66 8 83 32 63
grid,0,kiss_k,8,0.1,5,26.399999856948853,37.242067100136296,21 96 92 45 112 24 83 32
grid,0,kiss_k,8,1.0,5,25.600001215934753,36.375763000117864,21 96 92 45 112 24 83 32
grid,0,kiss_k,8,0.1,6,26.399999856948853,36.602800858641054,68 96 5 18 76 56 35 111
grid,0,kiss_k,8,1.0,6,28.00000011920929,37.264361006142025,68 96 5 18 76 56 35 111
grid,0,kiss_k,8,0.1,7,23.999999463558197,34.900348801682945,123 36 86 3 47 62 100 5
grid,0,kiss_k,8,1.0,7,22.40000069141388,33.42522344981157,123 36 86 3 47 62 100 5
grid,0,kiss_k,8,0.1,8,28.00000011920929,36.98996083303046,6 33 48 88 47 64 119 118
grid,0,kiss_k,8,1.0,8,27.20000147819519,36.25358549919063,6 33 48 88 47 64 119 118
grid,0,kiss_k,8,0.1,9,24.799999594688416,34.79077008914998,100 86 70 65 53 1 120 93
grid,0,kiss_k,8,1.0,9,24.799999594688416,34.46430867484475,100 86 70 65 53 1 120 93
grid,0,kiss_k,8,0.1,10,25.600001215934753,35.988961209254796,41 27 44 13 60 50 31 93
grid,0,kiss_k,8,1.0,10,23.19999933242798,34.010008976656096,41 27 44 13 60 50 31 93
grid,0,kiss_k,8,0.1,11,23.999999463558197,34.31258217152926,42 41 82 113 94 15 50 0
grid,0,kiss_k,8,1.0,11,22.40000069141388,33.130124590742895,42 41 82 113 94 15 50 0
grid,0,kiss_k,8,0.1,12,23.999999463558197,35.25229524879999,79 52 123 114 22 25 7 100
grid,0,kiss_k,8,1.0,12,23.19999933242798,34.181844926716835,79 52 123 114 22 25 7 100
grid,0,kiss_k,8,0.1,13,23.19999933242798,34.5925655808783,45 33 114 41 57 110 16 99
grid,0,kiss_k,8,1.0,13,23.19999933242798,33.85033923936959,45 33 114 41 57 110 16 99
grid,0,kiss_k,8,0.1,14,24.799999594688416,35.23562416569534,42 46 8 113 34 57 90 48
grid,0,kiss_k,8,1.0,14,23.19999933242798,33.76995665597441,42 46 8 113 34 57 90 48
grid,0,kiss_k,8,0.1,15,23.19999933242798,33.54804778740744,79 115 64 2 91 98 112 82
grid,0,kiss_k,8,1.0,15,21.60000056028366,32.300663419280525,79 115 64 2 91 98 112 82
grid,0,kiss_k,8,0.1,16,21.60000056028366,32.52253070381844,98 71 55 31 52 49 90 65
grid,0,kiss_k,8,1.0,16,20.800000429153442,31.917208578735124,98 71 55 31 52 49 90 65
grid,0,kiss_k,8,0.1,17,27.20000147819519,36.774063843016776,104 117 17 38 97 76 67 91
grid,0,kiss_k,8,1.0,17,26.399999856948853,36.54325579380073,104 117 17 38 97 76 67 91
grid,0,kiss_k,8,0.1,18,27.20000147819519,35.473427714433036,1 82 61 102 74 85 65 75
grid,0,kiss_k,8,1.0,18,24.799999594688416,33.97804392852785,1 82 61 102 74 85 65 75
grid,0,kiss_k,8,0.1,19,23.999999463558197,34.2528432332239,87 123 60 90 35 108 105 55
grid,0,kiss_k,8,1.0,19,22.40000069141388,32.67506806097779,87 123 60 90 35 108 105 55
grid,0,kiss_k,8,0.1,20,27.20000147819519,36.33177402638141,38 32 45 105 33 52 43 1
grid,0,kiss_k,8,1.0,20,25.600001215934753,35.14432751077518,38 32 45 105 33 52 43 1
grid,0,kiss_k,8,0.1,21,24.799999594688416,34.772516335055364,26 95 107 69 8 62 52 105
grid,0,kiss_k,8,1.0,21,24.799999594688416,34.49846363790498,26 95 107 69 8 62 52 105
grid,0,kiss_k,8,0.1,22,24.799999594688416,35.56979269636424,54 58 69 124 105 21 1 48
grid,0,kiss_k,8,1.0,22,24.799999594688416,35.64469229899772,54 58 69 124 105 21 1 48
grid,0,kiss_k,8,0.1,23,24.799999594688416,35.16123249691907,108 104 23 124 68 121 33 91
grid,0,kiss_k,8,1.0,23,24.799999594688416,35.05395014486242,108 104 23 124 68 121 33 91
grid,0,kiss_k,8,0.1,24,24.799999594688416,35.096410452751805,84 98 6 2 124 104 86 42
grid,0,kiss_k,8,1.0,24,23.999999463558197,34.207691671469384,84 98 6 2 124 104 86 42
grid,0,kiss_k,8,0.1,25,26.399999856948853,36.25965793135878,112 70 27 107 118 16 38 55
grid,0,kiss_k,8,1.0,25,24.799999594688416,34.909012729554014,112 70 27 107 118 16 38 55
grid,0,kiss_k,8,0.1,26,27.20000147819519,36.69365866049771,117 62 24 88 118 67 46 73
grid,0,kiss_k,8,1.0,26,23.999999463558197,34.68140787639395,117 62 24 88 118 67 46 73
grid,0,kiss_k,8,0.1,27,23.19999933242798,34.13178354139427,71 23 24 85 53 98 58 54
grid,0,kiss_k,8,1.0,27,23.19999933242798,34.15142770452589,71 23 24 85 53 98 58 54
grid,0,kiss_k,8,0.1,28,25.600001215934753,35.88132609270653,32 35 121 103 61 3 106 74
grid,0,kiss_k,8,1.0,28,26.399999856948853,35.77158013052082,32 35 121 103 61 3 106 74
grid,0,kiss_k,8,0.1,29,24.799999594688416,34.50365961620945,20 82 4 27 93 59 33 80
grid,0,kiss_k,8,1.0,29,25.600001215934753,34.55642503713616,20 82 4 27 93 59 33 80
grid,0,kiss_k,16,0.1,0,26.399999856948853,37.05621143765148,63 92 13 97 81 45 86 25 61 7 48 76 26 66 9 39
grid,0,kiss_k,16,1.0,0,24.799999594688416,35.87379355678224,63 92 13 97 81 45 86 25 61 7 48 76 26 66 9 39
grid,0,kiss_k,16,0.1,1,23.999999463558197,35.82557609142912,110 71 15 62 43 80 37 94 69 20 74 9 34 100 68 7
grid,0,kiss_k,16,1.0,1,24.799999594688416,36.220846325614474,110 71 15 62 43 80 37 94 69 20 74 9 34 100 68 7
grid,0,kiss_k,16,0.1,2,23.999999463558197,35.05036713907563,48 8 28 100 34 10 84 13 116 43 97 14 94 83 38 63
grid,0,kiss_k,16,1.0,2,23.19999933242798,34.0049024208913,48 8 28 100 34 10 84 13 116 43 97 14 94 83 38 63
grid,0,kiss_k,16,0.1,3,26.399999856948853,36.54490600882524,18 83 7 106 66 16 75 85 84 60 80 109 88 122 28 41
grid,0,kiss_k,16,1.0,3,24.799999594688416,35.34881507060405,18 83 7 106 66 16 75 85 84 60 80 109 88 122 28 41
grid,0,kiss_k,16,0.1,4,28.00000011920929,37.47908955449698,63 78 66 108 124 74 53 34 111 14 118 49 55 70 7 38
grid,0,kiss_k,16,1.0,4,28.00000011920929,37.329438674601874,63 78 66 108 124 74 53 34 111 14 118 49 55 70 7 38
grid,0,kiss_k,16,0.1,5,28.79999876022339,37.263926394167406,105 37 81 83 3 97 11 98 55 51 36 33 106 0 87 91
grid,0,kiss_k,16,1.0,5,28.79999876022339,36.86319126660989,105 37 81 83 3 97 11 98 55 51 36 33 106 0 87 91
grid,0,kiss_k,16,0.1,6,23.999999463558197,35.17187305130193,90 22 50 78 72 46 109 31 60 28 80 40 97 64 69 0
grid,0,kiss_k,16,1.0,6,23.999999463558197,34.81848614619103,90 22 50 78 72 46 109 31 60 28 80 40 97 64 69 0
grid,0,kiss_k,16,0.1,7,26.399999856948853,35.2019524020052,108 105 97 92 118 57 4 3 87 62 124 109 77 63 34 65
grid,0,kiss_k,16,1.0,7,24.799999594688416,33.851708608615574,108 105 97 92 118 57 4 3 87 62 124 109 77 63 34 65
grid,0,kiss_k,16,0.1,8,24.799999594688416,36.202798565506,20 67 71 108 32 62 107 109 12 124 40 39 50 99 2 74
grid,0,kiss_k,16,1.0,8,24.799999594688416,35.64978072105172,20 67 71 108 32 62 107 109 12 124 40 39 50 99 2 74
grid,0,kiss_k,16,0.1,9,26.399999856948853,35.67381118567046,0 97 86 66 59 76 48 68 16 77 72 93 26 28 100 29
grid,0,kiss_k,16,1.0,9,26.399999856948853,36.11404271698622,0 97 86 66 59 76 48 68 16 77 72 93 26 28 100 29
grid,0,kiss_k,16,0.1,10,22.40000069141388,33.87631178933715,74 42 16 102 72 79 112 106 104 103 89 98 27 31 95 50
grid,0,kiss_k,16,1.0,10,21.60000056028366,33.10815689763204,74 42 16 102 72 79 112 106 104 103 89 98 27 31 95 50
grid,0,kiss_k,16,0.1,11,23.19999933242798,34.22239353173418,50 61 77 34 114 115 48 120 76 71 51 4 27 25 24 91
grid,0,kiss_k,16,1.0,11,22.40000069141388,33.66909896172465,50 61 77 34 114 115 48 120 76 71 51 4 27 25 24 91
grid,0,kiss_k,16,0.1,12,23.999999463558197,34.98684117094057,59 74 60 118 106 49 110 96 15 115 31 48 112 89 0 98
grid,0,kiss_k,16,1.0,12,23.19999933242798,34.58796085146144,59 74 60 118 106 49 110 96 15 115 31 48 112 89 0 98
grid,0,kiss_k,16,0.1,13,30.399999022483826,39.989509295236296,74 32 102 21 85 20 121 81 22 45 116 100 93 43 33 97
grid,0,kiss_k,16,1.0,13,28.00000011920929,38.033527455097165,74 32 102 21 85 20 121 81 22 45 116 100 93 43 33 97
grid,0,kiss_k,16,0.1,14,24.799999594688416,35.94546719287904,122 71 6 2 79 67 124 57 33 25 93 84 43 54 86 119
grid,0,kiss_k,16,1.0,14,21.60000056028366,33.762166926020825,122 71 6 2 79 67 124 57 33 25 93 84 43 54 86 119
grid,0,kiss_k,16,0.1,15,23.19999933242798,33.954204970414956,29 45 12 21 63 30 94 108 87 65 103 14 120 122 64 84
grid,0,kiss_k,16,1.0,15,23.999999463558197,33.96517846401731,29 45 12 21 63 30 94 108 87 65 103 14 120 122 64 84
grid,0,kiss_k,16,0.1,16,27.20000147819519,37.77459730680581,117 94 53 112 20 27 91 67 64 37 42 114 76 16 18 43
grid,0,kiss_k,16,1.0,16,27.20000147819519,37.26994105598443,117 94 53 112 20 27 91 67 64 37 42 114 76 16 18 43
grid,0,kiss_k,16,0.1,17,24.799999594688416,35.26887241549107,9 20 95 50 116 35 120 106 121 49 112 66 22 101 63 18
grid,0,kiss_k,16,1.0,17,20.800000429153442,33.35694948083096,9 20 95 50 116 35 120 106 121 49 112 66 22 101 63 18
grid,0,kiss_k,16,0.1,18,25.600001215934753,36.53603839774287,123 112 38 9 92 94 52 103 81 113 95 69 46 74 96 35
grid,0,kiss_k,16,1.0,18,24.799999594688416,36.115805133667315,123 112 38 9 92 94 52 103 81 113 95 69 46 74 96 35
grid,0,kiss_k,16,0.1,19,23.19999933242798,35.35144196797359,22 46 117 6 109 72 94 63 112 23 47 123 0 77 19 8
grid,0,kiss_k,16,1.0,19,22.40000069141388,34.44008738772718,22 46 117 6 109 72 94 63 112 23 47 123 0 77 19 8
grid,0,kiss_k,16,0.1,20,26.399999856948853,36.64545877579559,69 68 12 82 73 33 122 112 106 3 92 46 74 81 21 116
grid,0,kiss_k,16,1.0,20,25.600001215934753,35.606299085986784,69 68 12 82 73 33 122 112 106 3 92 46 74 81 21 116
grid,0,kiss_k,16,0.1,21,26.399999856948853,36.64275755467957,18 21 84 26 19 70 110 80 35 92 57 23 28 11 116 75
grid,0,kiss_k,16,1.0,21,26.399999856948853,36.41637714056606,18 21 84 26 19 70 110 80 35 92 57 23 28 11 116 75
grid,0,kiss_k,16,0.1,22,28.00000011920929,38.35661223161921,112 39 0 67 14 32 48 98 122 35 45 16 22 1 104 21
grid,0,kiss_k,16,1.0,22,27.20000147819519,37.59375235314767,112 39 0 67 14 32 48 98 122 35 45 16 22 1 104 21
grid,0,kiss_k,16,0.1,23,23.19999933242798,35.463987648095575,25 85 47 115 33 57 118 43 55 37 44 111 52 75 89 31
grid,0,kiss_k,16,1.0,23,23.999999463558197,35.38482379109255,25 85 47 115 33 57 118 43 55 37 44 111 52 75 89 31
grid,0,kiss_k,16,0.1,24,25.600001215934753,36.76800910709712,29 123 51 58 93 6 7 77 67 124 104 0 55 86 60 9
grid,0,kiss_k,16,1.0,24,25.600001215934753,36.59277093327664,29 123 51 58 93 6 7 77 67 124 104 0 55 86 60 9
grid,0,kiss_k,16,0.1,25,23.19999933242798,34.01254458341879,20 48 62 93 22 28 89 94 9 6 53 45 84 10 65 43
grid,0,kiss_k,16,1.0,25,23.999999463558197,34.72789296499006,20 48 62 93 22 28 89 94 9 6 53 45 84 10 65 43
grid,0,kiss_k,16,0.1,26,27.20000147819519,36.376648224750056,93 45 113 55 18 105 64 118 46 74 86 82 87 59 88 81
grid,0,kiss_k,16,1.0,26,23.999999463558197,33.89442422300618,93 45 113 55 18 105 64 118 46 74 86 82 87 59 88 81
grid,0,kiss_k,16,0.1,27,26.399999856948853,36.777209960734815,47 53 79 56 84 96 38 54 3 20 59 5 103 27 93 1
grid,0,kiss_k,16,1.0,27,26.399999856948853,36.43955233940568,47 53 79 56 84 96 38 54 3 20 59 5 103 27 93 1
grid,0,kiss_k,16,0.1,28,25.600001215934753,35.79009896790149,48 112 53 25 85 34 65 83 54 2 11 46 26 15 50 60
grid,0,kiss_k,16,1.0,28,23.999999463558197,34.77104419710867,48 112 53 25 85 34 65 83 54 2 11 46 26 15 50 60
grid,0,kiss_k,16,0.1,29,28.00000011920929,37.846800990910445,51 50 27 97 16 80 67 6 69 86 95 111 93 79 38 107
grid,0,kiss_k,16,1.0,29,28.00000011920929,37.13374058659157,51 50 27 97 16 80 67 6 69 86 95 111 93 79 38 107
grid,0,kiss_k,32,0.1,0,30.399999022483826,38.74188106120993,28 13 49 114 102 60 75 26 22 72 23 96 56 117 79 116 76 21 122 2 37 20 32 108 16 27 73 83 111 91 70 55
grid,0,kiss_k,32,1.0,0,31.200000643730164,39.458563993150705,28 13 49 114 102 60 75 26 22 72 23 96 56 117 79 116 76 21 122 2 37 20 32 108 16 27 73 83 111 91 70 55
grid,0,kiss_k,32,0.1,1,24.799999594688416,36.08915267489178,119 29 59 37 106 96 14 108 35 4 46 57 45 75 9 2 100 47 116 115 39 74 60 105 122 33 16 8 55 66 68 79
grid,0,kiss_k,32,1.0,1,23.999999463558197,36.107836487868404,119 29 59 37 106 96 14 108 35 4 46 57 45 75 9 2 100 47 116 115 39 74 60 105 122 33 16 8 55 66 68 79
grid,0,kiss_k,32,0.1,2,22.40000069141388,33.64882411933168,106 73 90 60 14 56 48 86 4 116 57 21 80 17 71 58 52 1 102 112 13 23 51 120 76 35 25 103 87 95 108 91
grid,0,kiss_k,32,1.0,2,22.40000069141388,33.42021649408496,106 73 90 60 14 56 48 86 4 116 57 21 80 17 71 58 52 1 102 112 13 23 51 120 76 35 25 103 87 95 108 91
grid,0,kiss_k,32,0.1,3,25.600001215934753,35.60296715227913,62 113 123 14 112 94 57 27 8 82 84 85 52 106 53 122 30 108 51 80 18 49 72 20 96 0 23 118 81 117 71 114
grid,0,kiss_k,32,1.0,3,27.20000147819519,36.90305060267264,62 113 123 14 112 94 57 27 8 82 84 85 52 106 53 122 30 108 51 80 18 49 72 20 96 0 23 118 81 117 71 114
grid,0,kiss_k,32,0.1,4,26.399999856948853,35.45885734652765,82 45 72 124 105 50 47 52 3 113 60 17 123 91 114 5 68 23 93 103 86 80 100 76 89 38 66 88 29 116 1 92
grid,0,kiss_k,32,1.0,4,24.799999594688416,34.54776827775575,82 45 72 124 105 50 47 52 3 113 60 17 123 91 114 5 68 23 93 103 86 80 100 76 89 38 66 88 29 116 1 92
grid,0,kiss_k,32,0.1,5,25.600001215934753,35.896781361734675,26 103 114 63 79 61 113 72 59 49 9 39 95 13 67 98 91 85 58 5 16 60 45 76 120 124 23 89 42 94 4 34
grid,0,kiss_k,32,1.0,5,24.799999594688416,35.167586829256884,26 103 114 63 79 61 113 72 59 49 9 39 95 13 67 98 91 85 58 5 16 60 45 76 120 124 23 89 42 94 4 34
grid,0,kiss_k,32,0.1,6,30.399999022483826,39.034156111557145,13 119 51 103 69 85 74 11 35 99 6 47 93 3 31 108 26 94 56 117 73 53 0 123 83 63 109 96 27 70 86 21
grid,0,kiss_k,32,1.0,6,31.200000643730164,39.51294994394212,13 119 51 103 69 85 74 11 35 99 6 47 93 3 31 108 26 94 56 117 73 53 0 123 83 63 109 96 27 70 86 21
grid,0,kiss_k,32,0.1,7,27.20000147819519,37.959208756973325,93 0 109 79 115 7 24 6 75 62 48 110 74 123 68 84 82 78 85 44 67 72 117 26 77 91 76 36 1 30 8 11
grid,0,kiss_k,32,1.0,7,27.20000147819519,37.62671306032577,93 0 109 79 115 7 24 6 75 62 48 110 74 123 68 84 82 78 85 44 67 72 117 26 77 91 76 36 1 30 8 11
grid,0,kiss_k,32,0.1,8,24.799999594688416,35.39064189732859,98 88 95 14 93 78 103 74 7 115 94 75 62 122 52 19 85 59 24 113 49 99 1 111 41 66 104 21 69 15 55 100
grid,0,kiss_k,32,1.0,8,24.799999594688416,35.474921623967774,98 88 95 14 93 78 103 74 7 115 94 75 62 122 52 19 85 59 24 113 49 99 1 111 41 66 104 21 69 15 55 100
grid,0,kiss_k,32,0.1,9,23.19999933242798,35.33920531966782,82 24 89 85 87 96 46 8 64 97 22 42 16 112 102 12 94 80 119 29 9 36 75 74 34 5 86 15 100 39 109 68
grid,0,kiss_k,32,1.0,9,23.19999933242798,35.00908277867578,82 24 89 85 87 96 46 8 64 97 22 42 16 112 102 12 94 80 119 29 9 36 75 74 34 5 86 15 100 39 109 68
grid,0,kiss_k,32,0.1,10,27.20000147819519,36.04297434902245,86 12 119 106 25 1 67 31 48 69 72 36 59 16 98 4 77 38 83 85 63 10 60 21 74 39 90 97 64 82 117 75
grid,0,kiss_k,32,1.0,10,25.600001215934753,35.17552333949074,86 12 119 106 25 1 67 31 48 69 72 36 59 16 98 4 77 38 83 85 63 10 60 21 74 39 90 97 64 82 117 75
grid,0,kiss_k,32,0.1,11,28.00000011920929,37.71326542276129,40 81 4 69 92 34 50 6 96 16 78 86 48 106 25 42 26 91 55 7 117 63 39 31 10 112 116 23 44 73 109 22
grid,0,kiss_k,32,1.0,11,28.79999876022339,38.12197018560225,40 81 4 69 92 34 50 6 96 16 78 86 48 106 25 42 26 91 55 7 117 63 39 31 10 112 116 23 44 73 109 22
grid,0,kiss_k,32,0.1,12,23.999999463558197,36.88373884738562,111 14 79 110 78 41 105 25 96 57 16 45 70 17 9 65 81 90 11 71 42 47 66 48 8 124 61 35 91 122 95 40
grid,0,kiss_k,32,1.0,12,23.19999933242798,36.358546556905345,111 14 79 110 78 41 105 25 96 57 16 45 70 17 9 65 81 90 11 71 42 47 66 48 8 124 61 35 91 122 95 40
grid,0,kiss_k,32,0.1,13,27.20000147819519,38.29878029943578,7 67 112 50 23 54 103 124 95 48 41 91 0 17 104 111 77 16 86 68 24 6 12 117 85 9 43 25 79 5 11 114
grid,0,kiss_k,32,1.0,13,26.399999856948853,37.71409890613886,7 67 112 50 23 54 103 124 95 48 41 91 0 17 104 111 77 16 86 68 24 6 12 117 85 9 43 25 79 5 11 114
grid,0,kiss_k,32,0.1,14,31.200000643730164,39.55719286449763,0 120 26 15 11 10 43 28 21 117 70 90 55 19 107 96 13 109 124 31 73 38 18 45 48 57 106 52 29 23 1 2
grid,0,kiss_k,32,1.0,14,28.79999876022339,37.97875406726012,0 120 26 15 11 10 43 28 21 117 70 90 55 19 107 96 13 109 124 31 73 38 18 45 48 57 106 52 29 23 1 2
grid,0,kiss_k,32,0.1,15,25.600001215934753,35.54113621532462,34 48 26 117 38 113 60 30 93 87 13 105 65 18 21 45 97 110 122 111 107 106 16 58 23 94 76 24 81 123 73 67
grid,0,kiss_k,32,1.0,15,26.399999856948853,36.166217787294954,34 48 26 117 38 113 60 30 93 87 13 105 65 18 21 45 97 110 122 111 107 106 16 58 23 94 76 24 81 123 73 67
grid,0,kiss_k,32,0.1,16,27.20000147819519,36.406598396184485,96 24 116 115 21 39 121 25 94 123 28 75 2 31 110 55 89 65 117 95 49 114 53 88 3 26 108 16 62 63 113 56
grid,0,kiss_k,32,1.0,16,27.20000147819519,36.53843387962538,96 24 116 115 21 39 121 25 94 123 28 75 2 31 110 55 89 65 117 95 49 114 53 88 3 26 108 16 62 63 113 56
grid,0,kiss_k,32,0.1,17,28.00000011920929,37.247484193785226,48 96 93 110 4 28 69 55 42 76 7 77 97 26 39 106 44 8 35 52 21 51 115 91 71 46 66 33 30 36 81 100
grid,0,kiss_k,32,1.0,17,28.79999876022339,37.54186611054207,48 96 93 110 4 28 69 55 42 76 7 77 97 26 39 106 44 8 35 52 21 51 115 91 71 46 66 33 30 36 81 100
grid,0,kiss_k,32,0.1,18,23.19999933242798,34.41277675727979,98 47 101 119 100 111 66 7 123 64 90 60 68 12 39 87 80 124 121 13 51 83 37 19 42 25 114 17 53 10 96 28
grid,0,kiss_k,32,1.0,18,22.40000069141388,34.15136201258329,98 47 101 119 100 111 66 7 123 64 90 60 68 12 39 87 80 124 121 13 51 83 37 19 42 25 114 17 53 10 96 28
grid,0,kiss_k,32,0.1,19,23.999999463558197,34.977564227586534,94 71 25 116 41 30 105 69 19 22 103 60 74 81 113 45 82 50 91 62 26 76 31 13 23 20 14 121 98 2 99 100
grid,0,kiss_k,32,1.0,19,23.999999463558197,34.41503634067546,94 71 25 116 41 30 105 69 19 22 103 60 74 81 113 45 82 50 91 62 26 76 31 13 23 20 14 121 98 2 99 100
grid,0,kiss_k,32,0.1,20,24.799999594688416,35.10724711684913,30 107 69 52 64 98 2 45 26 35 105 115 55 91 92 41 106 56 102 11 44 7 3 120 80 48 34 77 5 57 124 121
grid,0,kiss_k,32,1.0,20,23.999999463558197,34.74699277729519,30 107 69 52 64 98 2 45 26 35 105 115 55 91 92 41 106 56 102 11 44 7 3 120 80 48 34 77 5 57 124 121
grid,0,kiss_k,32,0.1,21,24.799999594688416,35.4899466436933,23 103 55 88 20 59 102 41 122 87 109 2 106 78 90 42 9 70 39 49 27 111 6 119 13 25 44 24 89 104 76 67
grid,0,kiss_k,32,1.0,21,23.999999463558197,34.81786614210332,23 103 55 88 20 59 102 41 122 87 109 2 106 78 90 42 9 70 39 49 27 111 6 119 13 25 44 24 89 104 76 67
grid,0,kiss_k,32,0.1,22,28.00000011920929,36.48913468850243,74 122 87 111 62 116 82 1 51 72 32 18 91 120 96 124 35 58 105 63 77 8 100 10 57 115 31 104 121 86 53 81
grid,0,kiss_k,32,1.0,22,25.600001215934753,35.235960312702325,74 122 87 111 62 116 82 1 51 72 32 18 91 120 96 124 35 58 105 63 77 8 100 10 57 115 31 104 121 86 53 81
grid,0,kiss_k,32,0.1,23,23.999999463558197,35.30931710576567,121 112 41 110 85 77 119 0 1 10 31 97 33 120 68 114 54 72 113 123 57 44 106 32 107 17 111 9 7 89 83 96
grid,0,kiss_k,32,1.0,23,23.19999933242798,34.696382050909705,121 112 41 110 85 77 119 0 1 10 31 97 33 120 68 114 54 72 113 123 57 44 106 32 107 17 111 9 7 89 83 96
grid,0,kiss_k,32,0.1,24,23.19999933242798,33.730384393759245,64 118 114 49 14 58 104 26 54 10 108 62 115 47 99 66 56 111 34 109 79 52 43 68 74 69 78 63 50 105 89 44
grid,0,kiss_k,32,1.0,24,25.600001215934753,35.05075913621023,64 118 114 49 14 58 104 26 54 10 108 62 115 47 99 66 56 111 34 109 79 52 43 68 74 69 78 63 50 105 89 44
grid,0,kiss_k,32,0.1,25,23.999999463558197,34.88008424043462,122 109 88 56 36 71 0 12 97 38 44 50 28 82 32 54 6 85 15 96 51 45 81 110 53 106 78 93 8 39 112 72
grid,0,kiss_k,32,1.0,25,25.600001215934753,36.265703160589204,122 109 88 56 36 71 0 12 97 38 44 50 28 82 32 54 6 85 15 96 51 45 81 110 53 106 78 93 8 39 112 72
grid,0,kiss_k,32,0.1,26,29.600000381469727,39.04016782944904,22 96 1 55 11 90 99 69 51 92 33 12 59 122 120 37 0 102 46 64 13 48 97 23 116 74 76 56 53 50 77 107
grid,0,kiss_k,32,1.0,26,30.399999022483826,39.10281424801014,22 96 1 55 11 90 99 69 51 92 33 12 59 122 120 37 0 102 46 64 13 48 97 23 116 74 76 56 53 50 77 107
grid,0,kiss_k,32,0.1,27,26.399999856948853,36.78459942038134,20 23 124 101 26 96 93 14 94 60 25 15 48 120 55 2 11 39 115 76 58 97 106 4 72 92 80 8 22 10 73 84
grid,0,kiss_k,32,1.0,27,28.00000011920929,37.968361125903066,20 23 124 101 26 96 93 14 94 60 25 15 48 120 55 2 11 39 115 76 58 97 106 4 72 92 80 8 22 10 73 84
grid,0,kiss_k,32,0.1,28,24.799999594688416,35.39390770250384,64 92 101 24 32 93 14 4 30 17 115 89 94 99 100 96 74 108 47 34 104 120 38 55 122 45 112 70 40 42 61 7
grid,0,kiss_k,32,1.0,28,26.399999856948853,36.279965123020176,64 92 101 24 32 93 14 4 30 17 115 89 94 99 100 96 74 108 47 34 104 120 38 55 122 45 112 70 40 42 61 7
grid,0,kiss_k,32,0.1,29,25.600001215934753,37.928854891512756,0 77 46 14 41 7 9 24 111 70 28 108 32 11 103 47 95 60 99 76 18 65 110 58 96 48 106 23 1 12 97 74
grid,0,kiss_k,32,1.0,29,26.399999856948853,37.84899786585651,0 77 46 14 41 7 9 24 111 70 28 108 32 11 103 47 95 60 99 76 18 65 110 58 96 48 106 23 1 12 97 74
grid,1,raw,0,-1,-1,20.800000429153442,31.335711966892248,
grid,1,center,0,-1,-1,20.800000429153442,31.335711966892248,
grid,1,unlab,0,0.1,-1,20.800000429153442,30.107636490821005,
grid,1,kiss_all,125,0.1,-1,20.000000298023224,31.74975176449253,
grid,1,unlab,0,1.0,-1,20.000000298023224,29.483751438650806,
grid,1,kiss_all,125,1.0,-1,20.000000298023224,33.17161027397918,
grid,1,kiss_k,2,0.1,0,19.200000166893005,30.095609932560595,115 50
grid,1,kiss_k,2,1.0,0,18.400000035762787,29.111488245897387,115 50
grid,1,kiss_k,2,0.1,1,18.400000035762787,29.860118177608147,0 55
grid,1,kiss_k,2,1.0,1,20.800000429153442,30.452604687658074,0 55
grid,1,kiss_k,2,0.1,2,20.000000298023224,30.233419622381273,61 100
grid,1,kiss_k,2,1.0,2,20.800000429153442,29.96788258594096,61 100
grid,1,kiss_k,2,0.1,3,20.800000429153442,30.59116469316913,48 76
grid,1,kiss_k,2,1.0,3,19.200000166893005,28.945213926558022,48 76
grid,1,kiss_k,2,0.1,4,20.000000298023224,30.431112052527553,53 95
grid,1,kiss_k,2,1.0,4,20.800000429153442,30.31774333605412,53 95
grid,1,kiss_k,2,0.1,5,19.200000166893005,29.580475009876643,15 73
grid,1,kiss_k,2,1.0,5,19.200000166893005,28.605986677263743,15 73
grid,1,kiss_k,2,0.1,6,20.000000298023224,30.84527647364654,52 118
grid,1,kiss_k,2,1.0,6,21.60000056028366,30.989590279998257,52 118
grid,1,kiss_k,2,0.1,7,21.60000056028366,30.864395946746097,45 84
grid,1,kiss_k,2,1.0,7,20.800000429153442,30.209800365226595,45 84
grid,1,kiss_k,2,0.1,8,20.000000298023224,30.774373761757275,82 43
grid,1,kiss_k,2,1.0,8,20.000000298023224,30.239050034603494,82 43
grid,1,kiss_k,2,0.1,9,19.200000166893005,30.44518522144191,115 120
grid,1,kiss_k,2,1.0,9,21.60000056028366,30.89991167458618,115 120
grid,1,kiss_k,2,0.1,10,20.800000429153442,30.04580648103843,36 68
grid,1,kiss_k,2,1.0,10,20.000000298023224,29.445371992487313,36 68
grid,1,kiss_k,2,0.1,11,20.000000298023224,29.948444897653754,64 54
grid,1,kiss_k,2,1.0,11,20.000000298023224,29.554598935479444,64 54
grid,1,kiss_k,2,0.1,12,20.800000429153442,30.28960109023136,103 62
grid,1,kiss_k,2,1.0,12,20.800000429153442,29.84826367804209,103 62
grid,1,kiss_k,2,0.1,13,21.60000056028366,30.610311690267842,72 66
grid,1,kiss_k,2,1.0,13,21.60000056028366,30.033917554289314,72 66
grid,1,kiss_k,2,0.1,14,20.000000298023224,30.231359083994434,103 121
grid,1,kiss_k,2,1.0,14,20.800000429153442,30.25922048369269,103 121
grid,1,kiss_k,2,0.1,15,20.000000298023224,29.628870231831012,89 102
grid,1,kiss_k,2,1.0,15,20.800000429153442,29.840922864105373,89 102
grid,1,kiss_k,2,0.1,16,19.200000166893005,29.41081685537648,48 72
grid,1,kiss_k,2,1.0,16,19.200000166893005,28.971851234435412,48 72
grid,1,kiss_k,2,0.1,17,20.000000298023224,29.755030162394213,47 107
grid,1,kiss_k,2,1.0,17,20.800000429153442,29.92068557854824,47 107
grid,1,kiss_k,2,0.1,18,20.800000429153442,30.552593361586506,20 116
grid,1,kiss_k,2,1.0,18,20.800000429153442,30.061479259177432,20 116
grid,1,kiss_k,2,0.1,19,20.800000429153442,30.399076205659743,21 108
grid,1,kiss_k,2,1.0,19,20.000000298023224,29.427062706313052,21 108
grid,1,kiss_k,2,0.1,20,17.59999990463257,29.337486569457806,61 115
grid,1,kiss_k,2,1.0,20,17.59999990463257,29.073615732243642,61 115
grid,1,kiss_k,2,0.1,21,20.800000429153442,30.37886832080033,120 16
grid,1,kiss_k,2,1.0,21,20.800000429153442,29.732530376157534,120 16
grid,1,kiss_k,2,0.1,22,20.800000429153442,29.94671704166606,30 27
grid,1,kiss_k,2,1.0,22,21.60000056028366,29.77074633126912,30 27
grid,1,kiss_k,2,0.1,23,20.800000429153442,29.999193984669464,87 39
grid,1,kiss_k,2,1.0,23,20.800000429153442,29.850508767707666,87 39
grid,1,kiss_k,2,0.1,24,20.000000298023224,30.114584443146903,66 23
grid,1,kiss_k,2,1.0,24,20.800000429153442,29.9111537693777,66 23
grid,1,kiss_k,2,0.1,25,19.200000166893005,29.40557227260611,114 92
grid,1,kiss_k,2,1.0,25,21.60000056028366,30.086533419162997,114 92
grid,1,kiss_k,2,0.1,26,19.200000166893005,29.68724081861991,114 110
grid,1,kiss_k,2,1.0,26,20.000000298023224,29.37499001247487,114 110
grid,1,kiss_k,2,0.1,27,20.000000298023224,30.801330780293036,118 21
grid,1,kiss_k,2,1.0,27,20.000000298023224,30.157638049647844,118 21
grid,1,kiss_k,2,0.1,28,20.800000429153442,30.375323198410985,112 107
grid,1,kiss_k,2,1.0,28,20.000000298023224,29.822726412373733,112 107
grid,1,kiss_k,2,0.1,29,18.400000035762787,29.17390158833331,69 80
grid,1,kiss_k,2,1.0,29,20.000000298023224,29.485658505790894,69 80
grid,1,kiss_k,4,0.1,0,21.60000056028366,31.898335131113054,94 17 91 32
grid,1,kiss_k,4,1.0,0,21.60000056028366,31.28147304428637,94 17 91 32
grid,1,kiss_k,4,0.1,1,20.000000298023224,29.711456698403687,79 60 122 19
grid,1,kiss_k,4,1.0,1,21.60000056028366,30.168346361170478,79 60 122 19
grid,1,kiss_k,4,0.1,2,18.400000035762787,29.62236149523064,110 78 74 53
grid,1,kiss_k,4,1.0,2,16.79999977350235,28.520362550532397,110 78 74 53
grid,1,kiss_k,4,0.1,3,20.000000298023224,30.18729897733785,66 89 74 54
grid,1,kiss_k,4,1.0,3,19.200000166893005,29.08383670037696,66 89 74 54
grid,1,kiss_k,4,0.1,4,20.000000298023224,30.41923826538127,76 90 18 100
grid,1,kiss_k,4,1.0,4,20.000000298023224,29.35523181397522,76 90 18 100
grid,1,kiss_k,4,0.1,5,19.200000166893005,30.32493636961437,94 115 7 44
grid,1,kiss_k,4,1.0,5,19.200000166893005,30.14515431863551,94 115 7 44
grid,1,kiss_k,4,0.1,6,17.59999990463257,28.85815446422019,60 26 105 112
grid,1,kiss_k,4,1.0,6,17.59999990463257,28.562533320620386,60 26 105 112
grid,1,kiss_k,4,0.1,7,19.200000166893005,28.994385464301935,12 16 102 7
grid,1,kiss_k,4,1.0,7,20.000000298023224,29.236888173510195,12 16 102 7
grid,1,kiss_k,4,0.1,8,19.200000166893005,29.738776474508594,107 117 48 58
grid,1,kiss_k,4,1.0,8,20.000000298023224,29.603653779247345,107 117 48 58
grid,1,kiss_k,4,0.1,9,20.000000298023224,29.732473881197752,33 10 41 112
grid,1,kiss_k,4,1.0,9,20.800000429153442,29.940529802495224,33 10 41 112
grid,1,kiss_k,4,0.1,10,18.400000035762787,28.989086037204743,12 73 5 60
grid,1,kiss_k,4,1.0,10,18.400000035762787,27.900272646222064,12 73 5 60
grid,1,kiss_k,4,0.1,11,19.200000166893005,28.87503800763059,85 6 88 3
grid,1,kiss_k,4,1.0,11,20.000000298023224,28.90242396518496,85 6 88 3
grid,1,kiss_k,4,0.1,12,21.60000056028366,30.775133019222867,87 48 47 54
grid,1,kiss_k,4,1.0,12,20.800000429153442,29.937591506132282,87 48 47 54
grid,1,kiss_k,4,0.1,13,19.200000166893005,29.765123934084624,26 59 15 3
grid,1,kiss_k,4,1.0,13,18.400000035762787,28.742190431564484,26 59 15 3
grid,1,kiss_k,4,0.1,14,20.800000429153442,30.35350425470843,60 116 26 25
grid,1,kiss_k,4,1.0,14,19.200000166893005,28.69524750855137,60 116 26 25
grid,1,kiss_k,4,0.1,15,19.200000166893005,29.29841357618601,9 71 15 18
grid,1,kiss_k,4,1.0,15,19.200000166893005,28.902937172329196,9 71 15 18
grid,1,kiss_k,4,0.1,16,18.400000035762787,29.461406394304525,114 121 62 33
grid,1,kiss_k,4,1.0,16,18.400000035762787,29.435760923854946,114 121 62 33
grid,1,kiss_k,4,0.1,17,20.000000298023224,29.612989074439366,117 60 25 106
grid,1,kiss_k,4,1.0,17,20.000000298023224,28.963150997206142,117 60 25 106
grid,1,kiss_k,4,0.1,18,20.800000429153442,30.062485997967286,94 20 79 117
grid,1,kiss_k,4,1.0,18,20.800000429153442,29.76062911406432,94 20 79 117
grid,1,kiss_k,4,0.1,19,20.800000429153442,31.13033297331017,104 74 100 107
grid,1,kiss_k,4,1.0,19,20.000000298023224,29.9974176724993,104 74 100 107
grid,1,kiss_k,4,0.1,20,21.60000056028366,30.765447078805323,123 62 30 64
grid,1,kiss_k,4,1.0,20,21.60000056028366,30.247851368442884,123 62 30 64
grid,1,kiss_k,4,0.1,21,21.60000056028366,30.935554355585253,93 101 116 23
grid,1,kiss_k,4,1.0,21,21.60000056028366,30.429177533036768,93 101 116 23
grid,1,kiss_k,4,0.1,22,23.19999933242798,32.99711587191937,57 9 29 113
grid,1,kiss_k,4,1.0,22,23.19999933242798,32.59319213162936,57 9 29 113
grid,1,kiss_k,4,0.1,23,19.200000166893005,29.532343200836458,124 59 90 22
grid,1,kiss_k,4,1.0,23,20.000000298023224,29.450510947381648,124 59 90 22
grid,1,kiss_k,4,0.1,24,20.000000298023224,29.695424050332893,89 51 108 7
grid,1,kiss_k,4,1.0,24,20.000000298023224,29.34546319606463,89 51 108 7
grid,1,kiss_k,4,0.1,25,18.400000035762787,29.377679614688184,114 26 124 108
grid,1,kiss_k,4,1.0,25,20.000000298023224,29.497122813581182,114 26 124 108
grid,1,kiss_k,4,0.1,26,19.200000166893005,30.78545261152566,113 2 44 104
grid,1,kiss_k,4,1.0,26,20.800000429153442,30.96915069822354,113 2 44 104
grid,1,kiss_k,4,0.1,27,17.59999990463257,28.774062170319947,56 11 122 76
grid,1,kiss_k,4,1.0,27,18.400000035762787,28.530360025317343,56 11 122 76
grid,1,kiss_k,4,0.1,28,19.200000166893005,29.600038871597196,64 15 84 71
grid,1,kiss_k,4,1.0,28,18.400000035762787,28.794623686157404,64 15 84 71
grid,1,kiss_k,4,0.1,29,21.60000056028366,30.653149798785428,21 90 94 50
grid,1,kiss_k,4,1.0,29,20.800000429153442,29.867779096968484,21 90 94 50
grid,1,kiss_k,8,0.1,0,20.000000298023224,30.092486640606552,41 27 44 13 60 50 31 93
grid,1,kiss_k,8,1.0,0,19.200000166893005,28.986866174664055,41 27 44 13 60 50 31 93
grid,1,kiss_k,8,0.1,1,23.19999933242798,32.44801297691936,42 41 82 113 94 15 50 0
grid,1,kiss_k,8,1.0,1,20.000000298023224,30.412011100278306,42 41 82 113 94 15 50 0
grid,1,kiss_k,8,0.1,2,19.200000166893005,29.533862127227835,79 52 123 114 22 25 7 100
grid,1,kiss_k,8,1.0,2,20.000000298023224,29.38744289311655,79 52 123 114 22 25 7 100
grid,1,kiss_k,8,0.1,3,20.000000298023224,29.851097658083432,45 33 114 41 57 110 16 99
grid,1,kiss_k,8,1.0,3,20.000000298023224,29.564276105883735,45 33 114 41 57 110 16 99
grid,1,kiss_k,8,0.1,4,23.999999463558197,33.12558889167489,42 46 8 113 34 57 90 48
grid,1,kiss_k,8,1.0,4,22.40000069141388,31.78337487811575,42 46 8 113 34 57 90 48
grid,1,kiss_k,8,0.1,5,17.59999990463257,29.426998328409088,79 115 64 2 91 98 112 82
grid,1,kiss_k,8,1.0,5,18.400000035762787,29.226315863751374,79 115 64 2 91 98 112 82
grid,1,kiss_k,8,0.1,6,20.800000429153442,31.17383793048113,98 71 55 31 52 49 90 65
grid,1,kiss_k,8,1.0,6,20.000000298023224,30.366222477046495,98 71 55 31 52 49 90 65
grid,1,kiss_k,8,0.1,7,23.999999463558197,32.45562120082634,104 117 17 38 97 76 67 91
grid,1,kiss_k,8,1.0,7,23.999999463558197,31.941280969461783,104 117 17 38 97 76 67 91
grid,1,kiss_k,8,0.1,8,20.000000298023224,29.787985295255027,1 82 61 102 74 85 65 75
grid,1,kiss_k,8,1.0,8,20.000000298023224,29.02163391466706,1 82 61 102 74 85 65 75
grid,1,kiss_k,8,0.1,9,17.59999990463257,29.52235873603711,87 123 60 90 35 108 105 55
grid,1,kiss_k,8,1.0,9,17.59999990463257,29.11293053815158,87 123 60 90 35 108 105 55
grid,1,kiss_k,8,0.1,10,23.19999933242798,33.240004737071,38 32 45 105 33 52 43 1
grid,1,kiss_k,8,1.0,10,24.799999594688416,33.91407133643746,38 32 45 105 33 52 43 1
grid,1,kiss_k,8,0.1,11,23.19999933242798,32.249764221287,26 95 107 69 8 62 52 105
grid,1,kiss_k,8,1.0,11,20.800000429153442,30.870657518919074,26 95 107 69 8 62 52 105
grid,1,kiss_k,8,0.1,12,17.59999990463257,28.9480696317978,54 58 69 124 105 21 1 48
grid,1,kiss_k,8,1.0,12,17.59999990463257,28.44954101719686,54 58 69 124 105 21 1 48
grid,1,kiss_k,8,0.1,13,21.60000056028366,31.27434846089313,108 104 23 124 68 121 33 91
grid,1,kiss_k,8,1.0,13,20.000000298023224,30.29546933698254,108 104 23 124 68 121 33 91
grid,1,kiss_k,8,0.1,14,20.800000429153442,31.664523018112384,84 98 6 2 124 104 86 42
grid,1,kiss_k,8,1.0,14,20.800000429153442,31.106032068112032,84 98 6 2 124 104 86 42
grid,1,kiss_k,8,0.1,15,20.000000298023224,31.798836290882676,112 70 27 107 118 16 38 55
grid,1,kiss_k,8,1.0,15,20.000000298023224,31.328168162126453,112 70 27 107 118 16 38 55
grid,1,kiss_k,8,0.1,16,18.400000035762787,29.496367206505468,117 62 24 88 118 67 46 73
grid,1,kiss_k,8,1.0,16,19.200000166893005,29.632983653461626,117 62 24 88 118 67 46 73
grid,1,kiss_k,8,0.1,17,19.200000166893005,29.693358176731273,71 23 24 85 53 98 58 54
grid,1,kiss_k,8,1.0,17,19.200000166893005,29.117168837435287,71 23 24 85 53 98 58 54
grid,1,kiss_k,8,0.1,18,20.800000429153442,31.49982498935423,32 35 121 103 61 3 106 74
grid,1,kiss_k,8,1.0,18,20.800000429153442,31.185569158142968,32 35 121 103 61 3 106 74
grid,1,kiss_k,8,0.1,19,20.000000298023224,29.614195808847775,20 82 4 27 93 59 33 80
grid,1,kiss_k,8,1.0,19,20.000000298023224,29.458411769728592,20 82 4 27 93 59 33 80
grid,1,kiss_k,8,0.1,20,21.60000056028366,31.21371626795572,90 60 83 15 4 11 107 64
grid,1,kiss_k,8,1.0,20,20.800000429153442,30.272068810083518,90 60 83 15 4 11 107 64
grid,1,kiss_k,8,0.1,21,18.400000035762787,30.583812024080824,43 115 50 11 79 12 118 45
grid,1,kiss_k,8,1.0,21,19.200000166893005,30.59909573731679,43 115 50 11 79 12 118 45
grid,1,kiss_k,8,0.1,22,20.800000429153442,32.01871002783278,61 56 42 49 121 17 81 16
grid,1,kiss_k,8,1.0,22,19.200000166893005,30.298843391863052,61 56 42 49 121 17 81 16
grid,1,kiss_k,8,0.1,23,20.800000429153442,30.87425448479038,92 116 26 72 113 16 56 82
grid,1,kiss_k,8,1.0,23,20.800000429153442,30.225158145959448,92 116 26 72 113 16 56 82
grid,1,kiss_k,8,0.1,24,18.400000035762787,29.22363621465014,64 81 23 73 111 69 120 121
grid,1,kiss_k,8,1.0,24,18.400000035762787,29.022328348181954,64 81 23 73 111 69 120 121
grid,1,kiss_k,8,0.1,25,20.000000298023224,30.344991164563446,50 33 101 22 63 121 11 55
grid,1,kiss_k,8,1.0,25,18.400000035762787,29.50490618426345,50 33 101 22 63 121 11 55
grid,1,kiss_k,8,0.1,26,21.60000056028366,31.99288251234187,31 27 91 104 115 114 17 28
grid,1,kiss_k,8,1.0,26,20.800000429153442,31.163805642092996,31 27 91 104 115 114 17 28
grid,1,kiss_k,8,0.1,27,20.000000298023224,31.1734965234916,26 77 11 101 24 86 6 99
grid,1,kiss_k,8,1.0,27,19.200000166893005,30.230593572873314,26 77 11 101 24 86 6 99
grid,1,kiss_k,8,0.1,28,19.200000166893005,30.258979810759286,59 43 117 12 71 112 48 44
grid,1,kiss_k,8,1.0,28,19.200000166893005,29.292523655813508,59 43 117 12 71 112 48 44
grid,1,kiss_k,8,0.1,29,21.60000056028366,30.74465452409457,76 90 94 29 8 92 96 60
grid,1,kiss_k,8,1.0,29,20.000000298023224,29.262814877419224,76 90 94 29 8 92 96 60
grid,1,kiss_k,16,0.1,0,20.000000298023224,31.048371654589996,74 42 16 102 72 79 112 106 104 103 89 98 27 31 95 50
grid,1,kiss_k,16,1.0,0,20.000000298023224,30.431248762987305,74 42 16 102 72 79 112 106 104 103 89 98 27 31 95 50
grid,1,kiss_k,16,0.1,1,20.000000298023224,30.376961298762616,50 61 77 34 114 115 48 120 76 71 51 4 27 25 24 91
grid,1,kiss_k,16,1.0,1,19.200000166893005,29.734390422923795,50 61 77 34 114 115 48 120 76 71 51 4 27 25 24 91
grid,1,kiss_k,16,0.1,2,18.400000035762787,30.04348332105065,59 74 60 118 106 49 110 96 15 115 31 48 112 89 0 98
grid,1,kiss_k,16,1.0,2,18.400000035762787,29.688060750716428,59 74 60 118 106 49 110 96 15 115 31 48 112 89 0 98
grid,1,kiss_k,16,0.1,3,22.40000069141388,31.999401084229927,74 32 102 21 85 20 121 81 22 45 116 100 93 43 33 97
grid,1,kiss_k,16,1.0,3,23.19999933242798,32.352645477047915,74 32 102 21 85 20 121 81 22 45 116 100 93 43 33 97
grid,1,kiss_k,16,0.1,4,21.60000056028366,32.351242595780235,122 71 6 2 79 67 124 57 33 25 93 84 43 54 86 119
grid,1,kiss_k,16,1.0,4,21.60000056028366,31.848748474745893,122 71 6 2 79 67 124 57 33 25 93 84 43 54 86 119
grid,1,kiss_k,16,0.1,5,22.40000069141388,31.64307007160531,29 45 12 21 63 30 94 108 87 65 103 14 120 122 64 84
grid,1,kiss_k,16,1.0,5,21.60000056028366,31.290202275117284,29 45 12 21 63 30 94 108 87 65 103 14 120 122 64 84
grid,1,kiss_k,16,0.1,6,18.400000035762787,31.057619533411344,117 94 53 112 20 27 91 67 64 37 42 114 76 16 18 43
grid,1,kiss_k,16,1.0,6,21.60000056028366,31.773225461553057,117 94 53 112 20 27 91 67 64 37 42 114 76 16 18 43
grid,1,kiss_k,16,0.1,7,21.60000056028366,32.81091713291793,9 20 95 50 116 35 120 106 121 49 112 66 22 101 63 18
grid,1,kiss_k,16,1.0,7,21.60000056028366,32.026952525769545,9 20 95 50 116 35 120 106 121 49 112 66 22 101 63 18
grid,1,kiss_k,16,0.1,8,20.000000298023224,31.85677003601024,123 112 38 9 92 94 52 103 81 113 95 69 46 74 96 35
grid,1,kiss_k,16,1.0,8,21.60000056028366,31.882328315172252,123 112 38 9 92 94 52 103 81 113 95 69 46 74 96 35
grid,1,kiss_k,16,0.1,9,20.000000298023224,30.467948399872423,22 46 117 6 109 72 94 63 112 23 47 123 0 77 19 8
grid,1,kiss_k,16,1.0,9,20.000000298023224,29.714206467684512,22 46 117 6 109 72 94 63 112 23 47 123 0 77 19 8
grid,1,kiss_k,16,0.1,10,20.000000298023224,30.45493463799315,69 68 12 82 73 33 122 112 106 3 92 46 74 81 21 116
grid,1,kiss_k,16,1.0,10,19.200000166893005,29.56416806220737,69 68 12 82 73 33 122 112 106 3 92 46 74 81 21 116
grid,1,kiss_k,16,0.1,11,18.400000035762787,28.770667937931083,18 21 84 26 19 70 110 80 35 92 57 23 28 11 116 75
grid,1,kiss_k,16,1.0,11,17.59999990463257,28.371092811460596,18 21 84 26 19 70 110 80 35 92 57 23 28 11 116 75
grid,1,kiss_k,16,0.1,12,18.400000035762787,29.212327257482702,112 39 0 67 14 32 48 98 122 35 45 16 22 1 104 21
grid,1,kiss_k,16,1.0,12,20.000000298023224,29.736852345761793,112 39 0 67 14 32 48 98 122 35 45 16 22 1 104 21
grid,1,kiss_k,16,0.1,13,21.60000056028366,31.958130969138526,25 85 47 115 33 57 118 43 55 37 44 111 52 75 89 31
grid,1,kiss_k,16,1.0,13,21.60000056028366,31.519632446606483,25 85 47 115 33 57 118 43 55 37 44 111 52 75 89 31
grid,1,kiss_k,16,0.1,14,20.800000429153442,33.080001700916526,29 123 51 58 93 6 7 77 67 124 104 0 55 86 60 9
grid,1,kiss_k,16,1.0,14,19.200000166893005,31.39919946872036,29 123 51 58 93 6 7 77 67 124 104 0 55 86 60 9
grid,1,kiss_k,16,0.1,15,20.000000298023224,30.639448099327087,20 48 62 93 22 28 89 94 9 6 53 45 84 10 65 43
grid,1,kiss_k,16,1.0,15,20.800000429153442,30.504000152154674,20 48 62 93 22 28 89 94 9 6 53 45 84 10 65 43
grid,1,kiss_k,16,0.1,16,22.40000069141388,32.952448870664085,93 45 113 55 18 105 64 118 46 74 86 82 87 59 88 81
grid,1,kiss_k,16,1.0,16,22.40000069141388,32.79329459789699,93 45 113 55 18 105 64 118 46 74 86 82 87 59 88 81
grid,1,kiss_k,16,0.1,17,19.200000166893005,29.284521532688252,47 53 79 56 84 96 38 54 3 20 59 5 103 27 93 1
grid,1,kiss_k,16,1.0,17,20.800000429153442,29.439517980282027,47 53 79 56 84 96 38 54 3 20 59 5 103 27 93 1
grid,1,kiss_k,16,0.1,18,20.800000429153442,30.828681095822823,48 112 53 25 85 34 65 83 54 2 11 46 26 15 50 60
grid,1,kiss_k,16,1.0,18,19.200000166893005,29.74665097491857,48 112 53 25 85 34 65 83 54 2 11 46 26 15 50 60
grid,1,kiss_k,16,0.1,19,23.999999463558197,33.1795738134983,51 50 27 97 16 80 67 6 69 86 95 111 93 79 38 107
grid,1,kiss_k,16,1.0,19,23.19999933242798,32.14528121356221,51 50 27 97 16 80 67 6 69 86 95 111 93 79 38 107
grid,1,kiss_k,16,0.1,20,19.200000166893005,29.997241628520793,92 117 8 101 55 23 13 64 77 12 112 16 94 26 88 79
grid,1,kiss_k,16,1.0,20,19.200000166893005,30.050482483883055,92 117 8 101 55 23 13 64 77 12 112 16 94 26 88 79
grid,1,kiss_k,16,0.1,21,19.200000166893005,30.56868223422327,26 58 23 9 70 64 55 122 46 35 68 115 50 45 76 73
grid,1,kiss_k,16,1.0,21,18.400000035762787,30.32673000965243,26 58 23 9 70 64 55 122 46 35 68 115 50 45 76 73
grid,1,kiss_k,16,0.1,22,19.200000166893005,29.677236912552118,4 38 85 54 24 99 45 82 29 89 58 111 83 66 62 122
grid,1,kiss_k,16,1.0,22,20.800000429153442,29.916705633934203,4 38 85 54 24 99 45 82 29 89 58 111 83 66 62 122
grid,1,kiss_k,16,0.1,23,20.000000298023224,31.53358471596056,116 6 33 53 19 103 4 105 38 88 67 113 76 89 13 114
grid,1,kiss_k,16,1.0,23,20.000000298023224,30.909562155651816,116 6 33 53 19 103 4 105 38 88 67 113 76 89 13 114
grid,1,kiss_k,16,0.1,24,23.999999463558197,32.77599170612752,106 118 75 77 81 73 63 107 86 25 35 91 65 89 105 124
grid,1,kiss_k,16,1.0,24,20.800000429153442,30.956978386100996,106 118 75 77 81 73 63 107 86 25 35 91 65 89 105 124
grid,1,kiss_k,16,0.1,25,21.60000056028366,32.60789542121825,86 25 110 64 105 57 20 36 37 44 116 32 48 84 107 59
grid,1,kiss_k,16,1.0,25,21.60000056028366,32.18286786054587,86 25 110 64 105 57 20 36 37 44 116 32 48 84 107 59
grid,1,kiss_k,16,0.1,26,20.000000298023224,30.390939520361226,23 34 6 97 69 119 27 102 84 91 20 72 90 110 11 28
grid,1,kiss_k,16,1.0,26,18.400000035762787,28.8031410180107,23 34 6 97 69 119 27 102 84 91 20 72 90 110 11 28
grid,1,kiss_k,16,0.1,27,20.000000298023224,30.340219096160887,80 102 16 115 42 107 117 68 52 28 101 50 41 36 120 89
grid,1,kiss_k,16,1.0,27,20.000000298023224,29.734061985602896,80 102 16 115 42 107 117 68 52 28 101 50 41 36 120 89
grid,1,kiss_k,16,0.1,28,21.60000056028366,32.68106585549567,42 55 31 108 68 38 43 5 14 74 72 49 2 44 61 17
grid,1,kiss_k,16,1.0,28,21.60000056028366,32.45923120115414,42 55 31 108 68 38 43 5 14 74 72 49 2 44 61 17
grid,1,kiss_k,16,0.1,29,20.000000298023224,31.31863983555957,24 0 31 18 30 17 92 63 61 117 101 1 115 66 72 33
grid,1,kiss_k,16,1.0,29,22.40000069141388,31.660243242700776,24 0 31 18 30 17 92 63 61 117 101 1 115 66 72 33
grid,1,kiss_k,32,0.1,0,22.40000069141388,32.84704490432614,86 12 119 106 25 1 67 31 48 69 72 36 59 16 98 4 77 38 83 85 63 10 60 21 74 39 90 97 64 82 117 75
grid,1,kiss_k,32,1.0,0,23.999999463558197,33.21282212575143,86 12 119 106 25 1 67 31 48 69 72 36 59 16 98 4 77 38 83 85 63 10 60 21 74 39 90 97 64 82 117 75
grid,1,kiss_k,32,0.1,1,23.19999933242798,32.5947516291158,40 81 4 69 92 34 50 6 96 16 78 86 48 106 25 42 26 91 55 7 117 63 39 31 10 112 116 23 44 73 109 22
grid,1,kiss_k,32,1.0,1,23.19999933242798,32.18979210090178,40 81 4 69 92 34 50 6 96 16 78 86 48 106 25 42 26 91 55 7 117 63 39 31 10 112 116 23 44 73 109 22
grid,1,kiss_k,32,0.1,2,18.400000035762787,30.504797963022483,111 14 79 110 78 41 105 25 96 57 16 45 70 17 9 65 81 90 11 71 42 47 66 48 8 124 61 35 91 122 95 40
grid,1,kiss_k,32,1.0,2,20.800000429153442,31.653319701707673,111 14 79 110 78 41 105 25 96 57 16 45 70 17 9 65 81 90 11 71 42 47 66 48 8 124 61 35 91 122 95 40
grid,1,kiss_k,32,0.1,3,23.19999933242798,33.84842576353876,7 67 112 50 23 54 103 124 95 48 41 91 0 17 104 111 77 16 86 68 24 6 12 117 85 9 43 25 79 5 11 114
grid,1,kiss_k,32,1.0,3,21.60000056028366,32.74946367660122,7 67 112 50 23 54 103 124 95 48 41 91 0 17 104 111 77 16 86 68 24 6 12 117 85 9 43 25 79 5 11 114
grid,1,kiss_k,32,0.1,4,20.800000429153442,30.724450844579206,0 120 26 15 11 10 43 28 21 117 70 90 55 19 107 96 13 109 124 31 73 38 18 45 48 57 106 52 29 23 1 2
grid,1,kiss_k,32,1.0,4,20.000000298023224,29.927531340834847,0 120 26 15 11 10 43 28 21 117 70 90 55 19 107 96 13 109 124 31 73 38 18 45 48 57 106 52 29 23 1 2
grid,1,kiss_k,32,0.1,5,23.999999463558197,32.63273251118786,34 48 26 117 38 113 60 30 93 87 13 105 65 18 21 45 97 110 122 111 107 106 16 58 23 94 76 24 81 123 73 67
grid,1,kiss_k,32,1.0,5,21.60000056028366,31.260122792575796,34 48 26 117 38 113 60 30 93 87 13 105 65 18 21 45 97 110 122 111 107 106 16 58 23 94 76 24 81 123 73 67
grid,1,kiss_k,32,0.1,6,23.19999933242798,33.611524436705416,96 24 116 115 21 39 121 25 94 123 28 75 2 31 110 55 89 65 117 95 49 114 53 88 3 26 108 16 62 63 113 56
grid,1,kiss_k,32,1.0,6,21.60000056028366,32.11046126799223,96 24 116 115 21 39 121 25 94 123 28 75 2 31 110 55 89 65 117 95 49 114 53 88 3 26 108 16 62 63 113 56
grid,1,kiss_k,32,0.1,7,21.60000056028366,32.04813224991033,48 96 93 110 4 28 69 55 42 76 7 77 97 26 39 106 44 8 35 52 21 51 115 91 71 46 66 33 30 36 81 100
grid,1,kiss_k,32,1.0,7,22.40000069141388,31.962141521439204,48 96 93 110 4 28 69 55 42 76 7 77 97 26 39 106 44 8 35 52 21 51 115 91 71 46 66 33 30 36 81 100
grid,1,kiss_k,32,0.1,8,18.400000035762787,31.064985045476,98 47 101 119 100 111 66 7 123 64 90 60 68 12 39 87 80 124 121 13 51 83 37 19 42 25 114 17 53 10 96 28
grid,1,kiss_k,32,1.0,8,20.000000298023224,31.550296665289036,98 47 101 119 100 111 66 7 123 64 90 60 68 12 39 87 80 124 121 13 51 83 37 19 42 25 114 17 53 10 96 28
grid,1,kiss_k,32,0.1,9,22.40000069141388,31.2629810555264,94 71 25 116 41 30 105 69 19 22 103 60 74 81 113 45 82 50 91 62 26 76 31 13 23 20 14 121 98 2 99 100
grid,1,kiss_k,32,1.0,9,23.19999933242798,31.296710002305968,94 71 25 116 41 30 105 69 19 22 103 60 74 81 113 45 82 50 91 62 26 76 31 13 23 20 14 121 98 2 99 100
grid,1,kiss_k,32,0.1,10,18.400000035762787,29.223039913936805,30 107 69 52 64 98 2 45 26 35 105 115 55 91 92 41 106 56 102 11 44 7 3 120 80 48 34 77 5 57 124 121
grid,1,kiss_k,32,1.0,10,17.59999990463257,28.920896027813768,30 107 69 52 64 98 2 45 26 35 105 115 55 91 92 41 106 56 102 11 44 7 3 120 80 48 34 77 5 57 124 121
grid,1,kiss_k,32,0.1,11,20.000000298023224,31.48132609532161,23 103 55 88 20 59 102 41 122 87 109 2 106 78 90 42 9 70 39 49 27 111 6 119 13 25 44 24 89 104 76 67
grid,1,kiss_k,32,1.0,11,20.000000298023224,30.968658682665627,23 103 55 88 20 59 102 41 122 87 109 2 106 78 90 42 9 70 39 49 27 111 6 119 13 25 44 24 89 104 76 67
grid,1,kiss_k,32,0.1,12,20.000000298023224,31.604637134754054,74 122 87 111 62 116 82 1 51 72 32 18 91 120 96 124 35 58 105 63 77 8 100 10 57 115 31 104 121 86 53 81
grid,1,kiss_k,32,1.0,12,21.60000056028366,31.938014517543422,74 122 87 111 62 116 82 1 51 72 32 18 91 120 96 124 35 58 105 63 77 8 100 10 57 115 31 104 121 86 53 81
grid,1,kiss_k,32,0.1,13,23.19999933242798,33.30353106384144,121 112 41 110 85 77 119 0 1 10 31 97 33 120 68 114 54 72 113 123 57 44 106 32 107 17 111 9 7 89 83 96
grid,1,kiss_k,32,1.0,13,22.40000069141388,32.15186057674945,121 112 41 110 85 77 119 0 1 10 31 97 33 120 68 114 54 72 113 123 57 44 106 32 107 17 111 9 7 89 83 96
grid,1,kiss_k,32,0.1,14,21.60000056028366,31.718404068818213,64 118 114 49 14 58 104 26 54 10 108 62 115 47 99 66 56 111 34 109 79 52 43 68 74 69 78 63 50 105 89 44
grid,1,kiss_k,32,1.0,14,22.40000069141388,31.491616437891736,64 118 114 49 14 58 104 26 54 10 108 62 115 47 99 66 56 111 34 109 79 52 43 68 74 69 78 63 50 105 89 44
grid,1,kiss_k,32,0.1,15,19.200000166893005,29.663603280519666,122 109 88 56 36 71 0 12 97 38 44 50 28 82 32 54 6 85 15 96 51 45 81 110 53 106 78 93 8 39 112 72
grid,1,kiss_k,32,1.0,15,18.400000035762787,28.951245359885558,122 109 88 56 36 71 0 12 97 38 44 50 28 82 32 54 6 85 15 96 51 45 81 110 53 106 78 93 8 39 112 72
grid,1,kiss_k,32,0.1,16,21.60000056028366,30.866828260511774,22 96 1 55 11 90 99 69 51 92 33 12 59 122 120 37 0 102 46 64 13 48 97 23 116 74 76 56 53 50 77 107
grid,1,kiss_k,32,1.0,16,21.60000056028366,30.35453640912914,22 96 1 55 11 90 99 69 51 92 33 12 59 122 120 37 0 102 46 64 13 48 97 23 116 74 76 56 53 50 77 107
grid,1,kiss_k,32,0.1,17,20.800000429153442,31.096136468955393,20 23 124 101 26 96 93 14 94 60 25 15 48 120 55 2 11 39 115 76 58 97 106 4 72 92 80 8 22 10 73 84
grid,1,kiss_k,32,1.0,17,19.200000166893005,30.520951854601414,20 23 124 101 26 96 93 14 94 60 25 15 48 120 55 2 11 39 115 76 58 97 106 4 72 92 80 8 22 10 73 84
grid,1,kiss_k,32,0.1,18,20.800000429153442,32.49817128412083,64 92 101 24 32 93 14 4 30 17 115 89 94 99 100 96 74 108 47 34 104 120 38 55 122 45 112 70 40 42 61 7
grid,1,kiss_k,32,1.0,18,20.000000298023224,32.0119081287413,64 92 101 24 32 93 14 4 30 17 115 89 94 99 100 96 74 108 47 34 104 120 38 55 122 45 112 70 40 42 61 7
grid,1,kiss_k,32,0.1,19,20.800000429153442,32.39151667659836,0 77 46 14 41 7 9 24 111 70 28 108 32 11 103 47 95 60 99 76 18 65 110 58 96 48 106 23 1 12 97 74
grid,1,kiss_k,32,1.0,19,20.000000298023224,31.197553563553228,0 77 46 14 41 7 9 24 111 70 28 108 32 11 103 47 95 60 99 76 18 65 110 58 96 48 106 23 1 12 97 74
grid,1,kiss_k,32,0.1,20,20.800000429153442,31.559073355087314,39 111 78 98 7 66 68 70 115 72 122 80 121 83 61 4 20 96 104 75 10 6 102 32 93 56 28 25 67 76 8 51
grid,1,kiss_k,32,1.0,20,20.800000429153442,31.719286736370062,39 111 78 98 7 66 68 70 115 72 122 80 121 83 61 4 20 96 104 75 10 6 102 32 93 56 28 25 67 76 8 51
grid,1,kiss_k,32,0.1,21,20.000000298023224,31.40204343682353,98 17 9 12 101 69 77 82 20 110 115 56 11 33 60 81 95 58 51 23 6 50 27 89 67 57 106 25 72 44 21 29
grid,1,kiss_k,32,1.0,21,21.60000056028366,31.960346680732037,98 17 9 12 101 69 77 82 20 110 115 56 11 33 60 81 95 58 51 23 6 50 27 89 67 57 106 25 72 44 21 29
grid,1,kiss_k,32,0.1,22,20.000000298023224,31.599573564267995,93 21 32 25 112 84 55 30 64 73 88 14 42 4 52 54 72 24 118 10 34 49 13 44 77 117 1 124 63 35 105 18
grid,1,kiss_k,32,1.0,22,20.000000298023224,30.932837000415265,93 21 32 25 112 84 55 30 64 73 88 14 42 4 52 54 72 24 118 10 34 49 13 44 77 117 1 124 63 35 105 18
grid,1,kiss_k,32,0.1,23,20.800000429153442,32.26887479164369,96 63 51 32 34 109 120 41 36 28 70 74 112 44 14 91 4 59 116 71 45 19 101 108 11 81 18 8 123 104 113 3
grid,1,kiss_k,32,1.0,23,23.999999463558197,33.50561537779967,96 63 51 32 34 109 120 41 36 28 70 74 112 44 14 91 4 59 116 71 45 19 101 108 11 81 18 8 123 104 113 3
grid,1,kiss_k,32,0.1,24,20.000000298023224,31.624723187321095,108 10 67 23 99 19 26 46 105 56 78 57 31 55 49 42 64 104 109 41 68 95 14 30 101 123 121 24 124 1 34 9
grid,1,kiss_k,32,1.0,24,21.60000056028366,31.844366959753025,108 10 67 23 99 19 26 46 105 56 78 57 31 55 49 42 64 104 109 41 68 95 14 30 101 123 121 24 124 1 34 9
grid,1,kiss_k,32,0.1,25,19.200000166893005,29.554566585159346,56 32 120 92 38 72 93 29 73 62 108 123 121 25 67 109 11 78 15 90 8 85 16 107 75 66 23 39 14 68 44 17
grid,1,kiss_k,32,1.0,25,20.000000298023224,29.537079230196024,56 32 120 92 38 72 93 29 73 62 108 123 121 25 67 109 11 78 15 90 8 85 16 107 75 66 23 39 14 68 44 17
grid,1,kiss_k,32,0.1,26,19.200000166893005,31.425157111974304,66 59 32 18 87 75 80 71 111 25 16 90 5 81 50 40 106 119 82 101 28 74 77 39 52 100 105 94 47 44 124 1
grid,1,kiss_k,32,1.0,26,19.200000166893005,31.531121271786393,66 59 32 18 87 75 80 71 111 25 16 90 5 81 50 40 106 119 82 101 28 74 77 39 52 100 105 94 47 44 124 1
grid,1,kiss_k,32,0.1,27,20.000000298023224,31.89761037676842,101 98 2 119 50 66 32 80 44 96 90 75 123 47 88 116 63 52 111 43 56 118 64 17 110 70 25 49 1 120 45 20
grid,1,kiss_k,32,1.0,27,20.800000429153442,32.108657825606386,101 98 2 119 50 66 32 80 44 96 90 75 123 47 88 116 63 52 111 43 56 118 64 17 110 70 25 49 1 120 45 20
grid,1,kiss_k,32,0.1,28,19.200000166893005,31.77909714041497,27 100 79 101 42 3 76 0 52 112 20 122 44 17 94 6 26 73 75 58 98 64 24 11 10 7 38 80 43 78 49 88
grid,1,kiss_k,32,1.0,28,16.79999977350235,30.396005058601027,27 100 79 101 42 3 76 0 52 112 20 122 44 17 94 6 26 73 75 58 98 64 24 11 10 7 38 80 43 78 49 88
grid,1,kiss_k,32,0.1,29,14.399999380111694,26.881664885559907,72 106 100 77 3 79 115 26 124 78 93 28 20 113 38 71 66 62 102 23 73 27 57 61 44 36 15 7 29 101 42 91
grid,1,kiss_k,32,1.0,29,15.199999511241913,27.40690742513938,72 106 100 77 3 79 115 26 124 78 93 28 20 113 38 71 66 62 102 23 73 27 57 61 44 36 15 7 29 101 42 91
grid,2,raw,0,-1,-1,26.399999856948853,35.575925554602236,
grid,2,center,0,-1,-1,26.399999856948853,35.575925554602236,
grid,2,unlab,0,0.1,-1,25.600001215934753,34.188412759451545,
grid,2,kiss_all,125,0.1,-1,23.19999933242798,31.922339476242684,
grid,2,unlab,0,1.0,-1,26.399999856948853,34.63361696984636,
grid,2,kiss_all,125,1.0,-1,24.799999594688416,34.40651328701354,
grid,2,kiss_k,2,0.1,0,25.600001215934753,34.887012150105754,36 68
grid,2,kiss_k,2,1.0,0,23.999999463558197,33.488364607671365,36 68
grid,2,kiss_k,2,0.1,1,23.999999463558197,33.17960636046387,64 54
grid,2,kiss_k,2,1.0,1,24.799999594688416,33.00807368969239,64 54
grid,2,kiss_k,2,0.1,2,25.600001215934753,34.796282280651106,103 62
grid,2,kiss_k,2,1.0,2,25.600001215934753,34.64584126181617,103 62
grid,2,kiss_k,2,0.1,3,24.799999594688416,33.30738547633821,72 66
grid,2,kiss_k,2,1.0,3,24.799999594688416,33.60223850730629,72 66
grid,2,kiss_k,2,0.1,4,26.399999856948853,34.87727861445119,103 121
grid,2,kiss_k,2,1.0,4,25.600001215934753,34.63250746021908,103 121
grid,2,kiss_k,2,0.1,5,25.600001215934753,34.11588252047893,89 102
grid,2,kiss_k,2,1.0,5,23.999999463558197,33.29081780165604,89 102
grid,2,kiss_k,2,0.1,6,25.600001215934753,34.43157083430195,48 72
grid,2,kiss_k,2,1.0,6,27.20000147819519,35.146840174024376,48 72
grid,2,kiss_k,2,0.1,7,23.999999463558197,33.708903730397466,47 107
grid,2,kiss_k,2,1.0,7,25.600001215934753,34.10642038464946,47 107
grid,2,kiss_k,2,0.1,8,23.19999933242798,33.58453386029404,20 116
grid,2,kiss_k,2,1.0,8,24.799999594688416,34.31958320360711,20 116
grid,2,kiss_k,2,0.1,9,24.799999594688416,33.515537541616354,21 108
grid,2,kiss_k,2,1.0,9,24.799999594688416,33.43706059104606,21 108
grid,2,kiss_k,2,0.1,10,24.799999594688416,34.231099810376456,61 115
grid,2,kiss_k,2,1.0,10,23.999999463558197,33.5521485050413,61 115
grid,2,kiss_k,2,0.1,11,25.600001215934753,34.35474161021169,120 16
grid,2,kiss_k,2,1.0,11,25.600001215934753,34.4693953885301,120 16
grid,2,kiss_k,2,0.1,12,26.399999856948853,34.74354685240248,30 27
grid,2,kiss_k,2,1.0,12,25.600001215934753,34.582546183377964,30 27
grid,2,kiss_k,2,0.1,13,25.600001215934753,34.68164547574961,87 39
grid,2,kiss_k,2,1.0,13,24.799999594688416,33.89418934834318,87 39
grid,2,kiss_k,2,0.1,14,23.999999463558197,33.35526636109522,66 23
grid,2,kiss_k,2,1.0,14,23.19999933242798,32.74933143162897,66 23
grid,2,kiss_k,2,0.1,15,25.600001215934753,34.06744297492325,114 92
grid,2,kiss_k,2,1.0,15,24.799999594688416,33.228170032482495,114 92
grid,2,kiss_k,2,0.1,16,23.19999933242798,33.844625416777454,114 110
grid,2,kiss_k,2,1.0,16,23.999999463558197,33.230574580529264,114 110
grid,2,kiss_k,2,0.1,17,25.600001215934753,34.709045041903494,118 21
grid,2,kiss_k,2,1.0,17,26.399999856948853,34.98746032790873,118 21
grid,2,kiss_k,2,0.1,18,23.19999933242798,32.799407306102,112 107
grid,2,kiss_k,2,1.0,18,23.999999463558197,33.232728632191275,112 107
grid,2,kiss_k,2,0.1,19,25.600001215934753,34.23408181247916,69 80
grid,2,kiss_k,2,1.0,19,25.600001215934753,34.01451354560958,69 80
grid,2,kiss_k,2,0.1,20,25.600001215934753,33.931148993318104,108 18
grid,2,kiss_k,2,1.0,20,24.799999594688416,33.714225100021544,108 18
grid,2,kiss_k,2,0.1,21,26.399999856948853,35.93551093752245,26 72
grid,2,kiss_k,2,1.0,21,25.600001215934753,34.982512183881056,26 72
grid,2,kiss_k,2,0.1,22,24.799999594688416,33.90274410555751,63 1
grid,2,kiss_k,2,1.0,22,25.600001215934753,34.12806911656165,63 1
grid,2,kiss_k,2,0.1,23,26.399999856948853,34.780816122495736,0 1
grid,2,kiss_k,2,1.0,23,23.999999463558197,33.22318982106877,0 1
grid,2,kiss_k,2,0.1,24,25.600001215934753,34.17470291995458,18 78
grid,2,kiss_k,2,1.0,24,25.600001215934753,34.084942265783354,18 78
grid,2,kiss_k,2,0.1,25,23.999999463558197,33.559329901106835,115 23
grid,2,kiss_k,2,1.0,25,24.799999594688416,34.006955244368456,115 23
grid,2,kiss_k,2,0.1,26,24.799999594688416,33.04129235996713,6 7
grid,2,kiss_k,2,1.0,26,26.399999856948853,33.865857394298935,6 7
grid,2,kiss_k,2,0.1,27,25.600001215934753,33.594772774220544,21 55
grid,2,kiss_k,2,1.0,27,25.600001215934753,33.7012929601513,21 55
grid,2,kiss_k,2,0.1,28,25.600001215934753,34.417020877600486,110 40
grid,2,kiss_k,2,1.0,28,24.799999594688416,34.02169975105077,110 40
grid,2,kiss_k,2,0.1,29,23.19999933242798,33.47796241748663,61 49
grid,2,kiss_k,2,1.0,29,23.19999933242798,33.33236812968985,61 49
grid,2,kiss_k,4,0.1,0,25.600001215934753,34.221773525789224,12 73 5 60
grid,2,kiss_k,4,1.0,0,26.399999856948853,34.25404264210836,12 73 5 60
grid,2,kiss_k,4,0.1,1,23.999999463558197,33.070627419011416,85 6 88 3
grid,2,kiss_k,4,1.0,1,23.19999933242798,32.78769207803981,85 6 88 3
grid,2,kiss_k,4,0.1,2,25.600001215934753,34.73482734529688,87 48 47 54
grid,2,kiss_k,4,1.0,2,25.600001215934753,34.23024784679806,87 48 47 54
grid,2,kiss_k,4,0.1,3,26.399999856948853,35.39141738452533,26 59 15 3
grid,2,kiss_k,4,1.0,3,23.999999463558197,33.89058372035792,26 59 15 3
grid,2,kiss_k,4,0.1,4,26.399999856948853,36.131404171670596,60 116 26 25
grid,2,kiss_k,4,1.0,4,26.399999856948853,35.63330324609553,60 116 26 25
grid,2,kiss_k,4,0.1,5,24.799999594688416,33.32235667427747,9 71 15 18
grid,2,kiss_k,4,1.0,5,25.600001215934753,33.831114778453504,9 71 15 18
grid,2,kiss_k,4,0.1,6,26.399999856948853,34.88037642653842,114 121 62 33
grid,2,kiss_k,4,1.0,6,26.399999856948853,34.97208303303956,114 121 62 33
grid,2,kiss_k,4,0.1,7,23.999999463558197,33.35511342822518,117 60 25 106
grid,2,kiss_k,4,1.0,7,24.799999594688416,33.637008815511855,117 60 25 106
grid,2,kiss_k,4,0.1,8,24.799999594688416,33.993016408785756,94 20 79 117
grid,2,kiss_k,4,1.0,8,24.799999594688416,33.94366250857482,94 20 79 117
grid,2,kiss_k,4,0.1,9,23.999999463558197,33.174347613902235,104 74 100 107
grid,2,kiss_k,4,1.0,9,22.40000069141388,32.290897769709034,104 74 100 107
grid,2,kiss_k,4,0.1,10,28.00000011920929,35.42758663348414,123 62 30 64
grid,2,kiss_k,4,1.0,10,26.399999856948853,34.911200349613395,123 62 30 64
grid,2,kiss_k,4,0.1,11,25.600001215934753,35.296828828693066,93 101 116 23
grid,2,kiss_k,4,1.0,11,23.999999463558197,34.33272119143315,93 101 116 23
grid,2,kiss_k,4,0.1,12,24.799999594688416,33.76279527522183,57 9 29 113
grid,2,kiss_k,4,1.0,12,25.600001215934753,34.357253284436666,57 9 29 113
grid,2,kiss_k,4,0.1,13,24.799999594688416,34.37993130312682,124 59 90 22
grid,2,kiss_k,4,1.0,13,25.600001215934753,34.4990314094842,124 59 90 22
grid,2,kiss_k,4,0.1,14,24.799999594688416,34.222749861527475,89 51 108 7
grid,2,kiss_k,4,1.0,14,23.999999463558197,33.921045301327744,89 51 108 7
grid,2,kiss_k,4,0.1,15,25.600001215934753,35.0086423870795,114 26 124 108
grid,2,kiss_k,4,1.0,15,24.799999594688416,33.948626770185044,114 26 124 108
grid,2,kiss_k,4,0.1,16,25.600001215934753,34.725025180923744,113 2 44 104
grid,2,kiss_k,4,1.0,16,24.799999594688416,34.420522282921276,113 2 44 104
grid,2,kiss_k,4,0.1,17,23.19999933242798,33.26821013503481,56 11 122 76
grid,2,kiss_k,4,1.0,17,23.19999933242798,33.090573976975335,56 11 122 76
grid,2,kiss_k,4,0.1,18,23.999999463558197,32.95716452282382,64 15 84 71
grid,2,kiss_k,4,1.0,18,23.999999463558197,33.425141831594416,64 15 84 71
grid,2,kiss_k,4,0.1,19,23.999999463558197,33.14956613068369,21 90 94 50
grid,2,kiss_k,4,1.0,19,23.999999463558197,33.14542324892507,21 90 94 50
grid,2,kiss_k,4,0.1,20,24.799999594688416,34.09002847739136,64 123 110 70
grid,2,kiss_k,4,1.0,20,23.999999463558197,33.66617581445548,64 123 110 70
grid,2,kiss_k,4,0.1,21,23.999999463558197,34.14887803924911,121 61 74 49
grid,2,kiss_k,4,1.0,21,23.19999933242798,33.49654956242973,121 61 74 49
grid,2,kiss_k,4,0.1,22,25.600001215934753,34.03592273014658,76 77 61 80
grid,2,kiss_k,4,1.0,22,24.799999594688416,33.68807355958886,76 77 61 80
grid,2,kiss_k,4,0.1,23,23.999999463558197,33.80045016992555,15 100 49 111
grid,2,kiss_k,4,1.0,23,23.999999463558197,33.470590404610036,15 100 49 111
grid,2,kiss_k,4,0.1,24,23.999999463558197,34.216845308942254,95 46 75 56
grid,2,kiss_k,4,1.0,24,22.40000069141388,33.08623612928307,95 46 75 56
grid,2,kiss_k,4,0.1,25,23.19999933242798,33.25588252579818,60 65 81 53
grid,2,kiss_k,4,1.0,25,23.19999933242798,32.72136614690138,60 65 81 53
grid,2,kiss_k,4,0.1,26,26.399999856948853,34.930846089625156,89 68 53 61
grid,2,kiss_k,4,1.0,26,25.600001215934753,34.38298494671969,89 68 53 61
grid,2,kiss_k,4,0.1,27,25.600001215934753,35.80072293806873,39 48 115 26
grid,2,kiss_k,4,1.0,27,26.399999856948853,35.848829549711134,39 48 115 26
grid,2,kiss_k,4,0.1,28,27.20000147819519,34.899947851771316,28 113 7 33
grid,2,kiss_k,4,1.0,28,25.600001215934753,34.201377575075604,28 113 7 33
grid,2,kiss_k,4,0.1,29,24.799999594688416,34.08980405861436,95 63 112 36
grid,2,kiss_k,4,1.0,29,23.999999463558197,33.690276564582874,95 63 112 36
grid,2,kiss_k,8,0.1,0,23.999999463558197,33.88706462579109,38 32 45 105 33 52 43 1
grid,2,kiss_k,8,1.0,0,22.40000069141388,32.88305019828089,38 32 45 105 33 52 43 1
grid,2,kiss_k,8,0.1,1,25.600001215934753,35.52209764442546,26 95 107 69 8 62 52 105
grid,2,kiss_k,8,1.0,1,26.399999856948853,36.39922072280826,26 95 107 69 8 62 52 105
grid,2,kiss_k,8,0.1,2,25.600001215934753,34.338203834402655,54 58 69 124 105 21 1 48
grid,2,kiss_k,8,1.0,2,26.399999856948853,34.62369663165002,54 58 69 124 105 21 1 48
grid,2,kiss_k,8,0.1,3,27.20000147819519,35.88389591378256,108 104 23 124 68 121 33 91
grid,2,kiss_k,8,1.0,3,24.799999594688416,34.59409171548115,108 104 23 124 68 121 33 91
grid,2,kiss_k,8,0.1,4,23.19999933242798,32.901826376117405,84 98 6 2 124 104 86 42
grid,2,kiss_k,8,1.0,4,24.799999594688416,34.41481347122083,84 98 6 2 124 104 86 42
grid,2,kiss_k,8,0.1,5,28.00000011920929,35.47375126203948,112 70 27 107 118 16 38 55
grid,2,kiss_k,8,1.0,5,26.399999856948853,34.51984424568701,112 70 27 107 118 16 38 55
grid,2,kiss_k,8,0.1,6,29.600000381469727,37.1202037033269,117 62 24 88 118 67 46 73
grid,2,kiss_k,8,1.0,6,29.600000381469727,37.13739816697325,117 62 24 88 118 67 46 73
grid,2,kiss_k,8,0.1,7,24.799999594688416,34.690438046161084,71 23 24 85 53 98 58 54
grid,2,kiss_k,8,1.0,7,24.799999594688416,34.178919726405404,71 23 24 85 53 98 58 54
grid,2,kiss_k,8,0.1,8,26.399999856948853,34.415825801337206,32 35 121 103 61 3 106 74
grid,2,kiss_k,8,1.0,8,25.600001215934753,34.13968575639048,32 35 121 103 61 3 106 74
grid,2,kiss_k,8,0.1,9,24.799999594688416,33.50659833904315,20 82 4 27 93 59 33 80
grid,2,kiss_k,8,1.0,9,24.799999594688416,33.53342548379008,20 82 4 27 93 59 33 80
grid,2,kiss_k,8,0.1,10,23.19999933242798,33.10551563442971,90 60 83 15 4 11 107 64
grid,2,kiss_k,8,1.0,10,23.19999933242798,32.72605951430583,90 60 83 15 4 11 107 64
grid,2,kiss_k,8,0.1,11,27.20000147819519,36.012120218544375,43 115 50 11 79 12 118 45
grid,2,kiss_k,8,1.0,11,26.399999856948853,35.34102210270139,43 115 50 11 79 12 118 45
grid,2,kiss_k,8,0.1,12,27.20000147819519,36.03684752705224,61 56 42 49 121 17 81 16
grid,2,kiss_k,8,1.0,12,26.399999856948853,35.57793740143309,61 56 42 49 121 17 81 16
grid,2,kiss_k,8,0.1,13,27.20000147819519,36.10069325348612,92 116 26 72 113 16 56 82
grid,2,kiss_k,8,1.0,13,26.399999856948853,35.820857178031176,92 116 26 72 113 16 56 82
grid,2,kiss_k,8,0.1,14,27.20000147819519,35.85927606414024,64 81 23 73 111 69 120 121
grid,2,kiss_k,8,1.0,14,28.79999876022339,36.42923858819866,64 81 23 73 111 69 120 121
grid,2,kiss_k,8,0.1,15,26.399999856948853,35.302390581675894,50 33 101 22 63 121 11 55
grid,2,kiss_k,8,1.0,15,27.20000147819519,35.38557957177545,50 33 101 22 63 121 11 55
grid,2,kiss_k,8,0.1,16,24.799999594688416,33.96002255160657,31 27 91 104 115 114 17 28
grid,2,kiss_k,8,1.0,16,24.799999594688416,33.832610336959895,31 27 91 104 115 114 17 28
grid,2,kiss_k,8,0.1,17,27.20000147819519,35.79237239192231,26 77 11 101 24 86 6 99
grid,2,kiss_k,8,1.0,17,26.399999856948853,35.417512028710405,26 77 11 101 24 86 6 99
grid,2,kiss_k,8,0.1,18,24.799999594688416,33.798430798516435,59 43 117 12 71 112 48 44
grid,2,kiss_k,8,1.0,18,25.600001215934753,34.472771027370904,59 43 117 12 71 112 48 44
grid,2,kiss_k,8,0.1,19,25.600001215934753,33.85197703529525,76 90 94 29 8 92 96 60
grid,2,kiss_k,8,1.0,19,25.600001215934753,33.581956532890544,76 90 94 29 8 92 96 60
grid,2,kiss_k,8,0.1,20,23.999999463558197,33.589863141874574,105 21 36 7 15 39 87 45
grid,2,kiss_k,8,1.0,20,22.40000069141388,32.49918469236138,105 21 36 7 15 39 87 45
grid,2,kiss_k,8,0.1,21,24.799999594688416,34.12117571818806,2 77 119 100 6 5 48 70
grid,2,kiss_k,8,1.0,21,23.999999463558197,33.717306012363316,2 77 119 100 6 5 48 70
grid,2,kiss_k,8,0.1,22,23.999999463558197,33.601106579651905,75 45 112 42 3 89 83 103
grid,2,kiss_k,8,1.0,22,24.799999594688416,33.77006168262874,75 45 112 42 3 89 83 103
grid,2,kiss_k,8,0.1,23,22.40000069141388,32.25645982315189,78 100 1 59 7 0 13 105
grid,2,kiss_k,8,1.0,23,23.19999933242798,32.35456329698305,78 100 1 59 7 0 13 105
grid,2,kiss_k,8,0.1,24,22.40000069141388,32.945337372891814,32 19 115 86 28 118 122 12
grid,2,kiss_k,8,1.0,24,23.999999463558197,33.60660511090756,32 19 115 86 28 118 122 12
grid,2,kiss_k,8,0.1,25,28.79999876022339,36.12877010484834,59 119 82 61 55 16 80 27
grid,2,kiss_k,8,1.0,25,27.20000147819519,34.96264631137227,59 119 82 61 55 16 80 27
grid,2,kiss_k,8,0.1,26,26.399999856948853,35.059958076496535,8 116 32 114 123 66 86 57
grid,2,kiss_k,8,1.0,26,26.399999856948853,35.294023390785334,8 116 32 114 123 66 86 57
grid,2,kiss_k,8,0.1,27,26.399999856948853,34.850946914462185,22 43 107 57 41 86 35 30
grid,2,kiss_k,8,1.0,27,25.600001215934753,34.5537710256433,22 43 107 57 41 86 35 30
grid,2,kiss_k,8,0.1,28,25.600001215934753,34.50380633695108,47 2 84 11 6 20 117 85
grid,2,kiss_k,8,1.0,28,25.600001215934753,34.701816692262256,47 2 84 11 6 20 117 85
grid,2,kiss_k,8,0.1,29,28.00000011920929,36.716822207716895,73 75 96 51 2 82 8 120
grid,2,kiss_k,8,1.0,29,28.00000011920929,36.975763659819236,73 75 96 51 2 82 8 120
grid,2,kiss_k,16,0.1,0,26.399999856948853,35.18940065318026,69 68 12 82 73 33 122 112 106 3 92 46 74 81 21 116
grid,2,kiss_k,16,1.0,0,26.399999856948853,35.51952827402602,69 68 12 82 73 33 122 112 106 3 92 46 74 81 21 116
grid,2,kiss_k,16,0.1,1,25.600001215934753,35.22160904591937,18 21 84 26 19 70 110 80 35 92 57 23 28 11 116 75
grid,2,kiss_k,16,1.0,1,25.600001215934753,34.948517023235325,18 21 84 26 19 70 110 80 35 92 57 23 28 11 116 75
grid,2,kiss_k,16,0.1,2,26.399999856948853,36.4219446376216,112 39 0 67 14 32 48 98 122 35 45 16 22 1 104 21
grid,2,kiss_k,16,1.0,2,24.799999594688416,35.44967394737951,112 39 0 67 14 32 48 98 122 35 45 16 22 1 104 21
grid,2,kiss_k,16,0.1,3,28.00000011920929,35.6907837650525,25 85 47 115 33 57 118 43 55 37 44 111 52 75 89 31
grid,2,kiss_k,16,1.0,3,25.600001215934753,34.68850805966348,25 85 47 115 33 57 118 43 55 37 44 111 52 75 89 31
grid,2,kiss_k,16,0.1,4,28.79999876022339,36.24993331263086,29 123 51 58 93 6 7 77 67 124 104 0 55 86 60 9
grid,2,kiss_k,16,1.0,4,28.00000011920929,35.832112204386796,29 123 51 58 93 6 7 77 67 124 104 0 55 86 60 9
grid,2,kiss_k,16,0.1,5,23.999999463558197,33.34063344039498,20 48 62 93 22 28 89 94 9 6 53 45 84 10 65 43
grid,2,kiss_k,16,1.0,5,24.799999594688416,33.95278832750861,20 48 62 93 22 28 89 94 9 6 53 45 84 10 65 43
grid,2,kiss_k,16,0.1,6,25.600001215934753,34.68896909922661,93 45 113 55 18 105 64 118 46 74 86 82 87 59 88 81
grid,2,kiss_k,16,1.0,6,23.999999463558197,34.01603110977311,93 45 113 55 18 105 64 118 46 74 86 82 87 59 88 81
grid,2,kiss_k,16,0.1,7,23.999999463558197,32.79882333447001,47 53 79 56 84 96 38 54 3 20 59 5 103 27 93 1
grid,2,kiss_k,16,1.0,7,23.999999463558197,33.14781406567755,47 53 79 56 84 96 38 54 3 20 59 5 103 27 93 1
grid,2,kiss_k,16,0.1,8,27.20000147819519,36.418631014822225,48 112 53 25 85 34 65 83 54 2 11 46 26 15 50 60
grid,2,kiss_k,16,1.0,8,27.20000147819519,36.213919235292074,48 112 53 25 85 34 65 83 54 2 11 46 26 15 50 60
grid,2,kiss_k,16,0.1,9,23.19999933242798,34.9000152097066,51 50 27 97 16 80 67 6 69 86 95 111 93 79 38 107
grid,2,kiss_k,16,1.0,9,21.60000056028366,33.362641574815136,51 50 27 97 16 80 67 6 69 86 95 111 93 79 38 107
grid,2,kiss_k,16,0.1,10,28.00000011920929,37.085008249067705,92 117 8 101 55 23 13 64 77 12 112 16 94 26 88 79
grid,2,kiss_k,16,1.0,10,27.20000147819519,36.14783415200959,92 117 8 101 55 23 13 64 77 12 112 16 94 26 88 79
grid,2,kiss_k,16,0.1,11,26.399999856948853,36.34304733815214,26 58 23 9 70 64 55 122 46 35 68 115 50 45 76 73
grid,2,kiss_k,16,1.0,11,28.00000011920929,36.91793624866755,26 58 23 9 70 64 55 122 46 35 68 115 50 45 76 73
grid,2,kiss_k,16,0.1,12,26.399999856948853,35.31432385487541,4 38 85 54 24 99 45 82 29 89 58 111 83 66 62 122
grid,2,kiss_k,16,1.0,12,26.399999856948853,35.28475001457693,4 38 85 54 24 99 45 82 29 89 58 111 83 66 62 122
grid,2,kiss_k,16,0.1,13,23.999999463558197,33.67659274866981,116 6 33 53 19 103 4 105 38 88 67 113 76 89 13 114
grid,2,kiss_k,16,1.0,13,21.60000056028366,32.691325235918384,116 6 33 53 19 103 4 105 38 88 67 113 76 89 13 114
grid,2,kiss_k,16,0.1,14,28.00000011920929,36.0628653559308,106 118 75 77 81 73 63 107 86 25 35 91 65 89 105 124
grid,2,kiss_k,16,1.0,14,27.20000147819519,35.57341473416406,106 118 75 77 81 73 63 107 86 25 35 91 65 89 105 124
grid,2,kiss_k,16,0.1,15,23.19999933242798,33.39488672967365,86 25 110 64 105 57 20 36 37 44 116 32 48 84 107 59
grid,2,kiss_k,16,1.0,15,22.40000069141388,32.64256462652993,86 25 110 64 105 57 20 36 37 44 116 32 48 84 107 59
grid,2,kiss_k,16,0.1,16,26.399999856948853,34.413901294609246,23 34 6 97 69 119 27 102 84 91 20 72 90 110 11 28
grid,2,kiss_k,16,1.0,16,26.399999856948853,34.608301825309724,23 34 6 97 69 119 27 102 84 91 20 72 90 110 11 28
grid,2,kiss_k,16,0.1,17,27.20000147819519,35.67676208830403,80 102 16 115 42 107 117 68 52 28 101 50 41 36 120 89
grid,2,kiss_k,16,1.0,17,27.20000147819519,36.065457629408,80 102 16 115 42 107 117 68 52 28 101 50 41 36 120 89
grid,2,kiss_k,16,0.1,18,27.20000147819519,35.426583357362915,42 55 31 108 68 38 43 5 14 74 72 49 2 44 61 17
grid,2,kiss_k,16,1.0,18,27.20000147819519,35.344273381840665,42 55 31 108 68 38 43 5 14 74 72 49 2 44 61 17
grid,2,kiss_k,16,0.1,19,24.799999594688416,33.69786189974743,24 0 31 18 30 17 92 63 61 117 101 1 115 66 72 33
grid,2,kiss_k,16,1.0,19,24.799999594688416,33.617767521011345,24 0 31 18 30 17 92 63 61 117 101 1 115 66 72 33
grid,2,kiss_k,16,0.1,20,25.600001215934753,34.517944180237606,33 48 58 65 59 11 12 114 83 97 109 87 27 118 51 80
grid,2,kiss_k,16,1.0,20,25.600001215934753,34.574423702923376,33 48 58 65 59 11 12 114 83 97 109 87 27 118 51 80
grid,2,kiss_k,16,0.1,21,26.399999856948853,34.98143310822328,67 22 51 75 114 89 117 57 42 92 59 112 104 28 14 64
grid,2,kiss_k,16,1.0,21,27.20000147819519,35.12916589651507,67 22 51 75 114 89 117 57 42 92 59 112 104 28 14 64
grid,2,kiss_k,16,0.1,22,23.999999463558197,33.193160029264355,33 61 99 80 34 90 13 46 57 100 70 87 86 6 117 63
grid,2,kiss_k,16,1.0,22,22.40000069141388,32.11470888470268,33 61 99 80 34 90 13 46 57 100 70 87 86 6 117 63
grid,2,kiss_k,16,0.1,23,21.60000056028366,32.396055111525285,72 6 110 86 69 33 112 36 27 19 95 35 80 18 2 1
grid,2,kiss_k,16,1.0,23,21.60000056028366,32.53382046097927,72 6 110 86 69 33 112 36 27 19 95 35 80 18 2 1
grid,2,kiss_k,16,0.1,24,25.600001215934753,34.53517126894063,82 76 66 56 4 23 51 35 42 25 87 33 53 8 30 1
grid,2,kiss_k,16,1.0,24,24.799999594688416,33.78454934381001,82 76 66 56 4 23 51 35 42 25 87 33 53 8 30 1
grid,2,kiss_k,16,0.1,25,24.799999594688416,33.93895257803629,59 69 113 7 13 43 31 90 122 57 32 93 61 35 15 60
grid,2,kiss_k,16,1.0,25,23.999999463558197,33.167546537011,59 69 113 7 13 43 31 90 122 57 32 93 61 35 15 60
grid,2,kiss_k,16,0.1,26,28.00000011920929,36.03165545067576,93 91 105 60 89 53 43 59 85 30 0 19 73 46 71 28
grid,2,kiss_k,16,1.0,26,28.79999876022339,36.73122272706199,93 91 105 60 89 53 43 59 85 30 0 19 73 46 71 28
grid,2,kiss_k,16,0.1,27,27.20000147819519,36.2944533739651,61 59 121 22 1 109 87 114 14 81 84 34 54 110 118 93
grid,2,kiss_k,16,1.0,27,26.399999856948853,35.72267131927553,61 59 121 22 1 109 87 114 14 81 84 34 54 110 118 93
grid,2,kiss_k,16,0.1,28,25.600001215934753,34.51802768223646,68 91 13 112 7 8 44 15 36 20 30 77 57 106 43 109
grid,2,kiss_k,16,1.0,28,24.799999594688416,33.9931451847848,68 91 13 112 7 8 44 15 36 20 30 77 57 106 43 109
grid,2,kiss_k,16,0.1,29,23.19999933242798,32.777367393869355,84 123 4 32 18 23 0 25 85 119 9 24 100 66 29 56
grid,2,kiss_k,16,1.0,29,22.40000069141388,32.298499774263846,84 123 4 32 18 23 0 25 85 119 9 24 100 66 29 56
grid,2,kiss_k,32,0.1,0,25.600001215934753,34.901909646030035,30 107 69 52 64 98 2 45 26 35 105 115 55 91 92 41 106 56 102 11 44 7 3 120 80 48 34 77 5 57 124 121
grid,2,kiss_k,32,1.0,0,26.399999856948853,35.33389797086654,30 107 69 52 64 98 2 45 26 35 105 115 55 91 92 41 106 56 102 11 44 7 3 120 80 48 34 77 5 57 124 121
grid,2,kiss_k,32,0.1,1,24.799999594688416,33.25949960519184,23 103 55 88 20 59 102 41 122 87 109 2 106 78 90 42 9 70 39 49 27 111 6 119 13 25 44 24 89 104 76 67
grid,2,kiss_k,32,1.0,1,24.799999594688416,33.36219629909681,23 103 55 88 20 59 102 41 122 87 109 2 106 78 90 42 9 70 39 49 27 111 6 119 13 25 44 24 89 104 76 67
grid,2,kiss_k,32,0.1,2,25.600001215934753,34.76389893444701,74 122 87 111 62 116 82 1 51 72 32 18 91 120 96 124 35 58 105 63 77 8 100 10 57 115 31 104 121 86 53 81
grid,2,kiss_k,32,1.0,2,23.999999463558197,33.906709682589174,74 122 87 111 62 116 82 1 51 72 32 18 91 120 96 124 35 58 105 63 77 8 100 10 57 115 31 104 121 86 53 81
grid,2,kiss_k,32,0.1,3,25.600001215934753,33.75385259435185,121 112 41 110 85 77 119 0 1 10 31 97 33 120 68 114 54 72 113 123 57 44 106 32 107 17 111 9 7 89 83 96
grid,2,kiss_k,32,1.0,3,26.399999856948853,34.70571941049927,121 112 41 110 85 77 119 0 1 10 31 97 33 120 68 114 54 72 113 123 57 44 106 32 107 17 111 9 7 89 83 96
grid,2,kiss_k,32,0.1,4,27.20000147819519,35.82874045904428,64 118 114 49 14 58 104 26 54 10 108 62 115 47 99 66 56 111 34 109 79 52 43 68 74 69 78 63 50 105 89 44
grid,2,kiss_k,32,1.0,4,26.399999856948853,35.45195422401096,64 118 114 49 14 58 104 26 54 10 108 62 115 47 99 66 56 111 34 109 79 52 43 68 74 69 78 63 50 105 89 44
grid,2,kiss_k,32,0.1,5,26.399999856948853,34.71778214901772,122 109 88 56 36 71 0 12 97 38 44 50 28 82 32 54 6 85 15 96 51 45 81 110 53 106 78 93 8 39 112 72
grid,2,kiss_k,32,1.0,5,24.799999594688416,34.409215735748454,122 109 88 56 36 71 0 12 97 38 44 50 28 82 32 54 6 85 15 96 51 45 81 110 53 106 78 93 8 39 112 72
grid,2,kiss_k,32,0.1,6,23.999999463558197,34.57985436725586,22 96 1 55 11 90 99 69 51 92 33 12 59 122 120 37 0 102 46 64 13 48 97 23 116 74 76 56 53 50 77 107
grid,2,kiss_k,32,1.0,6,22.40000069141388,34.08983838667241,22 96 1 55 11 90 99 69 51 92 33 12 59 122 120 37 0 102 46 64 13 48 97 23 116 74 76 56 53 50 77 107
grid,2,kiss_k,32,0.1,7,24.799999594688416,34.36262368689192,20 23 124 101 26 96 93 14 94 60 25 15 48 120 55 2 11 39 115 76 58 97 106 4 72 92 80 8 22 10 73 84
grid,2,kiss_k,32,1.0,7,25.600001215934753,34.96986845959971,20 23 124 101 26 96 93 14 94 60 25 15 48 120 55 2 11 39 115 76 58 97 106 4 72 92 80 8 22 10 73 84
grid,2,kiss_k,32,0.1,8,26.399999856948853,34.12554960949542,64 92 101 24 32 93 14 4 30 17 115 89 94 99 100 96 74 108 47 34 104 120 38 55 122 45 112 70 40 42 61 7
grid,2,kiss_k,32,1.0,8,25.600001215934753,34.04482676048698,64 92 101 24 32 93 14 4 30 17 115 89 94 99 100 96 74 108 47 34 104 120 38 55 122 45 112 70 40 42 61 7
grid,2,kiss_k,32,0.1,9,27.20000147819519,35.58882296574212,0 77 46 14 41 7 9 24 111 70 28 108 32 11 103 47 95 60 99 76 18 65 110 58 96 48 106 23 1 12 97 74
grid,2,kiss_k,32,1.0,9,26.399999856948853,35.18833994798917,0 77 46 14 41 7 9 24 111 70 28 108 32 11 103 47 95 60 99 76 18 65 110 58 96 48 106 23 1 12 97 74
grid,2,kiss_k,32,0.1,10,24.799999594688416,33.384516010114226,39 111 78 98 7 66 68 70 115 72 122 80 121 83 61 4 20 96 104 75 10 6 102 32 93 56 28 25 67 76 8 51
grid,2,kiss_k,32,1.0,10,26.399999856948853,33.781685849253826,39 111 78 98 7 66 68 70 115 72 122 80 121 83 61 4 20 96 104 75 10 6 102 32 93 56 28 25 67 76 8 51
grid,2,kiss_k,32,0.1,11,23.999999463558197,34.40996129233244,98 17 9 12 101 69 77 82 20 110 115 56 11 33 60 81 95 58 51 23 6 50 27 89 67 57 106 25 72 44 21 29
grid,2,kiss_k,32,1.0,11,23.999999463558197,34.4649678543809,98 17 9 12 101 69 77 82 20 110 115 56 11 33 60 81 95 58 51 23 6 50 27 89 67 57 106 25 72 44 21 29
grid,2,kiss_k,32,0.1,12,23.19999933242798,32.641936170896045,93 21 32 25 112 84 55 30 64 73 88 14 42 4 52 54 72 24 118 10 34 49 13 44 77 117 1 124 63 35 105 18
grid,2,kiss_k,32,1.0,12,23.999999463558197,33.61453112923984,93 21 32 25 112 84 55 30 64 73 88 14 42 4 52 54 72 24 118 10 34 49 13 44 77 117 1 124 63 35 105 18
grid,2,kiss_k,32,0.1,13,24.799999594688416,34.462617492815525,96 63 51 32 34 109 120 41 36 28 70 74 112 44 14 91 4 59 116 71 45 19 101 108 11 81 18 8 123 104 113 3
grid,2,kiss_k,32,1.0,13,23.999999463558197,34.14218798392177,96 63 51 32 34 109 120 41 36 28 70 74 112 44 14 91 4 59 116 71 45 19 101 108 11 81 18 8 123 104 113 3
grid,2,kiss_k,32,0.1,14,26.399999856948853,35.867147338658164,108 10 67 23 99 19 26 46 105 56 78 57 31 55 49 42 64 104 109 41 68 95 14 30 101 123 121 24 124 1 34 9
grid,2,kiss_k,32,1.0,14,24.799999594688416,34.56877034118602,108 10 67 23 99 19 26 46 105 56 78 57 31 55 49 42 64 104 109 41 68 95 14 30 101 123 121 24 124 1 34 9
grid,2,kiss_k,32,0.1,15,27.20000147819519,35.35918005048502,56 32 120 92 38 72 93 29 73 62 108 123 121 25 67 109 11 78 15 90 8 85 16 107 75 66 23 39 14 68 44 17
grid,2,kiss_k,32,1.0,15,28.00000011920929,36.06177728949195,56 32 120 92 38 72 93 29 73 62 108 123 121 25 67 109 11 78 15 90 8 85 16 107 75 66 23 39 14 68 44 17
grid,2,kiss_k,32,0.1,16,25.600001215934753,34.318764438787206,66 59 32 18 87 75 80 71 111 25 16 90 5 81 50 40 106 119 82 101 28 74 77 39 52 100 105 94 47 44 124 1
grid,2,kiss_k,32,1.0,16,25.600001215934753,34.575448341545965,66 59 32 18 87 75 80 71 111 25 16 90 5 81 50 40 106 119 82 101 28 74 77 39 52 100 105 94 47 44 124 1
grid,2,kiss_k,32,0.1,17,28.00000011920929,36.3696819344782,101 98 2 119 50 66 32 80 44 96 90 75 123 47 88 116 63 52 111 43 56 118 64 17 110 70 25 49 1 120 45 20
grid,2,kiss_k,32,1.0,17,26.399999856948853,35.660093035447424,101 98 2 119 50 66 32 80 44 96 90 75 123 47 88 116 63 52 111 43 56 118 64 17 110 70 25 49 1 120 45 20
grid,2,kiss_k,32,0.1,18,25.600001215934753,35.11227853546971,27 100 79 101 42 3 76 0 52 112 20 122 44 17 94 6 26 73 75 58 98 64 24 11 10 7 38 80 43 78 49 88
grid,2,kiss_k,32,1.0,18,23.19999933242798,33.45141380408376,27 100 79 101 42 3 76 0 52 112 20 122 44 17 94 6 26 73 75 58 98 64 24 11 10 7 38 80 43 78 49 88
grid,2,kiss_k,32,0.1,19,28.79999876022339,37.328939335010695,72 106 100 77 3 79 115 26 124 78 93 28 20 113 38 71 66 62 102 23 73 27 57 61 44 36 15 7 29 101 42 91
grid,2,kiss_k,32,1.0,19,28.00000011920929,37.04612330603324,72 106 100 77 3 79 115 26 124 78 93 28 20 113 38 71 66 62 102 23 73 27 57 61 44 36 15 7 29 101 42 91
grid,2,kiss_k,32,0.1,20,25.600001215934753,35.42893480741414,23 60 42 28 59 12 11 1 75 45 65 103 121 20 90 54 57 77 2 55 7 41 51 52 26 21 122 3 15 38 53 35
grid,2,kiss_k,32,1.0,20,27.20000147819519,36.35530715763077,23 60 42 28 59 12 11 1 75 45 65 103 121 20 90 54 57 77 2 55 7 41 51 52 26 21 122 3 15 38 53 35
grid,2,kiss_k,32,0.1,21,24.799999594688416,33.881670529481376,91 44 107 103 23 110 117 9 104 12 102 65 119 122 109 28 75 88 79 14 114 15 112 106 101 84 38 78 61 50 16 4
grid,2,kiss_k,32,1.0,21,25.600001215934753,34.90447743123437,91 44 107 103 23 110 117 9 104 12 102 65 119 122 109 28 75 88 79 14 114 15 112 106 101 84 38 78 61 50 16 4
grid,2,kiss_k,32,0.1,22,23.19999933242798,33.27846661755629,5 2 53 26 104 64 1 50 96 60 34 42 58 81 41 98 66 83 14 70 80 92 123 68 124 6 122 20 94 48 109 99
grid,2,kiss_k,32,1.0,22,24.799999594688416,34.07571789659294,5 2 53 26 104 64 1 50 96 60 34 42 58 81 41 98 66 83 14 70 80 92 123 68 124 6 122 20 94 48 109 99
grid,2,kiss_k,32,0.1,23,25.600001215934753,34.77878674811625,87 18 2 22 82 59 80 15 88 86 62 63 85 67 64 94 33 104 17 79 68 6 98 8 35 3 57 109 51 93 9 106
grid,2,kiss_k,32,1.0,23,25.600001215934753,35.21543832200253,87 18 2 22 82 59 80 15 88 86 62 63 85 67 64 94 33 104 17 79 68 6 98 8 35 3 57 109 51 93 9 106
grid,2,kiss_k,32,0.1,24,23.999999463558197,33.38694578376564,31 67 7 117 52 72 86 8 15 1 100 51 44 78 38 21 43 54 0 107 24 12 84 6 88 35 59 111 104 18 10 41
grid,2,kiss_k,32,1.0,24,24.799999594688416,33.86017037188775,31 67 7 117 52 72 86 8 15 1 100 51 44 78 38 21 43 54 0 107 24 12 84 6 88 35 59 111 104 18 10 41
grid,2,kiss_k,32,0.1,25,26.399999856948853,35.095336408083774,76 87 16 119 59 98 22 1 38 63 124 33 48 24 78 19 91 74 32 123 41 105 93 103 23 73 15 116 99 88 120 111
grid,2,kiss_k,32,1.0,25,23.999999463558197,33.98209373045104,76 87 16 119 59 98 22 1 38 63 124 33 48 24 78 19 91 74 32 123 41 105 93 103 23 73 15 116 99 88 120 111
grid,2,kiss_k,32,0.1,26,28.79999876022339,37.25935982183836,28 113 39 3 119 70 69 123 30 21 4 101 50 11 117 14 46 57 55 58 6 40 108 93 45 32 13 8 37 118 16 81
grid,2,kiss_k,32,1.0,26,29.600000381469727,37.02307682086071,28 113 39 3 119 70 69 123 30 21 4 101 50 11 117 14 46 57 55 58 6 40 108 93 45 32 13 8 37 118 16 81
grid,2,kiss_k,32,0.1,27,28.00000011920929,36.80808767816867,89 60 97 119 29 18 59 67 46 38 113 12 56 40 3 54 0 66 43 115 101 90 85 82 44 55 94 13 62 9 88 11
grid,2,kiss_k,32,1.0,27,28.00000011920929,36.117541998526164,89 60 97 119 29 18 59 67 46 38 113 12 56 40 3 54 0 66 43 115 101 90 85 82 44 55 94 13 62 9 88 11
grid,2,kiss_k,32,0.1,28,23.999999463558197,33.73957213443444,60 76 107 51 55 11 9 45 80 62 96 41 64 6 42 85 118 67 30 77 70 57 122 92 12 17 111 27 74 112 52 59
grid,2,kiss_k,32,1.0,28,26.399999856948853,34.5709336994864,60 76 107 51 55 11 9 45 80 62 96 41 64 6 42 85 118 67 30 77 70 57 122 92 12 17 111 27 74 112 52 59
grid,2,kiss_k,32,0.1,29,25.600001215934753,35.246722854468295,41 34 6 92 12 66 82 64 63 37 75 99 112 90 67 45 72 57 51 26 3 46 2 97 73 42 49 62 117 11 119 124
grid,2,kiss_k,32,1.0,29,25.600001215934753,34.961332004634215,41 34 6 92 12 66 82 64 63 37 75 99 112 90 67 45 72 57 51 26 3 46 2 97 73 42 49 62 117 11 119 124
grid,3,raw,0,-1,-1,26.399999856948853,35.443090615195885,
grid,3,center,0,-1,-1,26.399999856948853,35.443090615195885,
grid,3,unlab,0,0.1,-1,24.799999594688416,34.962147252294216,
grid,3,kiss_all,125,0.1,-1,26.399999856948853,34.54186926039065,
grid,3,unlab,0,1.0,-1,25.600001215934753,35.15739881403076,
grid,3,kiss_all,125,1.0,-1,28.00000011920929,36.51328042264046,
grid,3,kiss_k,2,0.1,0,27.20000147819519,36.59497628113032,61 115
grid,3,kiss_k,2,1.0,0,27.20000147819519,36.143569674220466,61 115
grid,3,kiss_k,2,0.1,1,25.600001215934753,35.14749984962981,120 16
grid,3,kiss_k,2,1.0,1,25.600001215934753,35.16018551758753,120 16
grid,3,kiss_k,2,0.1,2,28.00000011920929,36.7212288306334,30 27
grid,3,kiss_k,2,1.0,2,28.79999876022339,36.787377971189514,30 27
grid,3,kiss_k,2,0.1,3,25.600001215934753,35.17175364378387,87 39
grid,3,kiss_k,2,1.0,3,25.600001215934753,34.69380420383534,87 39
grid,3,kiss_k,2,0.1,4,25.600001215934753,35.40170684532939,66 23
grid,3,kiss_k,2,1.0,4,26.399999856948853,35.67810690816764,66 23
grid,3,kiss_k,2,0.1,5,28.00000011920929,36.56491205611271,114 92
grid,3,kiss_k,2,1.0,5,27.20000147819519,36.41518095697025,114 92
grid,3,kiss_k,2,0.1,6,25.600001215934753,35.48595715710736,114 110
grid,3,kiss_k,2,1.0,6,26.399999856948853,35.64567193397471,114 110
grid,3,kiss_k,2,0.1,7,27.20000147819519,35.97628345825161,118 21
grid,3,kiss_k,2,1.0,7,27.20000147819519,35.759302224946055,118 21
grid,3,kiss_k,2,0.1,8,27.20000147819519,36.977768124675364,112 107
grid,3,kiss_k,2,1.0,8,28.79999876022339,37.32198658753868,112 107
grid,3,kiss_k,2,0.1,9,28.79999876022339,37.011588377313004,69 80
grid,3,kiss_k,2,1.0,9,28.79999876022339,36.92602800637309,69 80
grid,3,kiss_k,2,0.1,10,26.399999856948853,35.761711922701984,108 18
grid,3,kiss_k,2,1.0,10,26.399999856948853,35.55848194191996,108 18
grid,3,kiss_k,2,0.1,11,28.00000011920929,36.714426060708966,26 72
grid,3,kiss_k,2,1.0,11,28.00000011920929,36.513559047874985,26 72
grid,3,kiss_k,2,0.1,12,26.399999856948853,35.30625156095023,63 1
grid,3,kiss_k,2,1.0,12,25.600001215934753,34.884357563454465,63 1
grid,3,kiss_k,2,0.1,13,28.00000011920929,36.77101624321237,0 1
grid,3,kiss_k,2,1.0,13,27.20000147819519,36.15295255711323,0 1
grid,3,kiss_k,2,0.1,14,27.20000147819519,35.842578785213334,18 78
grid,3,kiss_k,2,1.0,14,25.600001215934753,34.74899765566908,18 78
grid,3,kiss_k,2,0.1,15,28.79999876022339,37.69913152327995,115 23
grid,3,kiss_k,2,1.0,15,27.20000147819519,36.641593715006294,115 23
grid,3,kiss_k,2,0.1,16,28.00000011920929,36.44717349324829,6 7
grid,3,kiss_k,2,1.0,16,27.20000147819519,35.74122495521592,6 7
grid,3,kiss_k,2,0.1,17,28.00000011920929,36.607754562849415,21 55
grid,3,kiss_k,2,1.0,17,27.20000147819519,35.888654248151596,21 55
grid,3,kiss_k,2,0.1,18,24.799999594688416,35.12734744311257,110 40
grid,3,kiss_k,2,1.0,18,25.600001215934753,35.26056635396175,110 40
grid,3,kiss_k,2,0.1,19,23.999999463558197,34.14293009095074,61 49
grid,3,kiss_k,2,1.0,19,25.600001215934753,35.069776273309465,61 49
grid,3,kiss_k,2,0.1,20,28.00000011920929,36.35862249459506,13 36
grid,3,kiss_k,2,1.0,20,27.20000147819519,36.0580695310881,13 36
grid,3,kiss_k,2,0.1,21,25.600001215934753,35.26681749843768,65 97
grid,3,kiss_k,2,1.0,21,26.399999856948853,35.45319051769198,65 97
grid,3,kiss_k,2,0.1,22,24.799999594688416,34.91168117400918,37 78
grid,3,kiss_k,2,1.0,22,25.600001215934753,35.27017152974569,37 78
grid,3,kiss_k,2,0.1,23,24.799999594688416,34.70102374658025,5 29
grid,3,kiss_k,2,1.0,23,23.999999463558197,33.96916542937786,5 29
grid,3,kiss_k,2,0.1,24,26.399999856948853,35.5641700369523,90 87
grid,3,kiss_k,2,1.0,24,26.399999856948853,35.36443552583916,90 87
grid,3,kiss_k,2,0.1,25,25.600001215934753,35.225298334529775,87 7
grid,3,kiss_k,2,1.0,25,26.399999856948853,35.38620765307691,87 7
grid,3,kiss_k,2,0.1,26,26.399999856948853,35.56150866510955,20 62
grid,3,kiss_k,2,1.0,26,26.399999856948853,35.576122908896096,20 62
grid,3,kiss_k,2,0.1,27,28.00000011920929,36.700466443074895,87 26
grid,3,kiss_k,2,1.0,27,26.399999856948853,35.31835757777435,87 26
grid,3,kiss_k,2,0.1,28,25.600001215934753,35.48879358992197,114 85
grid,3,kiss_k,2,1.0,28,24.799999594688416,34.535262022290006,114 85
grid,3,kiss_k,2,0.1,29,25.600001215934753,35.47105103998546,37 72
grid,3,kiss_k,2,1.0,29,25.600001215934753,35.305379707651525,37 72
grid,3,kiss_k,4,0.1,0,28.00000011920929,36.70065306996025,123 62 30 64
grid,3,kiss_k,4,1.0,0,27.20000147819519,35.991733906852566,123 62 30 64
grid,3,kiss_k,4,0.1,1,28.00000011920929,36.145153851563336,93 101 116 23
grid,3,kiss_k,4,1.0,1,27.20000147819519,35.3879156815037,93 101 116 23
grid,3,kiss_k,4,0.1,2,25.600001215934753,35.24296253397473,57 9 29 113
grid,3,kiss_k,4,1.0,2,24.799999594688416,34.493679297663384,57 9 29 113
grid,3,kiss_k,4,0.1,3,28.00000011920929,36.68688715484952,124 59 90 22
grid,3,kiss_k,4,1.0,3,27.20000147819519,36.12944728534172,124 59 90 22
grid,3,kiss_k,4,0.1,4,27.20000147819519,36.4823034599978,89 51 108 7
grid,3,kiss_k,4,1.0,4,28.79999876022339,37.16336848192721,89 51 108 7
grid,3,kiss_k,4,0.1,5,24.799999594688416,34.831512776225836,114 26 124 108
grid,3,kiss_k,4,1.0,5,25.600001215934753,34.88722807502585,114 26 124 108
grid,3,kiss_k,4,0.1,6,28.00000011920929,36.48013737667149,113 2 44 104
grid,3,kiss_k,4,1.0,6,25.600001215934753,34.9233423393038,113 2 44 104
grid,3,kiss_k,4,0.1,7,28.00000011920929,37.385742474215675,56 11 122 76
grid,3,kiss_k,4,1.0,7,26.399999856948853,35.67148888149219,56 11 122 76
grid,3,kiss_k,4,0.1,8,28.79999876022339,37.447865269809164,64 15 84 71
grid,3,kiss_k,4,1.0,8,28.79999876022339,37.12978868094108,64 15 84 71
grid,3,kiss_k,4,0.1,9,27.20000147819519,35.78338808341125,21 90 94 50
grid,3,kiss_k,4,1.0,9,27.20000147819519,35.88600951744557,21 90 94 50
grid,3,kiss_k,4,0.1,10,26.399999856948853,36.09624731102745,64 123 110 70
grid,3,kiss_k,4,1.0,10,27.20000147819519,36.13372658301686,64 123 110 70
grid,3,kiss_k,4,0.1,11,24.799999594688416,34.78177807813484,121 61 74 49
grid,3,kiss_k,4,1.0,11,25.600001215934753,34.676753061945746,121 61 74 49
grid,3,kiss_k,4,0.1,12,28.79999876022339,37.1768772312521,76 77 61 80
grid,3,kiss_k,4,1.0,12,28.00000011920929,36.72642124831499,76 77 61 80
grid,3,kiss_k,4,0.1,13,26.399999856948853,35.749796730606135,15 100 49 111
grid,3,kiss_k,4,1.0,13,26.399999856948853,35.548931597013905,15 100 49 111
grid,3,kiss_k,4,0.1,14,27.20000147819519,35.918674804965114,95 46 75 56
grid,3,kiss_k,4,1.0,14,26.399999856948853,35.46365839458498,95 46 75 56
grid,3,kiss_k,4,0.1,15,25.600001215934753,35.25156937398342,60 65 81 53
grid,3,kiss_k,4,1.0,15,24.799999594688416,35.068843457795005,60 65 81 53
grid,3,kiss_k,4,0.1,16,28.79999876022339,36.73789370156377,89 68 53 61
grid,3,kiss_k,4,1.0,16,27.20000147819519,35.836177530590504,89 68 53 61
grid,3,kiss_k,4,0.1,17,28.00000011920929,36.695419184604894,39 48 115 26
grid,3,kiss_k,4,1.0,17,27.20000147819519,36.00183910862457,39 48 115 26
grid,3,kiss_k,4,0.1,18,28.00000011920929,36.57878552646144,28 113 7 33
grid,3,kiss_k,4,1.0,18,27.20000147819519,36.064396387716165,28 113 7 33
grid,3,kiss_k,4,0.1,19,27.20000147819519,35.64450959826202,95 63 112 36
grid,3,kiss_k,4,1.0,19,27.20000147819519,35.577858037538526,95 63 112 36
grid,3,kiss_k,4,0.1,20,25.600001215934753,34.889728239797996,4 18 104 123
grid,3,kiss_k,4,1.0,20,24.799999594688416,34.05455621296805,4 18 104 123
grid,3,kiss_k,4,0.1,21,27.20000147819519,35.85809235824987,27 41 99 21
grid,3,kiss_k,4,1.0,21,28.00000011920929,36.07642873834504,27 41 99 21
grid,3,kiss_k,4,0.1,22,27.20000147819519,36.48293286439273,66 116 72 6
grid,3,kiss_k,4,1.0,22,28.00000011920929,36.477430537342116,66 116 72 6
grid,3,kiss_k,4,0.1,23,28.79999876022339,36.7979633595109,21 110 6 54
grid,3,kiss_k,4,1.0,23,28.79999876022339,36.703292777646176,21 110 6 54
grid,3,kiss_k,4,0.1,24,28.00000011920929,37.11090064689458,80 107 119 20
grid,3,kiss_k,4,1.0,24,28.79999876022339,37.43154729506537,80 107 119 20
grid,3,kiss_k,4,0.1,25,26.399999856948853,35.544645869292275,95 119 120 53
grid,3,kiss_k,4,1.0,25,24.799999594688416,35.11041643269867,95 119 120 53
grid,3,kiss_k,4,0.1,26,30.399999022483826,38.1274611306359,91 80 122 6
grid,3,kiss_k,4,1.0,26,28.00000011920929,36.70098533029304,91 80 122 6
grid,3,kiss_k,4,0.1,27,24.799999594688416,34.55191439523416,121 7 111 29
grid,3,kiss_k,4,1.0,27,26.399999856948853,35.3050073889742,121 7 111 29
grid,3,kiss_k,4,0.1,28,28.00000011920929,36.91913506331,51 20 105 123
grid,3,kiss_k,4,1.0,28,28.00000011920929,36.307331338189385,51 20 105 123
grid,3,kiss_k,4,0.1,29,27.20000147819519,36.75437075502928,107 72 33 101
grid,3,kiss_k,4,1.0,29,27.20000147819519,36.558216093706015,107 72 33 101
grid,3,kiss_k,8,0.1,0,27.20000147819519,35.84272509398767,90 60 83 15 4 11 107 64
grid,3,kiss_k,8,1.0,0,27.20000147819519,35.63542661647961,90 60 83 15 4 11 107 64
grid,3,kiss_k,8,0.1,1,25.600001215934753,35.52188130187467,43 115 50 11 79 12 118 45
grid,3,kiss_k,8,1.0,1,24.799999594688416,34.76787188731784,43 115 50 11 79 12 118 45
grid,3,kiss_k,8,0.1,2,24.799999594688416,34.43134471042655,61 56 42 49 121 17 81 16
grid,3,kiss_k,8,1.0,2,24.799999594688416,34.03429276399646,61 56 42 49 121 17 81 16
grid,3,kiss_k,8,0.1,3,27.20000147819519,36.64566210470254,92 116 26 72 113 16 56 82
grid,3,kiss_k,8,1.0,3,27.20000147819519,35.88346721044474,92 116 26 72 113 16 56 82
grid,3,kiss_k,8,0.1,4,27.20000147819519,36.054309868325845,64 81 23 73 111 69 120 121
grid,3,kiss_k,8,1.0,4,27.20000147819519,36.17872827053214,64 81 23 73 111 69 120 121
grid,3,kiss_k,8,0.1,5,23.19999933242798,33.64261985516481,50 33 101 22 63 121 11 55
grid,3,kiss_k,8,1.0,5,24.799999594688416,33.900837491234945,50 33 101 22 63 121 11 55
grid,3,kiss_k,8,0.1,6,29.600000381469727,37.32676563767946,31 27 91 104 115 114 17 28
grid,3,kiss_k,8,1.0,6,26.399999856948853,35.59824146201103,31 27 91 104 115 114 17 28
grid,3,kiss_k,8,0.1,7,26.399999856948853,35.61658957854283,26 77 11 101 24 86 6 99
grid,3,kiss_k,8,1.0,7,27.20000147819519,35.455161815220215,26 77 11 101 24 86 6 99
grid,3,kiss_k,8,0.1,8,28.00000011920929,36.205009906334226,59 43 117 12 71 112 48 44
grid,3,kiss_k,8,1.0,8,27.20000147819519,35.564629164025455,59 43 117 12 71 112 48 44
grid,3,kiss_k,8,0.1,9,29.600000381469727,37.26291573139216,76 90 94 29 8 92 96 60
grid,3,kiss_k,8,1.0,9,29.600000381469727,37.04287983229777,76 90 94 29 8 92 96 60
grid,3,kiss_k,8,0.1,10,27.20000147819519,36.05893176363811,105 21 36 7 15 39 87 45
grid,3,kiss_k,8,1.0,10,26.399999856948853,35.364000102068246,105 21 36 7 15 39 87 45
grid,3,kiss_k,8,0.1,11,26.399999856948853,36.180769561833706,2 77 119 100 6 5 48 70
grid,3,kiss_k,8,1.0,11,27.20000147819519,36.47943137169593,2 77 119 100 6 5 48 70
grid,3,kiss_k,8,0.1,12,29.600000381469727,37.86462389516597,75 45 112 42 3 89 83 103
grid,3,kiss_k,8,1.0,12,28.00000011920929,36.836158429529526,75 45 112 42 3 89 83 103
grid,3,kiss_k,8,0.1,13,24.799999594688416,35.160921818620686,78 100 1 59 7 0 13 105
grid,3,kiss_k,8,1.0,13,25.600001215934753,35.747165799324435,78 100 1 59 7 0 13 105
grid,3,kiss_k,8,0.1,14,28.79999876022339,37.40011707911472,32 19 115 86 28 118 122 12
grid,3,kiss_k,8,1.0,14,30.399999022483826,38.53693254641467,32 19 115 86 28 118 122 12
grid,3,kiss_k,8,0.1,15,28.00000011920929,36.90306429902103,59 119 82 61 55 16 80 27
grid,3,kiss_k,8,1.0,15,30.399999022483826,38.043138925216496,59 119 82 61 55 16 80 27
grid,3,kiss_k,8,0.1,16,28.79999876022339,37.414690765263295,8 116 32 114 123 66 86 57
grid,3,kiss_k,8,1.0,16,28.79999876022339,37.12805698894046,8 116 32 114 123 66 86 57
grid,3,kiss_k,8,0.1,17,31.200000643730164,39.31376421560833,22 43 107 57 41 86 35 30
grid,3,kiss_k,8,1.0,17,31.999999284744263,39.73519950230569,22 43 107 57 41 86 35 30
grid,3,kiss_k,8,0.1,18,26.399999856948853,36.45698423678909,47 2 84 11 6 20 117 85
grid,3,kiss_k,8,1.0,18,26.399999856948853,36.20269332611692,47 2 84 11 6 20 117 85
grid,3,kiss_k,8,0.1,19,25.600001215934753,35.39730544321227,73 75 96 51 2 82 8 120
grid,3,kiss_k,8,1.0,19,26.399999856948853,35.45421518294948,73 75 96 51 2 82 8 120
grid,3,kiss_k,8,0.1,20,27.20000147819519,35.66686184201797,98 33 38 10 76 57 16 120
grid,3,kiss_k,8,1.0,20,26.399999856948853,35.36998253014761,98 33 38 10 76 57 16 120
grid,3,kiss_k,8,0.1,21,27.20000147819519,36.38643364825529,42 25 94 112 38 116 70 23
grid,3,kiss_k,8,1.0,21,27.20000147819519,35.927862505934534,42 25 94 112 38 116 70 23
grid,3,kiss_k,8,0.1,22,28.79999876022339,37.300706485876795,89 32 93 29 84 42 35 79
grid,3,kiss_k,8,1.0,22,28.00000011920929,36.547796917169464,89 32 93 29 84 42 35 79
grid,3,kiss_k,8,0.1,23,26.399999856948853,36.24393107146143,0 81 63 71 60 26 15 33
grid,3,kiss_k,8,1.0,23,26.399999856948853,35.85165574793413,0 81 63 71 60 26 15 33
grid,3,kiss_k,8,0.1,24,25.600001215934753,35.66779533422289,16 41 67 71 17 108 53 88
grid,3,kiss_k,8,1.0,24,26.399999856948853,35.780836986983175,16 41 67 71 17 108 53 88
grid,3,kiss_k,8,0.1,25,27.20000147819519,35.79109208841601,5 82 78 65 45 94 37 17
grid,3,kiss_k,8,1.0,25,27.20000147819519,35.76360532088572,5 82 78 65 45 94 37 17
grid,3,kiss_k,8,0.1,26,27.20000147819519,35.99281014223527,108 124 93 60 10 75 118 113
grid,3,kiss_k,8,1.0,26,27.20000147819519,35.624667978094216,108 124 93 60 10 75 118 113
grid,3,kiss_k,8,0.1,27,28.79999876022339,36.778014195237745,66 39 94 116 91 29 52 86
grid,3,kiss_k,8,1.0,27,27.20000147819519,35.789726625061185,66 39 94 116 91 29 52 86
grid,3,kiss_k,8,0.1,28,29.600000381469727,38.27028589137617,13 35 112 114 28 71 51 122
grid,3,kiss_k,8,1.0,28,29.600000381469727,38.04843641969228,13 35 112 114 28 71 51 122
grid,3,kiss_k,8,0.1,29,25.600001215934753,35.123916138698334,68 24 75 40 93 9 19 4
grid,3,kiss_k,8,1.0,29,27.20000147819519,35.500451537500325,68 24 75 40 93 9 19 4
grid,3,kiss_k,16,0.1,0,28.79999876022339,37.659374983957775,92 117 8 101 55 23 13 64 77 12 112 16 94 26 88 79
grid,3,kiss_k,16,1.0,0,28.79999876022339,37.07218485003553,92 117 8 101 55 23 13 64 77 12 112 16 94 26 88 79
grid,3,kiss_k,16,0.1,1,26.399999856948853,35.379688263052806,26 58 23 9 70 64 55 122 46 35 68 115 50 45 76 73
grid,3,kiss_k,16,1.0,1,26.399999856948853,35.86816258605524,26 58 23 9 70 64 55 122 46 35 68 115 50 45 76 73
grid,3,kiss_k,16,0.1,2,24.799999594688416,34.64828519530726,4 38 85 54 24 99 45 82 29 89 58 111 83 66 62 122
grid,3,kiss_k,16,1.0,2,23.999999463558197,34.394445782759576,4 38 85 54 24 99 45 82 29 89 58 111 83 66 62 122
grid,3,kiss_k,16,0.1,3,27.20000147819519,35.83653900749261,116 6 33 53 19 103 4 105 38 88 67 113 76 89 13 114
grid,3,kiss_k,16,1.0,3,25.600001215934753,35.09888196349084,116 6 33 53 19 103 4 105 38 88 67 113 76 89 13 114
grid,3,kiss_k,16,0.1,4,24.799999594688416,35.60071918395872,106 118 75 77 81 73 63 107 86 25 35 91 65 89 105 124
grid,3,kiss_k,16,1.0,4,26.399999856948853,36.25372508039017,106 118 75 77 81 73 63 107 86 25 35 91 65 89 105 124
grid,3,kiss_k,16,0.1,5,28.79999876022339,38.050144052136616,86 25 110 64 105 57 20 36 37 44 116 32 48 84 107 59
grid,3,kiss_k,16,1.0,5,28.79999876022339,38.19937859188946,86 25 110 64 105 57 20 36 37 44 116 32 48 84 107 59
grid,3,kiss_k,16,0.1,6,32.8000009059906,39.91305055582227,23 34 6 97 69 119 27 102 84 91 20 72 90 110 11 28
grid,3,kiss_k,16,1.0,6,31.999999284744263,39.133677146646875,23 34 6 97 69 119 27 102 84 91 20 72 90 110 11 28
grid,3,kiss_k,16,0.1,7,28.79999876022339,37.724441213933545,80 102 16 115 42 107 117 68 52 28 101 50 41 36 120 89
grid,3,kiss_k,16,1.0,7,29.600000381469727,38.579568683385965,80 102 16 115 42 107 117 68 52 28 101 50 41 36 120 89
grid,3,kiss_k,16,0.1,8,23.999999463558197,33.97113542694731,42 55 31 108 68 38 43 5 14 74 72 49 2 44 61 17
grid,3,kiss_k,16,1.0,8,23.19999933242798,33.607659888401805,42 55 31 108 68 38 43 5 14 74 72 49 2 44 61 17
grid,3,kiss_k,16,0.1,9,25.600001215934753,35.6821427568069,24 0 31 18 30 17 92 63 61 117 101 1 115 66 72 33
grid,3,kiss_k,16,1.0,9,27.20000147819519,36.53512217504139,24 0 31 18 30 17 92 63 61 117 101 1 115 66 72 33
grid,3,kiss_k,16,0.1,10,24.799999594688416,34.12497538550749,33 48 58 65 59 11 12 114 83 97 109 87 27 118 51 80
grid,3,kiss_k,16,1.0,10,25.600001215934753,34.3275511412838,33 48 58 65 59 11 12 114 83 97 109 87 27 118 51 80
grid,3,kiss_k,16,0.1,11,31.200000643730164,38.415284693558114,67 22 51 75 114 89 117 57 42 92 59 112 104 28 14 64
grid,3,kiss_k,16,1.0,11,29.600000381469727,37.63835369110052,67 22 51 75 114 89 117 57 42 92 59 112 104 28 14 64
grid,3,kiss_k,16,0.1,12,28.79999876022339,36.91032705199861,33 61 99 80 34 90 13 46 57 100 70 87 86 6 117 63
grid,3,kiss_k,16,1.0,12,30.399999022483826,38.111303937082965,33 61 99 80 34 90 13 46 57 100 70 87 86 6 117 63
grid,3,kiss_k,16,0.1,13,29.600000381469727,38.346417417153674,72 6 110 86 69 33 112 36 27 19 95 35 80 18 2 1
grid,3,kiss_k,16,1.0,13,29.600000381469727,38.10867465730446,72 6 110 86 69 33 112 36 27 19 95 35 80 18 2 1
grid,3,kiss_k,16,0.1,14,28.79999876022339,37.13322252745685,82 76 66 56 4 23 51 35 42 25 87 33 53 8 30 1
grid,3,kiss_k,16,1.0,14,26.399999856948853,35.93758692192039,82 76 66 56 4 23 51 35 42 25 87 33 53 8 30 1
grid,3,kiss_k,16,0.1,15,28.79999876022339,37.23306399340119,59 69 113 7 13 43 31 90 122 57 32 93 61 35 15 60
grid,3,kiss_k,16,1.0,15,28.79999876022339,37.48609822345186,59 69 113 7 13 43 31 90 122 57 32 93 61 35 15 60
grid,3,kiss_k,16,0.1,16,26.399999856948853,35.48359058324178,93 91 105 60 89 53 43 59 85 30 0 19 73 46 71 28
grid,3,kiss_k,16,1.0,16,24.799999594688416,34.787411690293624,93 91 105 60 89 53 43 59 85 30 0 19 73 46 71 28
grid,3,kiss_k,16,0.1,17,24.799999594688416,34.21962638867204,61 59 121 22 1 109 87 114 14 81 84 34 54 110 118 93
grid,3,kiss_k,16,1.0,17,24.799999594688416,34.30653872820475,61 59 121 22 1 109 87 114 14 81 84 34 54 110 118 93
grid,3,kiss_k,16,0.1,18,28.79999876022339,37.106238940685266,68 91 13 112 7 8 44 15 36 20 30 77 57 106 43 109
grid,3,kiss_k,16,1.0,18,28.79999876022339,37.08707883929298,68 91 13 112 7 8 44 15 36 20 30 77 57 106 43 109
grid,3,kiss_k,16,0.1,19,29.600000381469727,38.470280422315106,84 123 4 32 18 23 0 25 85 119 9 24 100 66 29 56
grid,3,kiss_k,16,1.0,19,28.00000011920929,37.49410529202623,84 123 4 32 18 23 0 25 85 119 9 24 100 66 29 56
grid,3,kiss_k,16,0.1,20,23.19999933242798,34.512389099359225,109 102 48 21 88 50 52 3 73 110 122 49 65 86 51 63
grid,3,kiss_k,16,1.0,20,24.799999594688416,35.104275735919856,109 102 48 21 88 50 52 3 73 110 122 49 65 86 51 63
grid,3,kiss_k,16,0.1,21,28.00000011920929,38.52760505591941,63 122 110 108 62 123 24 105 42 48 27 43 98 28 79 117
grid,3,kiss_k,16,1.0,21,29.600000381469727,38.877455578379006,63 122 110 108 62 123 24 105 42 48 27 43 98 28 79 117
grid,3,kiss_k,16,0.1,22,27.20000147819519,36.4225345808841,82 39 94 124 88 7 104 50 99 0 67 120 53 34 110 57
grid,3,kiss_k,16,1.0,22,27.20000147819519,36.72755367217197,82 39 94 124 88 7 104 50 99 0 67 120 53 34 110 57
grid,3,kiss_k,16,0.1,23,26.399999856948853,35.97070587908435,98 56 75 67 116 113 102 80 11 42 5 25 16 32 55 23
grid,3,kiss_k,16,1.0,23,26.399999856948853,35.894008238615896,98 56 75 67 116 113 102 80 11 42 5 25 16 32 55 23
grid,3,kiss_k,16,0.1,24,24.799999594688416,34.232234831050754,40 60 123 26 51 87 112 52 101 58 61 56 93 114 117 29
grid,3,kiss_k,16,1.0,24,26.399999856948853,35.040799429280725,40 60 123 26 51 87 112 52 101 58 61 56 93 114 117 29
grid,3,kiss_k,16,0.1,25,25.600001215934753,36.212631044170855,43 66 109 84 77 81 58 75 35 0 122 92 61 29 13 50
grid,3,kiss_k,16,1.0,25,27.20000147819519,37.44513430331166,43 66 109 84 77 81 58 75 35 0 122 92 61 29 13 50
grid,3,kiss_k,16,0.1,26,28.00000011920929,35.57494533700044,26 22 54 21 124 46 78 56 81 11 101 76 112 60 8 73
grid,3,kiss_k,16,1.0,26,26.399999856948853,35.319780230798195,26 22 54 21 124 46 78 56 81 11 101 76 112 60 8 73
grid,3,kiss_k,16,0.1,27,27.20000147819519,35.604514713666475,116 96 86 2 45 44 25 13 71 17 112 53 54 63 23 110
grid,3,kiss_k,16,1.0,27,27.20000147819519,35.935907511473005,116 96 86 2 45 44 25 13 71 17 112 53 54 63 23 110
grid,3,kiss_k,16,0.1,28,31.200000643730164,39.58365475024313,74 61 83 30 57 15 88 3 94 100 92 60 33 65 79 72
grid,3,kiss_k,16,1.0,28,30.399999022483826,38.84261559571103,74 61 83 30 57 15 88 3 94 100 92 60 33 65 79 72
grid,3,kiss_k,16,0.1,29,30.399999022483826,38.18115931028181,30 35 48 32 89 62 115 0 98 92 122 22 67 84 82 1
grid,3,kiss_k,16,1.0,29,30.399999022483826,38.16609204900178,30 35 48 32 89 62 115 0 98 92 122 22 67 84 82 1
grid,3,kiss_k,32,0.1,0,28.79999876022339,37.05685408437995,39 111 78 98 7 66 68 70 115 72 122 80 121 83 61 4 20 96 104 75 10 6 102 32 93 56 28 25 67 76 8 51
grid,3,kiss_k,32,1.0,0,29.600000381469727,37.61299519942226,39 111 78 98 7 66 68 70 115 72 122 80 121 83 61 4 20 96 104 75 10 6 102 32 93 56 28 25 67 76 8 51
grid,3,kiss_k,32,0.1,1,22.40000069141388,33.170261074235626,98 17 9 12 101 69 77 82 20 110 115 56 11 33 60 81 95 58 51 23 6 50 27 89 67 57 106 25 72 44 21 29
grid,3,kiss_k,32,1.0,1,23.999999463558197,33.92206114542002,98 17 9 12 101 69 77 82 20 110 115 56 11 33 60 81 95 58 51 23 6 50 27 89 67 57 106 25 72 44 21 29
grid,3,kiss_k,32,0.1,2,27.20000147819519,36.75485044065277,93 21 32 25 112 84 55 30 64 73 88 14 42 4 52 54 72 24 118 10 34 49 13 44 77 117 1 124 63 35 105 18
grid,3,kiss_k,32,1.0,2,24.799999594688416,35.47865417416901,93 21 32 25 112 84 55 30 64 73 88 14 42 4 52 54 72 24 118 10 34 49 13 44 77 117 1 124 63 35 105 18
grid,3,kiss_k,32,0.1,3,29.600000381469727,36.84564762689751,96 63 51 32 34 109 120 41 36 28 70 74 112 44 14 91 4 59 116 71 45 19 101 108 11 81 18 8 123 104 113 3
grid,3,kiss_k,32,1.0,3,29.600000381469727,36.93519222908947,96 63 51 32 34 109 120 41 36 28 70 74 112 44 14 91 4 59 116 71 45 19 101 108 11 81 18 8 123 104 113 3
grid,3,kiss_k,32,0.1,4,23.999999463558197,33.509747384823065,108 10 67 23 99 19 26 46 105 56 78 57 31 55 49 42 64 104 109 41 68 95 14 30 101 123 121 24 124 1 34 9
grid,3,kiss_k,32,1.0,4,22.40000069141388,32.409268357823564,108 10 67 23 99 19 26 46 105 56 78 57 31 55 49 42 64 104 109 41 68 95 14 30 101 123 121 24 124 1 34 9
grid,3,kiss_k,32,0.1,5,23.19999933242798,33.35861284407001,56 32 120 92 38 72 93 29 73 62 108 123 121 25 67 109 11 78 15 90 8 85 16 107 75 66 23 39 14 68 44 17
grid,3,kiss_k,32,1.0,5,23.999999463558197,33.71574250967962,56 32 120 92 38 72 93 29 73 62 108 123 121 25 67 109 11 78 15 90 8 85 16 107 75 66 23 39 14 68 44 17
grid,3,kiss_k,32,0.1,6,28.00000011920929,37.13981726373388,66 59 32 18 87 75 80 71 111 25 16 90 5 81 50 40 106 119 82 101 28 74 77 39 52 100 105 94 47 44 124 1
grid,3,kiss_k,32,1.0,6,28.79999876022339,37.45526167292091,66 59 32 18 87 75 80 71 111 25 16 90 5 81 50 40 106 119 82 101 28 74 77 39 52 100 105 94 47 44 124 1
grid,3,kiss_k,32,0.1,7,28.00000011920929,37.39879888433116,101 98 2 119 50 66 32 80 44 96 90 75 123 47 88 116 63 52 111 43 56 118 64 17 110 70 25 49 1 120 45 20
grid,3,kiss_k,32,1.0,7,28.00000011920929,38.00067673908449,101 98 2 119 50 66 32 80 44 96 90 75 123 47 88 116 63 52 111 43 56 118 64 17 110 70 25 49 1 120 45 20
grid,3,kiss_k,32,0.1,8,28.00000011920929,37.386979974429416,27 100 79 101 42 3 76 0 52 112 20 122 44 17 94 6 26 73 75 58 98 64 24 11 10 7 38 80 43 78 49 88
grid,3,kiss_k,32,1.0,8,28.00000011920929,37.04217383747821,27 100 79 101 42 3 76 0 52 112 20 122 44 17 94 6 26 73 75 58 98 64 24 11 10 7 38 80 43 78 49 88
grid,3,kiss_k,32,0.1,9,26.399999856948853,36.4157755828967,72 106 100 77 3 79 115 26 124 78 93 28 20 113 38 71 66 62 102 23 73 27 57 61 44 36 15 7 29 101 42 91
grid,3,kiss_k,32,1.0,9,28.79999876022339,37.439525863022396,72 106 100 77 3 79 115 26 124 78 93 28 20 113 38 71 66 62 102 23 73 27 57 61 44 36 15 7 29 101 42 91
grid,3,kiss_k,32,0.1,10,26.399999856948853,35.735495544871036,23 60 42 28 59 12 11 1 75 45 65 103 121 20 90 54 57 77 2 55 7 41 51 52 26 21 122 3 15 38 53 35
grid,3,kiss_k,32,1.0,10,28.79999876022339,37.499043480545694,23 60 42 28 59 12 11 1 75 45 65 103 121 20 90 54 57 77 2 55 7 41 51 52 26 21 122 3 15 38 53 35
grid,3,kiss_k,32,0.1,11,23.19999933242798,34.777441949489365,91 44 107 103 23 110 117 9 104 12 102 65 119 122 109 28 75 88 79 14 114 15 112 106 101 84 38 78 61 50 16 4
grid,3,kiss_k,32,1.0,11,25.600001215934753,35.50715919643115,91 44 107 103 23 110 117 9 104 12 102 65 119 122 109 28 75 88 79 14 114 15 112 106 101 84 38 78 61 50 16 4
grid,3,kiss_k,32,0.1,12,28.00000011920929,37.90622648636124,5 2 53 26 104 64 1 50 96 60 34 42 58 81 41 98 66 83 14 70 80 92 123 68 124 6 122 20 94 48 109 99
grid,3,kiss_k,32,1.0,12,28.00000011920929,37.667537310378265,5 2 53 26 104 64 1 50 96 60 34 42 58 81 41 98 66 83 14 70 80 92 123 68 124 6 122 20 94 48 109 99
grid,3,kiss_k,32,0.1,13,26.399999856948853,35.808118475878295,87 18 2 22 82 59 80 15 88 86 62 63 85 67 64 94 33 104 17 79 68 6 98 8 35 3 57 109 51 93 9 106
grid,3,kiss_k,32,1.0,13,23.19999933242798,33.752610916264125,87 18 2 22 82 59 80 15 88 86 62 63 85 67 64 94 33 104 17 79 68 6 98 8 35 3 57 109 51 93 9 106
grid,3,kiss_k,32,0.1,14,33.5999995470047,40.58432160516001,31 67 7 117 52 72 86 8 15 1 100 51 44 78 38 21 43 54 0 107 24 12 84 6 88 35 59 111 104 18 10 41
grid,3,kiss_k,32,1.0,14,30.399999022483826,38.56481123363901,31 67 7 117 52 72 86 8 15 1 100 51 44 78 38 21 43 54 0 107 24 12 84 6 88 35 59 111 104 18 10 41
grid,3,kiss_k,32,0.1,15,24.799999594688416,34.13282554029598,76 87 16 119 59 98 22 1 38 63 124 33 48 24 78 19 91 74 32 123 41 105 93 103 23 73 15 116 99 88 120 111
grid,3,kiss_k,32,1.0,15,25.600001215934753,35.02689812082274,76 87 16 119 59 98 22 1 38 63 124 33 48 24 78 19 91 74 32 123 41 105 93 103 23 73 15 116 99 88 120 111
grid,3,kiss_k,32,0.1,16,28.00000011920929,35.754701918648216,28 113 39 3 119 70 69 123 30 21 4 101 50 11 117 14 46 57 55 58 6 40 108 93 45 32 13 8 37 118 16 81
grid,3,kiss_k,32,1.0,16,26.399999856948853,35.02688018817403,28 113 39 3 119 70 69 123 30 21 4 101 50 11 117 14 46 57 55 58 6 40 108 93 45 32 13 8 37 118 16 81
grid,3,kiss_k,32,0.1,17,31.200000643730164,38.45876301993761,89 60 97 119 29 18 59 67 46 38 113 12 56 40 3 54 0 66 43 115 101 90 85 82 44 55 94 13 62 9 88 11
grid,3,kiss_k,32,1.0,17,28.00000011920929,36.812267847943616,89 60 97 119 29 18 59 67 46 38 113 12 56 40 3 54 0 66 43 115 101 90 85 82 44 55 94 13 62 9 88 11
grid,3,kiss_k,32,0.1,18,31.999999284744263,38.92022352423652,60 76 107 51 55 11 9 45 80 62 96 41 64 6 42 85 118 67 30 77 70 57 122 92 12 17 111 27 74 112 52 59
grid,3,kiss_k,32,1.0,18,30.399999022483826,38.11520586320585,60 76 107 51 55 11 9 45 80 62 96 41 64 6 42 85 118 67 30 77 70 57 122 92 12 17 111 27 74 112 52 59
grid,3,kiss_k,32,0.1,19,26.399999856948853,36.27702732998932,41 34 6 92 12 66 82 64 63 37 75 99 112 90 67 45 72 57 51 26 3 46 2 97 73 42 49 62 117 11 119 124
grid,3,kiss_k,32,1.0,19,26.399999856948853,35.80386654681126,41 34 6 92 12 66 82 64 63 37 75 99 112 90 67 45 72 57 51 26 3 46 2 97 73 42 49 62 117 11 119 124
grid,3,kiss_k,32,0.1,20,29.600000381469727,37.638257800851235,96 10 61 19 60 57 89 72 116 101 104 71 24 121 52 110 2 119 82 42 77 46 41 4 69 78 74 23 37 50 45 106
grid,3,kiss_k,32,1.0,20,28.00000011920929,37.19367191519515,96 10 61 19 60 57 89 72 116 101 104 71 24 121 52 110 2 119 82 42 77 46 41 4 69 78 74 23 37 50 45 106
grid,3,kiss_k,32,0.1,21,26.399999856948853,35.892723368384125,98 109 66 38 71 47 34 118 79 68 13 17 122 59 49 97 29 26 80 6 40 3 91 112 24 46 10 70 55 111 72 51
grid,3,kiss_k,32,1.0,21,29.600000381469727,37.74394668325641,98 109 66 38 71 47 34 118 79 68 13 17 122 59 49 97 29 26 80 6 40 3 91 112 24 46 10 70 55 111 72 51
grid,3,kiss_k,32,0.1,22,27.20000147819519,36.17927959559438,13 84 21 62 79 51 113 15 71 41 18 109 6 89 57 112 77 37 91 111 40 105 110 56 19 99 94 103 100 75 12 39
grid,3,kiss_k,32,1.0,22,28.00000011920929,37.02635456836303,13 84 21 62 79 51 113 15 71 41 18 109 6 89 57 112 77 37 91 111 40 105 110 56 19 99 94 103 100 75 12 39
grid,3,kiss_k,32,0.1,23,26.399999856948853,34.693646463492286,101 104 86 8 49 6 113 36 72 21 57 15 24 102 39 56 44 91 54 117 46 31 1 20 94 12 59 23 69 81 63 4
grid,3,kiss_k,32,1.0,23,26.399999856948853,35.053932672790964,101 104 86 8 49 6 113 36 72 21 57 15 24 102 39 56 44 91 54 117 46 31 1 20 94 12 59 23 69 81 63 4
grid,3,kiss_k,32,0.1,24,24.799999594688416,34.88423442170194,76 30 27 82 110 16 61 60 2 87 117 104 52 107 51 12 102 56 57 10 101 116 47 29 39 94 4 8 0 71 83 124
grid,3,kiss_k,32,1.0,24,21.60000056028366,33.715042316069535,76 30 27 82 110 16 61 60 2 87 117 104 52 107 51 12 102 56 57 10 101 116 47 29 39 94 4 8 0 71 83 124
grid,3,kiss_k,32,0.1,25,25.600001215934753,34.058500080318304,53 56 69 12 37 76 45 29 1 107 4 47 46 113 100 34 88 33 121 43 50 52 49 123 23 83 10 27 99 67 89 74
grid,3,kiss_k,32,1.0,25,26.399999856948853,34.38943124263366,53 56 69 12 37 76 45 29 1 107 4 47 46 113 100 34 88 33 121 43 50 52 49 123 23 83 10 27 99 67 89 74
grid,3,kiss_k,32,0.1,26,26.399999856948853,36.26181070703382,109 6 123 80 117 36 43 76 25 2 51 56 107 116 16 64 72 91 83 105 70 10 40 23 69 97 120 35 67 121 3 65
grid,3,kiss_k,32,1.0,26,26.399999856948853,36.19979079333878,109 6 123 80 117 36 43 76 25 2 51 56 107 116 16 64 72 91 83 105 70 10 40 23 69 97 120 35 67 121 3 65
grid,3,kiss_k,32,0.1,27,27.20000147819519,36.86677142328345,24 35 97 18 69 117 41 71 95 101 29 28 30 1 96 85 67 53 109 6 107 102 81 3 116 2 114 119 79 44 11 72
grid,3,kiss_k,32,1.0,27,28.00000011920929,37.644592629686684,24 35 97 18 69 117 41 71 95 101 29 28 30 1 96 85 67 53 109 6 107 102 81 3 116 2 114 119 79 44 11 72
grid,3,kiss_k,32,0.1,28,23.999999463558197,34.89523947838731,33 45 44 122 64 63 114 16 101 4 49 5 52 2 54 12 110 106 98 41 37 72 1 105 71 91 35 111 53 107 83 55
grid,3,kiss_k,32,1.0,28,25.600001215934753,35.525260412857115,33 45 44 122 64 63 114 16 101 4 49 5 52 2 54 12 110 106 98 41 37 72 1 105 71 91 35 111 53 107 83 55
grid,3,kiss_k,32,0.1,29,26.399999856948853,35.52556903164483,86 101 85 66 22 79 32 124 65 75 13 71 15 38 94 63 64 4 3 95 55 37 14 43 59 16 29 123 61 31 9 1
grid,3,kiss_k,32,1.0,29,26.399999856948853,35.41706567048995,86 101 85 66 22 79 32 124 65 75 13 71 15 38 94 63 64 4 3 95 55 37 14 43 59 16 29 123 61 31 9 1
grid,4,raw,0,-1,-1,27.20000147819519,36.28366088743339,
grid,4,center,0,-1,-1,27.20000147819519,36.28366088743339,
grid,4,unlab,0,0.1,-1,28.79999876022339,36.529724870451176,
grid,4,kiss_all,125,0.1,-1,23.999999463558197,33.84370179464525,
grid,4,unlab,0,1.0,-1,29.600000381469727,37.233516749035985,
grid,4,kiss_all,125,1.0,-1,25.600001215934753,35.5214633312321,
grid,4,kiss_k,2,0.1,0,28.79999876022339,36.90759105731502,108 18
grid,4,kiss_k,2,1.0,0,28.79999876022339,36.33322720069058,108 18
grid,4,kiss_k,2,0.1,1,28.00000011920929,36.17847570366627,26 72
grid,4,kiss_k,2,1.0,1,28.79999876022339,36.90365190719329,26 72
grid,4,kiss_k,2,0.1,2,28.00000011920929,36.00261028536828,63 1
grid,4,kiss_k,2,1.0,2,28.00000011920929,35.87336565896346,63 1
grid,4,kiss_k,2,0.1,3,27.20000147819519,35.83508108936249,0 1
grid,4,kiss_k,2,1.0,3,27.20000147819519,35.87505283142592,0 1
grid,4,kiss_k,2,0.1,4,28.79999876022339,36.93648694502013,18 78
grid,4,kiss_k,2,1.0,4,29.600000381469727,36.858505571730575,18 78
grid,4,kiss_k,2,0.1,5,27.20000147819519,35.675421747632704,115 23
grid,4,kiss_k,2,1.0,5,28.00000011920929,36.20458210791018,115 23
grid,4,kiss_k,2,0.1,6,28.00000011920929,35.915333753071174,6 7
grid,4,kiss_k,2,1.0,6,28.00000011920929,36.07995575322847,6 7
grid,4,kiss_k,2,0.1,7,27.20000147819519,35.78473071336798,21 55
grid,4,kiss_k,2,1.0,7,28.00000011920929,36.14041649535303,21 55
grid,4,kiss_k,2,0.1,8,29.600000381469727,37.3366784790646,110 40
grid,4,kiss_k,2,1.0,8,30.399999022483826,37.72055901881736,110 40
grid,4,kiss_k,2,0.1,9,28.00000011920929,36.39479407818867,61 49
grid,4,kiss_k,2,1.0,9,29.600000381469727,36.8424903204592,61 49
grid,4,kiss_k,2,0.1,10,28.00000011920929,36.23271828886197,13 36
grid,4,kiss_k,2,1.0,10,27.20000147819519,35.781806559913115,13 36
grid,4,kiss_k,2,0.1,11,29.600000381469727,37.531090679843935,65 97
grid,4,kiss_k,2,1.0,11,28.79999876022339,37.2746209890371,65 97
grid,4,kiss_k,2,0.1,12,28.00000011920929,36.321340433795136,37 78
grid,4,kiss_k,2,1.0,12,28.00000011920929,36.409412780638625,37 78
grid,4,kiss_k,2,0.1,13,30.399999022483826,37.813769972588645,5 29
grid,4,kiss_k,2,1.0,13,30.399999022483826,37.94136480648577,5 29
grid,4,kiss_k,2,0.1,14,28.79999876022339,36.89061621931293,90 87
grid,4,kiss_k,2,1.0,14,28.79999876022339,36.72955645331288,90 87
grid,4,kiss_k,2,0.1,15,28.79999876022339,36.49845182192109,87 7
grid,4,kiss_k,2,1.0,15,29.600000381469727,37.11378248607774,87 7
grid,4,kiss_k,2,0.1,16,28.00000011920929,36.255494883310575,20 62
grid,4,kiss_k,2,1.0,16,27.20000147819519,35.652968893399226,20 62
grid,4,kiss_k,2,0.1,17,28.79999876022339,36.36631291450762,87 26
grid,4,kiss_k,2,1.0,17,29.600000381469727,37.15167254009525,87 26
grid,4,kiss_k,2,0.1,18,29.600000381469727,37.08688829571975,114 85
grid,4,kiss_k,2,1.0,18,28.00000011920929,36.20177136150472,114 85
grid,4,kiss_k,2,0.1,19,28.00000011920929,36.491178889153375,37 72
grid,4,kiss_k,2,1.0,19,28.00000011920929,36.776594193976884,37 72
grid,4,kiss_k,2,0.1,20,28.00000011920929,36.090575392185,113 44
grid,4,kiss_k,2,1.0,20,29.600000381469727,36.87311753241596,113 44
grid,4,kiss_k,2,0.1,21,29.600000381469727,37.162264863832235,46 67
grid,4,kiss_k,2,1.0,21,29.600000381469727,37.048533638213435,46 67
grid,4,kiss_k,2,0.1,22,28.00000011920929,36.26028099856998,22 57
grid,4,kiss_k,2,1.0,22,28.79999876022339,36.83457391625885,22 57
grid,4,kiss_k,2,0.1,23,28.00000011920929,36.05314901627123,70 56
grid,4,kiss_k,2,1.0,23,28.00000011920929,36.18797686168084,70 56
grid,4,kiss_k,2,0.1,24,28.79999876022339,36.88497872667739,38 39
grid,4,kiss_k,2,1.0,24,28.00000011920929,36.57493379826714,38 39
grid,4,kiss_k,2,0.1,25,27.20000147819519,35.85552441715994,25 33
grid,4,kiss_k,2,1.0,25,27.20000147819519,35.953441337790295,25 33
grid,4,kiss_k,2,0.1,26,29.600000381469727,37.391843419355034,83 50
grid,4,kiss_k,2,1.0,26,30.399999022483826,37.89757031936448,83 50
grid,4,kiss_k,2,0.1,27,29.600000381469727,37.275134438449086,40 27
grid,4,kiss_k,2,1.0,27,30.399999022483826,37.667682054149324,40 27
grid,4,kiss_k,2,0.1,28,28.79999876022339,37.034058294207064,113 5
grid,4,kiss_k,2,1.0,28,29.600000381469727,37.36929370258559,113 5
grid,4,kiss_k,2,0.1,29,28.00000011920929,36.47081132830832,118 5
grid,4,kiss_k,2,1.0,29,28.79999876022339,36.74463133543574,118 5
grid,4,kiss_k,4,0.1,0,28.00000011920929,36.37860057299135,64 123 110 70
grid,4,kiss_k,4,1.0,0,28.79999876022339,36.927538431198236,64 123 110 70
grid,4,kiss_k,4,0.1,1,27.20000147819519,35.78536798374592,121 61 74 49
grid,4,kiss_k,4,1.0,1,28.00000011920929,35.87528756598944,121 61 74 49
grid,4,kiss_k,4,0.1,2,28.79999876022339,36.28768078616657,76 77 61 80
grid,4,kiss_k,4,1.0,2,29.600000381469727,36.58075255700637,76 77 61 80
grid,4,kiss_k,4,0.1,3,27.20000147819519,35.72624776273192,15 100 49 111
grid,4,kiss_k,4,1.0,3,26.399999856948853,35.37464288543252,15 100 49 111
grid,4,kiss_k,4,0.1,4,27.20000147819519,35.67088534020487,95 46 75 56
grid,4,kiss_k,4,1.0,4,26.399999856948853,35.275443078552804,95 46 75 56
grid,4,kiss_k,4,0.1,5,28.00000011920929,36.78650128161986,60 65 81 53
grid,4,kiss_k,4,1.0,5,28.79999876022339,37.23077843911021,60 65 81 53
grid,4,kiss_k,4,0.1,6,28.79999876022339,36.41395987400337,89 68 53 61
grid,4,kiss_k,4,1.0,6,29.600000381469727,36.83358641447055,89 68 53 61
grid,4,kiss_k,4,0.1,7,27.20000147819519,35.839580393871515,39 48 115 26
grid,4,kiss_k,4,1.0,7,28.79999876022339,36.45393658733653,39 48 115 26
grid,4,kiss_k,4,0.1,8,26.399999856948853,35.17272049530903,28 113 7 33
grid,4,kiss_k,4,1.0,8,28.79999876022339,36.33116847739881,28 113 7 33
grid,4,kiss_k,4,0.1,9,27.20000147819519,35.77045384857603,95 63 112 36
grid,4,kiss_k,4,1.0,9,28.79999876022339,36.61236136554915,95 63 112 36
grid,4,kiss_k,4,0.1,10,29.600000381469727,37.006617297414685,4 18 104 123
grid,4,kiss_k,4,1.0,10,28.79999876022339,36.58720423405196,4 18 104 123
grid,4,kiss_k,4,0.1,11,28.00000011920929,36.200236813747146,27 41 99 21
grid,4,kiss_k,4,1.0,11,30.399999022483826,37.30522916915058,27 41 99 21
grid,4,kiss_k,4,0.1,12,27.20000147819519,35.64713053400199,66 116 72 6
grid,4,kiss_k,4,1.0,12,28.00000011920929,36.290779606293086,66 116 72 6
grid,4,kiss_k,4,0.1,13,26.399999856948853,35.6709255047838,21 110 6 54
grid,4,kiss_k,4,1.0,13,27.20000147819519,35.70499777302138,21 110 6 54
grid,4,kiss_k,4,0.1,14,26.399999856948853,36.10821773383929,80 107 119 20
grid,4,kiss_k,4,1.0,14,27.20000147819519,36.36240605229694,80 107 119 20
grid,4,kiss_k,4,0.1,15,27.20000147819519,36.34090924316371,95 119 120 53
grid,4,kiss_k,4,1.0,15,28.79999876022339,37.527471029253455,95 119 120 53
grid,4,kiss_k,4,0.1,16,27.20000147819519,35.77661207190281,91 80 122 6
grid,4,kiss_k,4,1.0,16,28.79999876022339,36.61116069083034,91 80 122 6
grid,4,kiss_k,4,0.1,17,28.79999876022339,36.69746685870184,121 7 111 29
grid,4,kiss_k,4,1.0,17,28.79999876022339,36.54812027134001,121 7 111 29
grid,4,kiss_k,4,0.1,18,26.399999856948853,36.04126288301203,51 20 105 123
grid,4,kiss_k,4,1.0,18,27.20000147819519,36.1686021358412,51 20 105 123
grid,4,kiss_k,4,0.1,19,28.00000011920929,36.64236620554992,107 72 33 101
grid,4,kiss_k,4,1.0,19,28.79999876022339,37.15413130692075,107 72 33 101
grid,4,kiss_k,4,0.1,20,28.00000011920929,36.607645240656375,108 60 102 27
grid,4,kiss_k,4,1.0,20,28.00000011920929,36.257925798704306,108 60 102 27
grid,4,kiss_k,4,0.1,21,28.79999876022339,37.44065758806897,58 55 51 119
grid,4,kiss_k,4,1.0,21,28.79999876022339,37.56401984434505,58 55 51 119
grid,4,kiss_k,4,0.1,22,28.00000011920929,36.67723299265051,32 60 97 77
grid,4,kiss_k,4,1.0,22,28.79999876022339,36.652181663232184,32 60 97 77
grid,4,kiss_k,4,0.1,23,28.79999876022339,37.240882837792284,114 102 3 120
grid,4,kiss_k,4,1.0,23,29.600000381469727,37.56356995681812,114 102 3 120
grid,4,kiss_k,4,0.1,24,27.20000147819519,35.5528532347384,75 68 124 2
grid,4,kiss_k,4,1.0,24,27.20000147819519,35.47003426746581,75 68 124 2
grid,4,kiss_k,4,0.1,25,28.79999876022339,36.95058723151924,18 15 41 66
grid,4,kiss_k,4,1.0,25,28.79999876022339,37.070603866581884,18 15 41 66
grid,4,kiss_k,4,0.1,26,28.00000011920929,36.33188063494766,54 112 29 61
grid,4,kiss_k,4,1.0,26,28.00000011920929,36.562181833098,54 112 29 61
grid,4,kiss_k,4,0.1,27,25.600001215934753,34.820920864700064,117 48 1 79
grid,4,kiss_k,4,1.0,27,25.600001215934753,34.81506516811786,117 48 1 79
grid,4,kiss_k,4,0.1,28,28.00000011920929,36.45375578193144,53 52 46 91
grid,4,kiss_k,4,1.0,28,28.79999876022339,36.90114049481115,53 52 46 91
grid,4,kiss_k,4,0.1,29,26.399999856948853,35.28885223782244,92 20 111 49
grid,4,kiss_k,4,1.0,29,27.20000147819519,35.825007353413305,92 20 111 49
grid,4,kiss_k,8,0.1,0,28.79999876022339,36.69294790529093,105 21 36 7 15 39 87 45
grid,4,kiss_k,8,1.0,0,29.600000381469727,36.999469081208616,105 21 36 7 15 39 87 45
grid,4,kiss_k,8,0.1,1,27.20000147819519,35.890807357684665,2 77 119 100 6 5 48 70
grid,4,kiss_k,8,1.0,1,25.600001215934753,35.062016311253466,2 77 119 100 6 5 48 70
grid,4,kiss_k,8,0.1,2,31.200000643730164,38.96317342187931,75 45 112 42 3 89 83 103
grid,4,kiss_k,8,1.0,2,31.200000643730164,38.59133647650637,75 45 112 42 3 89 83 103
grid,4,kiss_k,8,0.1,3,27.20000147819519,35.9183765045848,78 100 1 59 7 0 13 105
grid,4,kiss_k,8,1.0,3,27.20000147819519,35.54174721303164,78 100 1 59 7 0 13 105
grid,4,kiss_k,8,0.1,4,28.00000011920929,36.14044238284532,32 19 115 86 28 118 122 12
grid,4,kiss_k,8,1.0,4,28.00000011920929,36.16195579059866,32 19 115 86 28 118 122 12
grid,4,kiss_k,8,0.1,5,28.79999876022339,37.08179756250732,59 119 82 61 55 16 80 27
grid,4,kiss_k,8,1.0,5,28.79999876022339,36.83762050424937,59 119 82 61 55 16 80 27
grid,4,kiss_k,8,0.1,6,28.00000011920929,35.944049849276674,8 116 32 114 123 66 86 57
grid,4,kiss_k,8,1.0,6,28.79999876022339,36.26414796984805,8 116 32 114 123 66 86 57
grid,4,kiss_k,8,0.1,7,28.79999876022339,36.94698002236086,22 43 107 57 41 86 35 30
grid,4,kiss_k,8,1.0,7,28.79999876022339,36.77012921283491,22 43 107 57 41 86 35 30
grid,4,kiss_k,8,0.1,8,25.600001215934753,34.59563947724092,47 2 84 11 6 20 117 85
grid,4,kiss_k,8,1.0,8,26.399999856948853,34.75432861100366,47 2 84 11 6 20 117 85
grid,4,kiss_k,8,0.1,9,28.79999876022339,37.11992508421503,73 75 96 51 2 82 8 120
grid,4,kiss_k,8,1.0,9,29.600000381469727,37.75311426067254,73 75 96 51 2 82 8 120
grid,4,kiss_k,8,0.1,10,27.20000147819519,36.05199190396605,98 33 38 10 76 57 16 120
grid,4,kiss_k,8,1.0,10,28.00000011920929,36.14356047635542,98 33 38 10 76 57 16 120
grid,4,kiss_k,8,0.1,11,28.00000011920929,36.39789985936278,42 25 94 112 38 116 70 23
grid,4,kiss_k,8,1.0,11,28.79999876022339,36.60626381110283,42 25 94 112 38 116 70 23
grid,4,kiss_k,8,0.1,12,31.999999284744263,38.86833994903362,89 32 93 29 84 42 35 79
grid,4,kiss_k,8,1.0,12,32.8000009059906,39.352314777585676,89 32 93 29 84 42 35 79
grid,4,kiss_k,8,0.1,13,26.399999856948853,35.02523018795459,0 81 63 71 60 26 15 33
grid,4,kiss_k,8,1.0,13,28.00000011920929,35.87519619126258,0 81 63 71 60 26 15 33
grid,4,kiss_k,8,0.1,14,28.79999876022339,36.67921340624972,16 41 67 71 17 108 53 88
grid,4,kiss_k,8,1.0,14,28.00000011920929,36.172268918908905,16 41 67 71 17 108 53 88
grid,4,kiss_k,8,0.1,15,28.79999876022339,36.560155900011715,5 82 78 65 45 94 37 17
grid,4,kiss_k,8,1.0,15,28.00000011920929,35.9967696832118,5 82 78 65 45 94 37 17
grid,4,kiss_k,8,0.1,16,27.20000147819519,35.45760548240227,108 124 93 60 10 75 118 113
grid,4,kiss_k,8,1.0,16,27.20000147819519,35.68130548673455,108 124 93 60 10 75 118 113
grid,4,kiss_k,8,0.1,17,28.00000011920929,35.35616327888928,66 39 94 116 91 29 52 86
grid,4,kiss_k,8,1.0,17,27.20000147819519,35.090090952531355,66 39 94 116 91 29 52 86
grid,4,kiss_k,8,0.1,18,29.600000381469727,38.04076957235298,13 35 112 114 28 71 51 122
grid,4,kiss_k,8,1.0,18,29.600000381469727,37.87507618540119,13 35 112 114 28 71 51 122
grid,4,kiss_k,8,0.1,19,28.79999876022339,36.4768372516894,68 24 75 40 93 9 19 4
grid,4,kiss_k,8,1.0,19,28.79999876022339,36.54875983761946,68 24 75 40 93 9 19 4
grid,4,kiss_k,8,0.1,20,27.20000147819519,36.10965629269276,8 14 58 27 28 87 19 105
grid,4,kiss_k,8,1.0,20,27.20000147819519,36.0956808685077,8 14 58 27 28 87 19 105
grid,4,kiss_k,8,0.1,21,27.20000147819519,35.76634311306355,50 33 99 7 53 69 52 14
grid,4,kiss_k,8,1.0,21,28.00000011920929,36.1561024594277,50 33 99 7 53 69 52 14
grid,4,kiss_k,8,0.1,22,28.00000011920929,36.746436668206,29 110 47 32 109 44 50 1
grid,4,kiss_k,8,1.0,22,28.79999876022339,37.26425941880299,29 110 47 32 109 44 50 1
grid,4,kiss_k,8,0.1,23,26.399999856948853,35.11960794847765,46 20 24 111 71 16 91 49
grid,4,kiss_k,8,1.0,23,26.399999856948853,35.047841360837175,46 20 24 111 71 16 91 49
grid,4,kiss_k,8,0.1,24,24.799999594688416,34.891565345905555,80 9 11 22 107 33 31 118
grid,4,kiss_k,8,1.0,24,25.600001215934753,34.865231795847215,80 9 11 22 107 33 31 118
grid,4,kiss_k,8,0.1,25,28.00000011920929,36.37540138095504,32 29 4 67 100 10 86 76
grid,4,kiss_k,8,1.0,25,29.600000381469727,36.848791017299035,32 29 4 67 100 10 86 76
grid,4,kiss_k,8,0.1,26,27.20000147819519,35.82906560170751,44 78 16 67 55 34 27 29
grid,4,kiss_k,8,1.0,26,28.79999876022339,36.62962311667069,44 78 16 67 55 34 27 29
grid,4,kiss_k,8,0.1,27,28.00000011920929,36.27770680610043,32 2 17 114 94 57 45 14
grid,4,kiss_k,8,1.0,27,28.00000011920929,36.292539715309054,32 2 17 114 94 57 45 14
grid,4,kiss_k,8,0.1,28,27.20000147819519,35.904692764434046,111 22 32 92 49 16 87 52
grid,4,kiss_k,8,1.0,28,28.00000011920929,36.418508377462466,111 22 32 92 49 16 87 52
grid,4,kiss_k,8,0.1,29,28.79999876022339,37.18299444113738,64 90 2 103 34 67 55 36
grid,4,kiss_k,8,1.0,29,31.200000643730164,38.144335421959866,64 90 2 103 34 67 55 36
grid,4,kiss_k,16,0.1,0,29.600000381469727,38.13809655660345,33 48 58 65 59 11 12 114 83 97 109 87 27 118 51 80
grid,4,kiss_k,16,1.0,0,28.00000011920929,37.14720497290047,33 48 58 65 59 11 12 114 83 97 109 87 27 118 51 80
grid,4,kiss_k,16,0.1,1,29.600000381469727,38.56627402397993,67 22 51 75 114 89 117 57 42 92 59 112 104 28 14 64
grid,4,kiss_k,16,1.0,1,29.600000381469727,38.28014789234375,67 22 51 75 114 89 117 57 42 92 59 112 104 28 14 64
grid,4,kiss_k,16,0.1,2,25.600001215934753,34.97918808696186,33 61 99 80 34 90 13 46 57 100 70 87 86 6 117 63
grid,4,kiss_k,16,1.0,2,25.600001215934753,35.00523892812036,33 61 99 80 34 90 13 46 57 100 70 87 86 6 117 63
grid,4,kiss_k,16,0.1,3,25.600001215934753,35.10080450173023,72 6 110 86 69 33 112 36 27 19 95 35 80 18 2 1
grid,4,kiss_k,16,1.0,3,25.600001215934753,34.8315728002313,72 6 110 86 69 33 112 36 27 19 95 35 80 18 2 1
grid,4,kiss_k,16,0.1,4,28.79999876022339,37.45886434285925,82 76 66 56 4 23 51 35 42 25 87 33 53 8 30 1
grid,4,kiss_k,16,1.0,4,27.20000147819519,35.80492240807674,82 76 66 56 4 23 51 35 42 25 87 33 53 8 30 1
grid,4,kiss_k,16,0.1,5,28.00000011920929,36.99471786744136,59 69 113 7 13 43 31 90 122 57 32 93 61 35 15 60
grid,4,kiss_k,16,1.0,5,27.20000147819519,36.67481362648967,59 69 113 7 13 43 31 90 122 57 32 93 61 35 15 60
grid,4,kiss_k,16,0.1,6,28.00000011920929,36.771474855893466,93 91 105 60 89 53 43 59 85 30 0 19 73 46 71 28
grid,4,kiss_k,16,1.0,6,28.79999876022339,36.794219958312155,93 91 105 60 89 53 43 59 85 30 0 19 73 46 71 28
grid,4,kiss_k,16,0.1,7,26.399999856948853,35.93706278914022,61 59 121 22 1 109 87 114 14 81 84 34 54 110 118 93
grid,4,kiss_k,16,1.0,7,27.20000147819519,36.087053014713675,61 59 121 22 1 109 87 114 14 81 84 34 54 110 118 93
grid,4,kiss_k,16,0.1,8,28.00000011920929,36.08929744486986,68 91 13 112 7 8 44 15 36 20 30 77 57 106 43 109
grid,4,kiss_k,16,1.0,8,27.20000147819519,35.69293505246136,68 91 13 112 7 8 44 15 36 20 30 77 57 106 43 109
grid,4,kiss_k,16,0.1,9,28.00000011920929,36.85876822244067,84 123 4 32 18 23 0 25 85 119 9 24 100 66 29 56
grid,4,kiss_k,16,1.0,9,28.00000011920929,36.73316750105261,84 123 4 32 18 23 0 25 85 119 9 24 100 66 29 56
grid,4,kiss_k,16,0.1,10,28.79999876022339,37.593554873160954,109 102 48 21 88 50 52 3 73 110 122 49 65 86 51 63
grid,4,kiss_k,16,1.0,10,29.600000381469727,37.87547709329376,109 102 48 21 88 50 52 3 73 110 122 49 65 86 51 63
grid,4,kiss_k,16,0.1,11,29.600000381469727,37.89780921538341,63 122 110 108 62 123 24 105 42 48 27 43 98 28 79 117
grid,4,kiss_k,16,1.0,11,28.79999876022339,37.12545106386228,63 122 110 108 62 123 24 105 42 48 27 43 98 28 79 117
grid,4,kiss_k,16,0.1,12,28.79999876022339,36.49940818706849,82 39 94 124 88 7 104 50 99 0 67 120 53 34 110 57
grid,4,kiss_k,16,1.0,12,28.79999876022339,35.970043369793935,82 39 94 124 88 7 104 50 99 0 67 120 53 34 110 57
grid,4,kiss_k,16,0.1,13,27.20000147819519,36.123716116253945,98 56 75 67 116 113 102 80 11 42 5 25 16 32 55 23
grid,4,kiss_k,16,1.0,13,28.00000011920929,36.48002805724821,98 56 75 67 116 113 102 80 11 42 5 25 16 32 55 23
grid,4,kiss_k,16,0.1,14,31.999999284744263,39.33002364239162,40 60 123 26 51 87 112 52 101 58 61 56 93 114 117 29
grid,4,kiss_k,16,1.0,14,31.200000643730164,38.763038878226936,40 60 123 26 51 87 112 52 101 58 61 56 93 114 117 29
grid,4,kiss_k,16,0.1,15,28.79999876022339,37.09975354909596,43 66 109 84 77 81 58 75 35 0 122 92 61 29 13 50
grid,4,kiss_k,16,1.0,15,28.00000011920929,36.32329662602738,43 66 109 84 77 81 58 75 35 0 122 92 61 29 13 50
grid,4,kiss_k,16,0.1,16,26.399999856948853,35.560268241912816,26 22 54 21 124 46 78 56 81 11 101 76 112 60 8 73
grid,4,kiss_k,16,1.0,16,27.20000147819519,35.47827719063273,26 22 54 21 124 46 78 56 81 11 101 76 112 60 8 73
grid,4,kiss_k,16,0.1,17,26.399999856948853,35.919433552281276,116 96 86 2 45 44 25 13 71 17 112 53 54 63 23 110
grid,4,kiss_k,16,1.0,17,27.20000147819519,36.140712066122084,116 96 86 2 45 44 25 13 71 17 112 53 54 63 23 110
grid,4,kiss_k,16,0.1,18,26.399999856948853,36.63189369829798,74 61 83 30 57 15 88 3 94 100 92 60 33 65 79 72
grid,4,kiss_k,16,1.0,18,26.399999856948853,36.509013091073705,74 61 83 30 57 15 88 3 94 100 92 60 33 65 79 72
grid,4,kiss_k,16,0.1,19,27.20000147819519,36.86322529386208,30 35 48 32 89 62 115 0 98 92 122 22 67 84 82 1
grid,4,kiss_k,16,1.0,19,25.600001215934753,36.13847273928025,30 35 48 32 89 62 115 0 98 92 122 22 67 84 82 1
grid,4,kiss_k,16,0.1,20,25.600001215934753,35.451938811270615,114 41 10 66 100 76 104 48 20 89 71 120 25 115 13 34
grid,4,kiss_k,16,1.0,20,27.20000147819519,36.09452334186058,114 41 10 66 100 76 104 48 20 89 71 120 25 115 13 34
grid,4,kiss_k,16,0.1,21,25.600001215934753,34.942531591708644,41 96 52 92 80 119 111 26 11 28 114 63 30 75 48 88
grid,4,kiss_k,16,1.0,21,26.399999856948853,35.55562511546329,41 96 52 92 80 119 111 26 11 28 114 63 30 75 48 88
grid,4,kiss_k,16,0.1,22,26.399999856948853,35.384186374999054,74 29 63 33 113 109 66 96 30 122 41 119 5 86 94 116
grid,4,kiss_k,16,1.0,22,27.20000147819519,35.85683534947535,74 29 63 33 113 109 66 96 30 122 41 119 5 86 94 116
grid,4,kiss_k,16,0.1,23,27.20000147819519,35.527658411328694,65 87 76 53 82 61 78 99 36 115 94 39 11 101 56 69
grid,4,kiss_k,16,1.0,23,28.00000011920929,35.345727866054446,65 87 76 53 82 61 78 99 36 115 94 39 11 101 56 69
grid,4,kiss_k,16,0.1,24,30.399999022483826,37.43057945567686,33 114 123 94 116 87 89 50 78 71 0 61 63 29 2 9
grid,4,kiss_k,16,1.0,24,26.399999856948853,35.20652147287228,33 114 123 94 116 87 89 50 78 71 0 61 63 29 2 9
grid,4,kiss_k,16,0.1,25,28.00000011920929,37.12315536627992,26 27 98 107 36 44 84 14 56 57 83 110 66 39 42 47
grid,4,kiss_k,16,1.0,25,25.600001215934753,35.69577540102264,26 27 98 107 36 44 84 14 56 57 83 110 66 39 42 47
grid,4,kiss_k,16,0.1,26,30.399999022483826,37.79891173216659,17 38 69 5 26 61 24 73 115 2 89 25 93 71 114 55
grid,4,kiss_k,16,1.0,26,30.399999022483826,38.08524949220208,17 38 69 5 26 61 24 73 115 2 89 25 93 71 114 55
grid,4,kiss_k,16,0.1,27,28.00000011920929,37.9670486950507,113 107 12 38 5 65 101 95 104 57 14 90 74 9 103 23
grid,4,kiss_k,16,1.0,27,30.399999022483826,39.46758839677306,113 107 12 38 5 65 101 95 104 57 14 90 74 9 103 23
grid,4,kiss_k,16,0.1,28,28.00000011920929,35.88834531299402,82 53 24 114 8 55 26 56 118 99 110 62 116 54 96 22
grid,4,kiss_k,16,1.0,28,28.00000011920929,35.464554461334664,82 53 24 114 8 55 26 56 118 99 110 62 116 54 96 22
grid,4,kiss_k,16,0.1,29,23.19999933242798,33.78210485767236,82 117 70 113 16 83 35 13 33 2 22 45 93 61 94 112
grid,4,kiss_k,16,1.0,29,23.999999463558197,33.70601340880497,82 117 70 113 16 83 35 13 33 2 22 45 93 61 94 112
grid,4,kiss_k,32,0.1,0,29.600000381469727,38.18983667467972,23 60 42 28 59 12 11 1 75 45 65 103 121 20 90 54 57 77 2 55 7 41 51 52 26 21 122 3 15 38 53 35
grid,4,kiss_k,32,1.0,0,28.00000011920929,37.53043754553876,23 60 42 28 59 12 11 1 75 45 65 103 121 20 90 54 57 77 2 55 7 41 51 52 26 21 122 3 15 38 53 35
grid,4,kiss_k,32,0.1,1,30.399999022483826,38.33783411165799,91 44 107 103 23 110 117 9 104 12 102 65 119 122 109 28 75 88 79 14 114 15 112 106 101 84 38 78 61 50 16 4
grid,4,kiss_k,32,1.0,1,29.600000381469727,38.14251322438465,91 44 107 103 23 110 117 9 104 12 102 65 119 122 109 28 75 88 79 14 114 15 112 106 101 84 38 78 61 50 16 4
grid,4,kiss_k,32,0.1,2,26.399999856948853,36.96499298646834,5 2 53 26 104 64 1 50 96 60 34 42 58 81 41 98 66 83 14 70 80 92 123 68 124 6 122 20 94 48 109 99
grid,4,kiss_k,32,1.0,2,27.20000147819519,37.5151584219723,5 2 53 26 104 64 1 50 96 60 34 42 58 81 41 98 66 83 14 70 80 92 123 68 124 6 122 20 94 48 109 99
grid,4,kiss_k,32,0.1,3,28.00000011920929,37.120064605272454,87 18 2 22 82 59 80 15 88 86 62 63 85 67 64 94 33 104 17 79 68 6 98 8 35 3 57 109 51 93 9 106
grid,4,kiss_k,32,1.0,3,25.600001215934753,36.017227707878746,87 18 2 22 82 59 80 15 88 86 62 63 85 67 64 94 33 104 17 79 68 6 98 8 35 3 57 109 51 93 9 106
grid,4,kiss_k,32,0.1,4,28.79999876022339,37.29711419773232,31 67 7 117 52 72 86 8 15 1 100 51 44 78 38 21 43 54 0 107 24 12 84 6 88 35 59 111 104 18 10 41
grid,4,kiss_k,32,1.0,4,28.00000011920929,36.238143076107185,31 67 7 117 52 72 86 8 15 1 100 51 44 78 38 21 43 54 0 107 24 12 84 6 88 35 59 111 104 18 10 41
grid,4,kiss_k,32,0.1,5,28.79999876022339,36.71737865203078,76 87 16 119 59 98 22 1 38 63 124 33 48 24 78 19 91 74 32 123 41 105 93 103 23 73 15 116 99 88 120 111
grid,4,kiss_k,32,1.0,5,28.79999876022339,37.09459340982714,76 87 16 119 59 98 22 1 38 63 124 33 48 24 78 19 91 74 32 123 41 105 93 103 23 73 15 116 99 88 120 111
grid,4,kiss_k,32,0.1,6,28.00000011920929,37.57173377046366,28 113 39 3 119 70 69 123 30 21 4 101 50 11 117 14 46 57 55 58 6 40 108 93 45 32 13 8 37 118 16 81
grid,4,kiss_k,32,1.0,6,28.79999876022339,37.888701932656936,28 113 39 3 119 70 69 123 30 21 4 101 50 11 117 14 46 57 55 58 6 40 108 93 45 32 13 8 37 118 16 81
grid,4,kiss_k,32,0.1,7,29.600000381469727,38.69129581652194,89 60 97 119 29 18 59 67 46 38 113 12 56 40 3 54 0 66 43 115 101 90 85 82 44 55 94 13 62 9 88 11
grid,4,kiss_k,32,1.0,7,28.00000011920929,37.721598444670455,89 60 97 119 29 18 59 67 46 38 113 12 56 40 3 54 0 66 43 115 101 90 85 82 44 55 94 13 62 9 88 11
grid,4,kiss_k,32,0.1,8,28.00000011920929,37.05544095489339,60 76 107 51 55 11 9 45 80 62 96 41 64 6 42 85 118 67 30 77 70 57 122 92 12 17 111 27 74 112 52 59
grid,4,kiss_k,32,1.0,8,28.79999876022339,37.567016421129765,60 76 107 51 55 11 9 45 80 62 96 41 64 6 42 85 118 67 30 77 70 57 122 92 12 17 111 27 74 112 52 59
grid,4,kiss_k,32,0.1,9,28.79999876022339,38.27844870965435,41 34 6 92 12 66 82 64 63 37 75 99 112 90 67 45 72 57 51 26 3 46 2 97 73 42 49 62 117 11 119 124
grid,4,kiss_k,32,1.0,9,28.00000011920929,37.69530230972738,41 34 6 92 12 66 82 64 63 37 75 99 112 90 67 45 72 57 51 26 3 46 2 97 73 42 49 62 117 11 119 124
grid,4,kiss_k,32,0.1,10,27.20000147819519,36.28905713848846,96 10 61 19 60 57 89 72 116 101 104 71 24 121 52 110 2 119 82 42 77 46 41 4 69 78 74 23 37 50 45 106
grid,4,kiss_k,32,1.0,10,28.79999876022339,36.39493567065312,96 10 61 19 60 57 89 72 116 101 104 71 24 121 52 110 2 119 82 42 77 46 41 4 69 78 74 23 37 50 45 106
grid,4,kiss_k,32,0.1,11,26.399999856948853,37.355125698181304,98 109 66 38 71 47 34 118 79 68 13 17 122 59 49 97 29 26 80 6 40 3 91 112 24 46 10 70 55 111 72 51
grid,4,kiss_k,32,1.0,11,27.20000147819519,37.327602317573536,98 109 66 38 71 47 34 118 79 68 13 17 122 59 49 97 29 26 80 6 40 3 91 112 24 46 10 70 55 111 72 51
grid,4,kiss_k,32,0.1,12,29.600000381469727,38.25747075699711,13 84 21 62 79 51 113 15 71 41 18 109 6 89 57 112 77 37 91 111 40 105 110 56 19 99 94 103 100 75 12 39
grid,4,kiss_k,32,1.0,12,28.79999876022339,37.66867824637269,13 84 21 62 79 51 113 15 71 41 18 109 6 89 57 112 77 37 91 111 40 105 110 56 19 99 94 103 100 75 12 39
grid,4,kiss_k,32,0.1,13,25.600001215934753,34.67790152511626,101 104 86 8 49 6 113 36 72 21 57 15 24 102 39 56 44 91 54 117 46 31 1 20 94 12 59 23 69 81 63 4
grid,4,kiss_k,32,1.0,13,26.399999856948853,35.05222724458698,101 104 86 8 49 6 113 36 72 21 57 15 24 102 39 56 44 91 54 117 46 31 1 20 94 12 59 23 69 81 63 4
grid,4,kiss_k,32,0.1,14,30.399999022483826,37.87395809668153,76 30 27 82 110 16 61 60 2 87 117 104 52 107 51 12 102 56 57 10 101 116 47 29 39 94 4 8 0 71 83 124
grid,4,kiss_k,32,1.0,14,28.79999876022339,36.79182369372222,76 30 27 82 110 16 61 60 2 87 117 104 52 107 51 12 102 56 57 10 101 116 47 29 39 94 4 8 0 71 83 124
grid,4,kiss_k,32,0.1,15,28.79999876022339,37.278743797951606,53 56 69 12 37 76 45 29 1 107 4 47 46 113 100 34 88 33 121 43 50 52 49 123 23 83 10 27 99 67 89 74
grid,4,kiss_k,32,1.0,15,28.79999876022339,37.68824590227827,53 56 69 12 37 76 45 29 1 107 4 47 46 113 100 34 88 33 121 43 50 52 49 123 23 83 10 27 99 67 89 74
grid,4,kiss_k,32,0.1,16,32.8000009059906,40.31133876280682,109 6 123 80 117 36 43 76 25 2 51 56 107 116 16 64 72 91 83 105 70 10 40 23 69 97 120 35 67 121 3 65
grid,4,kiss_k,32,1.0,16,29.600000381469727,38.627847597631956,109 6 123 80 117 36 43 76 25 2 51 56 107 116 16 64 72 91 83 105 70 10 40 23 69 97 120 35 67 121 3 65
grid,4,kiss_k,32,0.1,17,28.79999876022339,37.8887935208018,24 35 97 18 69 117 41 71 95 101 29 28 30 1 96 85 67 53 109 6 107 102 81 3 116 2 114 119 79 44 11 72
grid,4,kiss_k,32,1.0,17,28.00000011920929,37.4020590957126,24 35 97 18 69 117 41 71 95 101 29 28 30 1 96 85 67 53 109 6 107 102 81 3 116 2 114 119 79 44 11 72
grid,4,kiss_k,32,0.1,18,27.20000147819519,36.763776989541455,33 45 44 122 64 63 114 16 101 4 49 5 52 2 54 12 110 106 98 41 37 72 1 105 71 91 35 111 53 107 83 55
grid,4,kiss_k,32,1.0,18,26.399999856948853,36.41423095270804,33 45 44 122 64 63 114 16 101 4 49 5 52 2 54 12 110 106 98 41 37 72 1 105 71 91 35 111 53 107 83 55
grid,4,kiss_k,32,0.1,19,28.00000011920929,37.77241556968388,86 101 85 66 22 79 32 124 65 75 13 71 15 38 94 63 64 4 3 95 55 37 14 43 59 16 29 123 61 31 9 1
grid,4,kiss_k,32,1.0,19,28.79999876022339,37.84199273193676,86 101 85 66 22 79 32 124 65 75 13 71 15 38 94 63 64 4 3 95 55 37 14 43 59 16 29 123 61 31 9 1
grid,4,kiss_k,32,0.1,20,28.00000011920929,36.64205381573711,37 7 10 96 35 29 40 32 106 51 74 23 31 20 15 17 112 24 65 78 104 11 52 5 45 58 66 73 59 57 121 53
grid,4,kiss_k,32,1.0,20,28.79999876022339,37.08812425832432,37 7 10 96 35 29 40 32 106 51 74 23 31 20 15 17 112 24 65 78 104 11 52 5 45 58 66 73 59 57 121 53
grid,4,kiss_k,32,0.1,21,26.399999856948853,35.52187069032601,114 41 90 67 92 61 76 27 63 94 52 104 70 86 110 81 54 117 78 103 30 82 36 119 69 39 37 111 85 71 25 123
grid,4,kiss_k,32,1.0,21,28.00000011920929,36.127329826253636,114 41 90 67 92 61 76 27 63 94 52 104 70 86 110 81 54 117 78 103 30 82 36 119 69 39 37 111 85 71 25 123
grid,4,kiss_k,32,0.1,22,27.20000147819519,35.73442841063442,72 92 5 77 117 19 116 17 115 104 28 88 82 36 46 109 75 48 102 100 16 69 52 43 4 33 114 122 78 61 34 8
grid,4,kiss_k,32,1.0,22,26.399999856948853,35.35767019757209,72 92 5 77 117 19 116 17 115 104 28 88 82 36 46 109 75 48 102 100 16 69 52 43 4 33 114 122 78 61 34 8
grid,4,kiss_k,32,0.1,23,30.399999022483826,38.388245146483186,55 95 56 7 73 66 113 54 83 79 103 15 52 75 14 67 114 61 41 85 69 38 59 92 34 24 76 11 117 71 32 37
grid,4,kiss_k,32,1.0,23,30.399999022483826,38.17027705576186,55 95 56 7 73 66 113 54 83 79 103 15 52 75 14 67 114 61 41 85 69 38 59 92 34 24 76 11 117 71 32 37
grid,4,kiss_k,32,0.1,24,27.20000147819519,35.99860656477505,118 5 97 38 40 115 61 122 27 2 16 50 89 10 108 81 86 6 66 112 41 34 28 15 68 48 62 94 30 9 121 3
grid,4,kiss_k,32,1.0,24,28.00000011920929,36.22198082072756,118 5 97 38 40 115 61 122 27 2 16 50 89 10 108 81 86 6 66 112 41 34 28 15 68 48 62 94 30 9 121 3
grid,4,kiss_k,32,0.1,25,26.399999856948853,35.98617953873289,68 49 60 31 77 19 88 50 100 32 103 8 54 67 69 120 117 83 24 105 111 61 57 38 45 79 95 78 41 104 7 14
grid,4,kiss_k,32,1.0,25,25.600001215934753,35.706242876138525,68 49 60 31 77 19 88 50 100 32 103 8 54 67 69 120 117 83 24 105 111 61 57 38 45 79 95 78 41 104 7 14
grid,4,kiss_k,32,0.1,26,23.999999463558197,34.62655385001992,14 38 120 92 53 33 46 106 79 114 76 56 22 30 15 110 68 98 59 48 115 100 118 117 81 69 24 83 85 67 36 54
grid,4,kiss_k,32,1.0,26,25.600001215934753,35.791814124130916,14 38 120 92 53 33 46 106 79 114 76 56 22 30 15 110 68 98 59 48 115 100 118 117 81 69 24 83 85 67 36 54
grid,4,kiss_k,32,0.1,27,27.20000147819519,37.01874426055885,49 56 94 112 35 13 17 73 109 99 53 118 26 85 90 51 45 96 14 88 79 82 50 11 19 101 41 28 15 63 86 30
grid,4,kiss_k,32,1.0,27,24.799999594688416,35.46421720241142,49 56 94 112 35 13 17 73 109 99 53 118 26 85 90 51 45 96 14 88 79 82 50 11 19 101 41 28 15 63 86 30
grid,4,kiss_k,32,0.1,28,30.399999022483826,39.14055837899959,75 64 22 73 115 63 50 45 43 72 110 86 93 13 59 109 62 98 107 57 25 96 15 29 108 90 68 94 83 9 41 103
grid,4,kiss_k,32,1.0,28,28.79999876022339,37.856728640781576,75 64 22 73 115 63 50 45 43 72 110 86 93 13 59 109 62 98 107 57 25 96 15 29 108 90 68 94 83 9 41 103
grid,4,kiss_k,32,0.1,29,28.79999876022339,38.356463931510476,100 62 2 83 1 121 79 42 20 61 102 58 109 110 99 89 56 25 59 14 57 71 118 38 35 113 21 107 92 45 96 4
grid,4,kiss_k,32,1.0,29,28.79999876022339,38.61026977581369,100 62 2 83 1 121 79 42 20 61 102 58 109 110 99 89 56 25 59 14 57 71 118 38 35 113 21 107 92 45 96 4
grid,5,raw,0,-1,-1,29.600000381469727,37.242433539504404,
grid,5,center,0,-1,-1,29.600000381469727,37.242433539504404,
grid,5,unlab,0,0.1,-1,28.00000011920929,35.99812626831637,
grid,5,kiss_all,125,0.1,-1,31.200000643730164,38.11126629921346,
grid,5,unlab,0,1.0,-1,28.00000011920929,35.897224019493976,
grid,5,kiss_all,125,1.0,-1,28.00000011920929,37.0957923793011,
grid,5,kiss_k,2,0.1,0,28.00000011920929,35.77357043693175,13 36
grid,5,kiss_k,2,1.0,0,28.79999876022339,35.852421782243276,13 36
grid,5,kiss_k,2,0.1,1,27.20000147819519,34.900121190446896,65 97
grid,5,kiss_k,2,1.0,1,27.20000147819519,35.030305110274455,65 97
grid,5,kiss_k,2,0.1,2,28.79999876022339,36.61160495181918,37 78
grid,5,kiss_k,2,1.0,2,29.600000381469727,36.54155722157544,37 78
grid,5,kiss_k,2,0.1,3,28.00000011920929,35.87606671689689,5 29
grid,5,kiss_k,2,1.0,3,26.399999856948853,34.64546117790921,5 29
grid,5,kiss_k,2,0.1,4,26.399999856948853,34.76110846131221,90 87
grid,5,kiss_k,2,1.0,4,23.999999463558197,33.15392731646124,90 87
grid,5,kiss_k,2,0.1,5,26.399999856948853,34.4184323174778,87 7
grid,5,kiss_k,2,1.0,5,27.20000147819519,34.51225313443314,87 7
grid,5,kiss_k,2,0.1,6,28.00000011920929,36.1621539867962,20 62
grid,5,kiss_k,2,1.0,6,28.00000011920929,36.091841901167534,20 62
grid,5,kiss_k,2,0.1,7,24.799999594688416,34.31127576849729,87 26
grid,5,kiss_k,2,1.0,7,25.600001215934753,34.359813757379605,87 26
grid,5,kiss_k,2,0.1,8,28.00000011920929,35.470198026534746,114 85
grid,5,kiss_k,2,1.0,8,28.00000011920929,35.24936156826889,114 85
grid,5,kiss_k,2,0.1,9,28.79999876022339,36.346642201524595,37 72
grid,5,kiss_k,2,1.0,9,28.79999876022339,35.66994194783875,37 72
grid,5,kiss_k,2,0.1,10,28.79999876022339,36.95898221359622,113 44
grid,5,kiss_k,2,1.0,10,29.600000381469727,37.05950721013145,113 44
grid,5,kiss_k,2,0.1,11,28.00000011920929,36.02786181397243,46 67
grid,5,kiss_k,2,1.0,11,27.20000147819519,35.443399840934966,46 67
grid,5,kiss_k,2,0.1,12,28.00000011920929,36.322418549928486,22 57
grid,5,kiss_k,2,1.0,12,27.20000147819519,35.50269748484036,22 57
grid,5,kiss_k,2,0.1,13,28.00000011920929,36.052702283497645,70 56
grid,5,kiss_k,2,1.0,13,28.00000011920929,35.88841878740891,70 56
grid,5,kiss_k,2,0.1,14,28.79999876022339,36.169816597132574,38 39
grid,5,kiss_k,2,1.0,14,28.79999876022339,35.970190332748665,38 39
grid,5,kiss_k,2,0.1,15,31.200000643730164,38.094283750939766,25 33
grid,5,kiss_k,2,1.0,15,30.399999022483826,37.245797355013835,25 33
grid,5,kiss_k,2,0.1,16,29.600000381469727,36.48118383802458,83 50
grid,5,kiss_k,2,1.0,16,29.600000381469727,36.49288089820083,83 50
grid,5,kiss_k,2,0.1,17,29.600000381469727,36.585655689015404,40 27
grid,5,kiss_k,2,1.0,17,28.00000011920929,35.79506410616254,40 27
grid,5,kiss_k,2,0.1,18,28.00000011920929,36.55429778834439,113 5
grid,5,kiss_k,2,1.0,18,28.00000011920929,35.99867230940296,113 5
grid,5,kiss_k,2,0.1,19,28.00000011920929,36.13077014725039,118 5
grid,5,kiss_k,2,1.0,19,27.20000147819519,35.351876454461085,118 5
grid,5,kiss_k,2,0.1,20,26.399999856948853,34.47474796147693,65 96
grid,5,kiss_k,2,1.0,20,26.399999856948853,34.45131479561981,65 96
grid,5,kiss_k,2,0.1,21,28.00000011920929,35.71904545587136,36 27
grid,5,kiss_k,2,1.0,21,28.00000011920929,35.81097356280454,36 27
grid,5,kiss_k,2,0.1,22,27.20000147819519,36.11503847511685,54 123
grid,5,kiss_k,2,1.0,22,26.399999856948853,35.477366510322014,54 123
grid,5,kiss_k,2,0.1,23,27.20000147819519,35.73455200001045,115 4
grid,5,kiss_k,2,1.0,23,28.00000011920929,35.98140582982886,115 4
grid,5,kiss_k,2,0.1,24,28.79999876022339,36.07912106502058,118 8
grid,5,kiss_k,2,1.0,24,29.600000381469727,36.80736560025351,118 8
grid,5,kiss_k,2,0.1,25,26.399999856948853,34.89212007234697,75 101
grid,5,kiss_k,2,1.0,25,26.399999856948853,34.92685631107089,75 101
grid,5,kiss_k,2,0.1,26,28.00000011920929,35.73950474299845,31 53
grid,5,kiss_k,2,1.0,26,27.20000147819519,34.95120692108988,31 53
grid,5,kiss_k,2,0.1,27,27.20000147819519,35.194840066497555,121 8
grid,5,kiss_k,2,1.0,27,27.20000147819519,34.981216378612636,121 8
grid,5,kiss_k,2,0.1,28,29.600000381469727,36.94982573908995,113 1
grid,5,kiss_k,2,1.0,28,28.79999876022339,36.555267108495514,113 1
grid,5,kiss_k,2,0.1,29,28.79999876022339,36.12253576318042,76 25
grid,5,kiss_k,2,1.0,29,28.79999876022339,35.82769142214228,76 25
grid,5,kiss_k,4,0.1,0,26.399999856948853,35.41295976887378,4 18 104 123
grid,5,kiss_k,4,1.0,0,28.00000011920929,35.85020922672969,4 18 104 123
grid,5,kiss_k,4,0.1,1,27.20000147819519,35.67059177843188,27 41 99 21
grid,5,kiss_k,4,1.0,1,28.79999876022339,36.30343265189135,27 41 99 21
grid,5,kiss_k,4,0.1,2,28.79999876022339,36.43446700573738,66 116 72 6
grid,5,kiss_k,4,1.0,2,28.00000011920929,35.647799387330885,66 116 72 6
grid,5,kiss_k,4,0.1,3,28.00000011920929,36.56578495854815,21 110 6 54
grid,5,kiss_k,4,1.0,3,28.00000011920929,35.95925538039621,21 110 6 54
grid,5,kiss_k,4,0.1,4,29.600000381469727,37.61100759849476,80 107 119 20
grid,5,kiss_k,4,1.0,4,30.399999022483826,37.9354910149509,80 107 119 20
grid,5,kiss_k,4,0.1,5,28.79999876022339,36.5239372217031,95 119 120 53
grid,5,kiss_k,4,1.0,5,28.79999876022339,36.318421962541,95 119 120 53
grid,5,kiss_k,4,0.1,6,28.79999876022339,35.726537918663254,91 80 122 6
grid,5,kiss_k,4,1.0,6,28.00000011920929,35.48876182665528,91 80 122 6
grid,5,kiss_k,4,0.1,7,26.399999856948853,34.68577068209833,121 7 111 29
grid,5,kiss_k,4,1.0,7,26.399999856948853,34.42166491694806,121 7 111 29
grid,5,kiss_k,4,0.1,8,29.600000381469727,36.700424264899006,51 20 105 123
grid,5,kiss_k,4,1.0,8,28.79999876022339,36.15150191422456,51 20 105 123
grid,5,kiss_k,4,0.1,9,30.399999022483826,38.269492897366796,107 72 33 101
grid,5,kiss_k,4,1.0,9,31.200000643730164,38.199087438216864,107 72 33 101
grid,5,kiss_k,4,0.1,10,28.00000011920929,35.917684489447076,108 60 102 27
grid,5,kiss_k,4,1.0,10,28.00000011920929,35.86409301816425,108 60 102 27
grid,5,kiss_k,4,0.1,11,27.20000147819519,35.71785565971016,58 55 51 119
grid,5,kiss_k,4,1.0,11,27.20000147819519,35.58799082573824,58 55 51 119
grid,5,kiss_k,4,0.1,12,27.20000147819519,35.26414149940214,32 60 97 77
grid,5,kiss_k,4,1.0,12,28.79999876022339,35.58891481109554,32 60 97 77
grid,5,kiss_k,4,0.1,13,27.20000147819519,35.58910926235476,114 102 3 120
grid,5,kiss_k,4,1.0,13,28.00000011920929,35.99665091443845,114 102 3 120
grid,5,kiss_k,4,0.1,14,28.00000011920929,35.84140957067955,75 68 124 2
grid,5,kiss_k,4,1.0,14,28.79999876022339,35.949075515935284,75 68 124 2
grid,5,kiss_k,4,0.1,15,28.79999876022339,36.256696347757575,18 15 41 66
grid,5,kiss_k,4,1.0,15,28.79999876022339,35.925431026639096,18 15 41 66
grid,5,kiss_k,4,0.1,16,28.00000011920929,36.1063089637828,54 112 29 61
grid,5,kiss_k,4,1.0,16,28.00000011920929,35.73675610379315,54 112 29 61
grid,5,kiss_k,4,0.1,17,24.799999594688416,33.92579316509647,117 48 1 79
grid,5,kiss_k,4,1.0,17,23.999999463558197,33.213397654985094,117 48 1 79
grid,5,kiss_k,4,0.1,18,28.79999876022339,35.76527223301916,53 52 46 91
grid,5,kiss_k,4,1.0,18,29.600000381469727,36.14776845885167,53 52 46 91
grid,5,kiss_k,4,0.1,19,28.00000011920929,35.923517257333884,92 20 111 49
grid,5,kiss_k,4,1.0,19,27.20000147819519,35.023146245258346,92 20 111 49
grid,5,kiss_k,4,0.1,20,28.79999876022339,36.20721325579715,61 108 98 53
grid,5,kiss_k,4,1.0,20,29.600000381469727,36.13711885053208,61 108 98 53
grid,5,kiss_k,4,0.1,21,28.79999876022339,35.65868718838251,18 64 28 16
grid,5,kiss_k,4,1.0,21,28.00000011920929,35.26798241858348,18 64 28 16
grid,5,kiss_k,4,0.1,22,28.79999876022339,36.47860926503255,115 71 25 49
grid,5,kiss_k,4,1.0,22,28.00000011920929,35.67233532442353,115 71 25 49
grid,5,kiss_k,4,0.1,23,28.79999876022339,36.82758208044262,36 69 22 18
grid,5,kiss_k,4,1.0,23,28.00000011920929,36.06802514342772,36 69 22 18
grid,5,kiss_k,4,0.1,24,28.00000011920929,35.86992507969331,82 56 88 57
grid,5,kiss_k,4,1.0,24,26.399999856948853,34.75691170335534,82 56 88 57
grid,5,kiss_k,4,0.1,25,28.00000011920929,35.329352861341135,82 105 78 38
grid,5,kiss_k,4,1.0,25,28.79999876022339,35.475810896168944,82 105 78 38
grid,5,kiss_k,4,0.1,26,27.20000147819519,35.684771052381855,83 0 10 5
grid,5,kiss_k,4,1.0,26,27.20000147819519,35.126666220367795,83 0 10 5
grid,5,kiss_k,4,0.1,27,28.00000011920929,36.39872094351691,52 47 94 84
grid,5,kiss_k,4,1.0,27,29.600000381469727,37.18947100633083,52 47 94 84
grid,5,kiss_k,4,0.1,28,28.00000011920929,35.74864873440114,65 63 1 117
grid,5,kiss_k,4,1.0,28,26.399999856948853,34.74517312522779,65 63 1 117
grid,5,kiss_k,4,0.1,29,27.20000147819519,35.11847340306489,38 32 3 5
grid,5,kiss_k,4,1.0,29,27.20000147819519,34.92273214378083,38 32 3 5
grid,5,kiss_k,8,0.1,0,28.79999876022339,36.801500832181475,98 33 38 10 76 57 16 120
grid,5,kiss_k,8,1.0,0,27.20000147819519,35.679104659777714,98 33 38 10 76 57 16 120
grid,5,kiss_k,8,0.1,1,31.999999284744263,38.82610188537599,42 25 94 112 38 116 70 23
grid,5,kiss_k,8,1.0,1,31.200000643730164,38.35541723174507,42 25 94 112 38 116 70 23
grid,5,kiss_k,8,0.1,2,24.799999594688416,34.84072446686184,89 32 93 29 84 42 35 79
grid,5,kiss_k,8,1.0,2,26.399999856948853,35.0879329378095,89 32 93 29 84 42 35 79
grid,5,kiss_k,8,0.1,3,27.20000147819519,35.92912704943657,0 81 63 71 60 26 15 33
grid,5,kiss_k,8,1.0,3,27.20000147819519,35.7096617606488,0 81 63 71 60 26 15 33
grid,5,kiss_k,8,0.1,4,29.600000381469727,37.223651975819756,16 41 67 71 17 108 53 88
grid,5,kiss_k,8,1.0,4,29.600000381469727,36.822959180387436,16 41 67 71 17 108 53 88
grid,5,kiss_k,8,0.1,5,26.399999856948853,34.861624540494596,5 82 78 65 45 94 37 17
grid,5,kiss_k,8,1.0,5,26.399999856948853,34.864212478873284,5 82 78 65 45 94 37 17
grid,5,kiss_k,8,0.1,6,29.600000381469727,37.431209497016184,108 124 93 60 10 75 118 113
grid,5,kiss_k,8,1.0,6,30.399999022483826,37.75332410575922,108 124 93 60 10 75 118 113
grid,5,kiss_k,8,0.1,7,26.399999856948853,35.003811027365856,66 39 94 116 91 29 52 86
grid,5,kiss_k,8,1.0,7,25.600001215934753,34.76438894940015,66 39 94 116 91 29 52 86
grid,5,kiss_k,8,0.1,8,26.399999856948853,34.858477215084775,13 35 112 114 28 71 51 122
grid,5,kiss_k,8,1.0,8,27.20000147819519,35.41640824985336,13 35 112 114 28 71 51 122
grid,5,kiss_k,8,0.1,9,29.600000381469727,37.22259676495634,68 24 75 40 93 9 19 4
grid,5,kiss_k,8,1.0,9,29.600000381469727,36.667913197318356,68 24 75 40 93 9 19 4
grid,5,kiss_k,8,0.1,10,29.600000381469727,37.076910534679335,8 14 58 27 28 87 19 105
grid,5,kiss_k,8,1.0,10,28.00000011920929,36.20686554950442,8 14 58 27 28 87 19 105
grid,5,kiss_k,8,0.1,11,28.00000011920929,36.64033103448165,50 33 99 7 53 69 52 14
grid,5,kiss_k,8,1.0,11,28.00000011920929,36.56123668018071,50 33 99 7 53 69 52 14
grid,5,kiss_k,8,0.1,12,28.00000011920929,35.905854433054934,29 110 47 32 109 44 50 1
grid,5,kiss_k,8,1.0,12,28.79999876022339,36.462174010052344,29 110 47 32 109 44 50 1
grid,5,kiss_k,8,0.1,13,30.399999022483826,37.59903029444692,46 20 24 111 71 16 91 49
grid,5,kiss_k,8,1.0,13,30.399999022483826,37.080548148462235,46 20 24 111 71 16 91 49
grid,5,kiss_k,8,0.1,14,30.399999022483826,37.95273080847992,80 9 11 22 107 33 31 118
grid,5,kiss_k,8,1.0,14,31.200000643730164,38.39507067420116,80 9 11 22 107 33 31 118
grid,5,kiss_k,8,0.1,15,26.399999856948853,35.50379952858982,32 29 4 67 100 10 86 76
grid,5,kiss_k,8,1.0,15,26.399999856948853,35.27511508007407,32 29 4 67 100 10 86 76
grid,5,kiss_k,8,0.1,16,28.79999876022339,36.88142698377684,44 78 16 67 55 34 27 29
grid,5,kiss_k,8,1.0,16,28.79999876022339,36.64630556593364,44 78 16 67 55 34 27 29
grid,5,kiss_k,8,0.1,17,28.79999876022339,36.79393681804269,32 2 17 114 94 57 45 14
grid,5,kiss_k,8,1.0,17,29.600000381469727,37.01207948488396,32 2 17 114 94 57 45 14
grid,5,kiss_k,8,0.1,18,29.600000381469727,36.615773012362844,111 22 32 92 49 16 87 52
grid,5,kiss_k,8,1.0,18,28.79999876022339,35.77583141847222,111 22 32 92 49 16 87 52
grid,5,kiss_k,8,0.1,19,28.00000011920929,35.69603750345816,64 90 2 103 34 67 55 36
grid,5,kiss_k,8,1.0,19,28.00000011920929,35.75773197738022,64 90 2 103 34 67 55 36
grid,5,kiss_k,8,0.1,20,28.00000011920929,36.180876915352144,67 94 41 102 55 84 40 86
grid,5,kiss_k,8,1.0,20,26.399999856948853,35.32868723597724,67 94 41 102 55 84 40 86
grid,5,kiss_k,8,0.1,21,28.79999876022339,36.43986820597851,13 86 1 25 43 124 88 12
grid,5,kiss_k,8,1.0,21,28.00000011920929,35.67127089998699,13 86 1 25 43 124 88 12
grid,5,kiss_k,8,0.1,22,28.00000011920929,35.85016941558463,32 82 10 26 63 99 61 109
grid,5,kiss_k,8,1.0,22,28.00000011920929,35.66490723269276,32 82 10 26 63 99 61 109
grid,5,kiss_k,8,0.1,23,27.20000147819519,36.24854717497384,21 24 114 77 49 67 94 69
grid,5,kiss_k,8,1.0,23,28.00000011920929,36.02726727131877,21 24 114 77 49 67 94 69
grid,5,kiss_k,8,0.1,24,25.600001215934753,33.87960313104786,101 84 117 1 6 18 31 71
grid,5,kiss_k,8,1.0,24,24.799999594688416,33.25346120340845,101 84 117 1 6 18 31 71
grid,5,kiss_k,8,0.1,25,26.399999856948853,34.688365473870306,106 14 46 71 66 95 37 90
grid,5,kiss_k,8,1.0,25,25.600001215934753,34.213886330268465,106 14 46 71 66 95 37 90
grid,5,kiss_k,8,0.1,26,28.79999876022339,35.65710747729223,123 102 65 91 51 80 24 6
grid,5,kiss_k,8,1.0,26,28.79999876022339,35.42611850032093,123 102 65 91 51 80 24 6
grid,5,kiss_k,8,0.1,27,29.600000381469727,37.287356686313174,73 17 22 71 6 13 111 115
grid,5,kiss_k,8,1.0,27,28.79999876022339,36.87248852803027,73 17 22 71 6 13 111 115
grid,5,kiss_k,8,0.1,28,27.20000147819519,35.56616513978283,87 98 42 9 51 54 62 70
grid,5,kiss_k,8,1.0,28,26.399999856948853,34.523721202329966,87 98 42 9 51 54 62 70
grid,5,kiss_k,8,0.1,29,29.600000381469727,37.16653882996284,37 109 18 77 119 117 19 62
grid,5,kiss_k,8,1.0,29,28.79999876022339,36.49894693105597,37 109 18 77 119 117 19 62
grid,5,kiss_k,16,0.1,0,28.79999876022339,36.38616409168304,109 102 48 21 88 50 52 3 73 110 122 49 65 86 51 63
grid,5,kiss_k,16,1.0,0,30.399999022483826,37.04314167535066,109 102 48 21 88 50 52 3 73 110 122 49 65 86 51 63
grid,5,kiss_k,16,0.1,1,29.600000381469727,37.708831719047176,63 122 110 108 62 123 24 105 42 48 27 43 98 28 79 117
grid,5,kiss_k,16,1.0,1,30.399999022483826,38.325275907649825,63 122 110 108 62 123 24 105 42 48 27 43 98 28 79 117
grid,5,kiss_k,16,0.1,2,27.20000147819519,35.82032417289327,82 39 94 124 88 7 104 50 99 0 67 120 53 34 110 57
grid,5,kiss_k,16,1.0,2,28.00000011920929,36.45254975014728,82 39 94 124 88 7 104 50 99 0 67 120 53 34 110 57
grid,5,kiss_k,16,0.1,3,28.00000011920929,36.07095249814096,98 56 75 67 116 113 102 80 11 42 5 25 16 32 55 23
grid,5,kiss_k,16,1.0,3,28.00000011920929,35.52686266127191,98 56 75 67 116 113 102 80 11 42 5 25 16 32 55 23
grid,5,kiss_k,16,0.1,4,26.399999856948853,36.16575639435812,40 60 123 26 51 87 112 52 101 58 61 56 93 114 117 29
grid,5,kiss_k,16,1.0,4,26.399999856948853,35.76954238135695,40 60 123 26 51 87 112 52 101 58 61 56 93 114 117 29
grid,5,kiss_k,16,0.1,5,29.600000381469727,37.20081563511183,43 66 109 84 77 81 58 75 35 0 122 92 61 29 13 50
grid,5,kiss_k,16,1.0,5,29.600000381469727,36.81614383232172,43 66 109 84 77 81 58 75 35 0 122 92 61 29 13 50
grid,5,kiss_k,16,0.1,6,26.399999856948853,35.42755281926721,26 22 54 21 124 46 78 56 81 11 101 76 112 60 8 73
grid,5,kiss_k,16,1.0,6,28.00000011920929,35.63285600259083,26 22 54 21 124 46 78 56 81 11 101 76 112 60 8 73
grid,5,kiss_k,16,0.1,7,28.79999876022339,36.70112067179005,116 96 86 2 45 44 25 13 71 17 112 53 54 63 23 110
grid,5,kiss_k,16,1.0,7,29.600000381469727,36.920530497982405,116 96 86 2 45 44 25 13 71 17 112 53 54 63 23 110
grid,5,kiss_k,16,0.1,8,26.399999856948853,35.538766193034995,74 61 83 30 57 15 88 3 94 100 92 60 33 65 79 72
grid,5,kiss_k,16,1.0,8,27.20000147819519,35.50989044456351,74 61 83 30 57 15 88 3 94 100 92 60 33 65 79 72
grid,5,kiss_k,16,0.1,9,28.79999876022339,36.56085457515528,30 35 48 32 89 62 115 0 98 92 122 22 67 84 82 1
grid,5,kiss_k,16,1.0,9,28.00000011920929,35.89270867586907,30 35 48 32 89 62 115 0 98 92 122 22 67 84 82 1
grid,5,kiss_k,16,0.1,10,28.79999876022339,36.86797429696792,114 41 10 66 100 76 104 48 20 89 71 120 25 115 13 34
grid,5,kiss_k,16,1.0,10,29.600000381469727,37.06448625208356,114 41 10 66 100 76 104 48 20 89 71 120 25 115 13 34
grid,5,kiss_k,16,0.1,11,30.399999022483826,37.65975384525388,41 96 52 92 80 119 111 26 11 28 114 63 30 75 48 88
grid,5,kiss_k,16,1.0,11,29.600000381469727,37.12406527232671,41 96 52 92 80 119 111 26 11 28 114 63 30 75 48 88
grid,5,kiss_k,16,0.1,12,30.399999022483826,38.41164076629188,74 29 63 33 113 109 66 96 30 122 41 119 5 86 94 116
grid,5,kiss_k,16,1.0,12,28.79999876022339,37.46529866752568,74 29 63 33 113 109 66 96 30 122 41 119 5 86 94 116
grid,5,kiss_k,16,0.1,13,26.399999856948853,35.36574951254892,65 87 76 53 82 61 78 99 36 115 94 39 11 101 56 69
grid,5,kiss_k,16,1.0,13,27.20000147819519,35.672440666119996,65 87 76 53 82 61 78 99 36 115 94 39 11 101 56 69
grid,5,kiss_k,16,0.1,14,25.600001215934753,35.209578637404064,33 114 123 94 116 87 89 50 78 71 0 61 63 29 2 9
grid,5,kiss_k,16,1.0,14,26.399999856948853,35.41681722170983,33 114 123 94 116 87 89 50 78 71 0 61 63 29 2 9
grid,5,kiss_k,16,0.1,15,30.399999022483826,38.53062605413139,26 27 98 107 36 44 84 14 56 57 83 110 66 39 42 47
grid,5,kiss_k,16,1.0,15,29.600000381469727,38.04106171888975,26 27 98 107 36 44 84 14 56 57 83 110 66 39 42 47
grid,5,kiss_k,16,0.1,16,28.00000011920929,36.02456945240588,17 38 69 5 26 61 24 73 115 2 89 25 93 71 114 55
grid,5,kiss_k,16,1.0,16,28.00000011920929,35.750674998852084,17 38 69 5 26 61 24 73 115 2 89 25 93 71 114 55
grid,5,kiss_k,16,0.1,17,26.399999856948853,35.49130051899959,113 107 12 38 5 65 101 95 104 57 14 90 74 9 103 23
grid,5,kiss_k,16,1.0,17,26.399999856948853,35.241228945844895,113 107 12 38 5 65 101 95 104 57 14 90 74 9 103 23
grid,5,kiss_k,16,0.1,18,29.600000381469727,37.2096485067146,82 53 24 114 8 55 26 56 118 99 110 62 116 54 96 22
grid,5,kiss_k,16,1.0,18,27.20000147819519,35.74817807167921,82 53 24 114 8 55 26 56 118 99 110 62 116 54 96 22
grid,5,kiss_k,16,0.1,19,28.79999876022339,37.18839118784889,82 117 70 113 16 83 35 13 33 2 22 45 93 61 94 112
grid,5,kiss_k,16,1.0,19,27.20000147819519,36.12453380354511,82 117 70 113 16 83 35 13 33 2 22 45 93 61 94 112
grid,5,kiss_k,16,0.1,20,28.00000011920929,37.223471520907275,98 26 16 5 33 102 74 31 111 54 53 0 14 99 4 19
grid,5,kiss_k,16,1.0,20,27.20000147819519,36.31349773041724,98 26 16 5 33 102 74 31 111 54 53 0 14 99 4 19
grid,5,kiss_k,16,0.1,21,30.399999022483826,38.19203823693024,26 74 103 38 51 36 8 20 78 60 113 42 58 67 93 4
grid,5,kiss_k,16,1.0,21,28.79999876022339,37.16911437031318,26 74 103 38 51 36 8 20 78 60 113 42 58 67 93 4
grid,5,kiss_k,16,0.1,22,27.20000147819519,36.46151098756562,96 97 29 19 81 41 48 77 73 58 20 18 89 24 64 44
grid,5,kiss_k,16,1.0,22,28.00000011920929,36.72674858947923,96 97 29 19 81 41 48 77 73 58 20 18 89 24 64 44
grid,5,kiss_k,16,0.1,23,29.600000381469727,36.93786828666987,98 66 4 61 24 81 2 46 119 97 7 103 93 37 59 80
grid,5,kiss_k,16,1.0,23,30.399999022483826,37.22814757114082,98 66 4 61 24 81 2 46 119 97 7 103 93 37 59 80
grid,5,kiss_k,16,0.1,24,28.00000011920929,35.75336045521165,81 118 55 91 97 101 34 44 56 73 24 103 19 96 29 16
grid,5,kiss_k,16,1.0,24,29.600000381469727,36.16787522117902,81 118 55 91 97 101 34 44 56 73 24 103 19 96 29 16
grid,5,kiss_k,16,0.1,25,26.399999856948853,34.798020303000406,89 109 98 15 69 75 61 45 83 79 77 76 21 62 1 93
grid,5,kiss_k,16,1.0,25,26.399999856948853,34.945055415396105,89 109 98 15 69 75 61 45 83 79 77 76 21 62 1 93
grid,5,kiss_k,16,0.1,26,28.79999876022339,36.58624393378362,44 10 11 51 32 94 21 12 4 112 42 16 119 89 66 8
grid,5,kiss_k,16,1.0,26,27.20000147819519,34.899534922731576,44 10 11 51 32 94 21 12 4 112 42 16 119 89 66 8
grid,5,kiss_k,16,0.1,27,32.8000009059906,39.20642288990714,49 2 67 13 23 99 17 63 59 27 80 109 83 32 104 86
grid,5,kiss_k,16,1.0,27,29.600000381469727,37.459123098574096,49 2 67 13 23 99 17 63 59 27 80 109 83 32 104 86
grid,5,kiss_k,16,0.1,28,32.8000009059906,39.02784052077094,47 50 80 46 31 3 25 59 66 24 41 30 20 104 44 53
grid,5,kiss_k,16,1.0,28,33.5999995470047,39.511860263982676,47 50 80 46 31 3 25 59 66 24 41 30 20 104 44 53
grid,5,kiss_k,16,0.1,29,28.79999876022339,36.30241196444203,82 8 90 28 30 107 111 14 116 52 53 110 44 108 124 51
grid,5,kiss_k,16,1.0,29,28.79999876022339,35.75359006942346,82 8 90 28 30 107 111 14 116 52 53 110 44 108 124 51
grid,5,kiss_k,32,0.1,0,28.79999876022339,38.005599850692874,96 10 61 19 60 57 89 72 116 101 104 71 24 121 52 110 2 119 82 42 77 46 41 4 69 78 74 23 37 50 45 106
grid,5,kiss_k,32,1.0,0,31.200000643730164,39.442526133180834,96 10 61 19 60 57 89 72 116 101 104 71 24 121 52 110 2 119 82 42 77 46 41 4 69 78 74 23 37 50 45 106
grid,5,kiss_k,32,0.1,1,28.00000011920929,36.1099046598817,98 109 66 38 71 47 34 118 79 68 13 17 122 59 49 97 29 26 80 6 40 3 91 112 24 46 10 70 55 111 72 51
grid,5,kiss_k,32,1.0,1,28.79999876022339,36.705246479235825,98 109 66 38 71 47 34 118 79 68 13 17 122 59 49 97 29 26 80 6 40 3 91 112 24 46 10 70 55 111 72 51
grid,5,kiss_k,32,0.1,2,25.600001215934753,34.654335946822734,13 84 21 62 79 51 113 15 71 41 18 109 6 89 57 112 77 37 91 111 40 105 110 56 19 99 94 103 100 75 12 39
grid,5,kiss_k,32,1.0,2,26.399999856948853,34.92079997126036,13 84 21 62 79 51 113 15 71 41 18 109 6 89 57 112 77 37 91 111 40 105 110 56 19 99 94 103 100 75 12 39
grid,5,kiss_k,32,0.1,3,28.00000011920929,36.67336676682513,101 104 86 8 49 6 113 36 72 21 57 15 24 102 39 56 44 91 54 117 46 31 1 20 94 12 59 23 69 81 63 4
grid,5,kiss_k,32,1.0,3,28.00000011920929,36.59988670515039,101 104 86 8 49 6 113 36 72 21 57 15 24 102 39 56 44 91 54 117 46 31 1 20 94 12 59 23 69 81 63 4
grid,5,kiss_k,32,0.1,4,29.600000381469727,38.94504884485547,76 30 27 82 110 16 61 60 2 87 117 104 52 107 51 12 102 56 57 10 101 116 47 29 39 94 4 8 0 71 83 124
grid,5,kiss_k,32,1.0,4,28.79999876022339,38.040059495739044,76 30 27 82 110 16 61 60 2 87 117 104 52 107 51 12 102 56 57 10 101 116 47 29 39 94 4 8 0 71 83 124
grid,5,kiss_k,32,0.1,5,30.399999022483826,39.457637900392534,53 56 69 12 37 76 45 29 1 107 4 47 46 113 100 34 88 33 121 43 50 52 49 123 23 83 10 27 99 67 89 74
grid,5,kiss_k,32,1.0,5,28.79999876022339,38.56256369663131,53 56 69 12 37 76 45 29 1 107 4 47 46 113 100 34 88 33 121 43 50 52 49 123 23 83 10 27 99 67 89 74
grid,5,kiss_k,32,0.1,6,32.8000009059906,38.716075228095235,109 6 123 80 117 36 43 76 25 2 51 56 107 116 16 64 72 91 83 105 70 10 40 23 69 97 120 35 67 121 3 65
grid,5,kiss_k,32,1.0,6,31.999999284744263,38.0550976611826,109 6 123 80 117 36 43 76 25 2 51 56 107 116 16 64 72 91 83 105 70 10 40 23 69 97 120 35 67 121 3 65
grid,5,kiss_k,32,0.1,7,28.00000011920929,36.21206359475874,24 35 97 18 69 117 41 71 95 101 29 28 30 1 96 85 67 53 109 6 107 102 81 3 116 2 114 119 79 44 11 72
grid,5,kiss_k,32,1.0,7,28.79999876022339,36.80676978596165,24 35 97 18 69 117 41 71 95 101 29 28 30 1 96 85 67 53 109 6 107 102 81 3 116 2 114 119 79 44 11 72
grid,5,kiss_k,32,0.1,8,31.200000643730164,38.49836812945977,33 45 44 122 64 63 114 16 101 4 49 5 52 2 54 12 110 106 98 41 37 72 1 105 71 91 35 111 53 107 83 55
grid,5,kiss_k,32,1.0,8,31.200000643730164,38.42067269535645,33 45 44 122 64 63 114 16 101 4 49 5 52 2 54 12 110 106 98 41 37 72 1 105 71 91 35 111 53 107 83 55
grid,5,kiss_k,32,0.1,9,25.600001215934753,33.680419943455966,86 101 85 66 22 79 32 124 65 75 13 71 15 38 94 63 64 4 3 95 55 37 14 43 59 16 29 123 61 31 9 1
grid,5,kiss_k,32,1.0,9,27.20000147819519,34.91984583695717,86 101 85 66 22 79 32 124 65 75 13 71 15 38 94 63 64 4 3 95 55 37 14 43 59 16 29 123 61 31 9 1
grid,5,kiss_k,32,0.1,10,28.00000011920929,36.10207364139415,37 7 10 96 35 29 40 32 106 51 74 23 31 20 15 17 112 24 65 78 104 11 52 5 45 58 66 73 59 57 121 53
grid,5,kiss_k,32,1.0,10,27.20000147819519,36.14491145118288,37 7 10 96 35 29 40 32 106 51 74 23 31 20 15 17 112 24 65 78 104 11 52 5 45 58 66 73 59 57 121 53
grid,5,kiss_k,32,0.1,11,28.79999876022339,37.7972425464862,114 41 90 67 92 61 76 27 63 94 52 104 70 86 110 81 54 117 78 103 30 82 36 119 69 39 37 111 85 71 25 123
grid,5,kiss_k,32,1.0,11,29.600000381469727,38.27441603667755,114 41 90 67 92 61 76 27 63 94 52 104 70 86 110 81 54 117 78 103 30 82 36 119 69 39 37 111 85 71 25 123
grid,5,kiss_k,32,0.1,12,29.600000381469727,37.87055814087145,72 92 5 77 117 19 116 17 115 104 28 88 82 36 46 109 75 48 102 100 16 69 52 43 4 33 114 122 78 61 34 8
grid,5,kiss_k,32,1.0,12,30.399999022483826,38.17176852965628,72 92 5 77 117 19 116 17 115 104 28 88 82 36 46 109 75 48 102 100 16 69 52 43 4 33 114 122 78 61 34 8
grid,5,kiss_k,32,0.1,13,25.600001215934753,34.937652297866805,55 95 56 7 73 66 113 54 83 79 103 15 52 75 14 67 114 61 41 85 69 38 59 92 34 24 76 11 117 71 32 37
grid,5,kiss_k,32,1.0,13,26.399999856948853,35.06443981811987,55 95 56 7 73 66 113 54 83 79 103 15 52 75 14 67 114 61 41 85 69 38 59 92 34 24 76 11 117 71 32 37
grid,5,kiss_k,32,0.1,14,26.399999856948853,36.26516797545931,118 5 97 38 40 115 61 122 27 2 16 50 89 10 108 81 86 6 66 112 41 34 28 15 68 48 62 94 30 9 121 3
grid,5,kiss_k,32,1.0,14,28.79999876022339,37.14559977344839,118 5 97 38 40 115 61 122 27 2 16 50 89 10 108 81 86 6 66 112 41 34 28 15 68 48 62 94 30 9 121 3
grid,5,kiss_k,32,0.1,15,28.00000011920929,36.02092130770821,68 49 60 31 77 19 88 50 100 32 103 8 54 67 69 120 117 83 24 105 111 61 57 38 45 79 95 78 41 104 7 14
grid,5,kiss_k,32,1.0,15,26.399999856948853,35.286211957934036,68 49 60 31 77 19 88 50 100 32 103 8 54 67 69 120 117 83 24 105 111 61 57 38 45 79 95 78 41 104 7 14
grid,5,kiss_k,32,0.1,16,31.999999284744263,38.9405654874662,14 38 120 92 53 33 46 106 79 114 76 56 22 30 15 110 68 98 59 48 115 100 118 117 81 69 24 83 85 67 36 54
grid,5,kiss_k,32,1.0,16,31.999999284744263,39.182653360557964,14 38 120 92 53 33 46 106 79 114 76 56 22 30 15 110 68 98 59 48 115 100 118 117 81 69 24 83 85 67 36 54
grid,5,kiss_k,32,0.1,17,27.20000147819519,35.89414483763698,49 56 94 112 35 13 17 73 109 99 53 118 26 85 90 51 45 96 14 88 79 82 50 11 19 101 41 28 15 63 86 30
grid,5,kiss_k,32,1.0,17,27.20000147819519,36.274587223361614,49 56 94 112 35 13 17 73 109 99 53 118 26 85 90 51 45 96 14 88 79 82 50 11 19 101 41 28 15 63 86 30
grid,5,kiss_k,32,0.1,18,29.600000381469727,37.495760241659845,75 64 22 73 115 63 50 45 43 72 110 86 93 13 59 109 62 98 107 57 25 96 15 29 108 90 68 94 83 9 41 103
grid,5,kiss_k,32,1.0,18,31.200000643730164,38.044270348245945,75 64 22 73 115 63 50 45 43 72 110 86 93 13 59 109 62 98 107 57 25 96 15 29 108 90 68 94 83 9 41 103
grid,5,kiss_k,32,0.1,19,29.600000381469727,37.952021269532665,100 62 2 83 1 121 79 42 20 61 102 58 109 110 99 89 56 25 59 14 57 71 118 38 35 113 21 107 92 45 96 4
grid,5,kiss_k,32,1.0,19,28.79999876022339,37.107270585944406,100 62 2 83 1 121 79 42 20 61 102 58 109 110 99 89 56 25 59 14 57 71 118 38 35 113 21 107 92 45 96 4
grid,5,kiss_k,32,0.1,20,27.20000147819519,36.851577577477784,51 74 123 34 60 100 16 21 30 49 72 99 75 15 115 81 27 17 56 52 40 39 95 36 54 92 63 122 62 70 44 73
grid,5,kiss_k,32,1.0,20,26.399999856948853,36.432806657096336,51 74 123 34 60 100 16 21 30 49 72 99 75 15 115 81 27 17 56 52 40 39 95 36 54 92 63 122 62 70 44 73
grid,5,kiss_k,32,0.1,21,32.8000009059906,39.66944480994818,53 102 87 35 40 115 100 50 0 45 42 16 37 10 28 95 72 59 70 114 57 30 97 85 24 111 2 112 32 8 58 4
grid,5,kiss_k,32,1.0,21,32.8000009059906,39.83975550000504,53 102 87 35 40 115 100 50 0 45 42 16 37 10 28 95 72 59 70 114 57 30 97 85 24 111 2 112 32 8 58 4
grid,5,kiss_k,32,0.1,22,27.20000147819519,37.21251909714273,26 55 3 120 69 0 90 40 117 74 105 39 112 110 94 66 43 33 75 103 5 42 121 37 98 88 84 115 15 9 52 87
grid,5,kiss_k,32,1.0,22,28.79999876022339,37.961591322181945,26 55 3 120 69 0 90 40 117 74 105 39 112 110 94 66 43 33 75 103 5 42 121 37 98 88 84 115 15 9 52 87
grid,5,kiss_k,32,0.1,23,28.00000011920929,35.93115278445434,89 39 61 7 17 6 63 95 35 68 64 65 115 77 23 119 40 25 75 66 27 94 73 114 44 47 34 41 18 113 2 19
grid,5,kiss_k,32,1.0,23,29.600000381469727,37.13217472393174,89 39 61 7 17 6 63 95 35 68 64 65 115 77 23 119 40 25 75 66 27 94 73 114 44 47 34 41 18 113 2 19
grid,5,kiss_k,32,0.1,24,28.00000011920929,37.201897458560786,74 68 10 57 119 82 50 16 101 113 66 1 69 52 75 115 123 120 84 44 24 45 20 114 59 12 79 72 65 19 6 88
grid,5,kiss_k,32,1.0,24,28.79999876022339,38.055064755234156,74 68 10 57 119 82 50 16 101 113 66 1 69 52 75 115 123 120 84 44 24 45 20 114 59 12 79 72 65 19 6 88
grid,5,kiss_k,32,0.1,25,31.200000643730164,38.25678652863776,84 0 17 9 7 45 112 56 46 11 82 24 33 104 48 27 108 85 107 35 39 55 50 6 71 103 117 77 31 80 29 119
grid,5,kiss_k,32,1.0,25,29.600000381469727,37.58961412215626,84 0 17 9 7 45 112 56 46 11 82 24 33 104 48 27 108 85 107 35 39 55 50 6 71 103 117 77 31 80 29 119
grid,5,kiss_k,32,0.1,26,28.79999876022339,36.8300988414923,89 105 26 10 94 42 104 120 57 71 37 69 68 118 97 85 112 21 117 62 86 119 101 102 63 82 58 103 60 0 67 27
grid,5,kiss_k,32,1.0,26,28.79999876022339,36.92688766163098,89 105 26 10 94 42 104 120 57 71 37 69 68 118 97 85 112 21 117 62 86 119 101 102 63 82 58 103 60 0 67 27
grid,5,kiss_k,32,0.1,27,31.999999284744263,39.954986302559966,99 86 94 19 40 83 55 121 66 64 42 49 21 111 88 15 22 75 76 104 102 35 60 34 24 113 89 38 4 80 96 81
grid,5,kiss_k,32,1.0,27,29.600000381469727,38.59095029331069,99 86 94 19 40 83 55 121 66 64 42 49 21 111 88 15 22 75 76 104 102 35 60 34 24 113 89 38 4 80 96 81
grid,5,kiss_k,32,0.1,28,27.20000147819519,35.91428084224498,107 78 89 12 39 104 22 63 103 111 34 36 62 84 25 109 43 95 44 102 76 112 116 45 21 75 61 118 32 68 99 14
grid,5,kiss_k,32,1.0,28,28.00000011920929,36.65176229612777,107 78 89 12 39 104 22 63 103 111 34 36 62 84 25 109 43 95 44 102 76 112 116 45 21 75 61 118 32 68 99 14
grid,5,kiss_k,32,0.1,29,24.799999594688416,34.213030762452796,105 1 72 100 9 2 10 18 31 53 20 80 36 11 15 57 12 73 14 51 29 93 70 56 68 102 3 91 30 33 119 60
grid,5,kiss_k,32,1.0,29,23.999999463558197,34.21836916282385,105 1 72 100 9 2 10 18 31 53 20 80 36 11 15 57 12 73 14 51 29 93 70 56 68 102 3 91 30 33 119 60
grid,6,raw,0,-1,-1,32.8000009059906,41.5295775224324,
grid,6,center,0,-1,-1,32.8000009059906,41.5295775224324,
grid,6,unlab,0,0.1,-1,33.5999995470047,41.433867349788386,
grid,6,kiss_all,125,0.1,-1,28.00000011920929,35.569734722532075,
grid,6,unlab,0,1.0,-1,30.399999022483826,39.44309966488477,
grid,6,kiss_all,125,1.0,-1,29.600000381469727,38.138591388191394,
grid,6,kiss_k,2,0.1,0,32.8000009059906,40.775938105578625,113 44
grid,6,kiss_k,2,1.0,0,32.8000009059906,40.45993310836356,113 44
grid,6,kiss_k,2,0.1,1,29.600000381469727,38.76898209346928,46 67
grid,6,kiss_k,2,1.0,1,28.79999876022339,38.24087182663821,46 67
grid,6,kiss_k,2,0.1,2,34.40000116825104,42.00766353776689,22 57
grid,6,kiss_k,2,1.0,2,31.200000643730164,40.29113056229009,22 57
grid,6,kiss_k,2,0.1,3,33.5999995470047,41.47557717566834,70 56
grid,6,kiss_k,2,1.0,3,31.999999284744263,40.08141905182546,70 56
grid,6,kiss_k,2,0.1,4,34.40000116825104,42.05789859911072,38 39
grid,6,kiss_k,2,1.0,4,31.999999284744263,40.77206564142411,38 39
grid,6,kiss_k,2,0.1,5,31.999999284744263,40.175689514501975,25 33
grid,6,kiss_k,2,1.0,5,31.200000643730164,39.68958196408228,25 33
grid,6,kiss_k,2,0.1,6,28.79999876022339,39.081340545126494,83 50
grid,6,kiss_k,2,1.0,6,28.00000011920929,37.705027664887005,83 50
grid,6,kiss_k,2,0.1,7,31.999999284744263,40.60309833023587,40 27
grid,6,kiss_k,2,1.0,7,31.999999284744263,39.885533064409756,40 27
grid,6,kiss_k,2,0.1,8,31.999999284744263,40.33683576695641,113 5
grid,6,kiss_k,2,1.0,8,31.999999284744263,39.89667341969783,113 5
grid,6,kiss_k,2,0.1,9,32.8000009059906,41.41891842650182,118 5
grid,6,kiss_k,2,1.0,9,29.600000381469727,39.23473626505927,118 5
grid,6,kiss_k,2,0.1,10,33.5999995470047,41.436747810496705,65 96
grid,6,kiss_k,2,1.0,10,31.200000643730164,40.096877264611095,65 96
grid,6,kiss_k,2,0.1,11,33.5999995470047,41.5203702382939,36 27
grid,6,kiss_k,2,1.0,11,32.8000009059906,40.6479458496763,36 27
grid,6,kiss_k,2,0.1,12,31.999999284744263,40.51550519588826,54 123
grid,6,kiss_k,2,1.0,12,31.200000643730164,39.97065299506605,54 123
grid,6,kiss_k,2,0.1,13,30.399999022483826,39.34510806950712,115 4
grid,6,kiss_k,2,1.0,13,28.79999876022339,38.290427406870975,115 4
grid,6,kiss_k,2,0.1,14,33.5999995470047,41.62339612276059,118 8
grid,6,kiss_k,2,1.0,14,31.200000643730164,40.12584959505601,118 8
grid,6,kiss_k,2,0.1,15,32.8000009059906,41.042610714506814,75 101
grid,6,kiss_k,2,1.0,15,28.00000011920929,38.32037602785942,75 101
grid,6,kiss_k,2,0.1,16,31.999999284744263,40.8369782061464,31 53
grid,6,kiss_k,2,1.0,16,31.200000643730164,39.78266568679418,31 53
grid,6,kiss_k,2,0.1,17,31.200000643730164,39.99508813261128,121 8
grid,6,kiss_k,2,1.0,17,31.200000643730164,39.46574898442119,121 8
grid,6,kiss_k,2,0.1,18,32.8000009059906,41.088209308009446,113 1
grid,6,kiss_k,2,1.0,18,30.399999022483826,39.4007236682897,113 1
grid,6,kiss_k,2,0.1,19,31.999999284744263,40.30316916481173,76 25
grid,6,kiss_k,2,1.0,19,29.600000381469727,38.76028424806188,76 25
grid,6,kiss_k,2,0.1,20,31.200000643730164,40.04461852283327,61 38
grid,6,kiss_k,2,1.0,20,30.399999022483826,39.46025532428959,61 38
grid,6,kiss_k,2,0.1,21,34.40000116825104,42.248602844199795,70 24
grid,6,kiss_k,2,1.0,21,31.999999284744263,40.873642449341446,70 24
grid,6,kiss_k,2,0.1,22,33.5999995470047,41.31363393194768,30 104
grid,6,kiss_k,2,1.0,22,31.200000643730164,39.80351574441519,30 104
grid,6,kiss_k,2,0.1,23,30.399999022483826,39.481803744326555,98 67
grid,6,kiss_k,2,1.0,23,30.399999022483826,39.177769453716564,98 67
grid,6,kiss_k,2,0.1,24,32.8000009059906,41.007052394976014,92 90
grid,6,kiss_k,2,1.0,24,31.200000643730164,39.7611972278039,92 90
grid,6,kiss_k,2,0.1,25,30.399999022483826,39.86481714026413,72 27
grid,6,kiss_k,2,1.0,25,29.600000381469727,39.03827845815787,72 27
grid,6,kiss_k,2,0.1,26,28.00000011920929,38.16228661718429,72 64
grid,6,kiss_k,2,1.0,26,28.00000011920929,37.65175165417228,72 64
grid,6,kiss_k,2,0.1,27,32.8000009059906,40.86358028942916,45 21
grid,6,kiss_k,2,1.0,27,28.79999876022339,38.542043232093974,45 21
grid,6,kiss_k,2,0.1,28,31.999999284744263,40.55632115132449,55 61
grid,6,kiss_k,2,1.0,28,30.399999022483826,39.456325963293544,55 61
grid,6,kiss_k,2,0.1,29,31.200000643730164,40.22247310217579,62 101
grid,6,kiss_k,2,1.0,29,29.600000381469727,39.10486758074204,62 101
grid,6,kiss_k,4,0.1,0,32.8000009059906,40.82881005217461,108 60 102 27
grid,6,kiss_k,4,1.0,0,30.399999022483826,39.295255025748254,108 60 102 27
grid,6,kiss_k,4,0.1,1,31.200000643730164,40.055501464054515,58 55 51 119
grid,6,kiss_k,4,1.0,1,30.399999022483826,39.4281777727232,58 55 51 119
grid,6,kiss_k,4,0.1,2,31.200000643730164,39.56576270701568,32 60 97 77
grid,6,kiss_k,4,1.0,2,28.79999876022339,38.40859348312905,32 60 97 77
grid,6,kiss_k,4,0.1,3,33.5999995470047,41.42644865253436,114 102 3 120
grid,6,kiss_k,4,1.0,3,31.999999284744263,40.63508433432415,114 102 3 120
grid,6,kiss_k,4,0.1,4,33.5999995470047,41.00473972243345,75 68 124 2
grid,6,kiss_k,4,1.0,4,29.600000381469727,38.55923404460909,75 68 124 2
grid,6,kiss_k,4,0.1,5,32.8000009059906,40.080936415639314,18 15 41 66
grid,6,kiss_k,4,1.0,5,30.399999022483826,38.89523665766374,18 15 41 66
grid,6,kiss_k,4,0.1,6,31.200000643730164,40.69754817239816,54 112 29 61
grid,6,kiss_k,4,1.0,6,29.600000381469727,39.40926733568942,54 112 29 61
grid,6,kiss_k,4,0.1,7,31.200000643730164,40.017647831708494,117 48 1 79
grid,6,kiss_k,4,1.0,7,31.999999284744263,40.344471504634505,117 48 1 79
grid,6,kiss_k,4,0.1,8,32.8000009059906,41.100284812968226,53 52 46 91
grid,6,kiss_k,4,1.0,8,31.200000643730164,40.2124367267689,53 52 46 91
grid,6,kiss_k,4,0.1,9,35.19999980926514,42.81583798182068,92 20 111 49
grid,6,kiss_k,4,1.0,9,32.8000009059906,41.19515912472526,92 20 111 49
grid,6,kiss_k,4,0.1,10,31.999999284744263,40.75804387590719,61 108 98 53
grid,6,kiss_k,4,1.0,10,30.399999022483826,39.18315458311006,61 108 98 53
grid,6,kiss_k,4,0.1,11,30.399999022483826,39.114692733733726,18 64 28 16
grid,6,kiss_k,4,1.0,11,28.79999876022339,37.90430529984693,18 64 28 16
grid,6,kiss_k,4,0.1,12,30.399999022483826,39.68258902014008,115 71 25 49
grid,6,kiss_k,4,1.0,12,30.399999022483826,39.01605802313627,115 71 25 49
grid,6,kiss_k,4,0.1,13,34.40000116825104,42.032131441753116,36 69 22 18
grid,6,kiss_k,4,1.0,13,32.8000009059906,40.79556860325633,36 69 22 18
grid,6,kiss_k,4,0.1,14,35.19999980926514,42.42218276153604,82 56 88 57
grid,6,kiss_k,4,1.0,14,34.40000116825104,41.43572593088151,82 56 88 57
grid,6,kiss_k,4,0.1,15,32.8000009059906,40.27151273985981,82 105 78 38
grid,6,kiss_k,4,1.0,15,29.600000381469727,38.32442028683995,82 105 78 38
grid,6,kiss_k,4,0.1,16,29.600000381469727,39.221622088048505,83 0 10 5
grid,6,kiss_k,4,1.0,16,28.00000011920929,37.78715807823181,83 0 10 5
grid,6,kiss_k,4,0.1,17,34.40000116825104,42.593065384244525,52 47 94 84
grid,6,kiss_k,4,1.0,17,32.8000009059906,41.49691347224127,52 47 94 84
grid,6,kiss_k,4,0.1,18,34.40000116825104,41.7040918141546,65 63 1 117
grid,6,kiss_k,4,1.0,18,33.5999995470047,41.2640460081965,65 63 1 117
grid,6,kiss_k,4,0.1,19,32.8000009059906,40.985541462199286,38 32 3 5
grid,6,kiss_k,4,1.0,19,31.999999284744263,40.3951774566473,38 32 3 5
grid,6,kiss_k,4,0.1,20,30.399999022483826,39.568779673868995,2 86 70 114
grid,6,kiss_k,4,1.0,20,28.79999876022339,38.419240773637505,2 86 70 114
grid,6,kiss_k,4,0.1,21,31.999999284744263,40.38913682490467,89 58 74 19
grid,6,kiss_k,4,1.0,21,30.399999022483826,38.49191858270689,89 58 74 19
grid,6,kiss_k,4,0.1,22,31.999999284744263,40.59046683980649,23 70 73 85
grid,6,kiss_k,4,1.0,22,31.200000643730164,39.97198659393532,23 70 73 85
grid,6,kiss_k,4,0.1,23,31.200000643730164,40.18831902213539,121 27 103 122
grid,6,kiss_k,4,1.0,23,29.600000381469727,38.43080876879625,121 27 103 122
grid,6,kiss_k,4,0.1,24,28.00000011920929,38.523326487386804,118 0 101 97
grid,6,kiss_k,4,1.0,24,27.20000147819519,38.187022656012005,118 0 101 97
grid,6,kiss_k,4,0.1,25,30.399999022483826,39.908742905477425,33 118 113 6
grid,6,kiss_k,4,1.0,25,29.600000381469727,38.64797667575745,33 118 113 6
grid,6,kiss_k,4,0.1,26,34.40000116825104,42.231981295827254,22 113 75 118
grid,6,kiss_k,4,1.0,26,31.999999284744263,40.70869069222761,22 113 75 118
grid,6,kiss_k,4,0.1,27,34.40000116825104,42.048812862175204,58 52 44 29
grid,6,kiss_k,4,1.0,27,31.999999284744263,40.53340010786055,58 52 44 29
grid,6,kiss_k,4,0.1,28,32.8000009059906,41.1399565956449,41 52 58 3
grid,6,kiss_k,4,1.0,28,31.200000643730164,40.26120225346761,41 52 58 3
grid,6,kiss_k,4,0.1,29,32.8000009059906,40.68757364176939,52 80 6 60
grid,6,kiss_k,4,1.0,29,31.999999284744263,40.2713164459123,52 80 6 60
grid,6,kiss_k,8,0.1,0,31.200000643730164,40.07324771620541,8 14 58 27 28 87 19 105
grid,6,kiss_k,8,1.0,0,28.00000011920929,37.50847205465696,8 14 58 27 28 87 19 105
grid,6,kiss_k,8,0.1,1,31.200000643730164,39.68604469075927,50 33 99 7 53 69 52 14
grid,6,kiss_k,8,1.0,1,30.399999022483826,38.87914062383536,50 33 99 7 53 69 52 14
grid,6,kiss_k,8,0.1,2,31.999999284744263,40.39553144588651,29 110 47 32 109 44 50 1
grid,6,kiss_k,8,1.0,2,31.200000643730164,39.81234861759606,29 110 47 32 109 44 50 1
grid,6,kiss_k,8,0.1,3,31.999999284744263,40.83173433487781,46 20 24 111 71 16 91 49
grid,6,kiss_k,8,1.0,3,31.999999284744263,40.385865346433434,46 20 24 111 71 16 91 49
grid,6,kiss_k,8,0.1,4,31.200000643730164,40.78378816544594,80 9 11 22 107 33 31 118
grid,6,kiss_k,8,1.0,4,28.79999876022339,39.2776924854138,80 9 11 22 107 33 31 118
grid,6,kiss_k,8,0.1,5,31.200000643730164,40.99878548235379,32 29 4 67 100 10 86 76
grid,6,kiss_k,8,1.0,5,30.399999022483826,40.20417751785046,32 29 4 67 100 10 86 76
grid,6,kiss_k,8,0.1,6,28.79999876022339,38.6636037918901,44 78 16 67 55 34 27 29
grid,6,kiss_k,8,1.0,6,28.79999876022339,38.91458428338958,44 78 16 67 55 34 27 29
grid,6,kiss_k,8,0.1,7,30.399999022483826,40.07512152102121,32 2 17 114 94 57 45 14
grid,6,kiss_k,8,1.0,7,30.399999022483826,39.262014564432285,32 2 17 114 94 57 45 14
grid,6,kiss_k,8,0.1,8,34.40000116825104,42.012233627500216,111 22 32 92 49 16 87 52
grid,6,kiss_k,8,1.0,8,32.8000009059906,41.350337668748,111 22 32 92 49 16 87 52
grid,6,kiss_k,8,0.1,9,31.200000643730164,39.66960887098986,64 90 2 103 34 67 55 36
grid,6,kiss_k,8,1.0,9,28.79999876022339,38.006331160073884,64 90 2 103 34 67 55 36
grid,6,kiss_k,8,0.1,10,35.19999980926514,42.25954135261766,67 94 41 102 55 84 40 86
grid,6,kiss_k,8,1.0,10,34.40000116825104,41.749792600110226,67 94 41 102 55 84 40 86
grid,6,kiss_k,8,0.1,11,31.999999284744263,39.37299430207048,13 86 1 25 43 124 88 12
grid,6,kiss_k,8,1.0,11,31.999999284744263,39.43086227240813,13 86 1 25 43 124 88 12
grid,6,kiss_k,8,0.1,12,31.999999284744263,40.6944693785344,32 82 10 26 63 99 61 109
grid,6,kiss_k,8,1.0,12,31.200000643730164,40.22357119177219,32 82 10 26 63 99 61 109
grid,6,kiss_k,8,0.1,13,31.200000643730164,40.11717861169647,21 24 114 77 49 67 94 69
grid,6,kiss_k,8,1.0,13,28.00000011920929,38.66345525342022,21 24 114 77 49 67 94 69
grid,6,kiss_k,8,0.1,14,31.200000643730164,39.98256909203028,101 84 117 1 6 18 31 71
grid,6,kiss_k,8,1.0,14,30.399999022483826,39.39501550070548,101 84 117 1 6 18 31 71
grid,6,kiss_k,8,0.1,15,30.399999022483826,39.5267993587019,106 14 46 71 66 95 37 90
grid,6,kiss_k,8,1.0,15,30.399999022483826,39.45970171381724,106 14 46 71 66 95 37 90
grid,6,kiss_k,8,0.1,16,33.5999995470047,41.84557501004282,123 102 65 91 51 80 24 6
grid,6,kiss_k,8,1.0,16,33.5999995470047,42.15360905808667,123 102 65 91 51 80 24 6
grid,6,kiss_k,8,0.1,17,31.200000643730164,40.3764644270778,73 17 22 71 6 13 111 115
grid,6,kiss_k,8,1.0,17,28.79999876022339,38.821560405134505,73 17 22 71 6 13 111 115
grid,6,kiss_k,8,0.1,18,32.8000009059906,40.91129846181251,87 98 42 9 51 54 62 70
grid,6,kiss_k,8,1.0,18,30.399999022483826,39.32233251501353,87 98 42 9 51 54 62 70
grid,6,kiss_k,8,0.1,19,32.8000009059906,40.27025408331939,37 109 18 77 119 117 19 62
grid,6,kiss_k,8,1.0,19,32.8000009059906,40.35653876307766,37 109 18 77 119 117 19 62
grid,6,kiss_k,8,0.1,20,33.5999995470047,42.347214066328675,20 94 32 119 65 21 76 110
grid,6,kiss_k,8,1.0,20,31.999999284744263,41.328943473422754,20 94 32 119 65 21 76 110
grid,6,kiss_k,8,0.1,21,33.5999995470047,41.88722609804818,5 10 92 37 3 86 11 90
grid,6,kiss_k,8,1.0,21,33.5999995470047,41.608134322476154,5 10 92 37 3 86 11 90
grid,6,kiss_k,8,0.1,22,34.40000116825104,41.87092649641497,119 19 48 60 21 11 50 94
grid,6,kiss_k,8,1.0,22,32.8000009059906,41.16981188050417,119 19 48 60 21 11 50 94
grid,6,kiss_k,8,0.1,23,30.399999022483826,40.14137491713691,94 6 105 32 57 41 120 64
grid,6,kiss_k,8,1.0,23,30.399999022483826,39.457999799006444,94 6 105 32 57 41 120 64
grid,6,kiss_k,8,0.1,24,29.600000381469727,39.369565992201885,32 93 53 26 97 16 10 106
grid,6,kiss_k,8,1.0,24,29.600000381469727,38.90206584278373,32 93 53 26 97 16 10 106
grid,6,kiss_k,8,0.1,25,33.5999995470047,41.184214496349206,68 118 94 13 117 44 69 36
grid,6,kiss_k,8,1.0,25,32.8000009059906,40.7558678765335,68 118 94 13 117 44 69 36
grid,6,kiss_k,8,0.1,26,36.800000071525574,44.08117439675887,21 111 3 109 84 66 61 31
grid,6,kiss_k,8,1.0,26,34.40000116825104,42.32816853249422,21 111 3 109 84 66 61 31
grid,6,kiss_k,8,0.1,27,26.399999856948853,38.363515690711885,0 84 93 103 107 10 121 119
grid,6,kiss_k,8,1.0,27,25.600001215934753,36.627003359055834,0 84 93 103 107 10 121 119
grid,6,kiss_k,8,0.1,28,31.999999284744263,41.71699435070131,49 94 14 3 85 120 61 13
grid,6,kiss_k,8,1.0,28,31.200000643730164,41.07808520306071,49 94 14 3 85 120 61 13
grid,6,kiss_k,8,0.1,29,32.8000009059906,41.666129090572255,93 9 113 116 63 99 76 53
grid,6,kiss_k,8,1.0,29,31.200000643730164,40.08751002196312,93 9 113 116 63 99 76 53
grid,6,kiss_k,16,0.1,0,34.40000116825104,42.181309465402386,114 41 10 66 100 76 104 48 20 89 71 120 25 115 13 34
grid,6,kiss_k,16,1.0,0,33.5999995470047,41.37440251777835,114 41 10 66 100 76 104 48 20 89 71 120 25 115 13 34
grid,6,kiss_k,16,0.1,1,33.5999995470047,41.1166511756218,41 96 52 92 80 119 111 26 11 28 114 63 30 75 48 88
grid,6,kiss_k,16,1.0,1,31.999999284744263,40.31644162702352,41 96 52 92 80 119 111 26 11 28 114 63 30 75 48 88
grid,6,kiss_k,16,0.1,2,30.399999022483826,39.45648176218726,74 29 63 33 113 109 66 96 30 122 41 119 5 86 94 116
grid,6,kiss_k,16,1.0,2,30.399999022483826,39.05400176421114,74 29 63 33 113 109 66 96 30 122 41 119 5 86 94 116
grid,6,kiss_k,16,0.1,3,34.40000116825104,42.838054201464836,65 87 76 53 82 61 78 99 36 115 94 39 11 101 56 69
grid,6,kiss_k,16,1.0,3,34.40000116825104,42.93886735901121,65 87 76 53 82 61 78 99 36 115 94 39 11 101 56 69
grid,6,kiss_k,16,0.1,4,26.399999856948853,37.43320244068347,33 114 123 94 116 87 89 50 78 71 0 61 63 29 2 9
grid,6,kiss_k,16,1.0,4,27.20000147819519,37.865109575168425,33 114 123 94 116 87 89 50 78 71 0 61 63 29 2 9
grid,6,kiss_k,16,0.1,5,33.5999995470047,42.06996724383977,26 27 98 107 36 44 84 14 56 57 83 110 66 39 42 47
grid,6,kiss_k,16,1.0,5,29.600000381469727,40.34327344364981,26 27 98 107 36 44 84 14 56 57 83 110 66 39 42 47
grid,6,kiss_k,16,0.1,6,27.20000147819519,37.27505442744498,17 38 69 5 26 61 24 73 115 2 89 25 93 71 114 55
grid,6,kiss_k,16,1.0,6,28.00000011920929,37.41692435456067,17 38 69 5 26 61 24 73 115 2 89 25 93 71 114 55
grid,6,kiss_k,16,0.1,7,28.79999876022339,37.845621651413055,113 107 12 38 5 65 101 95 104 57 14 90 74 9 103 23
grid,6,kiss_k,16,1.0,7,26.399999856948853,36.72403295424867,113 107 12 38 5 65 101 95 104 57 14 90 74 9 103 23
grid,6,kiss_k,16,0.1,8,31.200000643730164,40.36814428268815,82 53 24 114 8 55 26 56 118 99 110 62 116 54 96 22
grid,6,kiss_k,16,1.0,8,32.8000009059906,41.09434525636476,82 53 24 114 8 55 26 56 118 99 110 62 116 54 96 22
grid,6,kiss_k,16,0.1,9,29.600000381469727,39.54620772239896,82 117 70 113 16 83 35 13 33 2 22 45 93 61 94 112
grid,6,kiss_k,16,1.0,9,28.79999876022339,39.11237519134751,82 117 70 113 16 83 35 13 33 2 22 45 93 61 94 112
grid,6,kiss_k,16,0.1,10,27.20000147819519,37.31967288809265,98 26 16 5 33 102 74 31 111 54 53 0 14 99 4 19
grid,6,kiss_k,16,1.0,10,26.399999856948853,36.458428508575494,98 26 16 5 33 102 74 31 111 54 53 0 14 99 4 19
grid,6,kiss_k,16,0.1,11,30.399999022483826,39.48586954719634,26 74 103 38 51 36 8 20 78 60 113 42 58 67 93 4
grid,6,kiss_k,16,1.0,11,27.20000147819519,37.542278498158865,26 74 103 38 51 36 8 20 78 60 113 42 58 67 93 4
grid,6,kiss_k,16,0.1,12,29.600000381469727,39.02643055799499,96 97 29 19 81 41 48 77 73 58 20 18 89 24 64 44
grid,6,kiss_k,16,1.0,12,29.600000381469727,39.41201017623398,96 97 29 19 81 41 48 77 73 58 20 18 89 24 64 44
grid,6,kiss_k,16,0.1,13,30.399999022483826,39.130604589496315,98 66 4 61 24 81 2 46 119 97 7 103 93 37 59 80
grid,6,kiss_k,16,1.0,13,28.00000011920929,37.73015944081669,98 66 4 61 24 81 2 46 119 97 7 103 93 37 59 80
grid,6,kiss_k,16,0.1,14,28.00000011920929,39.145090519709846,81 118 55 91 97 101 34 44 56 73 24 103 19 96 29 16
grid,6,kiss_k,16,1.0,14,27.20000147819519,38.58906677157603,81 118 55 91 97 101 34 44 56 73 24 103 19 96 29 16
grid,6,kiss_k,16,0.1,15,29.600000381469727,38.67404370818952,89 109 98 15 69 75 61 45 83 79 77 76 21 62 1 93
grid,6,kiss_k,16,1.0,15,28.79999876022339,37.87014884759016,89 109 98 15 69 75 61 45 83 79 77 76 21 62 1 93
grid,6,kiss_k,16,0.1,16,29.600000381469727,39.633938714903685,44 10 11 51 32 94 21 12 4 112 42 16 119 89 66 8
grid,6,kiss_k,16,1.0,16,30.399999022483826,39.62282145372818,44 10 11 51 32 94 21 12 4 112 42 16 119 89 66 8
grid,6,kiss_k,16,0.1,17,31.999999284744263,40.49173367420062,49 2 67 13 23 99 17 63 59 27 80 109 83 32 104 86
grid,6,kiss_k,16,1.0,17,30.399999022483826,39.455120528853065,49 2 67 13 23 99 17 63 59 27 80 109 83 32 104 86
grid,6,kiss_k,16,0.1,18,32.8000009059906,40.84571008771108,47 50 80 46 31 3 25 59 66 24 41 30 20 104 44 53
grid,6,kiss_k,16,1.0,18,31.200000643730164,39.92991676214738,47 50 80 46 31 3 25 59 66 24 41 30 20 104 44 53
grid,6,kiss_k,16,0.1,19,32.8000009059906,41.3155160277382,82 8 90 28 30 107 111 14 116 52 53 110 44 108 124 51
grid,6,kiss_k,16,1.0,19,30.399999022483826,39.573482463419715,82 8 90 28 30 107 111 14 116 52 53 110 44 108 124 51
grid,6,kiss_k,16,0.1,20,32.8000009059906,41.150577774302924,9 37 108 13 111 26 121 107 104 8 120 53 87 119 76 75
grid,6,kiss_k,16,1.0,20,30.399999022483826,39.41578026825188,9 37 108 13 111 26 121 107 104 8 120 53 87 119 76 75
grid,6,kiss_k,16,0.1,21,34.40000116825104,41.92600032316823,123 41 115 17 32 1 4 79 15 8 34 87 42 85 105 100
grid,6,kiss_k,16,1.0,21,34.40000116825104,41.799611641306875,123 41 115 17 32 1 4 79 15 8 34 87 42 85 105 100
grid,6,kiss_k,16,0.1,22,33.5999995470047,41.84909507261626,44 56 119 121 36 13 114 89 64 10 53 35 123 113 87 29
grid,6,kiss_k,16,1.0,22,31.999999284744263,40.63142031509147,44 56 119 121 36 13 114 89 64 10 53 35 123 113 87 29
grid,6,kiss_k,16,0.1,23,34.40000116825104,42.05244016483673,114 50 23 17 41 57 26 98 25 92 113 35 30 81 68 91
grid,6,kiss_k,16,1.0,23,32.8000009059906,41.183604172381514,114 50 23 17 41 57 26 98 25 92 113 35 30 81 68 91
grid,6,kiss_k,16,0.1,24,32.8000009059906,40.76464203635889,50 43 51 77 116 8 123 92 71 39 74 44 37 88 47 58
grid,6,kiss_k,16,1.0,24,31.200000643730164,39.65988640717196,50 43 51 77 116 8 123 92 71 39 74 44 37 88 47 58
grid,6,kiss_k,16,0.1,25,31.999999284744263,40.043136993144635,62 49 107 40 115 121 50 119 6 56 1 113 32 68 21 83
grid,6,kiss_k,16,1.0,25,31.200000643730164,39.74357081192031,62 49 107 40 115 121 50 119 6 56 1 113 32 68 21 83
grid,6,kiss_k,16,0.1,26,29.600000381469727,39.162734282093695,10 14 26 105 46 68 3 106 86 34 74 112 115 70 79 78
grid,6,kiss_k,16,1.0,26,30.399999022483826,39.54985952120754,10 14 26 105 46 68 3 106 86 34 74 112 115 70 79 78
grid,6,kiss_k,16,0.1,27,26.399999856948853,37.6893423809636,109 75 123 76 20 29 10 2 106 9 117 103 38 82 101 66
grid,6,kiss_k,16,1.0,27,25.600001215934753,37.33452783988152,109 75 123 76 20 29 10 2 106 9 117 103 38 82 101 66
grid,6,kiss_k,16,0.1,28,29.600000381469727,39.64049729468486,121 104 10 24 67 106 38 113 102 90 71 47 42 46 16 14
grid,6,kiss_k,16,1.0,28,28.00000011920929,38.68628739060782,121 104 10 24 67 106 38 113 102 90 71 47 42 46 16 14
grid,6,kiss_k,16,0.1,29,30.399999022483826,40.193481889382255,63 43 83 57 81 87 98 109 113 41 28 20 65 56 115 103
grid,6,kiss_k,16,1.0,29,30.399999022483826,39.53144160252753,63 43 83 57 81 87 98 109 113 41 28 20 65 56 115 103
grid,6,kiss_k,32,0.1,0,28.79999876022339,38.49313688335668,37 7 10 96 35 29 40 32 106 51 74 23 31 20 15 17 112 24 65 78 104 11 52 5 45 58 66 73 59 57 121 53
grid,6,kiss_k,32,1.0,0,25.600001215934753,36.98664999581585,37 7 10 96 35 29 40 32 106 51 74 23 31 20 15 17 112 24 65 78 104 11 52 5 45 58 66 73 59 57 121 53
grid,6,kiss_k,32,0.1,1,31.200000643730164,41.42635531618442,114 41 90 67 92 61 76 27 63 94 52 104 70 86 110 81 54 117 78 103 30 82 36 119 69 39 37 111 85 71 25 123
grid,6,kiss_k,32,1.0,1,31.999999284744263,42.60439495785178,114 41 90 67 92 61 76 27 63 94 52 104 70 86 110 81 54 117 78 103 30 82 36 119 69 39 37 111 85 71 25 123
grid,6,kiss_k,32,0.1,2,31.200000643730164,38.586352399043214,72 92 5 77 117 19 116 17 115 104 28 88 82 36 46 109 75 48 102 100 16 69 52 43 4 33 114 122 78 61 34 8
grid,6,kiss_k,32,1.0,2,33.5999995470047,39.98901324153114,72 92 5 77 117 19 116 17 115 104 28 88 82 36 46 109 75 48 102 100 16 69 52 43 4 33 114 122 78 61 34 8
grid,6,kiss_k,32,0.1,3,29.600000381469727,39.94305129490795,55 95 56 7 73 66 113 54 83 79 103 15 52 75 14 67 114 61 41 85 69 38 59 92 34 24 76 11 117 71 32 37
grid,6,kiss_k,32,1.0,3,30.399999022483826,39.52994839281039,55 95 56 7 73 66 113 54 83 79 103 15 52 75 14 67 114 61 41 85 69 38 59 92 34 24 76 11 117 71 32 37
grid,6,kiss_k,32,0.1,4,26.399999856948853,37.33239452469452,118 5 97 38 40 115 61 122 27 2 16 50 89 10 108 81 86 6 66 112 41 34 28 15 68 48 62 94 30 9 121 3
grid,6,kiss_k,32,1.0,4,27.20000147819519,37.261205090360995,118 5 97 38 40 115 61 122 27 2 16 50 89 10 108 81 86 6 66 112 41 34 28 15 68 48 62 94 30 9 121 3
grid,6,kiss_k,32,0.1,5,32.8000009059906,40.837701750410375,68 49 60 31 77 19 88 50 100 32 103 8 54 67 69 120 117 83 24 105 111 61 57 38 45 79 95 78 41 104 7 14
grid,6,kiss_k,32,1.0,5,30.399999022483826,39.53065584756411,68 49 60 31 77 19 88 50 100 32 103 8 54 67 69 120 117 83 24 105 111 61 57 38 45 79 95 78 41 104 7 14
grid,6,kiss_k,32,0.1,6,31.999999284744263,40.88547157177988,14 38 120 92 53 33 46 106 79 114 76 56 22 30 15 110 68 98 59 48 115 100 118 117 81 69 24 83 85 67 36 54
grid,6,kiss_k,32,1.0,6,30.399999022483826,40.037480347998745,14 38 120 92 53 33 46 106 79 114 76 56 22 30 15 110 68 98 59 48 115 100 118 117 81 69 24 83 85 67 36 54
grid,6,kiss_k,32,0.1,7,29.600000381469727,39.786525625268304,49 56 94 112 35 13 17 73 109 99 53 118 26 85 90 51 45 96 14 88 79 82 50 11 19 101 41 28 15 63 86 30
grid,6,kiss_k,32,1.0,7,30.399999022483826,40.534904980811895,49 56 94 112 35 13 17 73 109 99 53 118 26 85 90 51 45 96 14 88 79 82 50 11 19 101 41 28 15 63 86 30
grid,6,kiss_k,32,0.1,8,30.399999022483826,39.002601427116915,75 64 22 73 115 63 50 45 43 72 110 86 93 13 59 109 62 98 107 57 25 96 15 29 108 90 68 94 83 9 41 103
grid,6,kiss_k,32,1.0,8,28.79999876022339,38.00228785215664,75 64 22 73 115 63 50 45 43 72 110 86 93 13 59 109 62 98 107 57 25 96 15 29 108 90 68 94 83 9 41 103
grid,6,kiss_k,32,0.1,9,30.399999022483826,39.918268963906165,100 62 2 83 1 121 79 42 20 61 102 58 109 110 99 89 56 25 59 14 57 71 118 38 35 113 21 107 92 45 96 4
grid,6,kiss_k,32,1.0,9,29.600000381469727,38.96676845422016,100 62 2 83 1 121 79 42 20 61 102 58 109 110 99 89 56 25 59 14 57 71 118 38 35 113 21 107 92 45 96 4
grid,6,kiss_k,32,0.1,10,31.200000643730164,41.40507484964358,51 74 123 34 60 100 16 21 30 49 72 99 75 15 115 81 27 17 56 52 40 39 95 36 54 92 63 122 62 70 44 73
grid,6,kiss_k,32,1.0,10,29.600000381469727,40.01396694928299,51 74 123 34 60 100 16 21 30 49 72 99 75 15 115 81 27 17 56 52 40 39 95 36 54 92 63 122 62 70 44 73
grid,6,kiss_k,32,0.1,11,31.999999284744263,40.74306527139044,53 102 87 35 40 115 100 50 0 45 42 16 37 10 28 95 72 59 70 114 57 30 97 85 24 111 2 112 32 8 58 4
grid,6,kiss_k,32,1.0,11,31.200000643730164,40.454641450817796,53 102 87 35 40 115 100 50 0 45 42 16 37 10 28 95 72 59 70 114 57 30 97 85 24 111 2 112 32 8 58 4
grid,6,kiss_k,32,0.1,12,28.00000011920929,39.310963543189416,26 55 3 120 69 0 90 40 117 74 105 39 112 110 94 66 43 33 75 103 5 42 121 37 98 88 84 115 15 9 52 87
grid,6,kiss_k,32,1.0,12,28.00000011920929,39.33974283390217,26 55 3 120 69 0 90 40 117 74 105 39 112 110 94 66 43 33 75 103 5 42 121 37 98 88 84 115 15 9 52 87
grid,6,kiss_k,32,0.1,13,30.399999022483826,39.44460176205665,89 39 61 7 17 6 63 95 35 68 64 65 115 77 23 119 40 25 75 66 27 94 73 114 44 47 34 41 18 113 2 19
grid,6,kiss_k,32,1.0,13,30.399999022483826,39.873630060096254,89 39 61 7 17 6 63 95 35 68 64 65 115 77 23 119 40 25 75 66 27 94 73 114 44 47 34 41 18 113 2 19
grid,6,kiss_k,32,0.1,14,27.20000147819519,39.54685268124053,74 68 10 57 119 82 50 16 101 113 66 1 69 52 75 115 123 120 84 44 24 45 20 114 59 12 79 72 65 19 6 88
grid,6,kiss_k,32,1.0,14,26.399999856948853,38.280677223585215,74 68 10 57 119 82 50 16 101 113 66 1 69 52 75 115 123 120 84 44 24 45 20 114 59 12 79 72 65 19 6 88
grid,6,kiss_k,32,0.1,15,30.399999022483826,39.336979020126236,84 0 17 9 7 45 112 56 46 11 82 24 33 104 48 27 108 85 107 35 39 55 50 6 71 103 117 77 31 80 29 119
grid,6,kiss_k,32,1.0,15,31.200000643730164,40.17430213867109,84 0 17 9 7 45 112 56 46 11 82 24 33 104 48 27 108 85 107 35 39 55 50 6 71 103 117 77 31 80 29 119
grid,6,kiss_k,32,0.1,16,31.200000643730164,40.98888993832004,89 105 26 10 94 42 104 120 57 71 37 69 68 118 97 85 112 21 117 62 86 119 101 102 63 82 58 103 60 0 67 27
grid,6,kiss_k,32,1.0,16,31.999999284744263,42.11681872523537,89 105 26 10 94 42 104 120 57 71 37 69 68 118 97 85 112 21 117 62 86 119 101 102 63 82 58 103 60 0 67 27
grid,6,kiss_k,32,0.1,17,34.40000116825104,42.73988593382035,99 86 94 19 40 83 55 121 66 64 42 49 21 111 88 15 22 75 76 104 102 35 60 34 24 113 89 38 4 80 96 81
grid,6,kiss_k,32,1.0,17,35.19999980926514,42.43562022233021,99 86 94 19 40 83 55 121 66 64 42 49 21 111 88 15 22 75 76 104 102 35 60 34 24 113 89 38 4 80 96 81
grid,6,kiss_k,32,0.1,18,31.999999284744263,40.99727786915108,107 78 89 12 39 104 22 63 103 111 34 36 62 84 25 109 43 95 44 102 76 112 116 45 21 75 61 118 32 68 99 14
grid,6,kiss_k,32,1.0,18,32.8000009059906,41.08777426496834,107 78 89 12 39 104 22 63 103 111 34 36 62 84 25 109 43 95 44 102 76 112 116 45 21 75 61 118 32 68 99 14
grid,6,kiss_k,32,0.1,19,32.8000009059906,40.82531348839481,105 1 72 100 9 2 10 18 31 53 20 80 36 11 15 57 12 73 14 51 29 93 70 56 68 102 3 91 30 33 119 60
grid,6,kiss_k,32,1.0,19,32.8000009059906,40.789070589202346,105 1 72 100 9 2 10 18 31 53 20 80 36 11 15 57 12 73 14 51 29 93 70 56 68 102 3 91 30 33 119 60
grid,6,kiss_k,32,0.1,20,31.200000643730164,40.53155491459639,51 28 80 35 8 5 48 32 17 113 34 50 116 94 3 91 79 1 7 106 124 22 31 44 90 52 85 40 2 55 108 10
grid,6,kiss_k,32,1.0,20,30.399999022483826,40.14942045787114,51 28 80 35 8 5 48 32 17 113 34 50 116 94 3 91 79 1 7 106 124 22 31 44 90 52 85 40 2 55 108 10
grid,6,kiss_k,32,0.1,21,34.40000116825104,42.58568816380278,63 56 53 30 28 89 106 82 113 110 16 92 95 86 97 54 39 90 108 43 96 55 48 40 61 27 46 117 100 73 119 25
grid,6,kiss_k,32,1.0,21,31.999999284744263,41.59713708786836,63 56 53 30 28 89 106 82 113 110 16 92 95 86 97 54 39 90 108 43 96 55 48 40 61 27 46 117 100 73 119 25
grid,6,kiss_k,32,0.1,22,27.20000147819519,37.916722954277446,110 95 99 37 20 64 92 59 68 34 115 113 41 72 52 29 45 69 3 58 61 101 31 77 22 57 116 0 21 81 27 119
grid,6,kiss_k,32,1.0,22,29.600000381469727,39.21964370565785,110 95 99 37 20 64 92 59 68 34 115 113 41 72 52 29 45 69 3 58 61 101 31 77 22 57 116 0 21 81 27 119
grid,6,kiss_k,32,0.1,23,31.200000643730164,39.941031882313986,33 43 12 50 28 116 59 95 53 63 114 96 46 0 34 91 55 72 90 38 80 108 69 49 19 120 104 81 9 27 87 62
grid,6,kiss_k,32,1.0,23,31.200000643730164,40.28544344291182,33 43 12 50 28 116 59 95 53 63 114 96 46 0 34 91 55 72 90 38 80 108 69 49 19 120 104 81 9 27 87 62
grid,6,kiss_k,32,0.1,24,31.999999284744263,39.89874649042077,97 13 46 18 67 9 29 34 86 37 1 124 123 68 47 92 30 85 121 32 40 108 89 79 45 84 44 33 31 56 41 62
grid,6,kiss_k,32,1.0,24,32.8000009059906,40.53269936921446,97 13 46 18 67 9 29 34 86 37 1 124 123 68 47 92 30 85 121 32 40 108 89 79 45 84 44 33 31 56 41 62
grid,6,kiss_k,32,0.1,25,28.79999876022339,37.9457545263657,121 59 20 3 64 124 26 87 110 95 56 33 78 16 49 45 92 48 52 102 82 123 38 85 18 10 117 101 50 24 81 51
grid,6,kiss_k,32,1.0,25,27.20000147819519,36.62901559252893,121 59 20 3 64 124 26 87 110 95 56 33 78 16 49 45 92 48 52 102 82 123 38 85 18 10 117 101 50 24 81 51
grid,6,kiss_k,32,0.1,26,30.399999022483826,40.13753035680026,91 69 44 84 4 48 18 103 53 17 99 123 73 30 27 56 80 14 122 34 89 0 108 92 75 37 35 29 11 77 67 74
grid,6,kiss_k,32,1.0,26,28.79999876022339,39.104932671128914,91 69 44 84 4 48 18 103 53 17 99 123 73 30 27 56 80 14 122 34 89 0 108 92 75 37 35 29 11 77 67 74
grid,6,kiss_k,32,0.1,27,30.399999022483826,39.32937192006621,7 94 1 101 12 19 11 50 118 59 2 10 83 87 99 85 106 116 38 6 49 78 98 18 105 111 80 104 31 51 75 103
grid,6,kiss_k,32,1.0,27,28.79999876022339,38.34240047443088,7 94 1 101 12 19 11 50 118 59 2 10 83 87 99 85 106 116 38 6 49 78 98 18 105 111 80 104 31 51 75 103
grid,6,kiss_k,32,0.1,28,28.00000011920929,37.77556014525318,33 7 2 109 113 85 84 11 120 96 1 60 3 56 114 0 119 8 21 43 16 112 37 46 121 65 30 67 103 124 44 12
grid,6,kiss_k,32,1.0,28,28.79999876022339,38.21195248894833,33 7 2 109 113 85 84 11 120 96 1 60 3 56 114 0 119 8 21 43 16 112 37 46 121 65 30 67 103 124 44 12
grid,6,kiss_k,32,0.1,29,30.399999022483826,40.026957419882244,44 121 61 119 69 34 24 40 45 91 33 115 86 17 26 85 75 99 63 95 88 11 31 64 77 111 101 106 118 28 83 51
grid,6,kiss_k,32,1.0,29,31.200000643730164,39.707657599315944,44 121 61 119 69 34 24 40 45 91 33 115 86 17 26 85 75 99 63 95 88 11 31 64 77 111 101 106 118 28 83 51
grid,7,raw,0,-1,-1,23.999999463558197,34.29923555419541,
grid,7,center,0,-1,-1,23.999999463558197,34.29923555419541,
grid,7,unlab,0,0.1,-1,22.40000069141388,33.31352993795239,
grid,7,kiss_all,125,0.1,-1,19.200000166893005,31.227358672593002,
grid,7,unlab,0,1.0,-1,20.800000429153442,31.545756463213642,
grid,7,kiss_all,125,1.0,-1,20.800000429153442,32.14937487802543,
grid,7,kiss_k,2,0.1,0,22.40000069141388,33.13711598132308,65 96
grid,7,kiss_k,2,1.0,0,21.60000056028366,32.10148193690762,65 96
grid,7,kiss_k,2,0.1,1,22.40000069141388,32.73461367271091,36 27
grid,7,kiss_k,2,1.0,1,21.60000056028366,31.884217809134636,36 27
grid,7,kiss_k,2,0.1,2,23.19999933242798,33.2448880029416,54 123
grid,7,kiss_k,2,1.0,2,22.40000069141388,32.33915921608798,54 123
grid,7,kiss_k,2,0.1,3,23.999999463558197,34.09857591941163,115 4
grid,7,kiss_k,2,1.0,3,23.19999933242798,32.90964984120414,115 4
grid,7,kiss_k,2,0.1,4,23.999999463558197,34.00137968685828,118 8
grid,7,kiss_k,2,1.0,4,23.19999933242798,32.64354229588437,118 8
grid,7,kiss_k,2,0.1,5,25.600001215934753,35.90039779727671,75 101
grid,7,kiss_k,2,1.0,5,23.999999463558197,34.2863181272434,75 101
grid,7,kiss_k,2,0.1,6,23.999999463558197,34.53073957145232,31 53
grid,7,kiss_k,2,1.0,6,22.40000069141388,33.23324871869017,31 53
grid,7,kiss_k,2,0.1,7,23.999999463558197,34.15342503114324,121 8
grid,7,kiss_k,2,1.0,7,21.60000056028366,32.473913123993746,121 8
grid,7,kiss_k,2,0.1,8,20.800000429153442,32.37311454739153,113 1
grid,7,kiss_k,2,1.0,8,21.60000056028366,31.860958777313066,113 1
grid,7,kiss_k,2,0.1,9,23.19999933242798,33.36204849379367,76 25
grid,7,kiss_k,2,1.0,9,22.40000069141388,32.1674272484318,76 25
grid,7,kiss_k,2,0.1,10,22.40000069141388,32.99265841009344,61 38
grid,7,kiss_k,2,1.0,10,20.800000429153442,31.40031838399687,61 38
grid,7,kiss_k,2,0.1,11,23.19999933242798,33.47237865673474,70 24
grid,7,kiss_k,2,1.0,11,23.19999933242798,32.63003864499626,70 24
grid,7,kiss_k,2,0.1,12,20.800000429153442,32.28974236068916,30 104
grid,7,kiss_k,2,1.0,12,20.000000298023224,30.76701549874614,30 104
grid,7,kiss_k,2,0.1,13,23.999999463558197,34.858133000759814,98 67
grid,7,kiss_k,2,1.0,13,22.40000069141388,33.07332701197068,98 67
grid,7,kiss_k,2,0.1,14,24.799999594688416,34.16133221302102,92 90
grid,7,kiss_k,2,1.0,14,21.60000056028366,31.770402704009065,92 90
grid,7,kiss_k,2,0.1,15,21.60000056028366,32.64735099936258,72 27
grid,7,kiss_k,2,1.0,15,20.800000429153442,31.688817750798943,72 27
grid,7,kiss_k,2,0.1,16,21.60000056028366,32.48580001249339,72 64
grid,7,kiss_k,2,1.0,16,20.000000298023224,30.8797931472673,72 64
grid,7,kiss_k,2,0.1,17,24.799999594688416,34.75810763744954,45 21
grid,7,kiss_k,2,1.0,17,23.999999463558197,33.35314452501663,45 21
grid,7,kiss_k,2,0.1,18,23.19999933242798,33.3771499276186,55 61
grid,7,kiss_k,2,1.0,18,20.800000429153442,31.212193071873372,55 61
grid,7,kiss_k,2,0.1,19,23.19999933242798,34.175080932681965,62 101
grid,7,kiss_k,2,1.0,19,24.799999594688416,34.14055251257791,62 101
grid,7,kiss_k,2,0.1,20,24.799999594688416,34.62890761417639,107 69
grid,7,kiss_k,2,1.0,20,22.40000069141388,32.94150250074253,107 69
grid,7,kiss_k,2,0.1,21,23.19999933242798,33.395532401651174,4 14
grid,7,kiss_k,2,1.0,21,21.60000056028366,31.926483708989394,4 14
grid,7,kiss_k,2,0.1,22,22.40000069141388,33.024246071293305,62 82
grid,7,kiss_k,2,1.0,22,21.60000056028366,31.16218194680896,62 82
grid,7,kiss_k,2,0.1,23,23.999999463558197,35.056648035290955,40 56
grid,7,kiss_k,2,1.0,23,20.800000429153442,32.54137559588904,40 56
grid,7,kiss_k,2,0.1,24,19.200000166893005,30.86818280764688,16 78
grid,7,kiss_k,2,1.0,24,18.400000035762787,29.30994658815266,16 78
grid,7,kiss_k,2,0.1,25,21.60000056028366,32.67717300064611,47 72
grid,7,kiss_k,2,1.0,25,20.800000429153442,31.52436592928333,47 72
grid,7,kiss_k,2,0.1,26,23.19999933242798,33.53393814261778,109 99
grid,7,kiss_k,2,1.0,26,20.800000429153442,31.911254210931283,109 99
grid,7,kiss_k,2,0.1,27,23.19999933242798,33.35923964958154,90 81
grid,7,kiss_k,2,1.0,27,21.60000056028366,31.701729403571367,90 81
grid,7,kiss_k,2,0.1,28,23.999999463558197,33.88394413724234,74 88
grid,7,kiss_k,2,1.0,28,21.60000056028366,31.74402215684956,74 88
grid,7,kiss_k,2,0.1,29,20.800000429153442,31.742279376173055,1 20
grid,7,kiss_k,2,1.0,29,20.000000298023224,30.91249326146766,1 20
grid,7,kiss_k,4,0.1,0,24.799999594688416,34.692805011064486,61 108 98 53
grid,7,kiss_k,4,1.0,0,25.600001215934753,34.3115424197516,61 108 98 53
grid,7,kiss_k,4,0.1,1,20.800000429153442,32.13262999983768,18 64 28 16
grid,7,kiss_k,4,1.0,1,20.000000298023224,31.015805364541304,18 64 28 16
grid,7,kiss_k,4,0.1,2,25.600001215934753,34.962334875375014,115 71 25 49
grid,7,kiss_k,4,1.0,2,24.799999594688416,33.885093181752204,115 71 25 49
grid,7,kiss_k,4,0.1,3,24.799999594688416,34.231536219925935,36 69 22 18
grid,7,kiss_k,4,1.0,3,22.40000069141388,32.615278952653746,36 69 22 18
grid,7,kiss_k,4,0.1,4,23.19999933242798,33.28877588955116,82 56 88 57
grid,7,kiss_k,4,1.0,4,22.40000069141388,32.35280787760176,82 56 88 57
grid,7,kiss_k,4,0.1,5,18.400000035762787,30.08577744540363,82 105 78 38
grid,7,kiss_k,4,1.0,5,17.59999990463257,28.768507538778394,82 105 78 38
grid,7,kiss_k,4,0.1,6,21.60000056028366,32.098104932502494,83 0 10 5
grid,7,kiss_k,4,1.0,6,20.800000429153442,30.941923211837935,83 0 10 5
grid,7,kiss_k,4,0.1,7,23.19999933242798,32.78278026189683,52 47 94 84
grid,7,kiss_k,4,1.0,7,21.60000056028366,31.17834567920344,52 47 94 84
grid,7,kiss_k,4,0.1,8,22.40000069141388,32.80421176638879,65 63 1 117
grid,7,kiss_k,4,1.0,8,20.800000429153442,31.634118831993163,65 63 1 117
grid,7,kiss_k,4,0.1,9,23.999999463558197,33.725160906664065,38 32 3 5
grid,7,kiss_k,4,1.0,9,23.19999933242798,32.698326652882145,38 32 3 5
grid,7,kiss_k,4,0.1,10,21.60000056028366,31.98845477181375,2 86 70 114
grid,7,kiss_k,4,1.0,10,19.200000166893005,30.003729339932615,2 86 70 114
grid,7,kiss_k,4,0.1,11,23.19999933242798,33.938084517463665,89 58 74 19
grid,7,kiss_k,4,1.0,11,21.60000056028366,31.96867633249959,89 58 74 19
grid,7,kiss_k,4,0.1,12,23.999999463558197,33.74578703990515,23 70 73 85
grid,7,kiss_k,4,1.0,12,21.60000056028366,32.10634626443607,23 70 73 85
grid,7,kiss_k,4,0.1,13,24.799999594688416,34.81849073453851,121 27 103 122
grid,7,kiss_k,4,1.0,13,20.000000298023224,31.551140398383886,121 27 103 122
grid,7,kiss_k,4,0.1,14,25.600001215934753,35.242084458220596,118 0 101 97
grid,7,kiss_k,4,1.0,14,22.40000069141388,33.07927732828549,118 0 101 97
grid,7,kiss_k,4,0.1,15,22.40000069141388,32.89506176782493,33 118 113 6
grid,7,kiss_k,4,1.0,15,21.60000056028366,31.41565687387866,33 118 113 6
grid,7,kiss_k,4,0.1,16,26.399999856948853,35.427597872688274,22 113 75 118
grid,7,kiss_k,4,1.0,16,23.19999933242798,32.986934688415026,22 113 75 118
grid,7,kiss_k,4,0.1,17,23.19999933242798,33.77349145277799,58 52 44 29
grid,7,kiss_k,4,1.0,17,22.40000069141388,32.55038340705784,58 52 44 29
grid,7,kiss_k,4,0.1,18,26.399999856948853,35.17881645556474,41 52 58 3
grid,7,kiss_k,4,1.0,18,23.19999933242798,33.00785955629967,41 52 58 3
grid,7,kiss_k,4,0.1,19,20.800000429153442,32.49915521852215,52 80 6 60
grid,7,kiss_k,4,1.0,19,20.800000429153442,32.05507655968255,52 80 6 60
grid,7,kiss_k,4,0.1,20,26.399999856948853,35.47264789420649,83 121 64 111
grid,7,kiss_k,4,1.0,20,23.19999933242798,33.23407189148134,83 121 64 111
grid,7,kiss_k,4,0.1,21,25.600001215934753,34.75936267114322,115 88 96 40
grid,7,kiss_k,4,1.0,21,23.19999933242798,33.16892837137361,115 88 96 40
grid,7,kiss_k,4,0.1,22,25.600001215934753,35.182132097936986,59 81 7 122
grid,7,kiss_k,4,1.0,22,21.60000056028366,32.52305273685836,59 81 7 122
grid,7,kiss_k,4,0.1,23,23.19999933242798,33.814406288544596,12 67 27 16
grid,7,kiss_k,4,1.0,23,21.60000056028366,31.992783530010932,12 67 27 16
grid,7,kiss_k,4,0.1,24,22.40000069141388,33.396317741582266,62 115 122 38
grid,7,kiss_k,4,1.0,24,20.000000298023224,31.308830309951162,62 115 122 38
grid,7,kiss_k,4,0.1,25,23.999999463558197,35.244981001667824,19 24 49 38
grid,7,kiss_k,4,1.0,25,23.19999933242798,33.47866556957636,19 24 49 38
grid,7,kiss_k,4,0.1,26,23.19999933242798,33.52221042352216,117 81 119 123
grid,7,kiss_k,4,1.0,26,20.800000429153442,31.59504534998033,117 81 119 123
grid,7,kiss_k,4,0.1,27,22.40000069141388,32.49786412065981,83 86 110 112
grid,7,kiss_k,4,1.0,27,20.800000429153442,30.609930040296916,83 86 110 112
grid,7,kiss_k,4,0.1,28,25.600001215934753,34.651236650149784,22 92 124 42
grid,7,kiss_k,4,1.0,28,22.40000069141388,32.53419765780596,22 92 124 42
grid,7,kiss_k,4,0.1,29,23.999999463558197,34.71229597799925,95 19 71 73
grid,7,kiss_k,4,1.0,29,22.40000069141388,33.338219076677724,95 19 71 73
grid,7,kiss_k,8,0.1,0,23.19999933242798,33.60660923953725,67 94 41 102 55 84 40 86
grid,7,kiss_k,8,1.0,0,21.60000056028366,31.978566121483816,67 94 41 102 55 84 40 86
grid,7,kiss_k,8,0.1,1,23.19999933242798,32.28828331221786,13 86 1 25 43 124 88 12
grid,7,kiss_k,8,1.0,1,22.40000069141388,31.928723518219172,13 86 1 25 43 124 88 12
grid,7,kiss_k,8,0.1,2,21.60000056028366,31.796967285532613,32 82 10 26 63 99 61 109
grid,7,kiss_k,8,1.0,2,20.800000429153442,31.466860188027855,32 82 10 26 63 99 61 109
grid,7,kiss_k,8,0.1,3,23.999999463558197,33.92115596212225,21 24 114 77 49 67 94 69
grid,7,kiss_k,8,1.0,3,23.19999933242798,33.08904898463729,21 24 114 77 49 67 94 69
grid,7,kiss_k,8,0.1,4,24.799999594688416,34.628803785445875,101 84 117 1 6 18 31 71
grid,7,kiss_k,8,1.0,4,24.799999594688416,34.172803051014775,101 84 117 1 6 18 31 71
grid,7,kiss_k,8,0.1,5,21.60000056028366,33.22295492538166,106 14 46 71 66 95 37 90
grid,7,kiss_k,8,1.0,5,23.19999933242798,33.77376876746298,106 14 46 71 66 95 37 90
grid,7,kiss_k,8,0.1,6,20.800000429153442,33.08975135602182,123 102 65 91 51 80 24 6
grid,7,kiss_k,8,1.0,6,22.40000069141388,33.26986744248243,123 102 65 91 51 80 24 6
grid,7,kiss_k,8,0.1,7,25.600001215934753,34.90324161390595,73 17 22 71 6 13 111 115
grid,7,kiss_k,8,1.0,7,23.19999933242798,33.29773795449311,73 17 22 71 6 13 111 115
grid,7,kiss_k,8,0.1,8,24.799999594688416,34.900930596291786,87 98 42 9 51 54 62 70
grid,7,kiss_k,8,1.0,8,24.799999594688416,34.36395706048568,87 98 42 9 51 54 62 70
grid,7,kiss_k,8,0.1,9,22.40000069141388,33.79401417992751,37 109 18 77 119 117 19 62
grid,7,kiss_k,8,1.0,9,23.19999933242798,33.1507708764491,37 109 18 77 119 117 19 62
grid,7,kiss_k,8,0.1,10,23.999999463558197,33.72942291616994,20 94 32 119 65 21 76 110
grid,7,kiss_k,8,1.0,10,21.60000056028366,31.54521792482993,20 94 32 119 65 21 76 110
grid,7,kiss_k,8,0.1,11,24.799999594688416,33.482751482706426,5 10 92 37 3 86 11 90
grid,7,kiss_k,8,1.0,11,22.40000069141388,31.913158052566782,5 10 92 37 3 86 11 90
grid,7,kiss_k,8,0.1,12,24.799999594688416,35.495626185047705,119 19 48 60 21 11 50 94
grid,7,kiss_k,8,1.0,12,21.60000056028366,32.69663446173952,119 19 48 60 21 11 50 94
grid,7,kiss_k,8,0.1,13,24.799999594688416,34.058527376304816,94 6 105 32 57 41 120 64
grid,7,kiss_k,8,1.0,13,23.19999933242798,32.512975188610824,94 6 105 32 57 41 120 64
grid,7,kiss_k,8,0.1,14,28.79999876022339,36.753767685415916,32 93 53 26 97 16 10 106
grid,7,kiss_k,8,1.0,14,28.79999876022339,36.36426988240573,32 93 53 26 97 16 10 106
grid,7,kiss_k,8,0.1,15,24.799999594688416,34.18899482239186,68 118 94 13 117 44 69 36
grid,7,kiss_k,8,1.0,15,21.60000056028366,31.81928311231794,68 118 94 13 117 44 69 36
grid,7,kiss_k,8,0.1,16,25.600001215934753,35.57533039454813,21 111 3 109 84 66 61 31
grid,7,kiss_k,8,1.0,16,23.999999463558197,34.15850970806148,21 111 3 109 84 66 61 31
grid,7,kiss_k,8,0.1,17,24.799999594688416,35.58725858290961,0 84 93 103 107 10 121 119
grid,7,kiss_k,8,1.0,17,22.40000069141388,33.28438445499393,0 84 93 103 107 10 121 119
grid,7,kiss_k,8,0.1,18,20.800000429153442,31.16189564421812,49 94 14 3 85 120 61 13
grid,7,kiss_k,8,1.0,18,22.40000069141388,31.50689881335012,49 94 14 3 85 120 61 13
grid,7,kiss_k,8,0.1,19,23.19999933242798,34.06042764318414,93 9 113 116 63 99 76 53
grid,7,kiss_k,8,1.0,19,21.60000056028366,32.64571015666548,93 9 113 116 63 99 76 53
grid,7,kiss_k,8,0.1,20,23.999999463558197,33.25907810843681,124 65 21 37 27 103 122 112
grid,7,kiss_k,8,1.0,20,21.60000056028366,31.529694988566913,124 65 21 37 27 103 122 112
grid,7,kiss_k,8,0.1,21,21.60000056028366,33.25665105450029,48 50 9 103 57 60 113 29
grid,7,kiss_k,8,1.0,21,19.200000166893005,31.674611312320668,48 50 9 103 57 60 113 29
grid,7,kiss_k,8,0.1,22,24.799999594688416,33.634061392981806,94 89 107 12 49 61 85 109
grid,7,kiss_k,8,1.0,22,21.60000056028366,31.33772844500792,94 89 107 12 49 61 85 109
grid,7,kiss_k,8,0.1,23,26.399999856948853,36.03435923928626,54 107 61 14 40 100 47 98
grid,7,kiss_k,8,1.0,23,24.799999594688416,34.82173510735537,54 107 61 14 40 100 47 98
grid,7,kiss_k,8,0.1,24,23.19999933242798,34.110358459550405,36 116 3 108 75 117 51 34
grid,7,kiss_k,8,1.0,24,22.40000069141388,32.54856732164056,36 116 3 108 75 117 51 34
grid,7,kiss_k,8,0.1,25,25.600001215934753,34.89928003686311,17 76 91 120 101 81 6 64
grid,7,kiss_k,8,1.0,25,23.19999933242798,33.71255700924119,17 76 91 120 101 81 6 64
grid,7,kiss_k,8,0.1,26,23.999999463558197,34.01826051825546,91 10 53 104 120 37 71 82
grid,7,kiss_k,8,1.0,26,22.40000069141388,32.560866248799236,91 10 53 104 120 37 71 82
grid,7,kiss_k,8,0.1,27,20.000000298023224,31.404165436490405,59 85 90 83 92 97 6 95
grid,7,kiss_k,8,1.0,27,20.800000429153442,30.98986472888675,59 85 90 83 92 97 6 95
grid,7,kiss_k,8,0.1,28,25.600001215934753,35.28225256335133,103 58 75 33 88 102 53 8
grid,7,kiss_k,8,1.0,28,22.40000069141388,32.90995747058225,103 58 75 33 88 102 53 8
grid,7,kiss_k,8,0.1,29,26.399999856948853,35.7859667305872,38 25 117 98 21 82 3 23
grid,7,kiss_k,8,1.0,29,23.19999933242798,33.914044179268394,38 25 117 98 21 82 3 23
grid,7,kiss_k,16,0.1,0,27.20000147819519,36.91822076997829,98 26 16 5 33 102 74 31 111 54 53 0 14 99 4 19
grid,7,kiss_k,16,1.0,0,26.399999856948853,36.01790410812358,98 26 16 5 33 102 74 31 111 54 53 0 14 99 4 19
grid,7,kiss_k,16,0.1,1,20.800000429153442,32.20331724940823,26 74 103 38 51 36 8 20 78 60 113 42 58 67 93 4
grid,7,kiss_k,16,1.0,1,19.200000166893005,31.130083835533963,26 74 103 38 51 36 8 20 78 60 113 42 58 67 93 4
grid,7,kiss_k,16,0.1,2,23.19999933242798,33.87798467315148,96 97 29 19 81 41 48 77 73 58 20 18 89 24 64 44
grid,7,kiss_k,16,1.0,2,23.19999933242798,33.88047166739338,96 97 29 19 81 41 48 77 73 58 20 18 89 24 64 44
grid,7,kiss_k,16,0.1,3,23.999999463558197,34.73284268489996,98 66 4 61 24 81 2 46 119 97 7 103 93 37 59 80
grid,7,kiss_k,16,1.0,3,22.40000069141388,33.17905022228659,98 66 4 61 24 81 2 46 119 97 7 103 93 37 59 80
grid,7,kiss_k,16,0.1,4,23.999999463558197,35.38858931972783,81 118 55 91 97 101 34 44 56 73 24 103 19 96 29 16
grid,7,kiss_k,16,1.0,4,25.600001215934753,35.695184881108126,81 118 55 91 97 101 34 44 56 73 24 103 19 96 29 16
grid,7,kiss_k,16,0.1,5,20.000000298023224,31.910671330066876,89 109 98 15 69 75 61 45 83 79 77 76 21 62 1 93
grid,7,kiss_k,16,1.0,5,20.800000429153442,31.683825086771485,89 109 98 15 69 75 61 45 83 79 77 76 21 62 1 93
grid,7,kiss_k,16,0.1,6,24.799999594688416,34.795284311530274,44 10 11 51 32 94 21 12 4 112 42 16 119 89 66 8
grid,7,kiss_k,16,1.0,6,25.600001215934753,35.152861989422426,44 10 11 51 32 94 21 12 4 112 42 16 119 89 66 8
grid,7,kiss_k,16,0.1,7,23.19999933242798,34.093599380611884,49 2 67 13 23 99 17 63 59 27 80 109 83 32 104 86
grid,7,kiss_k,16,1.0,7,21.60000056028366,32.33831352018052,49 2 67 13 23 99 17 63 59 27 80 109 83 32 104 86
grid,7,kiss_k,16,0.1,8,28.79999876022339,37.84613471017026,47 50 80 46 31 3 25 59 66 24 41 30 20 104 44 53
grid,7,kiss_k,16,1.0,8,27.20000147819519,36.48725193404628,47 50 80 46 31 3 25 59 66 24 41 30 20 104 44 53
grid,7,kiss_k,16,0.1,9,26.399999856948853,36.457180736322364,82 8 90 28 30 107 111 14 116 52 53 110 44 108 124 51
grid,7,kiss_k,16,1.0,9,25.600001215934753,35.354507919934974,82 8 90 28 30 107 111 14 116 52 53 110 44 108 124 51
grid,7,kiss_k,16,0.1,10,27.20000147819519,36.83776700916906,9 37 108 13 111 26 121 107 104 8 120 53 87 119 76 75
grid,7,kiss_k,16,1.0,10,25.600001215934753,35.42096611324113,9 37 108 13 111 26 121 107 104 8 120 53 87 119 76 75
grid,7,kiss_k,16,0.1,11,22.40000069141388,33.055595119395356,123 41 115 17 32 1 4 79 15 8 34 87 42 85 105 100
grid,7,kiss_k,16,1.0,11,22.40000069141388,32.410384705057865,123 41 115 17 32 1 4 79 15 8 34 87 42 85 105 100
grid,7,kiss_k,16,0.1,12,26.399999856948853,36.644357797026224,44 56 119 121 36 13 114 89 64 10 53 35 123 113 87 29
grid,7,kiss_k,16,1.0,12,26.399999856948853,36.454959516824566,44 56 119 121 36 13 114 89 64 10 53 35 123 113 87 29
grid,7,kiss_k,16,0.1,13,27.20000147819519,36.67171943176194,114 50 23 17 41 57 26 98 25 92 113 35 30 81 68 91
grid,7,kiss_k,16,1.0,13,23.999999463558197,34.7135370345449,114 50 23 17 41 57 26 98 25 92 113 35 30 81 68 91
grid,7,kiss_k,16,0.1,14,23.19999933242798,33.421442634342796,50 43 51 77 116 8 123 92 71 39 74 44 37 88 47 58
grid,7,kiss_k,16,1.0,14,23.19999933242798,33.16488508530705,50 43 51 77 116 8 123 92 71 39 74 44 37 88 47 58
grid,7,kiss_k,16,0.1,15,25.600001215934753,35.99096511988416,62 49 107 40 115 121 50 119 6 56 1 113 32 68 21 83
grid,7,kiss_k,16,1.0,15,24.799999594688416,35.56085020882336,62 49 107 40 115 121 50 119 6 56 1 113 32 68 21 83
grid,7,kiss_k,16,0.1,16,20.800000429153442,30.90795836607484,10 14 26 105 46 68 3 106 86 34 74 112 115 70 79 78
grid,7,kiss_k,16,1.0,16,18.400000035762787,29.427101091768655,10 14 26 105 46 68 3 106 86 34 74 112 115 70 79 78
grid,7,kiss_k,16,0.1,17,23.999999463558197,34.89540495256719,109 75 123 76 20 29 10 2 106 9 117 103 38 82 101 66
grid,7,kiss_k,16,1.0,17,21.60000056028366,32.95887353978179,109 75 123 76 20 29 10 2 106 9 117 103 38 82 101 66
grid,7,kiss_k,16,0.1,18,25.600001215934753,36.48231325210529,121 104 10 24 67 106 38 113 102 90 71 47 42 46 16 14
grid,7,kiss_k,16,1.0,18,21.60000056028366,33.80889821185063,121 104 10 24 67 106 38 113 102 90 71 47 42 46 16 14
grid,7,kiss_k,16,0.1,19,21.60000056028366,33.169853562525724,63 43 83 57 81 87 98 109 113 41 28 20 65 56 115 103
grid,7,kiss_k,16,1.0,19,23.19999933242798,32.980777701566254,63 43 83 57 81 87 98 109 113 41 28 20 65 56 115 103
grid,7,kiss_k,16,0.1,20,25.600001215934753,35.40081175774011,9 87 2 62 79 88 90 19 49 23 36 25 15 73 10 8
grid,7,kiss_k,16,1.0,20,23.19999933242798,32.971113772510634,9 87 2 62 79 88 90 19 49 23 36 25 15 73 10 8
grid,7,kiss_k,16,0.1,21,23.999999463558197,35.05259714521082,92 0 105 8 53 74 122 63 28 4 95 41 97 117 7 11
grid,7,kiss_k,16,1.0,21,22.40000069141388,34.05572250894969,92 0 105 8 53 74 122 63 28 4 95 41 97 117 7 11
grid,7,kiss_k,16,0.1,22,21.60000056028366,32.613635124913074,51 120 87 89 78 94 35 7 63 69 55 24 8 6 43 33
grid,7,kiss_k,16,1.0,22,20.000000298023224,30.92933319073561,51 120 87 89 78 94 35 7 63 69 55 24 8 6 43 33
grid,7,kiss_k,16,0.1,23,23.19999933242798,34.84573976101238,18 67 11 81 65 100 119 107 103 92 87 71 5 120 34 29
grid,7,kiss_k,16,1.0,23,23.19999933242798,34.07226691035486,18 67 11 81 65 100 119 107 103 92 87 71 5 120 34 29
grid,7,kiss_k,16,0.1,24,24.799999594688416,34.031285925841715,100 14 98 30 112 110 33 24 70 120 67 29 18 118 37 60
grid,7,kiss_k,16,1.0,24,22.40000069141388,32.659768214429604,100 14 98 30 112 110 33 24 70 120 67 29 18 118 37 60
grid,7,kiss_k,16,0.1,25,23.999999463558197,34.56057701156943,124 4 40 76 46 26 39 84 11 71 77 97 16 119 82 5
grid,7,kiss_k,16,1.0,25,22.40000069141388,33.12074215171161,124 4 40 76 46 26 39 84 11 71 77 97 16 119 82 5
grid,7,kiss_k,16,0.1,26,21.60000056028366,32.155012019887174,83 62 35 45 109 121 8 116 17 110 28 115 77 102 5 78
grid,7,kiss_k,16,1.0,26,20.000000298023224,31.111990551992,83 62 35 45 109 121 8 116 17 110 28 115 77 102 5 78
grid,7,kiss_k,16,0.1,27,27.20000147819519,36.84863086574166,66 118 38 71 75 79 40 101 112 97 69 87 114 84 55 113
grid,7,kiss_k,16,1.0,27,24.799999594688416,35.16780498529149,66 118 38 71 75 79 40 101 112 97 69 87 114 84 55 113
grid,7,kiss_k,16,0.1,28,21.60000056028366,32.94758625788195,20 28 103 27 64 31 108 34 89 11 3 14 91 60 59 83
grid,7,kiss_k,16,1.0,28,22.40000069141388,32.69575449682967,20 28 103 27 64 31 108 34 89 11 3 14 91 60 59 83
grid,7,kiss_k,16,0.1,29,25.600001215934753,34.83743591657734,38 95 23 7 49 6 16 86 114 91 19 74 70 100 106 109
grid,7,kiss_k,16,1.0,29,22.40000069141388,32.58161325747457,38 95 23 7 49 6 16 86 114 91 19 74 70 100 106 109
grid,7,kiss_k,32,0.1,0,27.20000147819519,36.07734905148992,51 74 123 34 60 100 16 21 30 49 72 99 75 15 115 81 27 17 56 52 40 39 95 36 54 92 63 122 62 70 44 73
grid,7,kiss_k,32,1.0,0,24.799999594688416,34.51354526773227,51 74 123 34 60 100 16 21 30 49 72 99 75 15 115 81 27 17 56 52 40 39 95 36 54 92 63 122 62 70 44 73
grid,7,kiss_k,32,0.1,1,25.600001215934753,34.37323414985538,53 102 87 35 40 115 100 50 0 45 42 16 37 10 28 95 72 59 70 114 57 30 97 85 24 111 2 112 32 8 58 4
grid,7,kiss_k,32,1.0,1,25.600001215934753,34.281296694248866,53 102 87 35 40 115 100 50 0 45 42 16 37 10 28 95 72 59 70 114 57 30 97 85 24 111 2 112 32 8 58 4
grid,7,kiss_k,32,0.1,2,26.399999856948853,35.29595664478093,26 55 3 120 69 0 90 40 117 74 105 39 112 110 94 66 43 33 75 103 5 42 121 37 98 88 84 115 15 9 52 87
grid,7,kiss_k,32,1.0,2,23.19999933242798,33.45628146842543,26 55 3 120 69 0 90 40 117 74 105 39 112 110 94 66 43 33 75 103 5 42 121 37 98 88 84 115 15 9 52 87
grid,7,kiss_k,32,0.1,3,23.19999933242798,33.67502068443175,89 39 61 7 17 6 63 95 35 68 64 65 115 77 23 119 40 25 75 66 27 94 73 114 44 47 34 41 18 113 2 19
grid,7,kiss_k,32,1.0,3,24.799999594688416,33.89299548682514,89 39 61 7 17 6 63 95 35 68 64 65 115 77 23 119 40 25 75 66 27 94 73 114 44 47 34 41 18 113 2 19
grid,7,kiss_k,32,0.1,4,24.799999594688416,35.12470389029442,74 68 10 57 119 82 50 16 101 113 66 1 69 52 75 115 123 120 84 44 24 45 20 114 59 12 79 72 65 19 6 88
grid,7,kiss_k,32,1.0,4,23.19999933242798,33.94642031689949,74 68 10 57 119 82 50 16 101 113 66 1 69 52 75 115 123 120 84 44 24 45 20 114 59 12 79 72 65 19 6 88
grid,7,kiss_k,32,0.1,5,20.000000298023224,32.3676658793422,84 0 17 9 7 45 112 56 46 11 82 24 33 104 48 27 108 85 107 35 39 55 50 6 71 103 117 77 31 80 29 119
grid,7,kiss_k,32,1.0,5,21.60000056028366,32.99828643351208,84 0 17 9 7 45 112 56 46 11 82 24 33 104 48 27 108 85 107 35 39 55 50 6 71 103 117 77 31 80 29 119
grid,7,kiss_k,32,0.1,6,22.40000069141388,33.09084902642361,89 105 26 10 94 42 104 120 57 71 37 69 68 118 97 85 112 21 117 62 86 119 101 102 63 82 58 103 60 0 67 27
grid,7,kiss_k,32,1.0,6,22.40000069141388,33.46386455001963,89 105 26 10 94 42 104 120 57 71 37 69 68 118 97 85 112 21 117 62 86 119 101 102 63 82 58 103 60 0 67 27
grid,7,kiss_k,32,0.1,7,25.600001215934753,36.003098121256265,99 86 94 19 40 83 55 121 66 64 42 49 21 111 88 15 22 75 76 104 102 35 60 34 24 113 89 38 4 80 96 81
grid,7,kiss_k,32,1.0,7,26.399999856948853,36.08161392770844,99 86 94 19 40 83 55 121 66 64 42 49 21 111 88 15 22 75 76 104 102 35 60 34 24 113 89 38 4 80 96 81
grid,7,kiss_k,32,0.1,8,21.60000056028366,32.543288521236406,107 78 89 12 39 104 22 63 103 111 34 36 62 84 25 109 43 95 44 102 76 112 116 45 21 75 61 118 32 68 99 14
grid,7,kiss_k,32,1.0,8,21.60000056028366,32.44579730909486,107 78 89 12 39 104 22 63 103 111 34 36 62 84 25 109 43 95 44 102 76 112 116 45 21 75 61 118 32 68 99 14
grid,7,kiss_k,32,0.1,9,21.60000056028366,34.62177882902686,105 1 72 100 9 2 10 18 31 53 20 80 36 11 15 57 12 73 14 51 29 93 70 56 68 102 3 91 30 33 119 60
grid,7,kiss_k,32,1.0,9,23.19999933242798,34.81679519398207,105 1 72 100 9 2 10 18 31 53 20 80 36 11 15 57 12 73 14 51 29 93 70 56 68 102 3 91 30 33 119 60
grid,7,kiss_k,32,0.1,10,23.19999933242798,33.846440763955876,51 28 80 35 8 5 48 32 17 113 34 50 116 94 3 91 79 1 7 106 124 22 31 44 90 52 85 40 2 55 108 10
grid,7,kiss_k,32,1.0,10,22.40000069141388,33.04403933265457,51 28 80 35 8 5 48 32 17 113 34 50 116 94 3 91 79 1 7 106 124 22 31 44 90 52 85 40 2 55 108 10
grid,7,kiss_k,32,0.1,11,21.60000056028366,32.735332146777765,63 56 53 30 28 89 106 82 113 110 16 92 95 86 97 54 39 90 108 43 96 55 48 40 61 27 46 117 100 73 119 25
grid,7,kiss_k,32,1.0,11,23.19999933242798,33.278590114428255,63 56 53 30 28 89 106 82 113 110 16 92 95 86 97 54 39 90 108 43 96 55 48 40 61 27 46 117 100 73 119 25
grid,7,kiss_k,32,0.1,12,24.799999594688416,34.99902524568383,110 95 99 37 20 64 92 59 68 34 115 113 41 72 52 29 45 69 3 58 61 101 31 77 22 57 116 0 21 81 27 119
grid,7,kiss_k,32,1.0,12,24.799999594688416,35.62647403204513,110 95 99 37 20 64 92 59 68 34 115 113 41 72 52 29 45 69 3 58 61 101 31 77 22 57 116 0 21 81 27 119
grid,7,kiss_k,32,0.1,13,22.40000069141388,35.13250501570756,33 43 12 50 28 116 59 95 53 63 114 96 46 0 34 91 55 72 90 38 80 108 69 49 19 120 104 81 9 27 87 62
grid,7,kiss_k,32,1.0,13,19.200000166893005,32.99861428188167,33 43 12 50 28 116 59 95 53 63 114 96 46 0 34 91 55 72 90 38 80 108 69 49 19 120 104 81 9 27 87 62
grid,7,kiss_k,32,0.1,14,21.60000056028366,33.417348116862435,97 13 46 18 67 9 29 34 86 37 1 124 123 68 47 92 30 85 121 32 40 108 89 79 45 84 44 33 31 56 41 62
grid,7,kiss_k,32,1.0,14,20.000000298023224,32.275385633288195,97 13 46 18 67 9 29 34 86 37 1 124 123 68 47 92 30 85 121 32 40 108 89 79 45 84 44 33 31 56 41 62
grid,7,kiss_k,32,0.1,15,20.800000429153442,32.10601078323756,121 59 20 3 64 124 26 87 110 95 56 33 78 16 49 45 92 48 52 102 82 123 38 85 18 10 117 101 50 24 81 51
grid,7,kiss_k,32,1.0,15,20.000000298023224,31.58990474550031,121 59 20 3 64 124 26 87 110 95 56 33 78 16 49 45 92 48 52 102 82 123 38 85 18 10 117 101 50 24 81 51
grid,7,kiss_k,32,0.1,16,26.399999856948853,36.59152047610638,91 69 44 84 4 48 18 103 53 17 99 123 73 30 27 56 80 14 122 34 89 0 108 92 75 37 35 29 11 77 67 74
grid,7,kiss_k,32,1.0,16,23.19999933242798,34.33685505203143,91 69 44 84 4 48 18 103 53 17 99 123 73 30 27 56 80 14 122 34 89 0 108 92 75 37 35 29 11 77 67 74
grid,7,kiss_k,32,0.1,17,21.60000056028366,32.80308865680889,7 94 1 101 12 19 11 50 118 59 2 10 83 87 99 85 106 116 38 6 49 78 98 18 105 111 80 104 31 51 75 103
grid,7,kiss_k,32,1.0,17,23.999999463558197,33.9825843451924,7 94 1 101 12 19 11 50 118 59 2 10 83 87 99 85 106 116 38 6 49 78 98 18 105 111 80 104 31 51 75 103
grid,7,kiss_k,32,0.1,18,23.999999463558197,33.74039939475061,33 7 2 109 113 85 84 11 120 96 1 60 3 56 114 0 119 8 21 43 16 112 37 46 121 65 30 67 103 124 44 12
grid,7,kiss_k,32,1.0,18,21.60000056028366,31.61417350471819,33 7 2 109 113 85 84 11 120 96 1 60 3 56 114 0 119 8 21 43 16 112 37 46 121 65 30 67 103 124 44 12
grid,7,kiss_k,32,0.1,19,27.20000147819519,35.712180337259525,44 121 61 119 69 34 24 40 45 91 33 115 86 17 26 85 75 99 63 95 88 11 31 64 77 111 101 106 118 28 83 51
grid,7,kiss_k,32,1.0,19,27.20000147819519,35.358195262744985,44 121 61 119 69 34 24 40 45 91 33 115 86 17 26 85 75 99 63 95 88 11 31 64 77 111 101 106 118 28 83 51
grid,7,kiss_k,32,0.1,20,24.799999594688416,35.35102717473493,24 76 35 32 123 81 107 106 67 37 84 39 28 29 86 55 49 43 124 27 109 25 119 46 70 26 115 75 21 87 12 10
grid,7,kiss_k,32,1.0,20,25.600001215934753,35.433953643752794,24 76 35 32 123 81 107 106 67 37 84 39 28 29 86 55 49 43 124 27 109 25 119 46 70 26 115 75 21 87 12 10
grid,7,kiss_k,32,0.1,21,28.79999876022339,37.81190912654541,84 109 54 68 47 66 9 10 45 69 64 82 108 96 22 44 113 114 6 31 43 28 21 123 89 100 63 16 101 46 90 91
grid,7,kiss_k,32,1.0,21,26.399999856948853,35.87583812141048,84 109 54 68 47 66 9 10 45 69 64 82 108 96 22 44 113 114 6 31 43 28 21 123 89 100 63 16 101 46 90 91
grid,7,kiss_k,32,0.1,22,23.999999463558197,33.53857496814388,42 46 82 11 80 67 32 79 112 81 24 96 51 52 25 106 66 122 50 39 36 9 47 10 73 5 2 7 75 116 100 15
grid,7,kiss_k,32,1.0,22,25.600001215934753,33.92136624562705,42 46 82 11 80 67 32 79 112 81 24 96 51 52 25 106 66 122 50 39 36 9 47 10 73 5 2 7 75 116 100 15
grid,7,kiss_k,32,0.1,23,24.799999594688416,33.808643635140356,39 36 33 69 63 65 99 76 71 0 40 24 25 49 61 68 106 2 43 110 59 73 66 46 77 18 70 60 41 100 108 64
grid,7,kiss_k,32,1.0,23,23.999999463558197,33.47167019953813,39 36 33 69 63 65 99 76 71 0 40 24 25 49 61 68 106 2 43 110 59 73 66 46 77 18 70 60 41 100 108 64
grid,7,kiss_k,32,0.1,24,23.999999463558197,34.153033401563434,35 34 41 20 90 62 6 14 3 94 69 89 57 8 48 7 27 2 111 107 124 51 26 25 97 113 60 81 117 87 28 91
grid,7,kiss_k,32,1.0,24,22.40000069141388,33.15996750875615,35 34 41 20 90 62 6 14 3 94 69 89 57 8 48 7 27 2 111 107 124 51 26 25 97 113 60 81 117 87 28 91
grid,7,kiss_k,32,0.1,25,23.999999463558197,33.972798117885134,33 18 113 41 89 47 59 105 58 120 91 11 19 23 17 40 31 48 43 49 8 92 94 1 30 42 0 52 100 6 25 109
grid,7,kiss_k,32,1.0,25,24.799999594688416,33.54672799986334,33 18 113 41 89 47 59 105 58 120 91 11 19 23 17 40 31 48 43 49 8 92 94 1 30 42 0 52 100 6 25 109
grid,7,kiss_k,32,0.1,26,22.40000069141388,33.492770408912605,100 115 69 76 28 62 112 50 53 81 39 97 57 103 44 105 93 15 37 47 72 63 88 66 108 49 36 40 10 45 124 110
grid,7,kiss_k,32,1.0,26,21.60000056028366,33.024244465457805,100 115 69 76 28 62 112 50 53 81 39 97 57 103 44 105 93 15 37 47 72 63 88 66 108 49 36 40 10 45 124 110
grid,7,kiss_k,32,0.1,27,27.20000147819519,37.05841557400857,41 26 11 14 29 42 45 124 66 30 79 15 64 7 122 98 123 25 34 31 28 81 38 85 106 21 67 39 22 105 119 88
grid,7,kiss_k,32,1.0,27,27.20000147819519,36.34165793847345,41 26 11 14 29 42 45 124 66 30 79 15 64 7 122 98 123 25 34 31 28 81 38 85 106 21 67 39 22 105 119 88
grid,7,kiss_k,32,0.1,28,22.40000069141388,33.163782392283125,82 48 31 14 114 35 7 81 100 57 69 72 23 37 94 122 99 73 6 95 106 119 16 105 0 52 115 8 10 121 91 107
grid,7,kiss_k,32,1.0,28,23.19999933242798,33.073035979202906,82 48 31 14 114 35 7 81 100 57 69 72 23 37 94 122 99 73 6 95 106 119 16 105 0 52 115 8 10 121 91 107
grid,7,kiss_k,32,0.1,29,20.800000429153442,32.702019598158216,75 13 72 21 38 56 110 98 122 45 84 114 67 108 28 49 63 78 22 95 91 89 99 54 48 81 69 7 116 62 26 106
grid,7,kiss_k,32,1.0,29,20.800000429153442,32.826508711924596,75 13 72 21 38 56 110 98 122 45 84 114 67 108 28 49 63 78 22 95 91 89 99 54 48 81 69 7 116 62 26 106
grid,8,raw,0,-1,-1,24.799999594688416,33.40500398456549,
grid,8,center,0,-1,-1,24.799999594688416,33.40500398456549,
grid,8,unlab,0,0.1,-1,22.40000069141388,32.06603183443938,
grid,8,kiss_all,125,0.1,-1,28.00000011920929,35.65072229763537,
grid,8,unlab,0,1.0,-1,23.19999933242798,31.690434837253147,
grid,8,kiss_all,125,1.0,-1,28.79999876022339,36.64178244318667,
grid,8,kiss_k,2,0.1,0,21.60000056028366,31.451374994177556,61 38
grid,8,kiss_k,2,1.0,0,22.40000069141388,31.474943680036017,61 38
grid,8,kiss_k,2,0.1,1,23.19999933242798,32.498092481873066,70 24
grid,8,kiss_k,2,1.0,1,22.40000069141388,31.23445791379443,70 24
grid,8,kiss_k,2,0.1,2,23.19999933242798,32.42609919879984,30 104
grid,8,kiss_k,2,1.0,2,22.40000069141388,31.33727370452731,30 104
grid,8,kiss_k,2,0.1,3,24.799999594688416,33.259211918140196,98 67
grid,8,kiss_k,2,1.0,3,23.19999933242798,31.795116100814695,98 67
grid,8,kiss_k,2,0.1,4,23.19999933242798,31.643301175807782,92 90
grid,8,kiss_k,2,1.0,4,23.19999933242798,31.17198941140241,92 90
grid,8,kiss_k,2,0.1,5,21.60000056028366,31.517817301200935,72 27
grid,8,kiss_k,2,1.0,5,22.40000069141388,31.20443097840991,72 27
grid,8,kiss_k,2,0.1,6,22.40000069141388,32.098562885741885,72 64
grid,8,kiss_k,2,1.0,6,21.60000056028366,31.056244628379638,72 64
grid,8,kiss_k,2,0.1,7,23.999999463558197,32.52495850557467,45 21
grid,8,kiss_k,2,1.0,7,23.19999933242798,31.46300122915107,45 21
grid,8,kiss_k,2,0.1,8,21.60000056028366,31.192552838672334,55 61
grid,8,kiss_k,2,1.0,8,22.40000069141388,31.393838537518203,55 61
grid,8,kiss_k,2,0.1,9,24.799999594688416,33.321746272388175,62 101
grid,8,kiss_k,2,1.0,9,23.19999933242798,31.56258287667047,62 101
grid,8,kiss_k,2,0.1,10,23.19999933242798,32.23954382695378,107 69
grid,8,kiss_k,2,1.0,10,23.19999933242798,31.73800792668685,107 69
grid,8,kiss_k,2,0.1,11,22.40000069141388,32.120597284688344,4 14
grid,8,kiss_k,2,1.0,11,21.60000056028366,30.95639209594167,4 14
grid,8,kiss_k,2,0.1,12,23.19999933242798,32.628635310158344,62 82
grid,8,kiss_k,2,1.0,12,21.60000056028366,30.260380263101688,62 82
grid,8,kiss_k,2,0.1,13,24.799999594688416,33.42928244970687,40 56
grid,8,kiss_k,2,1.0,13,24.799999594688416,33.30065141881204,40 56
grid,8,kiss_k,2,0.1,14,22.40000069141388,32.38254439938418,16 78
grid,8,kiss_k,2,1.0,14,21.60000056028366,31.13819092176434,16 78
grid,8,kiss_k,2,0.1,15,22.40000069141388,31.879891194797892,47 72
grid,8,kiss_k,2,1.0,15,22.40000069141388,31.390078419760464,47 72
grid,8,kiss_k,2,0.1,16,20.800000429153442,31.032778211606022,109 99
grid,8,kiss_k,2,1.0,16,20.000000298023224,30.064759739447645,109 99
grid,8,kiss_k,2,0.1,17,23.19999933242798,32.105158284459776,90 81
grid,8,kiss_k,2,1.0,17,22.40000069141388,30.966472057522942,90 81
grid,8,kiss_k,2,0.1,18,21.60000056028366,31.556714904824133,74 88
grid,8,kiss_k,2,1.0,18,21.60000056028366,31.174135809057386,74 88
grid,8,kiss_k,2,0.1,19,23.19999933242798,32.88675621730006,1 20
grid,8,kiss_k,2,1.0,19,23.19999933242798,32.06936901446739,1 20
grid,8,kiss_k,2,0.1,20,23.19999933242798,32.39534465001393,69 27
grid,8,kiss_k,2,1.0,20,23.19999933242798,31.768367836729162,69 27
grid,8,kiss_k,2,0.1,21,22.40000069141388,32.006812312751634,82 104
grid,8,kiss_k,2,1.0,21,20.800000429153442,30.548194708332726,82 104
grid,8,kiss_k,2,0.1,22,23.19999933242798,32.88666448343682,71 14
grid,8,kiss_k,2,1.0,22,23.19999933242798,32.399867755105696,71 14
grid,8,kiss_k,2,0.1,23,22.40000069141388,32.211547761930106,5 82
grid,8,kiss_k,2,1.0,23,21.60000056028366,31.159295173200125,5 82
grid,8,kiss_k,2,0.1,24,23.999999463558197,33.33411678064951,22 52
grid,8,kiss_k,2,1.0,24,23.19999933242798,32.61126505030701,22 52
grid,8,kiss_k,2,0.1,25,23.19999933242798,32.0130529026571,15 16
grid,8,kiss_k,2,1.0,25,21.60000056028366,30.56428402664621,15 16
grid,8,kiss_k,2,0.1,26,23.999999463558197,32.93998608574361,105 114
grid,8,kiss_k,2,1.0,26,23.999999463558197,32.44279620400177,105 114
grid,8,kiss_k,2,0.1,27,21.60000056028366,31.157791962729764,10 82
grid,8,kiss_k,2,1.0,27,21.60000056028366,30.525958379603168,10 82
grid,8,kiss_k,2,0.1,28,21.60000056028366,31.18444538359547,82 6
grid,8,kiss_k,2,1.0,28,21.60000056028366,30.479899023910345,82 6
grid,8,kiss_k,2,0.1,29,25.600001215934753,34.03312683066068,13 8
grid,8,kiss_k,2,1.0,29,23.19999933242798,32.412994981201564,13 8
grid,8,kiss_k,4,0.1,0,22.40000069141388,32.07017001388847,2 86 70 114
grid,8,kiss_k,4,1.0,0,22.40000069141388,32.04387902071591,2 86 70 114
grid,8,kiss_k,4,0.1,1,22.40000069141388,31.878951974837026,89 58 74 19
grid,8,kiss_k,4,1.0,1,22.40000069141388,31.869556026814898,89 58 74 19
grid,8,kiss_k,4,0.1,2,23.999999463558197,32.89898617354688,23 70 73 85
grid,8,kiss_k,4,1.0,2,23.999999463558197,32.61246006812028,23 70 73 85
grid,8,kiss_k,4,0.1,3,23.999999463558197,33.26697892331678,121 27 103 122
grid,8,kiss_k,4,1.0,3,22.40000069141388,31.917664000748214,121 27 103 122
grid,8,kiss_k,4,0.1,4,24.799999594688416,34.61718387139594,118 0 101 97
grid,8,kiss_k,4,1.0,4,24.799999594688416,34.18948045557709,118 0 101 97
grid,8,kiss_k,4,0.1,5,26.399999856948853,34.546502965074495,33 118 113 6
grid,8,kiss_k,4,1.0,5,25.600001215934753,33.39333378323373,33 118 113 6
grid,8,kiss_k,4,0.1,6,23.19999933242798,32.58121349408105,22 113 75 118
grid,8,kiss_k,4,1.0,6,22.40000069141388,31.62667035312835,22 113 75 118
grid,8,kiss_k,4,0.1,7,26.399999856948853,35.45663183521627,58 52 44 29
grid,8,kiss_k,4,1.0,7,25.600001215934753,34.366367163334075,58 52 44 29
grid,8,kiss_k,4,0.1,8,23.19999933242798,32.59826669426084,41 52 58 3
grid,8,kiss_k,4,1.0,8,23.999999463558197,32.6200914345078,41 52 58 3
grid,8,kiss_k,4,0.1,9,26.399999856948853,34.35173696347233,52 80 6 60
grid,8,kiss_k,4,1.0,9,23.999999463558197,33.06215248546901,52 80 6 60
grid,8,kiss_k,4,0.1,10,25.600001215934753,34.46056020639001,83 121 64 111
grid,8,kiss_k,4,1.0,10,23.999999463558197,32.6727138410587,83 121 64 111
grid,8,kiss_k,4,0.1,11,23.19999933242798,32.770335051099224,115 88 96 40
grid,8,kiss_k,4,1.0,11,22.40000069141388,31.879113318443842,115 88 96 40
grid,8,kiss_k,4,0.1,12,23.999999463558197,33.51623056641789,59 81 7 122
grid,8,kiss_k,4,1.0,12,23.19999933242798,32.36915526079007,59 81 7 122
grid,8,kiss_k,4,0.1,13,23.999999463558197,33.391712089514066,12 67 27 16
grid,8,kiss_k,4,1.0,13,23.19999933242798,32.26296059933348,12 67 27 16
grid,8,kiss_k,4,0.1,14,23.19999933242798,33.01770651421695,62 115 122 38
grid,8,kiss_k,4,1.0,14,21.60000056028366,31.638655623044638,62 115 122 38
grid,8,kiss_k,4,0.1,15,23.19999933242798,32.3448264736163,19 24 49 38
grid,8,kiss_k,4,1.0,15,23.19999933242798,31.40117453796848,19 24 49 38
grid,8,kiss_k,4,0.1,16,23.999999463558197,34.104529989639175,117 81 119 123
grid,8,kiss_k,4,1.0,16,23.999999463558197,33.07664304286701,117 81 119 123
grid,8,kiss_k,4,0.1,17,23.999999463558197,33.547549565594196,83 86 110 112
grid,8,kiss_k,4,1.0,17,23.19999933242798,32.215756093550795,83 86 110 112
grid,8,kiss_k,4,0.1,18,24.799999594688416,33.40240742901195,22 92 124 42
grid,8,kiss_k,4,1.0,18,24.799999594688416,32.86486156820909,22 92 124 42
grid,8,kiss_k,4,0.1,19,23.19999933242798,32.16103759225082,95 19 71 73
grid,8,kiss_k,4,1.0,19,21.60000056028366,31.212326677534303,95 19 71 73
grid,8,kiss_k,4,0.1,20,25.600001215934753,35.32294156366716,58 97 109 80
grid,8,kiss_k,4,1.0,20,23.19999933242798,32.98226707610757,58 97 109 80
grid,8,kiss_k,4,0.1,21,23.999999463558197,32.8248114820844,41 49 64 29
grid,8,kiss_k,4,1.0,21,23.999999463558197,32.05866242269123,41 49 64 29
grid,8,kiss_k,4,0.1,22,23.19999933242798,32.963416430030954,90 120 59 27
grid,8,kiss_k,4,1.0,22,23.19999933242798,32.041922031587546,90 120 59 27
grid,8,kiss_k,4,0.1,23,22.40000069141388,31.69525725880365,84 54 116 123
grid,8,kiss_k,4,1.0,23,23.19999933242798,31.558602382377494,84 54 116 123
grid,8,kiss_k,4,0.1,24,20.800000429153442,31.47298566268463,60 18 2 24
grid,8,kiss_k,4,1.0,24,20.800000429153442,30.538431081359285,60 18 2 24
grid,8,kiss_k,4,0.1,25,22.40000069141388,32.31255971428476,30 70 5 117
grid,8,kiss_k,4,1.0,25,22.40000069141388,31.53680278494274,30 70 5 117
grid,8,kiss_k,4,0.1,26,23.999999463558197,32.87073650814044,73 54 8 56
grid,8,kiss_k,4,1.0,26,23.19999933242798,32.04882122366931,73 54 8 56
grid,8,kiss_k,4,0.1,27,24.799999594688416,33.1159836375711,87 47 8 117
grid,8,kiss_k,4,1.0,27,23.19999933242798,31.492472388216346,87 47 8 117
grid,8,kiss_k,4,0.1,28,24.799999594688416,34.456712041672645,115 23 94 124
grid,8,kiss_k,4,1.0,28,23.999999463558197,33.2438114066205,115 23 94 124
grid,8,kiss_k,4,0.1,29,24.799999594688416,34.09012533117968,56 12 52 118
grid,8,kiss_k,4,1.0,29,23.999999463558197,33.373243648184136,56 12 52 118
grid,8,kiss_k,8,0.1,0,23.19999933242798,33.11801350741508,20 94 32 119 65 21 76 110
grid,8,kiss_k,8,1.0,0,23.19999933242798,32.7905608582605,20 94 32 119 65 21 76 110
grid,8,kiss_k,8,0.1,1,22.40000069141388,31.32122737839923,5 10 92 37 3 86 11 90
grid,8,kiss_k,8,1.0,1,22.40000069141388,30.63827603676572,5 10 92 37 3 86 11 90
grid,8,kiss_k,8,0.1,2,26.399999856948853,35.426021283101974,119 19 48 60 21 11 50 94
grid,8,kiss_k,8,1.0,2,24.799999594688416,34.59181878702577,119 19 48 60 21 11 50 94
grid,8,kiss_k,8,0.1,3,23.19999933242798,32.47814025014017,94 6 105 32 57 41 120 64
grid,8,kiss_k,8,1.0,3,23.999999463558197,32.239932904997055,94 6 105 32 57 41 120 64
grid,8,kiss_k,8,0.1,4,24.799999594688416,34.27984134517844,32 93 53 26 97 16 10 106
grid,8,kiss_k,8,1.0,4,22.40000069141388,32.28687008720405,32 93 53 26 97 16 10 106
grid,8,kiss_k,8,0.1,5,23.999999463558197,33.49970998528212,68 118 94 13 117 44 69 36
grid,8,kiss_k,8,1.0,5,23.19999933242798,32.05091569925893,68 118 94 13 117 44 69 36
grid,8,kiss_k,8,0.1,6,20.000000298023224,29.254277068822386,21 111 3 109 84 66 61 31
grid,8,kiss_k,8,1.0,6,20.800000429153442,29.47669916763797,21 111 3 109 84 66 61 31
grid,8,kiss_k,8,0.1,7,23.999999463558197,33.942976660360735,0 84 93 103 107 10 121 119
grid,8,kiss_k,8,1.0,7,24.799999594688416,34.33438820479136,0 84 93 103 107 10 121 119
grid,8,kiss_k,8,0.1,8,23.999999463558197,33.724497174778335,49 94 14 3 85 120 61 13
grid,8,kiss_k,8,1.0,8,21.60000056028366,31.71703547615174,49 94 14 3 85 120 61 13
grid,8,kiss_k,8,0.1,9,22.40000069141388,31.113215469166533,93 9 113 116 63 99 76 53
grid,8,kiss_k,8,1.0,9,21.60000056028366,30.224564813120818,93 9 113 116 63 99 76 53
grid,8,kiss_k,8,0.1,10,24.799999594688416,33.92702037646693,124 65 21 37 27 103 122 112
grid,8,kiss_k,8,1.0,10,22.40000069141388,31.77571039639544,124 65 21 37 27 103 122 112
grid,8,kiss_k,8,0.1,11,23.19999933242798,33.36136887492905,48 50 9 103 57 60 113 29
grid,8,kiss_k,8,1.0,11,23.19999933242798,32.65415261413819,48 50 9 103 57 60 113 29
grid,8,kiss_k,8,0.1,12,23.19999933242798,31.848358507311175,94 89 107 12 49 61 85 109
grid,8,kiss_k,8,1.0,12,22.40000069141388,30.98501446194067,94 89 107 12 49 61 85 109
grid,8,kiss_k,8,0.1,13,20.800000429153442,31.224140603679153,54 107 61 14 40 100 47 98
grid,8,kiss_k,8,1.0,13,20.800000429153442,30.244441526285147,54 107 61 14 40 100 47 98
grid,8,kiss_k,8,0.1,14,23.19999933242798,32.490456194548486,36 116 3 108 75 117 51 34
grid,8,kiss_k,8,1.0,14,23.999999463558197,32.174320820733,36 116 3 108 75 117 51 34
grid,8,kiss_k,8,0.1,15,24.799999594688416,34.55412969841774,17 76 91 120 101 81 6 64
grid,8,kiss_k,8,1.0,15,22.40000069141388,32.13584861459001,17 76 91 120 101 81 6 64
grid,8,kiss_k,8,0.1,16,23.19999933242798,32.712229461344116,91 10 53 104 120 37 71 82
grid,8,kiss_k,8,1.0,16,22.40000069141388,31.80897241991899,91 10 53 104 120 37 71 82
grid,8,kiss_k,8,0.1,17,23.999999463558197,33.66937202572513,59 85 90 83 92 97 6 95
grid,8,kiss_k,8,1.0,17,23.19999933242798,32.289216567025605,59 85 90 83 92 97 6 95
grid,8,kiss_k,8,0.1,18,23.19999933242798,33.18360778742373,103 58 75 33 88 102 53 8
grid,8,kiss_k,8,1.0,18,23.19999933242798,32.917925438181406,103 58 75 33 88 102 53 8
grid,8,kiss_k,8,0.1,19,22.40000069141388,31.2840419472895,38 25 117 98 21 82 3 23
grid,8,kiss_k,8,1.0,19,22.40000069141388,30.72171951265571,38 25 117 98 21 82 3 23
grid,8,kiss_k,8,0.1,20,24.799999594688416,33.87526711465503,23 118 74 47 109 11 62 59
grid,8,kiss_k,8,1.0,20,23.999999463558197,32.647491642868964,23 118 74 47 109 11 62 59
grid,8,kiss_k,8,0.1,21,23.19999933242798,33.2164512277106,23 114 116 81 17 53 5 20
grid,8,kiss_k,8,1.0,21,23.19999933242798,32.86699177427065,23 114 116 81 17 53 5 20
grid,8,kiss_k,8,0.1,22,23.19999933242798,32.335117191307646,10 59 49 5 41 94 106 43
grid,8,kiss_k,8,1.0,22,22.40000069141388,31.1028831509439,10 59 49 5 41 94 106 43
grid,8,kiss_k,8,0.1,23,25.600001215934753,34.0977295867523,107 71 14 113 36 83 33 92
grid,8,kiss_k,8,1.0,23,25.600001215934753,33.23572851464597,107 71 14 113 36 83 33 92
grid,8,kiss_k,8,0.1,24,23.999999463558197,34.07050519918927,89 2 12 52 103 41 85 25
grid,8,kiss_k,8,1.0,24,23.999999463558197,33.49806147891628,89 2 12 52 103 41 85 25
grid,8,kiss_k,8,0.1,25,23.999999463558197,33.01820542522281,116 38 113 109 120 122 66 25
grid,8,kiss_k,8,1.0,25,23.19999933242798,31.785374379533028,116 38 113 109 120 122 66 25
grid,8,kiss_k,8,0.1,26,24.799999594688416,33.974590306163265,38 3 7 14 57 29 27 85
grid,8,kiss_k,8,1.0,26,24.799999594688416,33.42173030593565,38 3 7 14 57 29 27 85
grid,8,kiss_k,8,0.1,27,25.600001215934753,34.78186767996848,94 28 11 103 68 118 86 91
grid,8,kiss_k,8,1.0,27,23.999999463558197,33.59719425717198,94 28 11 103 68 118 86 91
grid,8,kiss_k,8,0.1,28,25.600001215934753,33.61682718091591,51 68 25 96 67 40 79 6
grid,8,kiss_k,8,1.0,28,23.999999463558197,32.48141499539399,51 68 25 96 67 40 79 6
grid,8,kiss_k,8,0.1,29,24.799999594688416,33.79103528932158,43 45 31 66 8 51 33 28
grid,8,kiss_k,8,1.0,29,23.999999463558197,32.7018045855954,43 45 31 66 8 51 33 28
grid,8,kiss_k,16,0.1,0,26.399999856948853,34.73341693236138,9 37 108 13 111 26 121 107 104 8 120 53 87 119 76 75
grid,8,kiss_k,16,1.0,0,24.799999594688416,33.80258375114134,9 37 108 13 111 26 121 107 104 8 120 53 87 119 76 75
grid,8,kiss_k,16,0.1,1,21.60000056028366,31.03891631669017,123 41 115 17 32 1 4 79 15 8 34 87 42 85 105 100
grid,8,kiss_k,16,1.0,1,21.60000056028366,30.546916243098487,123 41 115 17 32 1 4 79 15 8 34 87 42 85 105 100
grid,8,kiss_k,16,0.1,2,25.600001215934753,34.31180076624932,44 56 119 121 36 13 114 89 64 10 53 35 123 113 87 29
grid,8,kiss_k,16,1.0,2,26.399999856948853,34.44827613515111,44 56 119 121 36 13 114 89 64 10 53 35 123 113 87 29
grid,8,kiss_k,16,0.1,3,23.999999463558197,32.85732440026951,114 50 23 17 41 57 26 98 25 92 113 35 30 81 68 91
grid,8,kiss_k,16,1.0,3,24.799999594688416,33.087806860593865,114 50 23 17 41 57 26 98 25 92 113 35 30 81 68 91
grid,8,kiss_k,16,0.1,4,23.999999463558197,33.580241708142196,50 43 51 77 116 8 123 92 71 39 74 44 37 88 47 58
grid,8,kiss_k,16,1.0,4,23.999999463558197,33.30513907255898,50 43 51 77 116 8 123 92 71 39 74 44 37 88 47 58
grid,8,kiss_k,16,0.1,5,26.399999856948853,34.75548573199435,62 49 107 40 115 121 50 119 6 56 1 113 32 68 21 83
grid,8,kiss_k,16,1.0,5,24.799999594688416,33.7801745725605,62 49 107 40 115 121 50 119 6 56 1 113 32 68 21 83
grid,8,kiss_k,16,0.1,6,24.799999594688416,33.51028915742543,10 14 26 105 46 68 3 106 86 34 74 112 115 70 79 78
grid,8,kiss_k,16,1.0,6,24.799999594688416,33.306533363996955,10 14 26 105 46 68 3 106 86 34 74 112 115 70 79 78
grid,8,kiss_k,16,0.1,7,20.800000429153442,31.44265717072322,109 75 123 76 20 29 10 2 106 9 117 103 38 82 101 66
grid,8,kiss_k,16,1.0,7,21.60000056028366,30.926670269034723,109 75 123 76 20 29 10 2 106 9 117 103 38 82 101 66
grid,8,kiss_k,16,0.1,8,23.19999933242798,33.330344320567235,121 104 10 24 67 106 38 113 102 90 71 47 42 46 16 14
grid,8,kiss_k,16,1.0,8,22.40000069141388,32.40405740595884,121 104 10 24 67 106 38 113 102 90 71 47 42 46 16 14
grid,8,kiss_k,16,0.1,9,27.20000147819519,35.39017877261436,63 43 83 57 81 87 98 109 113 41 28 20 65 56 115 103
grid,8,kiss_k,16,1.0,9,25.600001215934753,34.1898216374545,63 43 83 57 81 87 98 109 113 41 28 20 65 56 115 103
grid,8,kiss_k,16,0.1,10,23.19999933242798,31.161687086102212,9 87 2 62 79 88 90 19 49 23 36 25 15 73 10 8
grid,8,kiss_k,16,1.0,10,23.19999933242798,30.520477986939966,9 87 2 62 79 88 90 19 49 23 36 25 15 73 10 8
grid,8,kiss_k,16,0.1,11,26.399999856948853,34.75334681135195,92 0 105 8 53 74 122 63 28 4 95 41 97 117 7 11
grid,8,kiss_k,16,1.0,11,25.600001215934753,34.20099584739281,92 0 105 8 53 74 122 63 28 4 95 41 97 117 7 11
grid,8,kiss_k,16,0.1,12,27.20000147819519,35.694167442037454,51 120 87 89 78 94 35 7 63 69 55 24 8 6 43 33
grid,8,kiss_k,16,1.0,12,23.999999463558197,33.783125818664246,51 120 87 89 78 94 35 7 63 69 55 24 8 6 43 33
grid,8,kiss_k,16,0.1,13,26.399999856948853,36.031111830199976,18 67 11 81 65 100 119 107 103 92 87 71 5 120 34 29
grid,8,kiss_k,16,1.0,13,25.600001215934753,35.40349598048935,18 67 11 81 65 100 119 107 103 92 87 71 5 120 34 29
grid,8,kiss_k,16,0.1,14,25.600001215934753,33.55392547239874,100 14 98 30 112 110 33 24 70 120 67 29 18 118 37 60
grid,8,kiss_k,16,1.0,14,25.600001215934753,33.38832509569929,100 14 98 30 112 110 33 24 70 120 67 29 18 118 37 60
grid,8,kiss_k,16,0.1,15,24.799999594688416,34.459099253739815,124 4 40 76 46 26 39 84 11 71 77 97 16 119 82 5
grid,8,kiss_k,16,1.0,15,24.799999594688416,34.72422335628696,124 4 40 76 46 26 39 84 11 71 77 97 16 119 82 5
grid,8,kiss_k,16,0.1,16,24.799999594688416,34.89479250143575,83 62 35 45 109 121 8 116 17 110 28 115 77 102 5 78
grid,8,kiss_k,16,1.0,16,26.399999856948853,35.49964743043534,83 62 35 45 109 121 8 116 17 110 28 115 77 102 5 78
grid,8,kiss_k,16,0.1,17,24.799999594688416,33.558139152009076,66 118 38 71 75 79 40 101 112 97 69 87 114 84 55 113
grid,8,kiss_k,16,1.0,17,23.999999463558197,33.399170463507474,66 118 38 71 75 79 40 101 112 97 69 87 114 84 55 113
grid,8,kiss_k,16,0.1,18,23.999999463558197,33.93032671426182,20 28 103 27 64 31 108 34 89 11 3 14 91 60 59 83
grid,8,kiss_k,16,1.0,18,23.19999933242798,32.70400647762925,20 28 103 27 64 31 108 34 89 11 3 14 91 60 59 83
grid,8,kiss_k,16,0.1,19,22.40000069141388,32.384421636431995,38 95 23 7 49 6 16 86 114 91 19 74 70 100 106 109
grid,8,kiss_k,16,1.0,19,23.999999463558197,32.615526710211576,38 95 23 7 49 6 16 86 114 91 19 74 70 100 106 109
grid,8,kiss_k,16,0.1,20,24.799999594688416,33.46589301656357,3 10 97 120 5 50 69 6 85 116 40 56 88 34 67 90
grid,8,kiss_k,16,1.0,20,23.999999463558197,32.83648091111953,3 10 97 120 5 50 69 6 85 116 40 56 88 34 67 90
grid,8,kiss_k,16,0.1,21,24.799999594688416,33.69548426629275,79 78 88 8 55 56 99 23 83 93 0 26 119 7 124 100
grid,8,kiss_k,16,1.0,21,25.600001215934753,33.99334655448848,79 78 88 8 55 56 99 23 83 93 0 26 119 7 124 100
grid,8,kiss_k,16,0.1,22,26.399999856948853,34.175152265695715,103 31 97 14 86 66 98 10 55 4 83 105 19 0 15 74
grid,8,kiss_k,16,1.0,22,23.19999933242798,32.528581021073634,103 31 97 14 86 66 98 10 55 4 83 105 19 0 15 74
grid,8,kiss_k,16,0.1,23,23.999999463558197,34.02929429786429,81 72 66 7 31 105 83 32 76 45 29 97 62 80 99 119
grid,8,kiss_k,16,1.0,23,24.799999594688416,33.80455741388846,81 72 66 7 31 105 83 32 76 45 29 97 62 80 99 119
grid,8,kiss_k,16,0.1,24,27.20000147819519,35.94382914808496,28 87 102 37 97 42 118 31 20 2 96 86 41 22 79 75
grid,8,kiss_k,16,1.0,24,25.600001215934753,35.01216902684433,28 87 102 37 97 42 118 31 20 2 96 86 41 22 79 75
grid,8,kiss_k,16,0.1,25,26.399999856948853,35.54508164919966,112 114 1 81 65 59 16 49 25 119 97 10 124 102 22 39
grid,8,kiss_k,16,1.0,25,25.600001215934753,35.45285949941287,112 114 1 81 65 59 16 49 25 119 97 10 124 102 22 39
grid,8,kiss_k,16,0.1,26,23.19999933242798,32.839501628668444,63 74 15 77 35 64 104 123 23 115 99 34 122 71 58 18
grid,8,kiss_k,16,1.0,26,22.40000069141388,32.299623048513745,63 74 15 77 35 64 104 123 23 115 99 34 122 71 58 18
grid,8,kiss_k,16,0.1,27,23.999999463558197,32.46998198675377,122 108 35 56 81 77 88 105 44 36 98 31 40 112 101 90
grid,8,kiss_k,16,1.0,27,22.40000069141388,31.024517142302294,122 108 35 56 81 77 88 105 44 36 98 31 40 112 101 90
grid,8,kiss_k,16,0.1,28,23.999999463558197,32.95209473153633,41 123 114 4 29 56 110 69 20 26 35 98 124 50 107 25
grid,8,kiss_k,16,1.0,28,24.799999594688416,33.45320765831295,41 123 114 4 29 56 110 69 20 26 35 98 124 50 107 25
grid,8,kiss_k,16,0.1,29,25.600001215934753,34.528095620359416,8 16 65 57 26 2 52 22 110 78 9 62 49 63 77 18
grid,8,kiss_k,16,1.0,29,23.999999463558197,33.256110704142046,8 16 65 57 26 2 52 22 110 78 9 62 49 63 77 18
grid,8,kiss_k,32,0.1,0,24.799999594688416,33.06399270693179,51 28 80 35 8 5 48 32 17 113 34 50 116 94 3 91 79 1 7 106 124 22 31 44 90 52 85 40 2 55 108 10
grid,8,kiss_k,32,1.0,0,25.600001215934753,33.18213039576514,51 28 80 35 8 5 48 32 17 113 34 50 116 94 3 91 79 1 7 106 124 22 31 44 90 52 85 40 2 55 108 10
grid,8,kiss_k,32,0.1,1,28.00000011920929,35.89931302014063,63 56 53 30 28 89 106 82 113 110 16 92 95 86 97 54 39 90 108 43 96 55 48 40 61 27 46 117 100 73 119 25
grid,8,kiss_k,32,1.0,1,26.399999856948853,34.83266348112274,63 56 53 30 28 89 106 82 113 110 16 92 95 86 97 54 39 90 108 43 96 55 48 40 61 27 46 117 100 73 119 25
grid,8,kiss_k,32,0.1,2,25.600001215934753,34.775899969388064,110 95 99 37 20 64 92 59 68 34 115 113 41 72 52 29 45 69 3 58 61 101 31 77 22 57 116 0 21 81 27 119
grid,8,kiss_k,32,1.0,2,23.999999463558197,33.688973601108984,110 95 99 37 20 64 92 59 68 34 115 113 41 72 52 29 45 69 3 58 61 101 31 77 22 57 116 0 21 81 27 119
grid,8,kiss_k,32,0.1,3,26.399999856948853,34.48362333003636,33 43 12 50 28 116 59 95 53 63 114 96 46 0 34 91 55 72 90 38 80 108 69 49 19 120 104 81 9 27 87 62
grid,8,kiss_k,32,1.0,3,24.799999594688416,33.0848251206044,33 43 12 50 28 116 59 95 53 63 114 96 46 0 34 91 55 72 90 38 80 108 69 49 19 120 104 81 9 27 87 62
grid,8,kiss_k,32,0.1,4,24.799999594688416,34.010304098916826,97 13 46 18 67 9 29 34 86 37 1 124 123 68 47 92 30 85 121 32 40 108 89 79 45 84 44 33 31 56 41 62
grid,8,kiss_k,32,1.0,4,23.999999463558197,33.25166954896081,97 13 46 18 67 9 29 34 86 37 1 124 123 68 47 92 30 85 121 32 40 108 89 79 45 84 44 33 31 56 41 62
grid,8,kiss_k,32,0.1,5,28.00000011920929,36.34030884794368,121 59 20 3 64 124 26 87 110 95 56 33 78 16 49 45 92 48 52 102 82 123 38 85 18 10 117 101 50 24 81 51
grid,8,kiss_k,32,1.0,5,26.399999856948853,35.67486983978843,121 59 20 3 64 124 26 87 110 95 56 33 78 16 49 45 92 48 52 102 82 123 38 85 18 10 117 101 50 24 81 51
grid,8,kiss_k,32,0.1,6,24.799999594688416,33.815048886293035,91 69 44 84 4 48 18 103 53 17 99 123 73 30 27 56 80 14 122 34 89 0 108 92 75 37 35 29 11 77 67 74
grid,8,kiss_k,32,1.0,6,21.60000056028366,32.28272724274,91 69 44 84 4 48 18 103 53 17 99 123 73 30 27 56 80 14 122 34 89 0 108 92 75 37 35 29 11 77 67 74
grid,8,kiss_k,32,0.1,7,28.00000011920929,35.84138246754758,7 94 1 101 12 19 11 50 118 59 2 10 83 87 99 85 106 116 38 6 49 78 98 18 105 111 80 104 31 51 75 103
grid,8,kiss_k,32,1.0,7,25.600001215934753,33.71550740996484,7 94 1 101 12 19 11 50 118 59 2 10 83 87 99 85 106 116 38 6 49 78 98 18 105 111 80 104 31 51 75 103
grid,8,kiss_k,32,0.1,8,27.20000147819519,35.36347943546339,33 7 2 109 113 85 84 11 120 96 1 60 3 56 114 0 119 8 21 43 16 112 37 46 121 65 30 67 103 124 44 12
grid,8,kiss_k,32,1.0,8,26.399999856948853,35.0848194910256,33 7 2 109 113 85 84 11 120 96 1 60 3 56 114 0 119 8 21 43 16 112 37 46 121 65 30 67 103 124 44 12
grid,8,kiss_k,32,0.1,9,26.399999856948853,36.0152142554611,44 121 61 119 69 34 24 40 45 91 33 115 86 17 26 85 75 99 63 95 88 11 31 64 77 111 101 106 118 28 83 51
grid,8,kiss_k,32,1.0,9,27.20000147819519,36.54626065465079,44 121 61 119 69 34 24 40 45 91 33 115 86 17 26 85 75 99 63 95 88 11 31 64 77 111 101 106 118 28 83 51
grid,8,kiss_k,32,0.1,10,24.799999594688416,34.55228459175109,24 76 35 32 123 81 107 106 67 37 84 39 28 29 86 55 49 43 124 27 109 25 119 46 70 26 115 75 21 87 12 10
grid,8,kiss_k,32,1.0,10,25.600001215934753,34.89279023030486,24 76 35 32 123 81 107 106 67 37 84 39 28 29 86 55 49 43 124 27 109 25 119 46 70 26 115 75 21 87 12 10
grid,8,kiss_k,32,0.1,11,23.19999933242798,31.249229121516326,84 109 54 68 47 66 9 10 45 69 64 82 108 96 22 44 113 114 6 31 43 28 21 123 89 100 63 16 101 46 90 91
grid,8,kiss_k,32,1.0,11,23.19999933242798,30.676817374047825,84 109 54 68 47 66 9 10 45 69 64 82 108 96 22 44 113 114 6 31 43 28 21 123 89 100 63 16 101 46 90 91
grid,8,kiss_k,32,0.1,12,25.600001215934753,33.854842908256586,42 46 82 11 80 67 32 79 112 81 24 96 51 52 25 106 66 122 50 39 36 9 47 10 73 5 2 7 75 116 100 15
grid,8,kiss_k,32,1.0,12,26.399999856948853,34.47406725707409,42 46 82 11 80 67 32 79 112 81 24 96 51 52 25 106 66 122 50 39 36 9 47 10 73 5 2 7 75 116 100 15
grid,8,kiss_k,32,0.1,13,25.600001215934753,33.55482911166889,39 36 33 69 63 65 99 76 71 0 40 24 25 49 61 68 106 2 43 110 59 73 66 46 77 18 70 60 41 100 108 64
grid,8,kiss_k,32,1.0,13,23.999999463558197,32.383571504625536,39 36 33 69 63 65 99 76 71 0 40 24 25 49 61 68 106 2 43 110 59 73 66 46 77 18 70 60 41 100 108 64
grid,8,kiss_k,32,0.1,14,27.20000147819519,35.31677038026681,35 34 41 20 90 62 6 14 3 94 69 89 57 8 48 7 27 2 111 107 124 51 26 25 97 113 60 81 117 87 28 91
grid,8,kiss_k,32,1.0,14,24.799999594688416,33.895293090863724,35 34 41 20 90 62 6 14 3 94 69 89 57 8 48 7 27 2 111 107 124 51 26 25 97 113 60 81 117 87 28 91
grid,8,kiss_k,32,0.1,15,27.20000147819519,34.43662286846059,33 18 113 41 89 47 59 105 58 120 91 11 19 23 17 40 31 48 43 49 8 92 94 1 30 42 0 52 100 6 25 109
grid,8,kiss_k,32,1.0,15,25.600001215934753,33.93277212027381,33 18 113 41 89 47 59 105 58 120 91 11 19 23 17 40 31 48 43 49 8 92 94 1 30 42 0 52 100 6 25 109
grid,8,kiss_k,32,0.1,16,24.799999594688416,33.71240086091684,100 115 69 76 28 62 112 50 53 81 39 97 57 103 44 105 93 15 37 47 72 63 88 66 108 49 36 40 10 45 124 110
grid,8,kiss_k,32,1.0,16,23.999999463558197,32.85848582265471,100 115 69 76 28 62 112 50 53 81 39 97 57 103 44 105 93 15 37 47 72 63 88 66 108 49 36 40 10 45 124 110
grid,8,kiss_k,32,0.1,17,25.600001215934753,33.49796415559585,41 26 11 14 29 42 45 124 66 30 79 15 64 7 122 98 123 25 34 31 28 81 38 85 106 21 67 39 22 105 119 88
grid,8,kiss_k,32,1.0,17,23.19999933242798,32.486714098574936,41 26 11 14 29 42 45 124 66 30 79 15 64 7 122 98 123 25 34 31 28 81 38 85 106 21 67 39 22 105 119 88
grid,8,kiss_k,32,0.1,18,28.00000011920929,36.01190590081251,82 48 31 14 114 35 7 81 100 57 69 72 23 37 94 122 99 73 6 95 106 119 16 105 0 52 115 8 10 121 91 107
grid,8,kiss_k,32,1.0,18,27.20000147819519,35.71575755798741,82 48 31 14 114 35 7 81 100 57 69 72 23 37 94 122 99 73 6 95 106 119 16 105 0 52 115 8 10 121 91 107
grid,8,kiss_k,32,0.1,19,27.20000147819519,35.67180826592698,75 13 72 21 38 56 110 98 122 45 84 114 67 108 28 49 63 78 22 95 91 89 99 54 48 81 69 7 116 62 26 106
grid,8,kiss_k,32,1.0,19,24.799999594688416,34.37108483721199,75 13 72 21 38 56 110 98 122 45 84 114 67 108 28 49 63 78 22 95 91 89 99 54 48 81 69 7 116 62 26 106
grid,8,kiss_k,32,0.1,20,26.399999856948853,34.5814236960304,49 110 94 118 105 46 30 111 117 12 60 24 122 64 123 103 10 19 34 90 62 97 93 63 89 101 33 16 76 32 37 99
grid,8,kiss_k,32,1.0,20,24.799999594688416,33.463545620350466,49 110 94 118 105 46 30 111 117 12 60 24 122 64 123 103 10 19 34 90 62 97 93 63 89 101 33 16 76 32 37 99
grid,8,kiss_k,32,0.1,21,28.00000011920929,35.62558715269588,105 60 114 50 63 98 24 14 85 42 55 94 115 48 104 74 28 47 91 90 123 43 23 26 62 109 100 15 56 27 92 33
grid,8,kiss_k,32,1.0,21,26.399999856948853,34.455583562754555,105 60 114 50 63 98 24 14 85 42 55 94 115 48 104 74 28 47 91 90 123 43 23 26 62 109 100 15 56 27 92 33
grid,8,kiss_k,32,0.1,22,28.79999876022339,36.8971785558344,62 114 115 3 77 7 36 80 56 75 119 106 92 0 13 45 37 19 93 31 51 103 87 91 25 28 33 72 55 14 20 122
grid,8,kiss_k,32,1.0,22,28.79999876022339,36.711629125410745,62 114 115 3 77 7 36 80 56 75 119 106 92 0 13 45 37 19 93 31 51 103 87 91 25 28 33 72 55 14 20 122
grid,8,kiss_k,32,0.1,23,27.20000147819519,35.94009861208528,95 18 11 37 104 94 74 25 87 62 22 78 47 76 45 13 1 122 21 60 70 27 10 72 28 49 50 77 64 23 97 96
grid,8,kiss_k,32,1.0,23,27.20000147819519,35.519314312490465,95 18 11 37 104 94 74 25 87 62 22 78 47 76 45 13 1 122 21 60 70 27 10 72 28 49 50 77 64 23 97 96
grid,8,kiss_k,32,0.1,24,24.799999594688416,35.51287429712146,86 123 6 66 117 69 99 52 81 58 10 72 110 1 41 68 116 17 13 64 48 80 28 88 97 113 87 90 124 50 122 89
grid,8,kiss_k,32,1.0,24,23.999999463558197,34.68647945886204,86 123 6 66 117 69 99 52 81 58 10 72 110 1 41 68 116 17 13 64 48 80 28 88 97 113 87 90 124 50 122 89
grid,8,kiss_k,32,0.1,25,22.40000069141388,32.24913706834279,36 59 58 94 73 2 89 8 76 43 10 82 50 51 7 9 116 108 91 12 99 29 81 21 110 86 66 52 39 105 33 123
grid,8,kiss_k,32,1.0,25,22.40000069141388,32.06570375287677,36 59 58 94 73 2 89 8 76 43 10 82 50 51 7 9 116 108 91 12 99 29 81 21 110 86 66 52 39 105 33 123
grid,8,kiss_k,32,0.1,26,23.999999463558197,33.32096724282735,111 76 22 52 121 71 68 62 114 28 6 2 69 44 123 9 4 10 110 48 1 63 67 40 80 99 0 87 85 41 96 89
grid,8,kiss_k,32,1.0,26,23.19999933242798,33.35280071358465,111 76 22 52 121 71 68 62 114 28 6 2 69 44 123 9 4 10 110 48 1 63 67 40 80 99 0 87 85 41 96 89
grid,8,kiss_k,32,0.1,27,26.399999856948853,34.96144713988519,1 2 113 60 46 114 90 68 17 104 61 16 71 96 18 92 75 121 117 29 65 3 56 93 48 28 97 112 39 47 37 32
grid,8,kiss_k,32,1.0,27,24.799999594688416,34.08087665099193,1 2 113 60 46 114 90 68 17 104 61 16 71 96 18 92 75 121 117 29 65 3 56 93 48 28 97 112 39 47 37 32
grid,8,kiss_k,32,0.1,28,25.600001215934753,33.02899024496262,35 40 112 22 6 57 47 9 96 56 21 83 1 58 99 84 51 72 95 110 104 4 39 115 101 11 3 46 32 42 26 117
grid,8,kiss_k,32,1.0,28,24.799999594688416,33.31245488444729,35 40 112 22 6 57 47 9 96 56 21 83 1 58 99 84 51 72 95 110 104 4 39 115 101 11 3 46 32 42 26 117
grid,8,kiss_k,32,0.1,29,28.00000011920929,36.107740385378136,94 25 102 20 115 28 76 13 77 78 107 74 80 30 44 18 45 5 84 100 32 37 89 66 54 121 34 57 38 71 27 97
grid,8,kiss_k,32,1.0,29,26.399999856948853,35.19562823201088,94 25 102 20 115 28 76 13 77 78 107 74 80 30 44 18 45 5 84 100 32 37 89 66 54 121 34 57 38 71 27 97
grid,9,raw,0,-1,-1,30.399999022483826,38.20146871502174,
grid,9,center,0,-1,-1,30.399999022483826,38.20146871502174,
grid,9,unlab,0,0.1,-1,28.79999876022339,36.93649647289662,
grid,9,kiss_all,125,0.1,-1,30.399999022483826,39.604105096509535,
grid,9,unlab,0,1.0,-1,29.600000381469727,37.024612979198494,
grid,9,kiss_all,125,1.0,-1,32.8000009059906,41.213406586262664,
grid,9,kiss_k,2,0.1,0,30.399999022483826,38.347053011471175,107 69
grid,9,kiss_k,2,1.0,0,29.600000381469727,37.38745144362511,107 69
grid,9,kiss_k,2,0.1,1,29.600000381469727,37.56514727920429,4 14
grid,9,kiss_k,2,1.0,1,30.399999022483826,37.54000726281214,4 14
grid,9,kiss_k,2,0.1,2,29.600000381469727,38.404640652352526,62 82
grid,9,kiss_k,2,1.0,2,31.200000643730164,38.64879361335877,62 82
grid,9,kiss_k,2,0.1,3,30.399999022483826,38.171029218954594,40 56
grid,9,kiss_k,2,1.0,3,29.600000381469727,36.975498742357765,40 56
grid,9,kiss_k,2,0.1,4,30.399999022483826,37.9081157313386,16 78
grid,9,kiss_k,2,1.0,4,28.79999876022339,36.498591314633366,16 78
grid,9,kiss_k,2,0.1,5,28.00000011920929,36.41561245572803,47 72
grid,9,kiss_k,2,1.0,5,30.399999022483826,37.335977128744304,47 72
grid,9,kiss_k,2,0.1,6,31.200000643730164,38.863174972148094,109 99
grid,9,kiss_k,2,1.0,6,30.399999022483826,38.00599184898706,109 99
grid,9,kiss_k,2,0.1,7,31.200000643730164,38.50141484914843,90 81
grid,9,kiss_k,2,1.0,7,29.600000381469727,37.35319478604983,90 81
grid,9,kiss_k,2,0.1,8,28.00000011920929,36.69778342679889,74 88
grid,9,kiss_k,2,1.0,8,28.00000011920929,35.61399852762594,74 88
grid,9,kiss_k,2,0.1,9,27.20000147819519,36.13583328514993,1 20
grid,9,kiss_k,2,1.0,9,28.00000011920929,36.063859118968374,1 20
grid,9,kiss_k,2,0.1,10,31.200000643730164,38.87782134089051,69 27
grid,9,kiss_k,2,1.0,10,29.600000381469727,37.581464363144704,69 27
grid,9,kiss_k,2,0.1,11,28.79999876022339,37.4261570081083,82 104
grid,9,kiss_k,2,1.0,11,28.79999876022339,37.28001774167938,82 104
grid,9,kiss_k,2,0.1,12,31.200000643730164,38.7475594939758,71 14
grid,9,kiss_k,2,1.0,12,29.600000381469727,37.64559929912327,71 14
grid,9,kiss_k,2,0.1,13,29.600000381469727,38.45726770739587,5 82
grid,9,kiss_k,2,1.0,13,29.600000381469727,37.894070367143854,5 82
grid,9,kiss_k,2,0.1,14,31.200000643730164,38.80048384204437,22 52
grid,9,kiss_k,2,1.0,14,31.200000643730164,38.1219860778996,22 52
grid,9,kiss_k,2,0.1,15,28.79999876022339,36.77273002802524,15 16
grid,9,kiss_k,2,1.0,15,28.79999876022339,36.33605845354563,15 16
grid,9,kiss_k,2,0.1,16,25.600001215934753,35.16941464909218,105 114
grid,9,kiss_k,2,1.0,16,28.00000011920929,35.70442248321885,105 114
grid,9,kiss_k,2,0.1,17,31.200000643730164,39.507047158985685,10 82
grid,9,kiss_k,2,1.0,17,32.8000009059906,39.58462680134648,10 82
grid,9,kiss_k,2,0.1,18,29.600000381469727,38.07182024026204,82 6
grid,9,kiss_k,2,1.0,18,31.999999284744263,38.911587402207466,82 6
grid,9,kiss_k,2,0.1,19,28.00000011920929,36.55767873321174,13 8
grid,9,kiss_k,2,1.0,19,29.600000381469727,37.1097115446218,13 8
grid,9,kiss_k,2,0.1,20,27.20000147819519,36.040132172095426,115 14
grid,9,kiss_k,2,1.0,20,27.20000147819519,35.56510336041777,115 14
grid,9,kiss_k,2,0.1,21,28.00000011920929,36.67132537462648,120 86
grid,9,kiss_k,2,1.0,21,28.00000011920929,36.259337690829256,120 86
grid,9,kiss_k,2,0.1,22,30.399999022483826,39.1173293155503,6 102
grid,9,kiss_k,2,1.0,22,28.79999876022339,37.298996456131036,6 102
grid,9,kiss_k,2,0.1,23,31.200000643730164,38.15850197891481,3 110
grid,9,kiss_k,2,1.0,23,29.600000381469727,37.15937011096588,3 110
grid,9,kiss_k,2,0.1,24,30.399999022483826,38.13270862750952,27 92
grid,9,kiss_k,2,1.0,24,31.999999284744263,38.628829832441674,27 92
grid,9,kiss_k,2,0.1,25,28.79999876022339,37.34373827650889,20 10
grid,9,kiss_k,2,1.0,25,31.200000643730164,37.72627330017311,20 10
grid,9,kiss_k,2,0.1,26,28.00000011920929,36.45840035535179,97 44
grid,9,kiss_k,2,1.0,26,29.600000381469727,36.576071463358254,97 44
grid,9,kiss_k,2,0.1,27,29.600000381469727,37.742706287321454,20 122
grid,9,kiss_k,2,1.0,27,26.399999856948853,35.68518714758843,20 122
grid,9,kiss_k,2,0.1,28,30.399999022483826,38.10271469588338,83 103
grid,9,kiss_k,2,1.0,28,28.00000011920929,36.07567986180227,83 103
grid,9,kiss_k,2,0.1,29,28.79999876022339,36.8190718136752,80 97
grid,9,kiss_k,2,1.0,29,28.79999876022339,36.392602947973614,80 97
grid,9,kiss_k,4,0.1,0,28.79999876022339,37.432980579809225,83 121 64 111
grid,9,kiss_k,4,1.0,0,27.20000147819519,35.95246322285948,83 121 64 111
grid,9,kiss_k,4,0.1,1,27.20000147819519,36.06395728883456,115 88 96 40
grid,9,kiss_k,4,1.0,1,29.600000381469727,36.39895835360631,115 88 96 40
grid,9,kiss_k,4,0.1,2,28.79999876022339,37.648039187349696,59 81 7 122
grid,9,kiss_k,4,1.0,2,29.600000381469727,37.17809614250172,59 81 7 122
grid,9,kiss_k,4,0.1,3,30.399999022483826,38.965837831080876,12 67 27 16
grid,9,kiss_k,4,1.0,3,29.600000381469727,37.74236161090837,12 67 27 16
grid,9,kiss_k,4,0.1,4,29.600000381469727,38.370410870297434,62 115 122 38
grid,9,kiss_k,4,1.0,4,28.00000011920929,36.60245797351099,62 115 122 38
grid,9,kiss_k,4,0.1,5,29.600000381469727,37.911058960587745,19 24 49 38
grid,9,kiss_k,4,1.0,5,29.600000381469727,37.187080368876245,19 24 49 38
grid,9,kiss_k,4,0.1,6,28.00000011920929,37.154753528821566,117 81 119 123
grid,9,kiss_k,4,1.0,6,28.79999876022339,37.065326013484004,117 81 119 123
grid,9,kiss_k,4,0.1,7,28.00000011920929,37.12352573009582,83 86 110 112
grid,9,kiss_k,4,1.0,7,28.79999876022339,36.70406180053353,83 86 110 112
grid,9,kiss_k,4,0.1,8,32.8000009059906,39.70714202586423,22 92 124 42
grid,9,kiss_k,4,1.0,8,32.8000009059906,39.69121872633065,22 92 124 42
grid,9,kiss_k,4,0.1,9,30.399999022483826,38.15262141915824,95 19 71 73
grid,9,kiss_k,4,1.0,9,27.20000147819519,35.93039425101075,95 19 71 73
grid,9,kiss_k,4,0.1,10,28.00000011920929,36.8549634415079,58 97 109 80
grid,9,kiss_k,4,1.0,10,27.20000147819519,35.57632290897568,58 97 109 80
grid,9,kiss_k,4,0.1,11,30.399999022483826,38.39152725828686,41 49 64 29
grid,9,kiss_k,4,1.0,11,29.600000381469727,37.634861627910176,41 49 64 29
grid,9,kiss_k,4,0.1,12,31.200000643730164,39.546473213021365,90 120 59 27
grid,9,kiss_k,4,1.0,12,31.200000643730164,38.37190419933733,90 120 59 27
grid,9,kiss_k,4,0.1,13,28.79999876022339,37.55985261651297,84 54 116 123
grid,9,kiss_k,4,1.0,13,28.00000011920929,36.49814238636839,84 54 116 123
grid,9,kiss_k,4,0.1,14,26.399999856948853,35.59756598374053,60 18 2 24
grid,9,kiss_k,4,1.0,14,27.20000147819519,35.489105749437506,60 18 2 24
grid,9,kiss_k,4,0.1,15,28.00000011920929,37.439883468463506,30 70 5 117
grid,9,kiss_k,4,1.0,15,28.00000011920929,36.37687216756954,30 70 5 117
grid,9,kiss_k,4,0.1,16,30.399999022483826,38.094810203646745,73 54 8 56
grid,9,kiss_k,4,1.0,16,29.600000381469727,37.45074237397035,73 54 8 56
grid,9,kiss_k,4,0.1,17,30.399999022483826,37.74993731008175,87 47 8 117
grid,9,kiss_k,4,1.0,17,28.00000011920929,35.932655887164124,87 47 8 117
grid,9,kiss_k,4,0.1,18,29.600000381469727,37.9238410939952,115 23 94 124
grid,9,kiss_k,4,1.0,18,28.79999876022339,36.59097045292079,115 23 94 124
grid,9,kiss_k,4,0.1,19,30.399999022483826,38.484919935883184,56 12 52 118
grid,9,kiss_k,4,1.0,19,31.200000643730164,38.14019867950999,56 12 52 118
grid,9,kiss_k,4,0.1,20,31.200000643730164,39.652534348179536,42 66 110 35
grid,9,kiss_k,4,1.0,20,31.200000643730164,39.294936538491115,42 66 110 35
grid,9,kiss_k,4,0.1,21,28.00000011920929,36.37201277940129,46 99 115 83
grid,9,kiss_k,4,1.0,21,28.79999876022339,36.53752828027674,46 99 115 83
grid,9,kiss_k,4,0.1,22,30.399999022483826,38.23712536337298,22 1 61 35
grid,9,kiss_k,4,1.0,22,29.600000381469727,37.502072540495405,22 1 61 35
grid,9,kiss_k,4,0.1,23,28.79999876022339,37.33842002701455,100 26 69 4
grid,9,kiss_k,4,1.0,23,28.00000011920929,36.40784197821898,100 26 69 4
grid,9,kiss_k,4,0.1,24,29.600000381469727,37.750590037098,6 54 83 72
grid,9,kiss_k,4,1.0,24,29.600000381469727,37.264981256998944,6 54 83 72
grid,9,kiss_k,4,0.1,25,30.399999022483826,39.01921539669143,113 4 60 66
grid,9,kiss_k,4,1.0,25,31.200000643730164,38.96442616596257,113 4 60 66
grid,9,kiss_k,4,0.1,26,30.399999022483826,38.231055588896325,97 60 32 30
grid,9,kiss_k,4,1.0,26,28.00000011920929,36.19981081661162,97 60 32 30
grid,9,kiss_k,4,0.1,27,28.79999876022339,36.70902148176537,39 86 45 23
grid,9,kiss_k,4,1.0,27,30.399999022483826,37.308182003125324,39 86 45 23
grid,9,kiss_k,4,0.1,28,28.79999876022339,37.325130411541416,57 74 103 76
grid,9,kiss_k,4,1.0,28,28.00000011920929,36.438727173526935,57 74 103 76
grid,9,kiss_k,4,0.1,29,35.19999980926514,41.60504349507782,66 102 39 44
grid,9,kiss_k,4,1.0,29,31.200000643730164,39.20800878502453,66 102 39 44
grid,9,kiss_k,8,0.1,0,29.600000381469727,38.91811363019517,124 65 21 37 27 103 122 112
grid,9,kiss_k,8,1.0,0,28.00000011920929,37.52239787401279,124 65 21 37 27 103 122 112
grid,9,kiss_k,8,0.1,1,28.00000011920929,37.42187441454163,48 50 9 103 57 60 113 29
grid,9,kiss_k,8,1.0,1,23.999999463558197,34.44667588182542,48 50 9 103 57 60 113 29
grid,9,kiss_k,8,0.1,2,27.20000147819519,36.71706796903846,94 89 107 12 49 61 85 109
grid,9,kiss_k,8,1.0,2,24.799999594688416,35.20414369379311,94 89 107 12 49 61 85 109
grid,9,kiss_k,8,0.1,3,28.79999876022339,37.84463295886768,54 107 61 14 40 100 47 98
grid,9,kiss_k,8,1.0,3,28.00000011920929,36.55773998237561,54 107 61 14 40 100 47 98
grid,9,kiss_k,8,0.1,4,32.8000009059906,39.89997684660313,36 116 3 108 75 117 51 34
grid,9,kiss_k,8,1.0,4,32.8000009059906,39.69275763599781,36 116 3 108 75 117 51 34
grid,9,kiss_k,8,0.1,5,30.399999022483826,38.34397345611107,17 76 91 120 101 81 6 64
grid,9,kiss_k,8,1.0,5,29.600000381469727,37.38997365952042,17 76 91 120 101 81 6 64
grid,9,kiss_k,8,0.1,6,31.999999284744263,39.62611711786607,91 10 53 104 120 37 71 82
grid,9,kiss_k,8,1.0,6,30.399999022483826,38.610189924690346,91 10 53 104 120 37 71 82
grid,9,kiss_k,8,0.1,7,28.79999876022339,35.91161263807735,59 85 90 83 92 97 6 95
grid,9,kiss_k,8,1.0,7,26.399999856948853,34.61632335136967,59 85 90 83 92 97 6 95
grid,9,kiss_k,8,0.1,8,30.399999022483826,38.73194845643765,103 58 75 33 88 102 53 8
grid,9,kiss_k,8,1.0,8,28.79999876022339,37.12378161709946,103 58 75 33 88 102 53 8
grid,9,kiss_k,8,0.1,9,30.399999022483826,38.46297214243793,38 25 117 98 21 82 3 23
grid,9,kiss_k,8,1.0,9,31.200000643730164,38.529706527415115,38 25 117 98 21 82 3 23
grid,9,kiss_k,8,0.1,10,31.200000643730164,38.57079662074168,23 118 74 47 109 11 62 59
grid,9,kiss_k,8,1.0,10,30.399999022483826,37.8619980266969,23 118 74 47 109 11 62 59
grid,9,kiss_k,8,0.1,11,28.79999876022339,36.86032878301124,23 114 116 81 17 53 5 20
grid,9,kiss_k,8,1.0,11,29.600000381469727,37.15750579175967,23 114 116 81 17 53 5 20
grid,9,kiss_k,8,0.1,12,30.399999022483826,38.26172255049103,10 59 49 5 41 94 106 43
grid,9,kiss_k,8,1.0,12,28.79999876022339,37.369327053396674,10 59 49 5 41 94 106 43
grid,9,kiss_k,8,0.1,13,29.600000381469727,37.69466864102114,107 71 14 113 36 83 33 92
grid,9,kiss_k,8,1.0,13,30.399999022483826,38.02743380351255,107 71 14 113 36 83 33 92
grid,9,kiss_k,8,0.1,14,28.79999876022339,37.64666685226515,89 2 12 52 103 41 85 25
grid,9,kiss_k,8,1.0,14,27.20000147819519,36.3282716540051,89 2 12 52 103 41 85 25
grid,9,kiss_k,8,0.1,15,28.00000011920929,38.68410056916455,116 38 113 109 120 122 66 25
grid,9,kiss_k,8,1.0,15,28.79999876022339,38.765831163094674,116 38 113 109 120 122 66 25
grid,9,kiss_k,8,0.1,16,28.79999876022339,37.43792970798085,38 3 7 14 57 29 27 85
grid,9,kiss_k,8,1.0,16,26.399999856948853,35.60328381304878,38 3 7 14 57 29 27 85
grid,9,kiss_k,8,0.1,17,33.5999995470047,39.9166870073249,94 28 11 103 68 118 86 91
grid,9,kiss_k,8,1.0,17,31.200000643730164,38.509483273763415,94 28 11 103 68 118 86 91
grid,9,kiss_k,8,0.1,18,30.399999022483826,39.264916308514344,51 68 25 96 67 40 79 6
grid,9,kiss_k,8,1.0,18,31.200000643730164,39.58246973886232,51 68 25 96 67 40 79 6
grid,9,kiss_k,8,0.1,19,33.5999995470047,40.64276484731945,43 45 31 66 8 51 33 28
grid,9,kiss_k,8,1.0,19,32.8000009059906,40.436604153496226,43 45 31 66 8 51 33 28
grid,9,kiss_k,8,0.1,20,28.79999876022339,38.452571930239245,105 119 109 77 90 34 91 32
grid,9,kiss_k,8,1.0,20,29.600000381469727,38.18064580355557,105 119 109 77 90 34 91 32
grid,9,kiss_k,8,0.1,21,28.79999876022339,38.26140945918865,32 50 16 20 8 112 56 68
grid,9,kiss_k,8,1.0,21,28.79999876022339,37.27305993265309,32 50 16 20 8 112 56 68
grid,9,kiss_k,8,0.1,22,32.8000009059906,39.9281691968779,11 10 103 61 31 59 1 71
grid,9,kiss_k,8,1.0,22,31.200000643730164,38.905365463918514,11 10 103 61 31 59 1 71
grid,9,kiss_k,8,0.1,23,29.600000381469727,38.52709111708016,101 97 27 78 40 41 82 114
grid,9,kiss_k,8,1.0,23,29.600000381469727,38.07701548930212,101 97 27 78 40 41 82 114
grid,9,kiss_k,8,0.1,24,28.79999876022339,37.07475992233098,17 65 31 124 60 92 105 78
grid,9,kiss_k,8,1.0,24,29.600000381469727,37.05114168539338,17 65 31 124 60 92 105 78
grid,9,kiss_k,8,0.1,25,28.79999876022339,36.551062287194846,76 70 67 124 58 26 73 95
grid,9,kiss_k,8,1.0,25,26.399999856948853,34.9776620039679,76 70 67 124 58 26 73 95
grid,9,kiss_k,8,0.1,26,30.399999022483826,38.17832327386599,44 35 69 41 58 123 8 38
grid,9,kiss_k,8,1.0,26,27.20000147819519,36.10855272504088,44 35 69 41 58 123 8 38
grid,9,kiss_k,8,0.1,27,28.00000011920929,35.656420391276676,24 23 14 31 118 98 46 116
grid,9,kiss_k,8,1.0,27,29.600000381469727,36.387466217507594,24 23 14 31 118 98 46 116
grid,9,kiss_k,8,0.1,28,30.399999022483826,38.637952600930205,29 72 116 68 67 22 103 6
grid,9,kiss_k,8,1.0,28,30.399999022483826,38.077017282315175,29 72 116 68 67 22 103 6
grid,9,kiss_k,8,0.1,29,29.600000381469727,38.66723070691943,123 89 20 34 62 107 63 56
grid,9,kiss_k,8,1.0,29,30.399999022483826,39.02403467955311,123 89 20 34 62 107 63 56
grid,9,kiss_k,16,0.1,0,32.8000009059906,40.383368035490655,9 87 2 62 79 88 90 19 49 23 36 25 15 73 10 8
grid,9,kiss_k,16,1.0,0,32.8000009059906,39.79117799525431,9 87 2 62 79 88 90 19 49 23 36 25 15 73 10 8
grid,9,kiss_k,16,0.1,1,33.5999995470047,40.89827068383322,92 0 105 8 53 74 122 63 28 4 95 41 97 117 7 11
grid,9,kiss_k,16,1.0,1,31.999999284744263,39.71239310069423,92 0 105 8 53 74 122 63 28 4 95 41 97 117 7 11
grid,9,kiss_k,16,0.1,2,29.600000381469727,38.72819157728069,51 120 87 89 78 94 35 7 63 69 55 24 8 6 43 33
grid,9,kiss_k,16,1.0,2,31.200000643730164,39.375928299051324,51 120 87 89 78 94 35 7 63 69 55 24 8 6 43 33
grid,9,kiss_k,16,0.1,3,30.399999022483826,38.63120141030814,18 67 11 81 65 100 119 107 103 92 87 71 5 120 34 29
grid,9,kiss_k,16,1.0,3,29.600000381469727,38.03164890388453,18 67 11 81 65 100 119 107 103 92 87 71 5 120 34 29
grid,9,kiss_k,16,0.1,4,27.20000147819519,35.97580956819337,100 14 98 30 112 110 33 24 70 120 67 29 18 118 37 60
grid,9,kiss_k,16,1.0,4,28.00000011920929,36.215401146151514,100 14 98 30 112 110 33 24 70 120 67 29 18 118 37 60
grid,9,kiss_k,16,0.1,5,29.600000381469727,38.78980197352709,124 4 40 76 46 26 39 84 11 71 77 97 16 119 82 5
grid,9,kiss_k,16,1.0,5,31.200000643730164,39.70409672443822,124 4 40 76 46 26 39 84 11 71 77 97 16 119 82 5
grid,9,kiss_k,16,0.1,6,32.8000009059906,40.662388882552165,83 62 35 45 109 121 8 116 17 110 28 115 77 102 5 78
grid,9,kiss_k,16,1.0,6,31.200000643730164,39.507557353338896,83 62 35 45 109 121 8 116 17 110 28 115 77 102 5 78
grid,9,kiss_k,16,0.1,7,28.79999876022339,37.42559014355467,66 118 38 71 75 79 40 101 112 97 69 87 114 84 55 113
grid,9,kiss_k,16,1.0,7,28.00000011920929,36.90252607709662,66 118 38 71 75 79 40 101 112 97 69 87 114 84 55 113
grid,9,kiss_k,16,0.1,8,32.8000009059906,39.99142112488721,20 28 103 27 64 31 108 34 89 11 3 14 91 60 59 83
grid,9,kiss_k,16,1.0,8,31.200000643730164,38.61959473768357,20 28 103 27 64 31 108 34 89 11 3 14 91 60 59 83
grid,9,kiss_k,16,0.1,9,28.00000011920929,35.516926014385284,38 95 23 7 49 6 16 86 114 91 19 74 70 100 106 109
grid,9,kiss_k,16,1.0,9,28.00000011920929,35.03048706084039,38 95 23 7 49 6 16 86 114 91 19 74 70 100 106 109
grid,9,kiss_k,16,0.1,10,30.399999022483826,38.12162930411343,3 10 97 120 5 50 69 6 85 116 40 56 88 34 67 90
grid,9,kiss_k,16,1.0,10,30.399999022483826,37.38456416735741,3 10 97 120 5 50 69 6 85 116 40 56 88 34 67 90
grid,9,kiss_k,16,0.1,11,30.399999022483826,38.9635404077507,79 78 88 8 55 56 99 23 83 93 0 26 119 7 124 100
grid,9,kiss_k,16,1.0,11,28.79999876022339,38.07817129662953,79 78 88 8 55 56 99 23 83 93 0 26 119 7 124 100
grid,9,kiss_k,16,0.1,12,31.200000643730164,38.88301343775596,103 31 97 14 86 66 98 10 55 4 83 105 19 0 15 74
grid,9,kiss_k,16,1.0,12,28.79999876022339,37.37270015883256,103 31 97 14 86 66 98 10 55 4 83 105 19 0 15 74
grid,9,kiss_k,16,0.1,13,29.600000381469727,38.61038243048678,81 72 66 7 31 105 83 32 76 45 29 97 62 80 99 119
grid,9,kiss_k,16,1.0,13,27.20000147819519,37.161754430742164,81 72 66 7 31 105 83 32 76 45 29 97 62 80 99 119
grid,9,kiss_k,16,0.1,14,36.000001430511475,42.18997902935128,28 87 102 37 97 42 118 31 20 2 96 86 41 22 79 75
grid,9,kiss_k,16,1.0,14,36.000001430511475,42.05816958399243,28 87 102 37 97 42 118 31 20 2 96 86 41 22 79 75
grid,9,kiss_k,16,0.1,15,31.200000643730164,39.51222071126424,112 114 1 81 65 59 16 49 25 119 97 10 124 102 22 39
grid,9,kiss_k,16,1.0,15,31.999999284744263,39.942704935656664,112 114 1 81 65 59 16 49 25 119 97 10 124 102 22 39
grid,9,kiss_k,16,0.1,16,30.399999022483826,39.40949741301466,63 74 15 77 35 64 104 123 23 115 99 34 122 71 58 18
grid,9,kiss_k,16,1.0,16,30.399999022483826,38.81974345027305,63 74 15 77 35 64 104 123 23 115 99 34 122 71 58 18
grid,9,kiss_k,16,0.1,17,28.79999876022339,38.14549082184262,122 108 35 56 81 77 88 105 44 36 98 31 40 112 101 90
grid,9,kiss_k,16,1.0,17,28.79999876022339,37.56822195997956,122 108 35 56 81 77 88 105 44 36 98 31 40 112 101 90
grid,9,kiss_k,16,0.1,18,29.600000381469727,38.52840173728009,41 123 114 4 29 56 110 69 20 26 35 98 124 50 107 25
grid,9,kiss_k,16,1.0,18,29.600000381469727,38.107956719450414,41 123 114 4 29 56 110 69 20 26 35 98 124 50 107 25
grid,9,kiss_k,16,0.1,19,28.79999876022339,38.462704610692974,8 16 65 57 26 2 52 22 110 78 9 62 49 63 77 18
grid,9,kiss_k,16,1.0,19,28.79999876022339,38.329518455449886,8 16 65 57 26 2 52 22 110 78 9 62 49 63 77 18
grid,9,kiss_k,16,0.1,20,29.600000381469727,37.83340641496296,19 11 95 67 73 120 33 26 111 48 88 42 52 60 23 117
grid,9,kiss_k,16,1.0,20,28.79999876022339,37.19552270014702,19 11 95 67 73 120 33 26 111 48 88 42 52 60 23 117
grid,9,kiss_k,16,0.1,21,31.999999284744263,39.41631274900615,98 21 79 120 36 53 11 42 67 91 28 65 82 92 2 20
grid,9,kiss_k,16,1.0,21,31.999999284744263,39.09607923574524,98 21 79 120 36 53 11 42 67 91 28 65 82 92 2 20
grid,9,kiss_k,16,0.1,22,27.20000147819519,36.82904446991865,23 95 41 3 48 91 46 102 31 110 66 68 117 19 8 47
grid,9,kiss_k,16,1.0,22,29.600000381469727,37.83640198533797,23 95 41 3 48 91 46 102 31 110 66 68 117 19 8 47
grid,9,kiss_k,16,0.1,23,31.200000643730164,39.52974513353666,79 63 99 23 111 51 81 48 83 6 76 16 24 33 46 96
grid,9,kiss_k,16,1.0,23,32.8000009059906,40.5575091834367,79 63 99 23 111 51 81 48 83 6 76 16 24 33 46 96
grid,9,kiss_k,16,0.1,24,30.399999022483826,38.333526344931904,65 111 93 79 71 97 104 58 34 29 10 117 62 13 94 101
grid,9,kiss_k,16,1.0,24,28.00000011920929,36.792964280859316,65 111 93 79 71 97 104 58 34 29 10 117 62 13 94 101
grid,9,kiss_k,16,0.1,25,30.399999022483826,39.77545075675168,62 96 65 3 46 9 100 124 7 120 108 55 32 109 87 6
grid,9,kiss_k,16,1.0,25,30.399999022483826,39.36304789215856,62 96 65 3 46 9 100 124 7 120 108 55 32 109 87 6
grid,9,kiss_k,16,0.1,26,28.00000011920929,37.088353703349895,90 2 119 93 124 95 68 46 36 25 106 84 13 80 60 30
grid,9,kiss_k,16,1.0,26,28.00000011920929,37.06459050154949,90 2 119 93 124 95 68 46 36 25 106 84 13 80 60 30
grid,9,kiss_k,16,0.1,27,28.00000011920929,36.88846247377001,118 83 51 74 76 100 116 11 114 87 43 78 120 73 89 88
grid,9,kiss_k,16,1.0,27,28.79999876022339,37.248120354152746,118 83 51 74 76 100 116 11 114 87 43 78 120 73 89 88
grid,9,kiss_k,16,0.1,28,31.999999284744263,40.22544438955633,77 35 99 65 42 70 82 113 101 47 102 76 34 93 8 41
grid,9,kiss_k,16,1.0,28,32.8000009059906,41.00534847599419,77 35 99 65 42 70 82 113 101 47 102 76 34 93 8 41
grid,9,kiss_k,16,0.1,29,32.8000009059906,40.02448436994205,120 11 0 25 55 71 83 124 112 77 63 98 85 78 17 8
grid,9,kiss_k,16,1.0,29,31.999999284744263,39.189050217529314,120 11 0 25 55 71 83 124 112 77 63 98 85 78 17 8
grid,9,kiss_k,32,0.1,0,32.8000009059906,40.98161245650571,24 76 35 32 123 81 107 106 67 37 84 39 28 29 86 55 49 43 124 27 109 25 119 46 70 26 115 75 21 87 12 10
grid,9,kiss_k,32,1.0,0,33.5999995470047,41.31709349715021,24 76 35 32 123 81 107 106 67 37 84 39 28 29 86 55 49 43 124 27 109 25 119 46 70 26 115 75 21 87 12 10
grid,9,kiss_k,32,0.1,1,30.399999022483826,40.33574156429435,84 109 54 68 47 66 9 10 45 69 64 82 108 96 22 44 113 114 6 31 43 28 21 123 89 100 63 16 101 46 90 91
grid,9,kiss_k,32,1.0,1,29.600000381469727,39.58697208137521,84 109 54 68 47 66 9 10 45 69 64 82 108 96 22 44 113 114 6 31 43 28 21 123 89 100 63 16 101 46 90 91
grid,9,kiss_k,32,0.1,2,31.200000643730164,39.826613501814876,42 46 82 11 80 67 32 79 112 81 24 96 51 52 25 106 66 122 50 39 36 9 47 10 73 5 2 7 75 116 100 15
grid,9,kiss_k,32,1.0,2,31.999999284744263,40.25265913460201,42 46 82 11 80 67 32 79 112 81 24 96 51 52 25 106 66 122 50 39 36 9 47 10 73 5 2 7 75 116 100 15
grid,9,kiss_k,32,0.1,3,29.600000381469727,38.941747647427,39 36 33 69 63 65 99 76 71 0 40 24 25 49 61 68 106 2 43 110 59 73 66 46 77 18 70 60 41 100 108 64
grid,9,kiss_k,32,1.0,3,28.79999876022339,37.81930018556305,39 36 33 69 63 65 99 76 71 0 40 24 25 49 61 68 106 2 43 110 59 73 66 46 77 18 70 60 41 100 108 64
grid,9,kiss_k,32,0.1,4,27.20000147819519,37.29534520963597,35 34 41 20 90 62 6 14 3 94 69 89 57 8 48 7 27 2 111 107 124 51 26 25 97 113 60 81 117 87 28 91
grid,9,kiss_k,32,1.0,4,28.79999876022339,38.22356958025604,35 34 41 20 90 62 6 14 3 94 69 89 57 8 48 7 27 2 111 107 124 51 26 25 97 113 60 81 117 87 28 91
grid,9,kiss_k,32,0.1,5,31.999999284744263,40.254379280487534,33 18 113 41 89 47 59 105 58 120 91 11 19 23 17 40 31 48 43 49 8 92 94 1 30 42 0 52 100 6 25 109
grid,9,kiss_k,32,1.0,5,31.999999284744263,40.53635656677006,33 18 113 41 89 47 59 105 58 120 91 11 19 23 17 40 31 48 43 49 8 92 94 1 30 42 0 52 100 6 25 109
grid,9,kiss_k,32,0.1,6,31.999999284744263,40.537169399888874,100 115 69 76 28 62 112 50 53 81 39 97 57 103 44 105 93 15 37 47 72 63 88 66 108 49 36 40 10 45 124 110
grid,9,kiss_k,32,1.0,6,30.399999022483826,39.559903822490924,100 115 69 76 28 62 112 50 53 81 39 97 57 103 44 105 93 15 37 47 72 63 88 66 108 49 36 40 10 45 124 110
grid,9,kiss_k,32,0.1,7,32.8000009059906,39.517127421005284,41 26 11 14 29 42 45 124 66 30 79 15 64 7 122 98 123 25 34 31 28 81 38 85 106 21 67 39 22 105 119 88
grid,9,kiss_k,32,1.0,7,31.999999284744263,39.19959862616436,41 26 11 14 29 42 45 124 66 30 79 15 64 7 122 98 123 25 34 31 28 81 38 85 106 21 67 39 22 105 119 88
grid,9,kiss_k,32,0.1,8,30.399999022483826,37.88115122928129,82 48 31 14 114 35 7 81 100 57 69 72 23 37 94 122 99 73 6 95 106 119 16 105 0 52 115 8 10 121 91 107
grid,9,kiss_k,32,1.0,8,28.00000011920929,36.82519459659497,82 48 31 14 114 35 7 81 100 57 69 72 23 37 94 122 99 73 6 95 106 119 16 105 0 52 115 8 10 121 91 107
grid,9,kiss_k,32,0.1,9,28.79999876022339,38.686512811564285,75 13 72 21 38 56 110 98 122 45 84 114 67 108 28 49 63 78 22 95 91 89 99 54 48 81 69 7 116 62 26 106
grid,9,kiss_k,32,1.0,9,28.79999876022339,37.68793916261764,75 13 72 21 38 56 110 98 122 45 84 114 67 108 28 49 63 78 22 95 91 89 99 54 48 81 69 7 116 62 26 106
grid,9,kiss_k,32,0.1,10,30.399999022483826,38.880123563125835,49 110 94 118 105 46 30 111 117 12 60 24 122 64 123 103 10 19 34 90 62 97 93 63 89 101 33 16 76 32 37 99
grid,9,kiss_k,32,1.0,10,28.00000011920929,37.510865054663604,49 110 94 118 105 46 30 111 117 12 60 24 122 64 123 103 10 19 34 90 62 97 93 63 89 101 33 16 76 32 37 99
grid,9,kiss_k,32,0.1,11,28.79999876022339,38.52740850610734,105 60 114 50 63 98 24 14 85 42 55 94 115 48 104 74 28 47 91 90 123 43 23 26 62 109 100 15 56 27 92 33
grid,9,kiss_k,32,1.0,11,29.600000381469727,38.6179979758953,105 60 114 50 63 98 24 14 85 42 55 94 115 48 104 74 28 47 91 90 123 43 23 26 62 109 100 15 56 27 92 33
grid,9,kiss_k,32,0.1,12,30.399999022483826,38.27383352359581,62 114 115 3 77 7 36 80 56 75 119 106 92 0 13 45 37 19 93 31 51 103 87 91 25 28 33 72 55 14 20 122
grid,9,kiss_k,32,1.0,12,29.600000381469727,38.13972468551125,62 114 115 3 77 7 36 80 56 75 119 106 92 0 13 45 37 19 93 31 51 103 87 91 25 28 33 72 55 14 20 122
grid,9,kiss_k,32,0.1,13,30.399999022483826,38.99496301518267,95 18 11 37 104 94 74 25 87 62 22 78 47 76 45 13 1 122 21 60 70 27 10 72 28 49 50 77 64 23 97 96
grid,9,kiss_k,32,1.0,13,31.200000643730164,39.18566140852151,95 18 11 37 104 94 74 25 87 62 22 78 47 76 45 13 1 122 21 60 70 27 10 72 28 49 50 77 64 23 97 96
grid,9,kiss_k,32,0.1,14,29.600000381469727,38.83623817271373,86 123 6 66 117 69 99 52 81 58 10 72 110 1 41 68 116 17 13 64 48 80 28 88 97 113 87 90 124 50 122 89
grid,9,kiss_k,32,1.0,14,28.00000011920929,37.82686800439112,86 123 6 66 117 69 99 52 81 58 10 72 110 1 41 68 116 17 13 64 48 80 28 88 97 113 87 90 124 50 122 89
grid,9,kiss_k,32,0.1,15,29.600000381469727,37.60178906738275,36 59 58 94 73 2 89 8 76 43 10 82 50 51 7 9 116 108 91 12 99 29 81 21 110 86 66 52 39 105 33 123
grid,9,kiss_k,32,1.0,15,30.399999022483826,37.992058691831396,36 59 58 94 73 2 89 8 76 43 10 82 50 51 7 9 116 108 91 12 99 29 81 21 110 86 66 52 39 105 33 123
grid,9,kiss_k,32,0.1,16,31.200000643730164,39.57538672661374,111 76 22 52 121 71 68 62 114 28 6 2 69 44 123 9 4 10 110 48 1 63 67 40 80 99 0 87 85 41 96 89
grid,9,kiss_k,32,1.0,16,31.999999284744263,39.97029291496329,111 76 22 52 121 71 68 62 114 28 6 2 69 44 123 9 4 10 110 48 1 63 67 40 80 99 0 87 85 41 96 89
grid,9,kiss_k,32,0.1,17,32.8000009059906,40.77611338753875,1 2 113 60 46 114 90 68 17 104 61 16 71 96 18 92 75 121 117 29 65 3 56 93 48 28 97 112 39 47 37 32
grid,9,kiss_k,32,1.0,17,32.8000009059906,40.59916703943792,1 2 113 60 46 114 90 68 17 104 61 16 71 96 18 92 75 121 117 29 65 3 56 93 48 28 97 112 39 47 37 32
grid,9,kiss_k,32,0.1,18,30.399999022483826,39.77622071775579,35 40 112 22 6 57 47 9 96 56 21 83 1 58 99 84 51 72 95 110 104 4 39 115 101 11 3 46 32 42 26 117
grid,9,kiss_k,32,1.0,18,31.999999284744263,40.5606653794302,35 40 112 22 6 57 47 9 96 56 21 83 1 58 99 84 51 72 95 110 104 4 39 115 101 11 3 46 32 42 26 117
grid,9,kiss_k,32,0.1,19,31.200000643730164,39.18850077952835,94 25 102 20 115 28 76 13 77 78 107 74 80 30 44 18 45 5 84 100 32 37 89 66 54 121 34 57 38 71 27 97
grid,9,kiss_k,32,1.0,19,31.200000643730164,39.31525398392249,94 25 102 20 115 28 76 13 77 78 107 74 80 30 44 18 45 5 84 100 32 37 89 66 54 121 34 57 38 71 27 97
grid,9,kiss_k,32,0.1,20,28.79999876022339,37.851464850717235,22 78 41 23 45 109 80 100 57 10 97 108 75 107 60 104 53 35 99 54 86 88 59 111 61 114 19 89 20 122 1 9
grid,9,kiss_k,32,1.0,20,31.200000643730164,39.11046291458298,22 78 41 23 45 109 80 100 57 10 97 108 75 107 60 104 53 35 99 54 86 88 59 111 61 114 19 89 20 122 1 9
grid,9,kiss_k,32,0.1,21,30.399999022483826,39.93178119414795,82 54 96 85 124 29 110 98 41 68 28 15 49 101 48 62 9 27 14 65 47 59 106 0 63 6 50 22 89 117 57 40
grid,9,kiss_k,32,1.0,21,30.399999022483826,40.072918513913756,82 54 96 85 124 29 110 98 41 68 28 15 49 101 48 62 9 27 14 65 47 59 106 0 63 6 50 22 89 117 57 40
grid,9,kiss_k,32,0.1,22,31.200000643730164,39.67548931658492,54 24 121 43 116 50 79 14 119 93 33 52 97 3 44 78 6 63 123 31 89 73 64 83 88 34 102 71 90 67 110 69
grid,9,kiss_k,32,1.0,22,29.600000381469727,38.577666489794346,54 24 121 43 116 50 79 14 119 93 33 52 97 3 44 78 6 63 123 31 89 73 64 83 88 34 102 71 90 67 110 69
grid,9,kiss_k,32,0.1,23,30.399999022483826,39.80748812155079,7 13 39 60 112 110 61 122 23 53 25 99 10 113 45 26 28 59 97 105 72 35 63 85 3 86 116 82 50 21 75 109
grid,9,kiss_k,32,1.0,23,29.600000381469727,39.27929659101131,7 13 39 60 112 110 61 122 23 53 25 99 10 113 45 26 28 59 97 105 72 35 63 85 3 86 116 82 50 21 75 109
grid,9,kiss_k,32,0.1,24,30.399999022483826,38.81522228412829,16 68 19 109 78 0 69 75 117 108 88 103 86 97 84 114 72 39 74 67 118 57 54 99 89 36 45 12 120 10 17 41
grid,9,kiss_k,32,1.0,24,28.79999876022339,37.92888711069228,16 68 19 109 78 0 69 75 117 108 88 103 86 97 84 114 72 39 74 67 118 57 54 99 89 36 45 12 120 10 17 41
grid,9,kiss_k,32,0.1,25,30.399999022483826,38.610501561336456,100 98 32 121 105 84 107 42 44 19 50 92 39 113 108 110 112 60 101 120 20 22 106 10 11 43 2 78 119 85 0 86
grid,9,kiss_k,32,1.0,25,30.399999022483826,38.90854366753673,100 98 32 121 105 84 107 42 44 19 50 92 39 113 108 110 112 60 101 120 20 22 106 10 11 43 2 78 119 85 0 86
grid,9,kiss_k,32,0.1,26,30.399999022483826,37.7326281026825,95 53 32 69 119 122 87 73 15 6 23 17 98 78 31 81 74 29 59 49 8 104 24 105 92 56 12 94 100 52 71 16
grid,9,kiss_k,32,1.0,26,29.600000381469727,37.07790774436046,95 53 32 69 119 122 87 73 15 6 23 17 98 78 31 81 74 29 59 49 8 104 24 105 92 56 12 94 100 52 71 16
grid,9,kiss_k,32,0.1,27,30.399999022483826,39.43176048202117,118 44 67 25 21 64 4 84 17 48 9 20 34 35 99 106 43 3 92 65 113 107 117 22 2 120 111 52 79 73 95 61
grid,9,kiss_k,32,1.0,27,29.600000381469727,38.60217738802508,118 44 67 25 21 64 4 84 17 48 9 20 34 35 99 106 43 3 92 65 113 107 117 22 2 120 111 52 79 73 95 61
grid,9,kiss_k,32,0.1,28,29.600000381469727,38.435698742518795,17 26 99 106 6 62 91 14 58 13 65 25 98 102 60 59 70 23 46 20 5 72 9 32 64 103 97 51 36 7 33 8
grid,9,kiss_k,32,1.0,28,28.79999876022339,37.89361044459168,17 26 99 106 6 62 91 14 58 13 65 25 98 102 60 59 70 23 46 20 5 72 9 32 64 103 97 51 36 7 33 8
grid,9,kiss_k,32,0.1,29,31.999999284744263,40.44664097942536,50 96 49 68 0 119 123 103 92 99 22 102 48 74 51 36 8 39 110 30 4 79 44 40 105 114 5 20 11 116 2 57
grid,9,kiss_k,32,1.0,29,31.999999284744263,39.98781024003763,50 96 49 68 0 119 123 103 92 99 22 102 48 74 51 36 8 39 110 30 4 79 44 40 105 114 5 20 11 116 2 57
ilids,0,raw,0,-1,-1,60.00000238418579,69.51182486997703,
ilids,0,center,0,-1,-1,60.00000238418579,69.51182486997703,
ilids,0,unlab,0,0.1,-1,55.000001192092896,66.12147279964617,
ilids,0,kiss_all,59,0.1,-1,51.66666507720947,61.63922794123978,
ilids,0,unlab,0,1.0,-1,53.33333611488342,64.95528197910754,
ilids,0,kiss_all,59,1.0,-1,53.33333611488342,64.5467019822283,
ilids,0,kiss_k,2,0.1,0,55.000001192092896,66.59516966807989,38 42
ilids,0,kiss_k,2,1.0,0,56.66666626930237,66.73359605650629,38 42
ilids,0,kiss_k,2,0.1,1,55.000001192092896,65.6675419413675,52 47
ilids,0,kiss_k,2,1.0,1,56.66666626930237,66.52919607195923,52 47
ilids,0,kiss_k,2,0.1,2,53.33333611488342,65.17178496454812,33 38
ilids,0,kiss_k,2,1.0,2,53.33333611488342,64.35086779489481,33 38
ilids,0,kiss_k,2,0.1,3,53.33333611488342,66.47998200380755,45 56
ilids,0,kiss_k,2,1.0,3,55.000001192092896,66.83706473589031,45 56
ilids,0,kiss_k,2,0.1,4,53.33333611488342,64.74702213572183,16 23
ilids,0,kiss_k,2,1.0,4,51.66666507720947,63.427344220107386,16 23
ilids,0,kiss_k,2,0.1,5,56.66666626930237,67.10657666252297,16 9
ilids,0,kiss_k,2,1.0,5,51.66666507720947,63.47317625938571,16 9
ilids,0,kiss_k,2,0.1,6,55.000001192092896,66.58505910440894,30 54
ilids,0,kiss_k,2,1.0,6,51.66666507720947,63.26496090195782,30 54
ilids,0,kiss_k,2,0.1,7,56.66666626930237,67.31276455026455,29 43
ilids,0,kiss_k,2,1.0,7,53.33333611488342,65.2332917082917,29 43
ilids,0,kiss_k,2,0.1,8,53.33333611488342,65.2203172787538,36 0
ilids,0,kiss_k,2,1.0,8,53.33333611488342,65.10163041006695,36 0
ilids,0,kiss_k,2,0.1,9,53.33333611488342,65.24405061169767,54 30
ilids,0,kiss_k,2,1.0,9,51.66666507720947,64.0603385040885,54 30
ilids,0,kiss_k,2,0.1,10,56.66666626930237,67.45389038206376,30 12
ilids,0,kiss_k,2,1.0,10,55.000001192092896,66.45251739001739,30 12
ilids,0,kiss_k,2,0.1,11,53.33333611488342,66.00098354425882,40 45
ilids,0,kiss_k,2,1.0,11,53.33333611488342,65.08791161180868,40 45
ilids,0,kiss_k,2,0.1,12,56.66666626930237,67.33365233445156,44 4
ilids,0,kiss_k,2,1.0,12,51.66666507720947,64.52743540323463,44 4
ilids,0,kiss_k,2,0.1,13,56.66666626930237,67.30643267407974,58 48
ilids,0,kiss_k,2,1.0,13,55.000001192092896,66.06083875208716,58 48
ilids,0,kiss_k,2,0.1,14,53.33333611488342,65.43228945618651,40 45
ilids,0,kiss_k,2,1.0,14,53.33333611488342,65.00454972409896,40 45
ilids,0,kiss_k,2,0.1,15,55.000001192092896,66.87661048603385,56 35
ilids,0,kiss_k,2,1.0,15,56.66666626930237,66.71018306312425,56 35
ilids,0,kiss_k,2,0.1,16,55.000001192092896,66.16101790366497,41 25
ilids,0,kiss_k,2,1.0,16,58.33333134651184,67.43385382820367,41 25
ilids,0,kiss_k,2,0.1,17,53.33333611488342,65.40973288264308,19 18
ilids,0,kiss_k,2,1.0,17,55.000001192092896,65.55937568766517,19 18
ilids,0,kiss_k,2,0.1,18,56.66666626930237,67.45914721243669,21 35
ilids,0,kiss_k,2,1.0,18,56.66666626930237,67.03729440494148,21 35
ilids,0,kiss_k,2,0.1,19,56.66666626930237,66.79923253990592,20 47
ilids,0,kiss_k,2,1.0,19,56.66666626930237,66.2641330379586,20 47
ilids,0,kiss_k,2,0.1,20,53.33333611488342,64.90122133952059,54 22
ilids,0,kiss_k,2,1.0,20,51.66666507720947,63.72523181978106,54 22
ilids,0,kiss_k,2,0.1,21,56.66666626930237,66.91655172169878,55 33
ilids,0,kiss_k,2,1.0,21,55.000001192092896,65.32826970801354,55 33
ilids,0,kiss_k,2,0.1,22,56.66666626930237,66.12173243423243,21 8
ilids,0,kiss_k,2,1.0,22,55.000001192092896,65.25689123089705,21 8
ilids,0,kiss_k,2,0.1,23,56.66666626930237,66.925661484485,54 5
ilids,0,kiss_k,2,1.0,23,55.000001192092896,65.29502741267447,54 5
ilids,0,kiss_k,2,0.1,24,58.33333134651184,68.20143427741468,7 44
ilids,0,kiss_k,2,1.0,24,56.66666626930237,66.99682327800177,7 44
ilids,0,kiss_k,2,0.1,25,53.33333611488342,64.99973094538312,8 27
ilids,0,kiss_k,2,1.0,25,53.33333611488342,64.16994329494331,8 27
ilids,0,kiss_k,2,0.1,26,53.33333611488342,65.40392987260836,19 30
ilids,0,kiss_k,2,1.0,26,53.33333611488342,64.74839330354037,19 30
ilids,0,kiss_k,2,0.1,27,56.66666626930237,67.38322194374827,39 51
ilids,0,kiss_k,2,1.0,27,60.00000238418579,69.16118043500599,39 51
ilids,0,kiss_k,2,0.1,28,56.66666626930237,67.6634653019457,4 51
ilids,0,kiss_k,2,1.0,28,56.66666626930237,67.14892351657059,4 51
ilids,0,kiss_k,2,0.1,29,53.33333611488342,64.56233708536342,25 36
ilids,0,kiss_k,2,1.0,29,53.33333611488342,64.05163958704982,25 36
ilids,0,kiss_k,4,0.1,0,53.33333611488342,64.78175678990897,20 47 25 43
ilids,0,kiss_k,4,1.0,0,56.66666626930237,66.80924776022815,20 47 25 43
ilids,0,kiss_k,4,0.1,1,53.33333611488342,65.41287647537648,0 37 36 15
ilids,0,kiss_k,4,1.0,1,55.000001192092896,65.61960711335065,0 37 36 15
ilids,0,kiss_k,4,0.1,2,55.000001192092896,65.47323411023102,2 13 40 46
ilids,0,kiss_k,4,1.0,2,53.33333611488342,64.25796561825975,2 13 40 46
ilids,0,kiss_k,4,0.1,3,55.000001192092896,66.36723097665435,18 33 30 57
ilids,0,kiss_k,4,1.0,3,55.000001192092896,65.20154450669158,18 33 30 57
ilids,0,kiss_k,4,0.1,4,58.33333134651184,68.18167795187374,28 31 50 44
ilids,0,kiss_k,4,1.0,4,60.00000238418579,68.62153459108382,28 31 50 44
ilids,0,kiss_k,4,0.1,5,56.66666626930237,66.87782749090253,25 4 2 49
ilids,0,kiss_k,4,1.0,5,58.33333134651184,67.73380627708154,25 4 2 49
ilids,0,kiss_k,4,0.1,6,55.000001192092896,66.44362697487698,53 9 22 50
ilids,0,kiss_k,4,1.0,6,51.66666507720947,64.53736986554325,53 9 22 50
ilids,0,kiss_k,4,0.1,7,53.33333611488342,66.21427098729733,19 45 5 39
ilids,0,kiss_k,4,1.0,7,51.66666507720947,64.32465689925368,19 45 5 39
ilids,0,kiss_k,4,0.1,8,58.33333134651184,67.48681432946138,51 9 7 6
ilids,0,kiss_k,4,1.0,8,58.33333134651184,67.3147968707432,51 9 7 6
ilids,0,kiss_k,4,0.1,9,53.33333611488342,65.3730921855922,9 10 35 23
ilids,0,kiss_k,4,1.0,9,55.000001192092896,65.783280681307,9 10 35 23
ilids,0,kiss_k,4,0.1,10,58.33333134651184,67.60058978153609,41 3 27 14
ilids,0,kiss_k,4,1.0,10,58.33333134651184,66.98477679727681,41 3 27 14
ilids,0,kiss_k,4,0.1,11,53.33333611488342,65.20977594687271,52 46 54 28
ilids,0,kiss_k,4,1.0,11,50.0,62.91236100500808,52 46 54 28
ilids,0,kiss_k,4,0.1,12,55.000001192092896,66.71474899981892,58 22 41 20
ilids,0,kiss_k,4,1.0,12,51.66666507720947,64.17131701158716,58 22 41 20
ilids,0,kiss_k,4,0.1,13,58.33333134651184,67.69010600873347,27 51 6 42
ilids,0,kiss_k,4,1.0,13,58.33333134651184,67.65772640852565,27 51 6 42
ilids,0,kiss_k,4,0.1,14,56.66666626930237,67.34317380150713,51 58 53 42
ilids,0,kiss_k,4,1.0,14,53.33333611488342,65.24345697875108,51 58 53 42
ilids,0,kiss_k,4,0.1,15,56.66666626930237,67.68082415772635,27 28 17 33
ilids,0,kiss_k,4,1.0,15,58.33333134651184,67.57259013956585,27 28 17 33
ilids,0,kiss_k,4,0.1,16,53.33333611488342,65.55234888568224,39 24 57 53
ilids,0,kiss_k,4,1.0,16,56.66666626930237,66.89441808191809,39 24 57 53
ilids,0,kiss_k,4,0.1,17,55.000001192092896,65.75083616708672,11 3 19 41
ilids,0,kiss_k,4,1.0,17,55.000001192092896,65.42488059374026,11 3 19 41
ilids,0,kiss_k,4,0.1,18,53.33333611488342,65.08137105269458,0 37 9 58
ilids,0,kiss_k,4,1.0,18,53.33333611488342,64.51863465993901,0 37 9 58
ilids,0,kiss_k,4,0.1,19,55.000001192092896,66.28774018379282,0 17 52 12
ilids,0,kiss_k,4,1.0,19,53.33333611488342,65.39150762998801,0 17 52 12
ilids,0,kiss_k,4,0.1,20,53.33333611488342,65.58476854529486,24 39 13 37
ilids,0,kiss_k,4,1.0,20,53.33333611488342,64.64622710307695,24 39 13 37
ilids,0,kiss_k,4,0.1,21,53.33333611488342,65.78627840024897,35 11 15 48
ilids,0,kiss_k,4,1.0,21,55.000001192092896,65.87193892708599,35 11 15 48
ilids,0,kiss_k,4,0.1,22,53.33333611488342,64.94148346530902,8 12 21 14
ilids,0,kiss_k,4,1.0,22,53.33333611488342,64.15959726595692,8 12 21 14
ilids,0,kiss_k,4,0.1,23,60.00000238418579,69.32189693299028,37 11 27 35
ilids,0,kiss_k,4,1.0,23,53.33333611488342,64.78586778469334,37 11 27 35
ilids,0,kiss_k,4,0.1,24,55.000001192092896,66.13685987215399,11 42 20 19
ilids,0,kiss_k,4,1.0,24,55.000001192092896,66.15104045421383,11 42 20 19
ilids,0,kiss_k,4,0.1,25,55.000001192092896,67.19355353252412,46 40 30 29
ilids,0,kiss_k,4,1.0,25,53.33333611488342,65.5572238677502,46 40 30 29
ilids,0,kiss_k,4,0.1,26,58.33333134651184,67.8148332322561,23 10 42 28
ilids,0,kiss_k,4,1.0,26,58.33333134651184,67.71587758264744,23 10 42 28
ilids,0,kiss_k,4,0.1,27,55.000001192092896,67.1850702402173,6 1 55 53
ilids,0,kiss_k,4,1.0,27,56.66666626930237,67.69256428283444,6 1 55 53
ilids,0,kiss_k,4,0.1,28,56.66666626930237,66.88507308824647,0 32 45 42
ilids,0,kiss_k,4,1.0,28,55.000001192092896,65.70973153571192,0 32 45 42
ilids,0,kiss_k,4,0.1,29,56.66666626930237,67.68100174679122,12 41 28 29
ilids,0,kiss_k,4,1.0,29,55.000001192092896,66.33028221672387,12 41 28 29
ilids,0,kiss_k,8,0.1,0,55.000001192092896,65.33437907702614,1 3 46 25 34 30 56 12
ilids,0,kiss_k,8,1.0,0,53.33333611488342,64.19809096456358,1 3 46 25 34 30 56 12
ilids,0,kiss_k,8,0.1,1,56.66666626930237,67.64839855457706,37 58 41 35 47 26 9 27
ilids,0,kiss_k,8,1.0,1,58.33333134651184,68.07377179245029,37 58 41 35 47 26 9 27
ilids,0,kiss_k,8,0.1,2,58.33333134651184,68.1841021297543,0 42 23 53 35 49 38 39
ilids,0,kiss_k,8,1.0,2,58.33333134651184,67.78277278277277,0 42 23 53 35 49 38 39
ilids,0,kiss_k,8,0.1,3,58.33333134651184,68.31303945967203,1 29 20 54 52 5 39 37
ilids,0,kiss_k,8,1.0,3,55.000001192092896,66.48619831074194,1 29 20 54 52 5 39 37
ilids,0,kiss_k,8,0.1,4,55.000001192092896,68.17112122626828,26 28 49 12 2 54 55 17
ilids,0,kiss_k,8,1.0,4,55.000001192092896,67.81335766629884,26 28 49 12 2 54 55 17
ilids,0,kiss_k,8,0.1,5,56.66666626930237,67.35054744232376,20 48 46 17 10 9 15 52
ilids,0,kiss_k,8,1.0,5,55.000001192092896,65.20363376890394,20 48 46 17 10 9 15 52
ilids,0,kiss_k,8,0.1,6,60.00000238418579,70.17951677951679,12 56 10 20 22 46 40 5
ilids,0,kiss_k,8,1.0,6,56.66666626930237,67.48602796595084,12 56 10 20 22 46 40 5
ilids,0,kiss_k,8,0.1,7,53.33333611488342,65.34039113621158,42 33 54 13 11 3 38 9
ilids,0,kiss_k,8,1.0,7,55.000001192092896,65.74239568804786,42 33 54 13 11 3 38 9
ilids,0,kiss_k,8,0.1,8,53.33333611488342,65.19248049565387,50 20 36 3 52 45 53 0
ilids,0,kiss_k,8,1.0,8,51.66666507720947,64.09634368899077,50 20 36 3 52 45 53 0
ilids,0,kiss_k,8,0.1,9,58.33333134651184,68.5532708032708,11 12 37 36 45 4 22 41
ilids,0,kiss_k,8,1.0,9,58.33333134651184,67.65479196729197,11 12 37 36 45 4 22 41
ilids,0,kiss_k,8,0.1,10,51.66666507720947,65.53449460514678,16 22 41 30 28 46 45 4
ilids,0,kiss_k,8,1.0,10,51.66666507720947,65.08482939812865,16 22 41 30 28 46 45 4
ilids,0,kiss_k,8,0.1,11,51.66666507720947,64.17083593650933,46 24 34 35 16 50 13 29
ilids,0,kiss_k,8,1.0,11,53.33333611488342,64.45397621964959,46 24 34 35 16 50 13 29
ilids,0,kiss_k,8,0.1,12,61.666667461395264,70.38737287179625,47 26 44 17 6 48 56 32
ilids,0,kiss_k,8,1.0,12,60.00000238418579,68.56716303671229,47 26 44 17 6 48 56 32
ilids,0,kiss_k,8,0.1,13,56.66666626930237,68.13465158030375,52 17 53 48 56 15 49 35
ilids,0,kiss_k,8,1.0,13,60.00000238418579,69.4632649722164,52 17 53 48 56 15 49 35
ilids,0,kiss_k,8,0.1,14,56.66666626930237,66.7759400422444,32 34 49 23 54 43 30 33
ilids,0,kiss_k,8,1.0,14,53.33333611488342,64.77417635970268,32 34 49 23 54 43 30 33
ilids,0,kiss_k,8,0.1,15,55.000001192092896,66.68401955981878,36 8 13 18 44 50 30 20
ilids,0,kiss_k,8,1.0,15,53.33333611488342,65.73131764571983,36 8 13 18 44 50 30 20
ilids,0,kiss_k,8,0.1,16,56.66666626930237,66.77815386368019,24 56 0 58 33 39 28 32
ilids,0,kiss_k,8,1.0,16,56.66666626930237,66.32439003491636,24 56 0 58 33 39 28 32
ilids,0,kiss_k,8,0.1,17,51.66666507720947,63.510806967656805,12 23 50 55 18 47 35 0
ilids,0,kiss_k,8,1.0,17,53.33333611488342,64.32635863885865,12 23 50 55 18 47 35 0
ilids,0,kiss_k,8,0.1,18,55.000001192092896,66.50487344039976,43 39 45 46 36 33 42 30
ilids,0,kiss_k,8,1.0,18,53.33333611488342,65.3400795015862,43 39 45 46 36 33 42 30
ilids,0,kiss_k,8,0.1,19,56.66666626930237,66.57365650918283,0 39 38 30 56 52 12 49
ilids,0,kiss_k,8,1.0,19,56.66666626930237,66.14893636872661,0 39 38 30 56 52 12 49
ilids,0,kiss_k,8,0.1,20,56.66666626930237,67.68315422145346,29 21 54 51 39 16 41 52
ilids,0,kiss_k,8,1.0,20,55.000001192092896,66.66356004751147,29 21 54 51 39 16 41 52
ilids,0,kiss_k,8,0.1,21,56.66666626930237,67.87668958721589,43 6 56 40 13 11 42 32
ilids,0,kiss_k,8,1.0,21,55.000001192092896,66.47179903429904,43 6 56 40 13 11 42 32
ilids,0,kiss_k,8,0.1,22,58.33333134651184,67.83780276597615,27 48 8 30 16 39 54 26
ilids,0,kiss_k,8,1.0,22,53.33333611488342,64.71872554689894,27 48 8 30 16 39 54 26
ilids,0,kiss_k,8,0.1,23,58.33333134651184,68.607620693147,39 58 57 1 49 51 16 6
ilids,0,kiss_k,8,1.0,23,56.66666626930237,67.09224408489116,39 58 57 1 49 51 16 6
ilids,0,kiss_k,8,0.1,24,56.66666626930237,67.76070226070226,5 44 16 22 17 30 12 57
ilids,0,kiss_k,8,1.0,24,56.66666626930237,67.24202186702188,5 44 16 22 17 30 12 57
ilids,0,kiss_k,8,0.1,25,55.000001192092896,66.95653948771798,13 28 34 49 5 2 48 57
ilids,0,kiss_k,8,1.0,25,56.66666626930237,67.33987914977004,13 28 34 49 5 2 48 57
ilids,0,kiss_k,8,0.1,26,55.000001192092896,65.66319359652692,12 18 0 24 19 1 58 10
ilids,0,kiss_k,8,1.0,26,55.000001192092896,65.78268754275746,12 18 0 24 19 1 58 10
ilids,0,kiss_k,8,0.1,27,53.33333611488342,65.94572228204784,42 13 54 6 7 33 34 1
ilids,0,kiss_k,8,1.0,27,55.000001192092896,66.31301923661259,42 13 54 6 7 33 34 1
ilids,0,kiss_k,8,0.1,28,58.33333134651184,68.09998125512831,9 25 19 49 42 47 31 51
ilids,0,kiss_k,8,1.0,28,60.00000238418579,68.70381769646475,9 25 19 49 42 47 31 51
ilids,0,kiss_k,8,0.1,29,56.66666626930237,67.23218825521458,26 15 40 12 16 3 7 52
ilids,0,kiss_k,8,1.0,29,55.000001192092896,65.87195639375722,26 15 40 12 16 3 7 52
ilids,0,kiss_k,16,0.1,0,56.66666626930237,68.4741831430428,15 27 49 14 4 55 31 40 35 34 28 47 32 11 18 37
ilids,0,kiss_k,16,1.0,0,58.33333134651184,68.76407291289847,15 27 49 14 4 55 31 40 35 34 28 47 32 11 18 37
ilids,0,kiss_k,16,0.1,1,58.33333134651184,68.29353431656064,12 3 46 35 31 22 20 54 28 24 0 5 14 21 26 52
ilids,0,kiss_k,16,1.0,1,56.66666626930237,66.8107638692004,12 3 46 35 31 22 20 54 28 24 0 5 14 21 26 52
ilids,0,kiss_k,16,0.1,2,53.33333611488342,64.8997482279216,13 42 19 35 48 6 24 50 41 8 39 7 5 46 16 32
ilids,0,kiss_k,16,1.0,2,53.33333611488342,64.45846977096978,13 42 19 35 48 6 24 50 41 8 39 7 5 46 16 32
ilids,0,kiss_k,16,0.1,3,61.666667461395264,70.83349308967158,44 46 4 0 10 37 12 3 15 49 5 45 47 41 31 14
ilids,0,kiss_k,16,1.0,3,58.33333134651184,68.98513589131439,44 46 4 0 10 37 12 3 15 49 5 45 47 41 31 14
ilids,0,kiss_k,16,0.1,4,55.000001192092896,64.77185144290408,54 10 19 29 4 8 34 15 41 9 5 25 56 12 35 49
ilids,0,kiss_k,16,1.0,4,53.33333611488342,63.811398444550626,54 10 19 29 4 8 34 15 41 9 5 25 56 12 35 49
ilids,0,kiss_k,16,0.1,5,56.66666626930237,68.1501297651677,47 5 7 45 14 2 34 40 15 57 51 31 37 16 13 4
ilids,0,kiss_k,16,1.0,5,55.000001192092896,65.66010677775384,47 5 7 45 14 2 34 40 15 57 51 31 37 16 13 4
ilids,0,kiss_k,16,0.1,6,56.66666626930237,68.48156868111228,10 34 51 35 43 50 44 20 6 17 11 18 19 33 16 47
ilids,0,kiss_k,16,1.0,6,55.000001192092896,67.5394573749837,10 34 51 35 43 50 44 20 6 17 11 18 19 33 16 47
ilids,0,kiss_k,16,0.1,7,58.33333134651184,67.53260319272628,19 15 56 31 8 41 18 26 24 17 4 1 6 38 58 25
ilids,0,kiss_k,16,1.0,7,58.33333134651184,67.43652643652644,19 15 56 31 8 41 18 26 24 17 4 1 6 38 58 25
ilids,0,kiss_k,16,0.1,8,53.33333611488342,65.77317802317802,52 29 25 55 26 56 40 0 5 4 53 51 49 28 34 12
ilids,0,kiss_k,16,1.0,8,53.33333611488342,65.49371693121694,52 29 25 55 26 56 40 0 5 4 53 51 49 28 34 12
ilids,0,kiss_k,16,0.1,9,56.66666626930237,67.01904795734721,2 32 3 22 47 15 24 42 58 46 40 13 48 14 49 37
ilids,0,kiss_k,16,1.0,9,55.000001192092896,65.60257943810576,2 32 3 22 47 15 24 42 58 46 40 13 48 14 49 37
ilids,0,kiss_k,16,0.1,10,56.66666626930237,67.76427758295608,45 11 48 4 37 35 51 32 22 29 41 14 23 20 15 16
ilids,0,kiss_k,16,1.0,10,56.66666626930237,67.77084820637452,45 11 48 4 37 35 51 32 22 29 41 14 23 20 15 16
ilids,0,kiss_k,16,0.1,11,56.66666626930237,67.85728079110433,35 0 20 30 41 33 3 16 38 26 21 53 42 24 45 9
ilids,0,kiss_k,16,1.0,11,56.66666626930237,67.60778768596107,35 0 20 30 41 33 3 16 38 26 21 53 42 24 45 9
ilids,0,kiss_k,16,0.1,12,61.666667461395264,70.89064707079413,5 23 20 11 54 12 32 31 3 53 47 51 49 24 55 22
ilids,0,kiss_k,16,1.0,12,58.33333134651184,67.90663580246914,5 23 20 11 54 12 32 31 3 53 47 51 49 24 55 22
ilids,0,kiss_k,16,0.1,13,58.33333134651184,68.936604386148,52 45 29 36 49 39 53 18 56 21 50 14 31 13 27 4
ilids,0,kiss_k,16,1.0,13,55.000001192092896,67.12604246243951,52 45 29 36 49 39 53 18 56 21 50 14 31 13 27 4
ilids,0,kiss_k,16,0.1,14,60.00000238418579,69.58242633235483,40 13 38 5 57 16 42 15 54 6 48 27 26 31 53 1
ilids,0,kiss_k,16,1.0,14,58.33333134651184,67.95260989010991,40 13 38 5 57 16 42 15 54 6 48 27 26 31 53 1
ilids,0,kiss_k,16,0.1,15,55.000001192092896,66.71410290240213,48 49 5 43 46 14 42 2 33 9 6 3 57 19 41 17
ilids,0,kiss_k,16,1.0,15,55.000001192092896,67.23401837111514,48 49 5 43 46 14 42 2 33 9 6 3 57 19 41 17
ilids,0,kiss_k,16,0.1,16,50.0,64.42084440613853,20 30 3 24 51 56 10 33 22 15 17 42 50 57 54 39
ilids,0,kiss_k,16,1.0,16,51.66666507720947,64.63997096814434,20 30 3 24 51 56 10 33 22 15 17 42 50 57 54 39
ilids,0,kiss_k,16,0.1,17,56.66666626930237,68.24631232964565,3 16 44 33 54 56 49 15 53 39 9 57 40 35 22 12
ilids,0,kiss_k,16,1.0,17,55.000001192092896,66.52865489630196,3 16 44 33 54 56 49 15 53 39 9 57 40 35 22 12
ilids,0,kiss_k,16,0.1,18,56.66666626930237,68.27746213950576,9 53 55 19 18 6 39 56 23 32 3 47 48 16 25 29
ilids,0,kiss_k,16,1.0,18,53.33333611488342,65.82813552188553,9 53 55 19 18 6 39 56 23 32 3 47 48 16 25 29
ilids,0,kiss_k,16,0.1,19,56.66666626930237,67.15566146816147,22 6 25 28 39 34 48 53 3 50 37 14 5 17 47 13
ilids,0,kiss_k,16,1.0,19,55.000001192092896,65.75027778171794,22 6 25 28 39 34 48 53 3 50 37 14 5 17 47 13
ilids,0,kiss_k,16,0.1,20,58.33333134651184,68.40319239583947,0 25 48 28 50 40 1 15 16 56 21 22 52 36 23 30
ilids,0,kiss_k,16,1.0,20,56.66666626930237,66.90525592828223,0 25 48 28 50 40 1 15 16 56 21 22 52 36 23 30
ilids,0,kiss_k,16,0.1,21,53.33333611488342,66.03943058185347,15 4 3 16 35 13 18 5 6 44 42 52 31 53 37 14
ilids,0,kiss_k,16,1.0,21,56.66666626930237,66.6509135130103,15 4 3 16 35 13 18 5 6 44 42 52 31 53 37 14
ilids,0,kiss_k,16,0.1,22,58.33333134651184,68.64971670486376,1 36 45 53 15 22 5 24 14 9 41 43 48 19 6 13
ilids,0,kiss_k,16,1.0,22,56.66666626930237,67.14986540425137,1 36 45 53 15 22 5 24 14 9 41 43 48 19 6 13
ilids,0,kiss_k,16,0.1,23,51.66666507720947,65.09867052881759,15 24 1 58 26 34 4 42 43 5 55 30 33 14 53 13
ilids,0,kiss_k,16,1.0,23,53.33333611488342,65.74039907331628,15 24 1 58 26 34 4 42 43 5 55 30 33 14 53 13
ilids,0,kiss_k,16,0.1,24,53.33333611488342,65.51994601259307,11 57 9 32 16 45 40 54 51 8 48 15 12 6 2 42
ilids,0,kiss_k,16,1.0,24,51.66666507720947,64.45259470062102,11 57 9 32 16 45 40 54 51 8 48 15 12 6 2 42
ilids,0,kiss_k,16,0.1,25,58.33333134651184,67.19974392236702,9 25 39 34 18 50 28 37 2 11 7 16 33 4 52 32
ilids,0,kiss_k,16,1.0,25,56.66666626930237,66.58547797987454,9 25 39 34 18 50 28 37 2 11 7 16 33 4 52 32
ilids,0,kiss_k,16,0.1,26,58.33333134651184,68.37038731263114,25 2 46 14 15 39 9 12 30 57 53 19 56 45 1 43
ilids,0,kiss_k,16,1.0,26,53.33333611488342,65.57724604032322,25 2 46 14 15 39 9 12 30 57 53 19 56 45 1 43
ilids,0,kiss_k,16,0.1,27,56.66666626930237,66.90862976892389,25 56 58 12 47 28 29 51 1 40 4 0 42 39 26 24
ilids,0,kiss_k,16,1.0,27,56.66666626930237,66.63557529072236,25 56 58 12 47 28 29 51 1 40 4 0 42 39 26 24
ilids,0,kiss_k,16,0.1,28,53.33333611488342,66.14541776306481,37 20 17 44 42 13 53 45 32 1 57 2 9 34 51 38
ilids,0,kiss_k,16,1.0,28,55.000001192092896,66.78881033840712,37 20 17 44 42 13 53 45 32 1 57 2 9 34 51 38
ilids,0,kiss_k,16,0.1,29,58.33333134651184,68.58467619775124,17 26 42 49 7 40 37 15 51 18 6 45 24 2 21 3
ilids,0,kiss_k,16,1.0,29,56.66666626930237,67.07416426166427,17 26 42 49 7 40 37 15 51 18 6 45 24 2 21 3
ilids,0,kiss_k,32,0.1,0,60.00000238418579,68.86093081052759,5 48 12 8 36 55 51 53 30 10 24 23 6 49 39 54 7 58 14 3 16 38 22 28 56 2 21 9 46 42 44 11
ilids,0,kiss_k,32,1.0,0,61.666667461395264,69.96740978070902,5 48 12 8 36 55 51 53 30 10 24 23 6 49 39 54 7 58 14 3 16 38 22 28 56 2 21 9 46 42 44 11
ilids,0,kiss_k,32,0.1,1,56.66666626930237,67.21410541370217,20 0 17 26 37 41 50 58 24 18 2 19 9 29 23 42 5 21 1 28 46 34 25 31 11 54 16 48 22 53 49 7
ilids,0,kiss_k,32,1.0,1,56.66666626930237,67.32989568804787,20 0 17 26 37 41 50 58 24 18 2 19 9 29 23 42 5 21 1 28 46 34 25 31 11 54 16 48 22 53 49 7
ilids,0,kiss_k,32,0.1,2,55.000001192092896,66.99795416571732,41 30 3 48 43 20 13 22 7 34 57 6 37 19 44 47 0 18 53 56 55 8 38 25 2 35 52 21 14 32 16 11
ilids,0,kiss_k,32,1.0,2,55.000001192092896,66.47632972072627,41 30 3 48 43 20 13 22 7 34 57 6 37 19 44 47 0 18 53 56 55 8 38 25 2 35 52 21 14 32 16 11
ilids,0,kiss_k,32,0.1,3,55.000001192092896,66.5005942795798,51 2 36 56 19 47 24 32 21 48 33 42 44 9 28 52 6 7 3 25 34 57 12 53 15 37 23 5 22 39 31 14
ilids,0,kiss_k,32,1.0,3,55.000001192092896,65.97933153447859,51 2 36 56 19 47 24 32 21 48 33 42 44 9 28 52 6 7 3 25 34 57 12 53 15 37 23 5 22 39 31 14
ilids,0,kiss_k,32,0.1,4,61.666667461395264,70.92275575301892,16 41 34 17 8 33 44 48 24 49 57 1 30 42 38 47 19 20 45 43 50 3 18 14 4 39 12 15 9 5 32 0
ilids,0,kiss_k,32,1.0,4,58.33333134651184,68.1348404681738,16 41 34 17 8 33 44 48 24 49 57 1 30 42 38 47 19 20 45 43 50 3 18 14 4 39 12 15 9 5 32 0
ilids,0,kiss_k,32,0.1,5,60.00000238418579,69.04460123210124,38 24 46 41 20 25 18 26 13 12 35 4 48 32 6 45 56 0 42 15 17 1 30 57 51 43 11 9 3 14 21 16
ilids,0,kiss_k,32,1.0,5,56.66666626930237,67.22828859593565,38 24 46 41 20 25 18 26 13 12 35 4 48 32 6 45 56 0 42 15 17 1 30 57 51 43 11 9 3 14 21 16
ilids,0,kiss_k,32,0.1,6,56.66666626930237,66.63579275256907,39 34 10 36 24 41 31 57 7 2 43 28 37 14 33 3 29 9 11 12 0 32 54 26 22 18 51 20 42 30 40 44
ilids,0,kiss_k,32,1.0,6,56.66666626930237,67.1974543462799,39 34 10 36 24 41 31 57 7 2 43 28 37 14 33 3 29 9 11 12 0 32 54 26 22 18 51 20 42 30 40 44
ilids,0,kiss_k,32,0.1,7,56.66666626930237,68.37898675398677,22 13 32 44 20 33 28 12 57 6 19 42 26 5 30 29 7 21 0 38 31 15 14 55 10 49 41 9 51 54 48 18
ilids,0,kiss_k,32,1.0,7,58.33333134651184,68.64837859403077,22 13 32 44 20 33 28 12 57 6 19 42 26 5 30 29 7 21 0 38 31 15 14 55 10 49 41 9 51 54 48 18
ilids,0,kiss_k,32,0.1,8,55.000001192092896,65.17723412677775,39 8 34 55 36 25 51 42 43 49 15 53 22 41 6 19 27 40 7 52 28 47 17 5 26 45 44 21 3 29 30 32
ilids,0,kiss_k,32,1.0,8,50.0,62.69504591269298,39 8 34 55 36 25 51 42 43 49 15 53 22 41 6 19 27 40 7 52 28 47 17 5 26 45 44 21 3 29 30 32
ilids,0,kiss_k,32,0.1,9,56.66666626930237,67.10654160654161,8 22 9 36 2 50 4 33 28 16 3 13 21 0 55 27 19 42 17 29 43 46 34 37 31 45 10 51 48 39 14 53
ilids,0,kiss_k,32,1.0,9,58.33333134651184,68.20242272347537,8 22 9 36 2 50 4 33 28 16 3 13 21 0 55 27 19 42 17 29 43 46 34 37 31 45 10 51 48 39 14 53
ilids,0,kiss_k,32,0.1,10,53.33333611488342,67.50053060868278,56 19 29 20 47 36 17 54 38 2 40 18 45 0 33 32 55 46 14 48 24 27 34 23 10 31 13 7 22 4 28 26
ilids,0,kiss_k,32,1.0,10,56.66666626930237,67.59203447518665,56 19 29 20 47 36 17 54 38 2 40 18 45 0 33 32 55 46 14 48 24 27 34 23 10 31 13 7 22 4 28 26
ilids,0,kiss_k,32,0.1,11,58.33333134651184,69.54351211810888,37 56 45 29 53 6 22 14 4 52 10 39 15 46 51 3 13 32 18 54 5 33 28 58 23 16 30 2 20 55 44 42
ilids,0,kiss_k,32,1.0,11,56.66666626930237,67.76117496807153,37 56 45 29 53 6 22 14 4 52 10 39 15 46 51 3 13 32 18 54 5 33 28 58 23 16 30 2 20 55 44 42
ilids,0,kiss_k,32,0.1,12,56.66666626930237,65.68535117750804,40 29 10 14 41 25 23 13 58 31 22 56 30 3 54 52 43 4 6 12 1 37 9 15 24 57 16 20 0 8 44 51
ilids,0,kiss_k,32,1.0,12,55.000001192092896,64.44933365766698,40 29 10 14 41 25 23 13 58 31 22 56 30 3 54 52 43 4 6 12 1 37 9 15 24 57 16 20 0 8 44 51
ilids,0,kiss_k,32,0.1,13,56.66666626930237,69.42863756613758,51 27 41 7 11 47 45 48 14 50 31 12 28 33 39 17 55 24 42 16 58 37 43 29 2 20 40 21 56 49 18 23
ilids,0,kiss_k,32,1.0,13,53.33333611488342,66.65442639257293,51 27 41 7 11 47 45 48 14 50 31 12 28 33 39 17 55 24 42 16 58 37 43 29 2 20 40 21 56 49 18 23
ilids,0,kiss_k,32,0.1,14,55.000001192092896,66.6160164504398,23 15 13 14 33 38 36 27 49 35 54 30 16 47 34 29 19 44 37 21 26 58 11 18 20 2 43 42 31 8 32 5
ilids,0,kiss_k,32,1.0,14,56.66666626930237,67.64724029632751,23 15 13 14 33 38 36 27 49 35 54 30 16 47 34 29 19 44 37 21 26 58 11 18 20 2 43 42 31 8 32 5
ilids,0,kiss_k,32,0.1,15,55.000001192092896,68.02555275905348,36 9 7 44 25 0 11 52 29 34 13 33 56 37 38 45 43 58 57 14 1 54 6 17 30 31 48 3 42 26 18 8
ilids,0,kiss_k,32,1.0,15,56.66666626930237,68.18343535119851,36 9 7 44 25 0 11 52 29 34 13 33 56 37 38 45 43 58 57 14 1 54 6 17 30 31 48 3 42 26 18 8
ilids,0,kiss_k,32,0.1,16,53.33333611488342,65.945501938149,30 15 36 18 55 44 9 14 5 23 54 43 6 56 13 4 47 40 1 8 26 19 35 31 7 37 39 17 16 57 32 28
ilids,0,kiss_k,32,1.0,16,55.000001192092896,67.05344066159284,30 15 36 18 55 44 9 14 5 23 54 43 6 56 13 4 47 40 1 8 26 19 35 31 7 37 39 17 16 57 32 28
ilids,0,kiss_k,32,0.1,17,58.33333134651184,67.5852665852666,20 52 7 37 22 4 48 51 1 12 6 35 57 0 24 38 49 13 26 46 15 36 56 33 28 58 45 27 53 44 11 5
ilids,0,kiss_k,32,1.0,17,55.000001192092896,66.24830253738921,20 52 7 37 22 4 48 51 1 12 6 35 57 0 24 38 49 13 26 46 15 36 56 33 28 58 45 27 53 44 11 5
ilids,0,kiss_k,32,0.1,18,56.66666626930237,69.53938490703196,30 27 34 37 10 32 47 38 39 25 3 11 51 46 29 40 41 7 55 45 23 17 28 16 15 4 31 54 48 26 33 2
ilids,0,kiss_k,32,1.0,18,53.33333611488342,67.75027586792295,30 27 34 37 10 32 47 38 39 25 3 11 51 46 29 40 41 7 55 45 23 17 28 16 15 4 31 54 48 26 33 2
ilids,0,kiss_k,32,0.1,19,53.33333611488342,64.27369145016205,50 45 57 41 8 55 2 0 32 37 15 47 42 33 58 26 27 28 10 52 25 24 20 39 9 35 29 17 40 7 4 5
ilids,0,kiss_k,32,1.0,19,51.66666507720947,63.10188533633063,50 45 57 41 8 55 2 0 32 37 15 47 42 33 58 26 27 28 10 52 25 24 20 39 9 35 29 17 40 7 4 5
ilids,0,kiss_k,32,0.1,20,50.0,63.97383852530913,17 50 7 45 15 11 20 56 8 27 47 1 39 12 25 40 42 2 32 26 0 23 30 4 43 44 51 49 37 55 29 36
ilids,0,kiss_k,32,1.0,20,51.66666507720947,65.1663577482543,17 50 7 45 15 11 20 56 8 27 47 1 39 12 25 40 42 2 32 26 0 23 30 4 43 44 51 49 37 55 29 36
ilids,0,kiss_k,32,0.1,21,55.000001192092896,66.83471929161585,42 35 49 17 43 11 0 7 28 27 6 48 13 4 55 9 26 34 53 10 14 54 22 38 47 25 40 19 51 16 24 56
ilids,0,kiss_k,32,1.0,21,55.000001192092896,66.7416577225045,42 35 49 17 43 11 0 7 28 27 6 48 13 4 55 9 26 34 53 10 14 54 22 38 47 25 40 19 51 16 24 56
ilids,0,kiss_k,32,0.1,22,56.66666626930237,67.65167076931783,56 28 58 39 23 26 57 33 15 37 19 16 10 17 4 12 48 22 25 46 1 27 52 38 9 50 20 3 6 45 49 29
ilids,0,kiss_k,32,1.0,22,53.33333611488342,65.21631523934155,56 28 58 39 23 26 57 33 15 37 19 16 10 17 4 12 48 22 25 46 1 27 52 38 9 50 20 3 6 45 49 29
ilids,0,kiss_k,32,0.1,23,56.66666626930237,67.23290054172408,42 43 52 1 14 35 57 56 28 4 36 19 49 5 9 17 18 8 16 41 23 6 32 53 37 20 7 40 13 54 39 3
ilids,0,kiss_k,32,1.0,23,58.33333134651184,68.72500014605278,42 43 52 1 14 35 57 56 28 4 36 19 49 5 9 17 18 8 16 41 23 6 32 53 37 20 7 40 13 54 39 3
ilids,0,kiss_k,32,0.1,24,56.66666626930237,68.29313301078007,45 43 29 52 16 50 17 23 1 12 44 32 27 22 21 30 0 28 9 11 58 20 8 47 19 4 57 14 54 10 40 13
ilids,0,kiss_k,32,1.0,24,56.66666626930237,67.53219071233777,45 43 29 52 16 50 17 23 1 12 44 32 27 22 21 30 0 28 9 11 58 20 8 47 19 4 57 14 54 10 40 13
ilids,0,kiss_k,32,0.1,25,58.33333134651184,68.290452334312,28 0 17 8 48 52 2 6 34 31 20 14 41 43 25 9 46 58 39 12 38 33 18 22 42 15 24 44 53 19 57 56
ilids,0,kiss_k,32,1.0,25,56.66666626930237,66.6301570208771,28 0 17 8 48 52 2 6 34 31 20 14 41 43 25 9 46 58 39 12 38 33 18 22 42 15 24 44 53 19 57 56
ilids,0,kiss_k,32,0.1,26,63.333332538604736,71.03959765724473,16 8 38 58 2 26 44 41 29 47 18 46 24 27 10 55 54 5 35 52 11 53 13 34 31 6 25 4 48 43 12 22
ilids,0,kiss_k,32,1.0,26,64.99999761581421,71.92273155588374,16 8 38 58 2 26 44 41 29 47 18 46 24 27 10 55 54 5 35 52 11 53 13 34 31 6 25 4 48 43 12 22
ilids,0,kiss_k,32,0.1,27,58.33333134651184,69.62323633156966,4 27 10 12 15 20 47 49 32 7 41 42 6 31 57 17 39 54 35 29 26 36 9 21 24 53 14 16 30 46 51 8
ilids,0,kiss_k,32,1.0,27,60.00000238418579,69.96084656084656,4 27 10 12 15 20 47 49 32 7 41 42 6 31 57 17 39 54 35 29 26 36 9 21 24 53 14 16 30 46 51 8
ilids,0,kiss_k,32,0.1,28,60.00000238418579,69.77284126548834,58 15 20 55 45 11 46 16 1 53 52 38 12 27 28 43 19 39 9 51 0 35 22 32 5 57 44 56 31 42 8 41
ilids,0,kiss_k,32,1.0,28,58.33333134651184,68.55435652310652,58 15 20 55 45 11 46 16 1 53 52 38 12 27 28 43 19 39 9 51 0 35 22 32 5 57 44 56 31 42 8 41
ilids,0,kiss_k,32,0.1,29,58.33333134651184,68.67767417767419,22 15 56 14 41 4 33 34 1 42 58 51 29 0 36 43 28 27 48 5 7 35 10 54 47 44 45 30 57 19 38 26
ilids,0,kiss_k,32,1.0,29,58.33333134651184,67.91038043340676,22 15 56 14 41 4 33 34 1 42 58 51 29 0 36 43 28 27 48 5 7 35 10 54 47 44 45 30 57 19 38 26
ilids,1,raw,0,-1,-1,55.000001192092896,70.75886686413003,
ilids,1,center,0,-1,-1,55.000001192092896,70.75886686413003,
ilids,1,unlab,0,0.1,-1,51.66666507720947,66.92775742775741,
ilids,1,kiss_all,59,0.1,-1,56.66666626930237,68.8699494949495,
ilids,1,unlab,0,1.0,-1,50.0,65.47926332926333,
ilids,1,kiss_all,59,1.0,-1,51.66666507720947,68.09579772079772,
ilids,1,kiss_k,2,0.1,0,53.33333611488342,69.34012515262515,21 28
ilids,1,kiss_k,2,1.0,0,51.66666507720947,67.21272893772893,21 28
ilids,1,kiss_k,2,0.1,1,55.000001192092896,68.92976190476189,27 17
ilids,1,kiss_k,2,1.0,1,56.66666626930237,69.06746031746032,27 17
ilids,1,kiss_k,2,0.1,2,50.0,66.11946856906533,33 7
ilids,1,kiss_k,2,1.0,2,50.0,65.64148351648352,33 7
ilids,1,kiss_k,2,0.1,3,50.0,66.45720945720946,56 15
ilids,1,kiss_k,2,1.0,3,51.66666507720947,67.08553791887124,56 15
ilids,1,kiss_k,2,0.1,4,55.000001192092896,69.20203081232492,27 17
ilids,1,kiss_k,2,1.0,4,51.66666507720947,67.08196532999165,27 17
ilids,1,kiss_k,2,0.1,5,55.000001192092896,69.50992063492065,25 2
ilids,1,kiss_k,2,1.0,5,55.000001192092896,68.73378156930788,25 2
ilids,1,kiss_k,2,0.1,6,50.0,66.32264957264957,38 4
ilids,1,kiss_k,2,1.0,6,51.66666507720947,66.54479964479964,38 4
ilids,1,kiss_k,2,0.1,7,50.0,67.34479246243953,12 49
ilids,1,kiss_k,2,1.0,7,50.0,66.77962962962964,12 49
ilids,1,kiss_k,2,0.1,8,55.000001192092896,69.45123626373628,22 2
ilids,1,kiss_k,2,1.0,8,48.33333194255829,65.18596364648997,22 2
ilids,1,kiss_k,2,0.1,9,50.0,66.2126322751323,10 42
ilids,1,kiss_k,2,1.0,9,50.0,64.88030025530026,10 42
ilids,1,kiss_k,2,0.1,10,53.33333611488342,68.51186313686314,50 29
ilids,1,kiss_k,2,1.0,10,55.000001192092896,68.50552919302919,50 29
ilids,1,kiss_k,2,0.1,11,51.66666507720947,66.76860571814932,1 55
ilids,1,kiss_k,2,1.0,11,51.66666507720947,66.2962962962963,1 55
ilids,1,kiss_k,2,0.1,12,51.66666507720947,67.775783924681,22 8
ilids,1,kiss_k,2,1.0,12,48.33333194255829,65.56698262750893,22 8
ilids,1,kiss_k,2,0.1,13,50.0,66.90663598853254,50 19
ilids,1,kiss_k,2,1.0,13,48.33333194255829,65.58249805749806,50 19
ilids,1,kiss_k,2,0.1,14,55.000001192092896,69.13873626373626,9 33
ilids,1,kiss_k,2,1.0,14,56.66666626930237,69.42171717171718,9 33
ilids,1,kiss_k,2,0.1,15,53.33333611488342,68.52239658489658,8 3
ilids,1,kiss_k,2,1.0,15,51.66666507720947,67.60203553756185,8 3
ilids,1,kiss_k,2,0.1,16,55.000001192092896,70.30842999593,12 21
ilids,1,kiss_k,2,1.0,16,53.33333611488342,68.36050986050986,12 21
ilids,1,kiss_k,2,0.1,17,51.66666507720947,66.95849385289041,44 52
ilids,1,kiss_k,2,1.0,17,51.66666507720947,66.47078924162258,44 52
ilids,1,kiss_k,2,0.1,18,51.66666507720947,67.53935185185186,7 52
ilids,1,kiss_k,2,1.0,18,50.0,65.8236777842041,7 52
ilids,1,kiss_k,2,0.1,19,51.66666507720947,67.29212454212453,4 34
ilids,1,kiss_k,2,1.0,19,51.66666507720947,66.60969585969585,4 34
ilids,1,kiss_k,2,0.1,20,51.66666507720947,67.3683779502745,11 26
ilids,1,kiss_k,2,1.0,20,53.33333611488342,67.62189153439154,11 26
ilids,1,kiss_k,2,0.1,21,51.66666507720947,67.11568986568986,20 14
ilids,1,kiss_k,2,1.0,21,53.33333611488342,66.99585818415741,20 14
ilids,1,kiss_k,2,0.1,22,50.0,66.3349358974359,52 9
ilids,1,kiss_k,2,1.0,22,50.0,65.29129072681705,52 9
ilids,1,kiss_k,2,0.1,23,48.33333194255829,65.81813865147198,23 57
ilids,1,kiss_k,2,1.0,23,48.33333194255829,64.57296706561412,23 57
ilids,1,kiss_k,2,0.1,24,50.0,67.23157814407814,48 12
ilids,1,kiss_k,2,1.0,24,51.66666507720947,67.3486050986051,48 12
ilids,1,kiss_k,2,0.1,25,48.33333194255829,66.25925925925927,38 35
ilids,1,kiss_k,2,1.0,25,50.0,65.93416991552955,38 35
ilids,1,kiss_k,2,0.1,26,48.33333194255829,65.76807760141092,20 9
ilids,1,kiss_k,2,1.0,26,50.0,65.89130036630037,20 9
ilids,1,kiss_k,2,0.1,27,51.66666507720947,68.00589376404595,20 56
ilids,1,kiss_k,2,1.0,27,50.0,65.42089392089392,20 56
ilids,1,kiss_k,2,0.1,28,51.66666507720947,67.00661375661376,10 30
ilids,1,kiss_k,2,1.0,28,51.66666507720947,66.13681226181227,10 30
ilids,1,kiss_k,2,0.1,29,53.33333611488342,68.48499887209563,47 26
ilids,1,kiss_k,2,1.0,29,53.33333611488342,67.89468864468866,47 26
ilids,1,kiss_k,4,0.1,0,48.33333194255829,65.66534690799398,38 41 3 51
ilids,1,kiss_k,4,1.0,0,48.33333194255829,64.93856525921746,38 41 3 51
ilids,1,kiss_k,4,0.1,1,51.66666507720947,68.46947496947496,31 5 50 37
ilids,1,kiss_k,4,1.0,1,55.000001192092896,69.4934829059829,31 5 50 37
ilids,1,kiss_k,4,0.1,2,50.0,66.84146185355861,56 29 38 10
ilids,1,kiss_k,4,1.0,2,51.66666507720947,66.39922723475354,56 29 38 10
ilids,1,kiss_k,4,0.1,3,51.66666507720947,67.10521885521885,3 52 14 54
ilids,1,kiss_k,4,1.0,3,51.66666507720947,66.73573833573835,3 52 14 54
ilids,1,kiss_k,4,0.1,4,50.0,66.30203893151464,52 56 36 54
ilids,1,kiss_k,4,1.0,4,50.0,66.14684724084056,52 56 36 54
ilids,1,kiss_k,4,0.1,5,53.33333611488342,68.73714856312894,3 37 53 55
ilids,1,kiss_k,4,1.0,5,51.66666507720947,67.73918396418395,3 37 53 55
ilids,1,kiss_k,4,0.1,6,50.0,66.14522582537288,44 35 20 36
ilids,1,kiss_k,4,1.0,6,50.0,65.60723651348651,44 35 20 36
ilids,1,kiss_k,4,0.1,7,53.33333611488342,68.63652319902319,0 41 12 38
ilids,1,kiss_k,4,1.0,7,53.33333611488342,68.00136588451805,0 41 12 38
ilids,1,kiss_k,4,0.1,8,55.000001192092896,69.6475468975469,16 45 46 56
ilids,1,kiss_k,4,1.0,8,51.66666507720947,66.9305648055648,16 45 46 56
ilids,1,kiss_k,4,0.1,9,51.66666507720947,68.45502645502646,16 53 31 28
ilids,1,kiss_k,4,1.0,9,51.66666507720947,67.7457880813144,16 53 31 28
ilids,1,kiss_k,4,0.1,10,48.33333194255829,65.90025098358431,35 44 26 45
ilids,1,kiss_k,4,1.0,10,50.0,66.37995484048116,35 44 26 45
ilids,1,kiss_k,4,0.1,11,51.66666507720947,67.05062530062531,2 0 30 15
ilids,1,kiss_k,4,1.0,11,53.33333611488342,67.11529510794217,2 0 30 15
ilids,1,kiss_k,4,0.1,12,46.666666865348816,65.4761002886003,8 28 22 51
ilids,1,kiss_k,4,1.0,12,46.666666865348816,64.97669922669922,8 28 22 51
ilids,1,kiss_k,4,0.1,13,55.000001192092896,70.09459367792701,45 0 3 2
ilids,1,kiss_k,4,1.0,13,51.66666507720947,67.78473709526341,45 0 3 2
ilids,1,kiss_k,4,0.1,14,51.66666507720947,67.62011841254129,0 54 10 12
ilids,1,kiss_k,4,1.0,14,48.33333194255829,64.9764320220842,0 54 10 12
ilids,1,kiss_k,4,0.1,15,53.33333611488342,68.88183421516754,5 27 21 32
ilids,1,kiss_k,4,1.0,15,53.33333611488342,68.70331439896658,5 27 21 32
ilids,1,kiss_k,4,0.1,16,51.66666507720947,66.77601410934744,23 24 54 37
ilids,1,kiss_k,4,1.0,16,50.0,65.43476535541753,23 24 54 37
ilids,1,kiss_k,4,0.1,17,55.000001192092896,69.35465297230003,14 40 1 36
ilids,1,kiss_k,4,1.0,17,53.33333611488342,68.43439153439152,14 40 1 36
ilids,1,kiss_k,4,0.1,18,55.000001192092896,70.1077959396925,16 47 17 54
ilids,1,kiss_k,4,1.0,18,51.66666507720947,67.22680097680097,16 47 17 54
ilids,1,kiss_k,4,0.1,19,55.000001192092896,68.82066544566545,28 38 37 32
ilids,1,kiss_k,4,1.0,19,53.33333611488342,67.44135177687808,28 38 37 32
ilids,1,kiss_k,4,0.1,20,53.33333611488342,68.91617063492063,50 1 57 8
ilids,1,kiss_k,4,1.0,20,51.66666507720947,67.08837238079525,50 1 57 8
ilids,1,kiss_k,4,0.1,21,50.0,66.43116987682205,40 10 26 17
ilids,1,kiss_k,4,1.0,21,50.0,65.90995115995116,40 10 26 17
ilids,1,kiss_k,4,0.1,22,51.66666507720947,67.59222027972027,33 23 57 16
ilids,1,kiss_k,4,1.0,22,50.0,66.43595130359837,33 23 57 16
ilids,1,kiss_k,4,0.1,23,48.33333194255829,66.11431277056278,0 20 45 13
ilids,1,kiss_k,4,1.0,23,50.0,66.69020562770561,0 20 45 13
ilids,1,kiss_k,4,0.1,24,51.66666507720947,67.67081375414709,45 53 20 7
ilids,1,kiss_k,4,1.0,24,50.0,66.36798386798387,45 53 20 7
ilids,1,kiss_k,4,0.1,25,51.66666507720947,67.17762475360513,12 22 4 38
ilids,1,kiss_k,4,1.0,25,51.66666507720947,66.47757335257336,12 22 4 38
ilids,1,kiss_k,4,0.1,26,50.0,66.8671906796907,36 10 35 0
ilids,1,kiss_k,4,1.0,26,50.0,65.55441163774496,36 10 35 0
ilids,1,kiss_k,4,0.1,27,53.33333611488342,67.99130036630036,13 23 49 58
ilids,1,kiss_k,4,1.0,27,53.33333611488342,67.70100732600733,13 23 49 58
ilids,1,kiss_k,4,0.1,28,53.33333611488342,69.09689153439153,47 9 42 2
ilids,1,kiss_k,4,1.0,28,53.33333611488342,68.59325396825398,47 9 42 2
ilids,1,kiss_k,4,0.1,29,55.000001192092896,68.78548685613903,29 44 11 40
ilids,1,kiss_k,4,1.0,29,53.33333611488342,67.51180301180301,29 44 11 40
ilids,1,kiss_k,8,0.1,0,51.66666507720947,67.56691765025099,48 29 38 21 37 5 17 7
ilids,1,kiss_k,8,1.0,0,51.66666507720947,66.8903083028083,48 29 38 21 37 5 17 7
ilids,1,kiss_k,8,0.1,1,50.0,66.57715577813616,5 35 39 2 48 18 26 32
ilids,1,kiss_k,8,1.0,1,50.0,66.26818783068784,5 35 39 2 48 18 26 32
ilids,1,kiss_k,8,0.1,2,53.33333611488342,68.50882287646995,42 13 33 53 14 15 25 47
ilids,1,kiss_k,8,1.0,2,53.33333611488342,68.08971966037183,42 13 33 53 14 15 25 47
ilids,1,kiss_k,8,0.1,3,53.33333611488342,67.5882683658171,31 53 36 15 25 30 58 2
ilids,1,kiss_k,8,1.0,3,51.66666507720947,66.25737987502693,31 53 36 15 25 30 58 2
ilids,1,kiss_k,8,0.1,4,53.33333611488342,69.33190536315536,47 39 58 23 50 6 21 55
ilids,1,kiss_k,8,1.0,4,51.66666507720947,67.5164243483209,47 39 58 23 50 6 21 55
ilids,1,kiss_k,8,0.1,5,60.00000238418579,71.66666666666667,34 8 26 49 33 18 21 10
ilids,1,kiss_k,8,1.0,5,58.33333134651184,70.87472943722943,34 8 26 49 33 18 21 10
ilids,1,kiss_k,8,0.1,6,50.0,67.22162444037444,35 25 16 56 55 44 37 47
ilids,1,kiss_k,8,1.0,6,50.0,66.3366402116402,35 25 16 56 55 44 37 47
ilids,1,kiss_k,8,0.1,7,56.66666626930237,72.45062576312577,28 23 18 1 49 42 2 16
ilids,1,kiss_k,8,1.0,7,58.33333134651184,72.48809523809524,28 23 18 1 49 42 2 16
ilids,1,kiss_k,8,0.1,8,53.33333611488342,68.59489911429567,6 44 17 5 34 55 54 21
ilids,1,kiss_k,8,1.0,8,51.66666507720947,67.39408739408739,6 44 17 5 34 55 54 21
ilids,1,kiss_k,8,0.1,9,55.000001192092896,70.23253231442887,16 44 57 21 25 31 28 58
ilids,1,kiss_k,8,1.0,9,53.33333611488342,68.77356902356902,16 44 57 21 25 31 28 58
ilids,1,kiss_k,8,0.1,10,56.66666626930237,71.05248917748918,32 22 50 52 44 48 38 31
ilids,1,kiss_k,8,1.0,10,53.33333611488342,69.08333333333334,32 22 50 52 44 48 38 31
ilids,1,kiss_k,8,0.1,11,53.33333611488342,68.43694649577003,6 14 25 27 26 0 54 47
ilids,1,kiss_k,8,1.0,11,50.0,66.06782106782106,6 14 25 27 26 0 54 47
ilids,1,kiss_k,8,0.1,12,60.00000238418579,72.80994152046783,3 15 8 21 48 44 50 13
ilids,1,kiss_k,8,1.0,12,58.33333134651184,71.58590714840714,3 15 8 21 48 44 50 13
ilids,1,kiss_k,8,0.1,13,51.66666507720947,67.49940020992653,44 56 20 40 58 52 48 14
ilids,1,kiss_k,8,1.0,13,50.0,65.9590717763156,44 56 20 40 58 52 48 14
ilids,1,kiss_k,8,0.1,14,56.66666626930237,71.59126984126985,19 33 48 29 53 21 28 20
ilids,1,kiss_k,8,1.0,14,51.66666507720947,68.36926807760139,19 33 48 29 53 21 28 20
ilids,1,kiss_k,8,0.1,15,53.33333611488342,68.1086813513284,26 37 39 58 19 43 15 20
ilids,1,kiss_k,8,1.0,15,50.0,65.96635686438319,26 37 39 58 19 43 15 20
ilids,1,kiss_k,8,0.1,16,51.66666507720947,67.77286059351277,28 49 16 35 12 40 56 24
ilids,1,kiss_k,8,1.0,16,51.66666507720947,67.33184523809524,28 49 16 35 12 40 56 24
ilids,1,kiss_k,8,0.1,17,58.33333134651184,72.456541218638,54 26 50 14 9 55 39 40
ilids,1,kiss_k,8,1.0,17,55.000001192092896,69.70555555555555,54 26 50 14 9 55 39 40
ilids,1,kiss_k,8,0.1,18,55.000001192092896,69.18956193588546,46 4 12 58 54 42 11 52
ilids,1,kiss_k,8,1.0,18,55.000001192092896,68.4544553415521,46 4 12 58 54 42 11 52
ilids,1,kiss_k,8,0.1,19,55.000001192092896,68.54662698412697,13 30 27 28 48 41 9 31
ilids,1,kiss_k,8,1.0,19,55.000001192092896,67.94122103386809,13 30 27 28 48 41 9 31
ilids,1,kiss_k,8,0.1,20,55.000001192092896,71.02000178939835,30 51 2 50 47 5 57 24
ilids,1,kiss_k,8,1.0,20,50.0,67.33948412698413,30 51 2 50 47 5 57 24
ilids,1,kiss_k,8,0.1,21,53.33333611488342,69.252886002886,38 50 30 3 22 18 37 1
ilids,1,kiss_k,8,1.0,21,56.66666626930237,70.58974358974359,38 50 30 3 22 18 37 1
ilids,1,kiss_k,8,0.1,22,60.00000238418579,72.89292073667075,2 44 26 25 7 21 0 56
ilids,1,kiss_k,8,1.0,22,55.000001192092896,69.65277777777777,2 44 26 25 7 21 0 56
ilids,1,kiss_k,8,0.1,23,53.33333611488342,69.4704298969005,14 33 37 7 52 1 51 18
ilids,1,kiss_k,8,1.0,23,53.33333611488342,69.43845043845045,14 33 37 7 52 1 51 18
ilids,1,kiss_k,8,0.1,24,50.0,67.47424253306605,6 52 56 13 26 8 45 47
ilids,1,kiss_k,8,1.0,24,50.0,67.31688614142975,6 52 56 13 26 8 45 47
ilids,1,kiss_k,8,0.1,25,56.66666626930237,70.21844598054275,42 26 35 49 16 58 14 17
ilids,1,kiss_k,8,1.0,25,56.66666626930237,70.16997354497356,42 26 35 49 16 58 14 17
ilids,1,kiss_k,8,0.1,26,61.666667461395264,74.13735916860917,21 18 26 50 44 34 40 55
ilids,1,kiss_k,8,1.0,26,56.66666626930237,71.13217338217339,21 18 26 50 44 34 40 55
ilids,1,kiss_k,8,0.1,27,50.0,66.65404965404966,18 49 31 34 28 23 57 15
ilids,1,kiss_k,8,1.0,27,50.0,65.59159544159544,18 49 31 34 28 23 57 15
ilids,1,kiss_k,8,0.1,28,51.66666507720947,67.51708715418393,15 39 55 49 41 1 40 54
ilids,1,kiss_k,8,1.0,28,50.0,66.3257733007733,15 39 55 49 41 1 40 54
ilids,1,kiss_k,8,0.1,29,51.66666507720947,66.71071357836064,9 2 53 52 13 48 50 33
ilids,1,kiss_k,8,1.0,29,51.66666507720947,66.65373148562803,9 2 53 52 13 48 50 33
ilids,1,kiss_k,16,0.1,0,51.66666507720947,68.61217948717947,17 0 15 7 45 2 52 47 29 32 38 51 23 10 30 48
ilids,1,kiss_k,16,1.0,0,50.0,67.61598124098124,17 0 15 7 45 2 52 47 29 32 38 51 23 10 30 48
ilids,1,kiss_k,16,0.1,1,56.66666626930237,69.8007605820106,2 16 10 21 38 55 41 48 57 13 22 36 54 35 17 46
ilids,1,kiss_k,16,1.0,1,53.33333611488342,67.66879438644146,2 16 10 21 38 55 41 48 57 13 22 36 54 35 17 46
ilids,1,kiss_k,16,0.1,2,56.66666626930237,70.53530527708159,19 23 10 0 50 28 47 11 41 36 42 52 58 35 1 29
ilids,1,kiss_k,16,1.0,2,56.66666626930237,69.71782153032154,19 23 10 0 50 28 47 11 41 36 42 52 58 35 1 29
ilids,1,kiss_k,16,0.1,3,58.33333134651184,71.58994708994709,31 17 32 34 58 44 36 49 25 22 18 51 11 26 3 7
ilids,1,kiss_k,16,1.0,3,55.000001192092896,69.16432178932178,31 17 32 34 58 44 36 49 25 22 18 51 11 26 3 7
ilids,1,kiss_k,16,0.1,4,56.66666626930237,70.34329015211368,27 26 57 19 20 48 54 30 50 14 15 3 13 11 36 40
ilids,1,kiss_k,16,1.0,4,56.66666626930237,70.16455912508543,27 26 57 19 20 48 54 30 50 14 15 3 13 11 36 40
ilids,1,kiss_k,16,0.1,5,55.000001192092896,69.19662058371736,15 58 19 6 5 51 54 43 55 46 14 41 20 12 38 53
ilids,1,kiss_k,16,1.0,5,51.66666507720947,67.49397920087576,15 58 19 6 5 51 54 43 55 46 14 41 20 12 38 53
ilids,1,kiss_k,16,0.1,6,53.33333611488342,68.77277583527585,10 21 41 35 52 25 24 55 29 30 53 54 18 20 50 44
ilids,1,kiss_k,16,1.0,6,51.66666507720947,67.50413475413475,10 21 41 35 52 25 24 55 29 30 53 54 18 20 50 44
ilids,1,kiss_k,16,0.1,7,63.333332538604736,74.09186412084962,41 48 33 55 50 25 58 30 36 44 46 20 27 2 29 28
ilids,1,kiss_k,16,1.0,7,60.00000238418579,71.58270887656853,41 48 33 55 50 25 58 30 36 44 46 20 27 2 29 28
ilids,1,kiss_k,16,0.1,8,53.33333611488342,67.17963980463979,46 36 1 12 49 14 44 25 23 47 41 42 15 48 4 32
ilids,1,kiss_k,16,1.0,8,51.66666507720947,65.94517732017732,46 36 1 12 49 14 44 25 23 47 41 42 15 48 4 32
ilids,1,kiss_k,16,0.1,9,50.0,66.2151875901876,29 14 4 37 44 39 15 36 41 18 45 51 19 53 42 26
ilids,1,kiss_k,16,1.0,9,50.0,65.85039042498721,29 14 4 37 44 39 15 36 41 18 45 51 19 53 42 26
ilids,1,kiss_k,16,0.1,10,53.33333611488342,69.20640868140867,16 4 15 37 18 27 40 30 48 25 22 29 31 34 23 21
ilids,1,kiss_k,16,1.0,10,53.33333611488342,68.26792651792653,16 4 15 37 18 27 40 30 48 25 22 29 31 34 23 21
ilids,1,kiss_k,16,0.1,11,53.33333611488342,69.53053038579353,30 7 41 48 2 26 49 19 14 33 54 31 11 36 45 51
ilids,1,kiss_k,16,1.0,11,53.33333611488342,69.11126672891379,30 7 41 48 2 26 49 19 14 33 54 31 11 36 45 51
ilids,1,kiss_k,16,0.1,12,56.66666626930237,69.87968349733056,40 34 17 36 30 29 19 35 51 46 38 6 15 12 14 26
ilids,1,kiss_k,16,1.0,12,53.33333611488342,67.76455026455027,40 34 17 36 30 29 19 35 51 46 38 6 15 12 14 26
ilids,1,kiss_k,16,0.1,13,53.33333611488342,69.20543345543346,30 35 40 56 13 39 7 54 6 19 1 21 55 51 36 26
ilids,1,kiss_k,16,1.0,13,53.33333611488342,68.71263227513228,30 35 40 56 13 39 7 54 6 19 1 21 55 51 36 26
ilids,1,kiss_k,16,0.1,14,56.66666626930237,71.50992063492063,0 20 46 47 48 17 27 50 52 8 15 30 28 14 43 54
ilids,1,kiss_k,16,1.0,14,55.000001192092896,70.99996974996974,0 20 46 47 48 17 27 50 52 8 15 30 28 14 43 54
ilids,1,kiss_k,16,0.1,15,53.33333611488342,69.51752645502646,46 4 44 39 49 18 37 45 43 0 9 48 55 7 31 47
ilids,1,kiss_k,16,1.0,15,51.66666507720947,67.1317525067525,46 4 44 39 49 18 37 45 43 0 9 48 55 7 31 47
ilids,1,kiss_k,16,0.1,16,58.33333134651184,72.80973266499583,4 43 5 51 30 44 46 28 21 20 36 12 25 17 40 6
ilids,1,kiss_k,16,1.0,16,55.000001192092896,69.9445831945832,4 43 5 51 30 44 46 28 21 20 36 12 25 17 40 6
ilids,1,kiss_k,16,0.1,17,56.66666626930237,70.29013416960986,4 25 56 28 42 37 32 52 40 27 7 16 54 44 13 35
ilids,1,kiss_k,16,1.0,17,55.000001192092896,69.22149242838898,4 25 56 28 42 37 32 52 40 27 7 16 54 44 13 35
ilids,1,kiss_k,16,0.1,18,51.66666507720947,67.13955026455027,45 10 53 33 54 26 36 17 47 40 20 43 46 39 52 57
ilids,1,kiss_k,16,1.0,18,50.0,65.06414195123872,45 10 53 33 54 26 36 17 47 40 20 43 46 39 52 57
ilids,1,kiss_k,16,0.1,19,56.66666626930237,70.42450142450143,53 13 54 58 9 27 45 30 52 49 14 17 35 43 22 41
ilids,1,kiss_k,16,1.0,19,53.33333611488342,68.12056238265914,53 13 54 58 9 27 45 30 52 49 14 17 35 43 22 41
ilids,1,kiss_k,16,0.1,20,56.66666626930237,70.44219505984212,55 2 47 53 48 18 54 12 28 34 38 4 15 33 41 29
ilids,1,kiss_k,16,1.0,20,55.000001192092896,69.12008507106545,55 2 47 53 48 18 54 12 28 34 38 4 15 33 41 29
ilids,1,kiss_k,16,0.1,21,51.66666507720947,66.95426332926331,49 16 10 54 19 58 23 7 40 57 51 42 41 13 3 37
ilids,1,kiss_k,16,1.0,21,46.666666865348816,63.77739698573033,49 16 10 54 19 58 23 7 40 57 51 42 41 13 3 37
ilids,1,kiss_k,16,0.1,22,53.33333611488342,68.87522711787419,44 55 33 37 53 18 23 54 4 11 21 57 38 10 24 3
ilids,1,kiss_k,16,1.0,22,53.33333611488342,68.22404100529101,44 55 33 37 53 18 23 54 4 11 21 57 38 10 24 3
ilids,1,kiss_k,16,0.1,23,55.000001192092896,70.37126068376068,30 50 41 55 45 19 20 37 21 26 40 49 15 7 0 51
ilids,1,kiss_k,16,1.0,23,51.66666507720947,67.84005034820252,30 50 41 55 45 19 20 37 21 26 40 49 15 7 0 51
ilids,1,kiss_k,16,0.1,24,53.33333611488342,69.69535795745473,40 55 29 7 8 13 22 34 58 54 37 18 30 21 50 41
ilids,1,kiss_k,16,1.0,24,56.66666626930237,70.7454304954305,40 55 29 7 8 13 22 34 58 54 37 18 30 21 50 41
ilids,1,kiss_k,16,0.1,25,48.33333194255829,66.73738298738299,40 46 48 19 29 53 3 35 2 50 57 1 55 37 54 5
ilids,1,kiss_k,16,1.0,25,51.66666507720947,68.17361111111111,40 46 48 19 29 53 3 35 2 50 57 1 55 37 54 5
ilids,1,kiss_k,16,0.1,26,60.00000238418579,72.30257936507935,34 43 58 50 38 37 32 11 52 49 2 13 56 8 42 3
ilids,1,kiss_k,16,1.0,26,55.000001192092896,69.50557081807082,34 43 58 50 38 37 32 11 52 49 2 13 56 8 42 3
ilids,1,kiss_k,16,0.1,27,61.666667461395264,73.07233044733044,9 41 26 13 51 14 7 48 15 3 54 44 21 19 30 37
ilids,1,kiss_k,16,1.0,27,56.66666626930237,70.00751332001333,9 41 26 13 51 14 7 48 15 3 54 44 21 19 30 37
ilids,1,kiss_k,16,0.1,28,55.000001192092896,69.47561936271615,11 0 37 52 43 21 54 31 20 46 27 1 51 32 34 8
ilids,1,kiss_k,16,1.0,28,55.000001192092896,68.72719178969179,11 0 37 52 43 21 54 31 20 46 27 1 51 32 34 8
ilids,1,kiss_k,16,0.1,29,55.000001192092896,70.83694670280035,46 34 1 43 48 11 30 42 38 50 0 52 28 23 8 20
ilids,1,kiss_k,16,1.0,29,51.66666507720947,68.48799648064355,46 34 1 43 48 11 30 42 38 50 0 52 28 23 8 20
ilids,1,kiss_k,32,0.1,0,55.000001192092896,69.44944789510006,25 12 32 10 42 34 53 50 57 43 27 49 17 16 55 47 1 5 51 15 35 3 39 23 24 11 26 9 29 7 37 13
ilids,1,kiss_k,32,1.0,0,53.33333611488342,68.42045138097768,25 12 32 10 42 34 53 50 57 43 27 49 17 16 55 47 1 5 51 15 35 3 39 23 24 11 26 9 29 7 37 13
ilids,1,kiss_k,32,0.1,1,55.000001192092896,69.46248020470284,45 25 17 32 36 14 29 51 7 31 24 44 30 5 52 41 26 47 49 50 19 55 37 56 23 48 21 43 10 1 33 54
ilids,1,kiss_k,32,1.0,1,56.66666626930237,69.68658040243407,45 25 17 32 36 14 29 51 7 31 24 44 30 5 52 41 26 47 49 50 19 55 37 56 23 48 21 43 10 1 33 54
ilids,1,kiss_k,32,0.1,2,58.33333134651184,71.45004293140258,27 32 24 51 38 4 23 26 56 11 29 25 21 41 50 31 6 7 14 28 40 45 46 30 35 20 48 10 16 8 33 52
ilids,1,kiss_k,32,1.0,2,60.00000238418579,71.8060163996949,27 32 24 51 38 4 23 26 56 11 29 25 21 41 50 31 6 7 14 28 40 45 46 30 35 20 48 10 16 8 33 52
ilids,1,kiss_k,32,0.1,3,56.66666626930237,70.11670860756227,52 3 38 9 0 42 17 15 51 18 11 28 37 55 44 53 1 35 54 48 56 45 6 32 43 10 27 22 25 58 49 23
ilids,1,kiss_k,32,1.0,3,56.66666626930237,70.1382573882574,52 3 38 9 0 42 17 15 51 18 11 28 37 55 44 53 1 35 54 48 56 45 6 32 43 10 27 22 25 58 49 23
ilids,1,kiss_k,32,0.1,4,58.33333134651184,72.47772897037605,23 30 26 51 55 57 34 3 58 2 50 21 48 42 39 32 12 33 45 22 13 56 0 49 10 43 6 54 11 8 47 19
ilids,1,kiss_k,32,1.0,4,55.000001192092896,70.42030423280423,23 30 26 51 55 57 34 3 58 2 50 21 48 42 39 32 12 33 45 22 13 56 0 49 10 43 6 54 11 8 47 19
ilids,1,kiss_k,32,0.1,5,56.66666626930237,71.30773169482848,34 46 9 33 4 16 0 31 32 39 26 55 25 45 57 17 6 56 20 51 40 50 14 53 21 11 15 41 54 13 49 8
ilids,1,kiss_k,32,1.0,5,55.000001192092896,69.9315930075734,34 46 9 33 4 16 0 31 32 39 26 55 25 45 57 17 6 56 20 51 40 50 14 53 21 11 15 41 54 13 49 8
ilids,1,kiss_k,32,0.1,6,58.33333134651184,73.44907407407408,21 30 34 49 1 33 46 51 19 23 50 6 14 25 26 7 42 27 40 8 13 12 2 11 9 45 44 53 48 20 47 37
ilids,1,kiss_k,32,1.0,6,55.000001192092896,71.26507296466974,21 30 34 49 1 33 46 51 19 23 50 6 14 25 26 7 42 27 40 8 13 12 2 11 9 45 44 53 48 20 47 37
ilids,1,kiss_k,32,0.1,7,55.000001192092896,67.41992219381925,10 31 9 45 29 7 15 52 40 28 14 2 20 16 35 57 58 26 13 5 30 34 25 55 37 56 17 3 36 33 0 19
ilids,1,kiss_k,32,1.0,7,51.66666507720947,65.26727207977208,10 31 9 45 29 7 15 52 40 28 14 2 20 16 35 57 58 26 13 5 30 34 25 55 37 56 17 3 36 33 0 19
ilids,1,kiss_k,32,0.1,8,63.333332538604736,75.86131996658312,21 3 39 45 24 47 42 57 44 4 41 0 52 5 32 27 38 9 1 17 23 53 37 48 30 7 11 50 15 13 55 43
ilids,1,kiss_k,32,1.0,8,60.00000238418579,73.08730158730158,21 3 39 45 24 47 42 57 44 4 41 0 52 5 32 27 38 9 1 17 23 53 37 48 30 7 11 50 15 13 55 43
ilids,1,kiss_k,32,0.1,9,56.66666626930237,68.46448060883046,18 17 20 38 8 1 43 16 47 45 30 42 54 55 56 13 3 37 24 31 4 35 10 44 46 2 32 53 27 9 7 19
ilids,1,kiss_k,32,1.0,9,55.000001192092896,67.71939317991948,18 17 20 38 8 1 43 16 47 45 30 42 54 55 56 13 3 37 24 31 4 35 10 44 46 2 32 53 27 9 7 19
ilids,1,kiss_k,32,0.1,10,56.66666626930237,71.65103415103414,53 18 9 17 30 0 10 25 8 3 42 40 44 28 4 27 54 43 47 13 16 23 21 7 6 33 52 58 45 1 32 34
ilids,1,kiss_k,32,1.0,10,55.000001192092896,70.37392938602616,53 18 9 17 30 0 10 25 8 3 42 40 44 28 4 27 54 43 47 13 16 23 21 7 6 33 52 58 45 1 32 34
ilids,1,kiss_k,32,0.1,11,56.66666626930237,70.78892562167457,54 2 58 53 6 0 16 9 37 3 14 15 26 7 1 46 13 39 36 24 51 50 29 57 42 4 27 12 52 48 35 25
ilids,1,kiss_k,32,1.0,11,51.66666507720947,66.98494397759104,54 2 58 53 6 0 16 9 37 3 14 15 26 7 1 46 13 39 36 24 51 50 29 57 42 4 27 12 52 48 35 25
ilids,1,kiss_k,32,0.1,12,58.33333134651184,71.36233211233211,25 37 56 44 23 13 20 55 30 45 12 48 24 53 7 28 15 29 4 5 40 3 31 57 46 18 10 41 14 17 58 32
ilids,1,kiss_k,32,1.0,12,58.33333134651184,71.40769993894995,25 37 56 44 23 13 20 55 30 45 12 48 24 53 7 28 15 29 4 5 40 3 31 57 46 18 10 41 14 17 58 32
ilids,1,kiss_k,32,0.1,13,63.333332538604736,75.14124683689901,54 6 31 40 51 2 20 25 37 7 34 12 58 19 46 53 49 8 48 38 23 14 47 36 45 10 9 27 26 50 44 41
ilids,1,kiss_k,32,1.0,13,61.666667461395264,72.96929142981774,54 6 31 40 51 2 20 25 37 7 34 12 58 19 46 53 49 8 48 38 23 14 47 36 45 10 9 27 26 50 44 41
ilids,1,kiss_k,32,0.1,14,53.33333611488342,70.99248120300753,17 6 32 31 48 18 53 23 40 28 33 47 3 29 22 21 16 37 46 0 56 10 8 42 12 7 20 51 50 24 27 26
ilids,1,kiss_k,32,1.0,14,51.66666507720947,69.52317149081854,17 6 32 31 48 18 53 23 40 28 33 47 3 29 22 21 16 37 46 0 56 10 8 42 12 7 20 51 50 24 27 26
ilids,1,kiss_k,32,0.1,15,51.66666507720947,68.74094959621276,37 16 53 8 15 31 43 14 39 11 10 51 38 6 4 46 5 56 44 28 57 55 49 29 54 30 35 33 36 12 20 25
ilids,1,kiss_k,32,1.0,15,53.33333611488342,68.7012987012987,37 16 53 8 15 31 43 14 39 11 10 51 38 6 4 46 5 56 44 28 57 55 49 29 54 30 35 33 36 12 20 25
ilids,1,kiss_k,32,0.1,16,61.666667461395264,75.61243972829338,48 8 57 56 43 13 33 38 32 42 49 5 35 3 24 1 50 19 2 31 0 36 26 39 11 14 4 7 15 6 28 29
ilids,1,kiss_k,32,1.0,16,60.00000238418579,74.10195341445342,48 8 57 56 43 13 33 38 32 42 49 5 35 3 24 1 50 19 2 31 0 36 26 39 11 14 4 7 15 6 28 29
ilids,1,kiss_k,32,0.1,17,58.33333134651184,71.3212962962963,7 3 24 28 30 10 42 58 47 9 38 54 14 11 20 53 44 50 2 32 13 34 46 22 35 36 51 48 21 5 52 8
ilids,1,kiss_k,32,1.0,17,55.000001192092896,68.56712962962963,7 3 24 28 30 10 42 58 47 9 38 54 14 11 20 53 44 50 2 32 13 34 46 22 35 36 51 48 21 5 52 8
ilids,1,kiss_k,32,0.1,18,61.666667461395264,72.60955433455433,56 30 10 1 17 0 5 48 40 36 31 57 28 3 37 6 12 44 46 52 16 2 29 47 19 20 33 25 11 54 8 38
ilids,1,kiss_k,32,1.0,18,56.66666626930237,70.069792827945,56 30 10 1 17 0 5 48 40 36 31 57 28 3 37 6 12 44 46 52 16 2 29 47 19 20 33 25 11 54 8 38
ilids,1,kiss_k,32,0.1,19,60.00000238418579,73.11994949494948,29 30 25 51 38 7 55 39 40 54 56 52 32 16 34 6 37 3 15 19 9 2 24 50 42 33 17 21 20 12 57 13
ilids,1,kiss_k,32,1.0,19,53.33333611488342,69.31408502098158,29 30 25 51 38 7 55 39 40 54 56 52 32 16 34 6 37 3 15 19 9 2 24 50 42 33 17 21 20 12 57 13
ilids,1,kiss_k,32,0.1,20,64.99999761581421,75.26317663817663,23 55 48 30 27 8 37 26 4 41 25 53 24 14 34 28 50 10 38 58 2 54 20 13 5 43 6 57 42 32 49 11
ilids,1,kiss_k,32,1.0,20,60.00000238418579,72.79677413230044,23 55 48 30 27 8 37 26 4 41 25 53 24 14 34 28 50 10 38 58 2 54 20 13 5 43 6 57 42 32 49 11
ilids,1,kiss_k,32,0.1,21,60.00000238418579,73.43314270152506,8 22 18 55 36 47 24 58 17 19 40 49 27 57 53 52 2 41 30 43 14 26 44 7 5 6 31 56 32 10 42 21
ilids,1,kiss_k,32,1.0,21,56.66666626930237,71.59803921568627,8 22 18 55 36 47 24 58 17 19 40 49 27 57 53 52 2 41 30 43 14 26 44 7 5 6 31 56 32 10 42 21
ilids,1,kiss_k,32,0.1,22,60.00000238418579,72.7487259161488,12 38 40 2 41 43 19 5 32 29 55 10 34 6 57 36 22 20 30 54 33 4 7 21 47 16 0 49 26 17 42 45
ilids,1,kiss_k,32,1.0,22,58.33333134651184,71.90512265512265,12 38 40 2 41 43 19 5 32 29 55 10 34 6 57 36 22 20 30 54 33 4 7 21 47 16 0 49 26 17 42 45
ilids,1,kiss_k,32,0.1,23,58.33333134651184,72.00773724123796,57 19 11 17 40 52 13 10 29 51 45 34 36 14 47 50 43 9 16 15 24 42 20 12 54 58 39 48 44 53 1 6
ilids,1,kiss_k,32,1.0,23,58.33333134651184,71.56560781560782,57 19 11 17 40 52 13 10 29 51 45 34 36 14 47 50 43 9 16 15 24 42 20 12 54 58 39 48 44 53 1 6
ilids,1,kiss_k,32,0.1,24,66.66666865348816,75.50588396278053,57 4 17 33 52 37 50 44 38 43 26 29 11 8 25 7 28 14 31 23 10 30 48 47 12 34 40 2 24 45 55 46
ilids,1,kiss_k,32,1.0,24,64.99999761581421,74.25859788359789,57 4 17 33 52 37 50 44 38 43 26 29 11 8 25 7 28 14 31 23 10 30 48 47 12 34 40 2 24 45 55 46
ilids,1,kiss_k,32,0.1,25,56.66666626930237,70.80957081431465,17 49 0 22 51 3 24 44 36 27 33 31 23 6 35 15 12 34 42 53 54 29 50 14 20 56 19 10 21 4 9 16
ilids,1,kiss_k,32,1.0,25,55.000001192092896,69.3591871091871,17 49 0 22 51 3 24 44 36 27 33 31 23 6 35 15 12 34 42 53 54 29 50 14 20 56 19 10 21 4 9 16
ilids,1,kiss_k,32,0.1,26,53.33333611488342,68.09546657046658,30 55 50 49 22 41 23 56 18 13 0 33 14 20 44 6 10 32 28 1 15 2 37 24 48 29 26 11 46 52 27 31
ilids,1,kiss_k,32,1.0,26,53.33333611488342,68.32184944684946,30 55 50 49 22 41 23 56 18 13 0 33 14 20 44 6 10 32 28 1 15 2 37 24 48 29 26 11 46 52 27 31
ilids,1,kiss_k,32,0.1,27,58.33333134651184,71.11416361416362,5 58 55 8 48 11 9 4 42 40 0 53 57 12 38 1 31 47 6 46 24 23 14 44 52 35 36 29 22 13 15 25
ilids,1,kiss_k,32,1.0,27,55.000001192092896,68.62142255892255,5 58 55 8 48 11 9 4 42 40 0 53 57 12 38 1 31 47 6 46 24 23 14 44 52 35 36 29 22 13 15 25
ilids,1,kiss_k,32,0.1,28,60.00000238418579,73.13604913604912,37 2 38 41 51 20 35 0 25 18 55 4 26 21 49 53 6 47 11 15 43 56 50 9 46 36 48 14 23 27 52 16
ilids,1,kiss_k,32,1.0,28,58.33333134651184,71.93494152046785,37 2 38 41 51 20 35 0 25 18 55 4 26 21 49 53 6 47 11 15 43 56 50 9 46 36 48 14 23 27 52 16
ilids,1,kiss_k,32,0.1,29,55.000001192092896,70.20986456176675,52 5 45 14 53 16 30 39 37 9 22 0 12 6 31 10 2 4 48 57 34 20 38 35 47 54 24 51 25 43 26 32
ilids,1,kiss_k,32,1.0,29,53.33333611488342,69.01959247648902,52 5 45 14 53 16 30 39 37 9 22 0 12 6 31 10 2 4 48 57 34 20 38 35 47 54 24 51 25 43 26 32
ilids,2,raw,0,-1,-1,55.000001192092896,66.39808410188846,
ilids,2,center,0,-1,-1,55.000001192092896,66.39808410188846,
ilids,2,unlab,0,0.1,-1,58.33333134651184,67.32640499526464,
ilids,2,kiss_all,59,0.1,-1,51.66666507720947,61.46638024285082,
ilids,2,unlab,0,1.0,-1,56.66666626930237,66.5013934866876,
ilids,2,kiss_all,59,1.0,-1,51.66666507720947,63.15582604124271,
ilids,2,kiss_k,2,0.1,0,58.33333134651184,67.179072607246,6 40
ilids,2,kiss_k,2,1.0,0,56.66666626930237,66.14566990041374,6 40
ilids,2,kiss_k,2,0.1,1,56.66666626930237,66.66993145743146,17 13
ilids,2,kiss_k,2,1.0,1,56.66666626930237,66.25938644688644,17 13
ilids,2,kiss_k,2,0.1,2,56.66666626930237,66.5288059893323,43 8
ilids,2,kiss_k,2,1.0,2,55.000001192092896,65.6391346446777,43 8
ilids,2,kiss_k,2,0.1,3,55.000001192092896,65.95254582019287,6 27
ilids,2,kiss_k,2,1.0,3,58.33333134651184,67.66168106422978,6 27
ilids,2,kiss_k,2,0.1,4,53.33333611488342,65.81093212343211,19 31
ilids,2,kiss_k,2,1.0,4,53.33333611488342,65.59444192198788,19 31
ilids,2,kiss_k,2,0.1,5,58.33333134651184,67.56910007527856,8 47
ilids,2,kiss_k,2,1.0,5,58.33333134651184,67.45645881541022,8 47
ilids,2,kiss_k,2,0.1,6,58.33333134651184,67.61142012521321,7 11
ilids,2,kiss_k,2,1.0,6,56.66666626930237,67.02161156495835,7 11
ilids,2,kiss_k,2,0.1,7,55.000001192092896,65.87137221939854,33 14
ilids,2,kiss_k,2,1.0,7,53.33333611488342,64.85364576887565,33 14
ilids,2,kiss_k,2,0.1,8,60.00000238418579,68.18998646596685,32 14
ilids,2,kiss_k,2,1.0,8,56.66666626930237,66.49798795116132,32 14
ilids,2,kiss_k,2,0.1,9,55.000001192092896,65.92197405315254,41 36
ilids,2,kiss_k,2,1.0,9,51.66666507720947,64.10725762073801,41 36
ilids,2,kiss_k,2,0.1,10,56.66666626930237,66.46924603174604,55 42
ilids,2,kiss_k,2,1.0,10,56.66666626930237,66.48899326739438,55 42
ilids,2,kiss_k,2,0.1,11,53.33333611488342,65.34993846023256,58 5
ilids,2,kiss_k,2,1.0,11,53.33333611488342,65.0562270550526,58 5
ilids,2,kiss_k,2,0.1,12,56.66666626930237,66.82660923278773,14 19
ilids,2,kiss_k,2,1.0,12,55.000001192092896,65.72857150159783,14 19
ilids,2,kiss_k,2,0.1,13,56.66666626930237,66.87573983297023,0 24
ilids,2,kiss_k,2,1.0,13,56.66666626930237,66.75718804382844,0 24
ilids,2,kiss_k,2,0.1,14,58.33333134651184,67.25573731823732,53 7
ilids,2,kiss_k,2,1.0,14,56.66666626930237,66.21109903649504,53 7
ilids,2,kiss_k,2,0.1,15,53.33333611488342,64.83032430532431,18 39
ilids,2,kiss_k,2,1.0,15,56.66666626930237,66.25279285099374,18 39
ilids,2,kiss_k,2,0.1,16,58.33333134651184,67.45792082243264,58 19
ilids,2,kiss_k,2,1.0,16,58.33333134651184,67.42751458619075,58 19
ilids,2,kiss_k,2,0.1,17,55.000001192092896,66.26137884770439,58 38
ilids,2,kiss_k,2,1.0,17,55.000001192092896,66.46717626103592,58 38
ilids,2,kiss_k,2,0.1,18,56.66666626930237,66.7982956857957,10 37
ilids,2,kiss_k,2,1.0,18,58.33333134651184,67.58891853879601,10 37
ilids,2,kiss_k,2,0.1,19,56.66666626930237,66.72815632080338,51 42
ilids,2,kiss_k,2,1.0,19,56.66666626930237,66.69925444925444,51 42
ilids,2,kiss_k,2,0.1,20,55.000001192092896,66.14145449960667,58 4
ilids,2,kiss_k,2,1.0,20,55.000001192092896,65.936432733378,58 4
ilids,2,kiss_k,2,0.1,21,53.33333611488342,65.76426659759993,15 52
ilids,2,kiss_k,2,1.0,21,53.33333611488342,65.54391781058446,15 52
ilids,2,kiss_k,2,0.1,22,61.666667461395264,69.66161338661337,17 44
ilids,2,kiss_k,2,1.0,22,56.66666626930237,67.22044828809534,17 44
ilids,2,kiss_k,2,0.1,23,56.66666626930237,66.47661905022042,21 5
ilids,2,kiss_k,2,1.0,23,56.66666626930237,66.39727877018254,21 5
ilids,2,kiss_k,2,0.1,24,53.33333611488342,64.90487679693734,32 31
ilids,2,kiss_k,2,1.0,24,53.33333611488342,64.8897243327674,32 31
ilids,2,kiss_k,2,0.1,25,60.00000238418579,67.98694280759497,29 56
ilids,2,kiss_k,2,1.0,25,58.33333134651184,67.056246993747,29 56
ilids,2,kiss_k,2,0.1,26,58.33333134651184,68.53556998556999,12 20
ilids,2,kiss_k,2,1.0,26,56.66666626930237,67.64907984172692,12 20
ilids,2,kiss_k,2,0.1,27,56.66666626930237,66.75734858870824,36 19
ilids,2,kiss_k,2,1.0,27,55.000001192092896,66.14826359220375,36 19
ilids,2,kiss_k,2,0.1,28,56.66666626930237,66.73676339692737,5 45
ilids,2,kiss_k,2,1.0,28,56.66666626930237,66.50077536842241,5 45
ilids,2,kiss_k,2,0.1,29,55.000001192092896,65.67416214284063,39 34
ilids,2,kiss_k,2,1.0,29,53.33333611488342,64.7603551132963,39 34
ilids,2,kiss_k,4,0.1,0,55.000001192092896,65.35747427574954,39 33 42 3
ilids,2,kiss_k,4,1.0,0,51.66666507720947,63.72454793592017,39 33 42 3
ilids,2,kiss_k,4,0.1,1,53.33333611488342,65.13066481058767,34 52 37 2
ilids,2,kiss_k,4,1.0,1,53.33333611488342,65.01813772647105,34 52 37 2
ilids,2,kiss_k,4,0.1,2,53.33333611488342,66.09698780751413,8 12 43 15
ilids,2,kiss_k,4,1.0,2,51.66666507720947,64.94307794925643,8 12 43 15
ilids,2,kiss_k,4,0.1,3,56.66666626930237,66.743548271097,3 52 47 34
ilids,2,kiss_k,4,1.0,3,53.33333611488342,64.86208188597894,3 52 47 34
ilids,2,kiss_k,4,0.1,4,56.66666626930237,66.89746074825999,52 44 10 7
ilids,2,kiss_k,4,1.0,4,56.66666626930237,66.7139050587451,52 44 10 7
ilids,2,kiss_k,4,0.1,5,53.33333611488342,65.56373429146419,4 35 11 22
ilids,2,kiss_k,4,1.0,5,55.000001192092896,66.2683516512286,4 35 11 22
ilids,2,kiss_k,4,0.1,6,58.33333134651184,67.58029231165196,0 56 44 50
ilids,2,kiss_k,4,1.0,6,56.66666626930237,66.65267276265561,0 56 44 50
ilids,2,kiss_k,4,0.1,7,55.000001192092896,66.24205328984742,5 48 17 29
ilids,2,kiss_k,4,1.0,7,55.000001192092896,65.88846659876073,5 48 17 29
ilids,2,kiss_k,4,0.1,8,55.000001192092896,66.73030232294937,9 51 23 44
ilids,2,kiss_k,4,1.0,8,56.66666626930237,67.45576491409825,9 51 23 44
ilids,2,kiss_k,4,0.1,9,53.33333611488342,66.07509438199094,12 18 50 22
ilids,2,kiss_k,4,1.0,9,50.0,64.05743438660106,12 18 50 22
ilids,2,kiss_k,4,0.1,10,56.66666626930237,66.18043758442309,6 17 24 8
ilids,2,kiss_k,4,1.0,10,53.33333611488342,64.5414716295488,6 17 24 8
ilids,2,kiss_k,4,0.1,11,55.000001192092896,66.01584391024046,48 10 42 23
ilids,2,kiss_k,4,1.0,11,53.33333611488342,65.20676035565742,48 10 42 23
ilids,2,kiss_k,4,0.1,12,58.33333134651184,67.25553006878627,31 0 24 9
ilids,2,kiss_k,4,1.0,12,55.000001192092896,65.49553336578231,31 0 24 9
ilids,2,kiss_k,4,0.1,13,56.66666626930237,66.70121885712211,52 58 3 16
ilids,2,kiss_k,4,1.0,13,55.000001192092896,65.89523215732893,52 58 3 16
ilids,2,kiss_k,4,0.1,14,51.66666507720947,64.87784043298748,3 46 58 32
ilids,2,kiss_k,4,1.0,14,50.0,64.02044479943031,3 46 58 32
ilids,2,kiss_k,4,0.1,15,55.000001192092896,66.4387208770201,7 43 41 18
ilids,2,kiss_k,4,1.0,15,56.66666626930237,67.23256429577378,7 43 41 18
ilids,2,kiss_k,4,0.1,16,58.33333134651184,67.36884442717775,29 10 39 52
ilids,2,kiss_k,4,1.0,16,56.66666626930237,66.39112706757285,29 10 39 52
ilids,2,kiss_k,4,0.1,17,53.33333611488342,65.26017013220317,16 0 57 26
ilids,2,kiss_k,4,1.0,17,51.66666507720947,64.42488894871448,16 0 57 26
ilids,2,kiss_k,4,0.1,18,51.66666507720947,64.12452547452546,51 19 45 34
ilids,2,kiss_k,4,1.0,18,51.66666507720947,64.1622773559048,51 19 45 34
ilids,2,kiss_k,4,0.1,19,56.66666626930237,67.31077441077441,40 33 55 48
ilids,2,kiss_k,4,1.0,19,53.33333611488342,65.33387677606744,40 33 55 48
ilids,2,kiss_k,4,0.1,20,56.66666626930237,66.8161088875603,50 41 55 7
ilids,2,kiss_k,4,1.0,20,56.66666626930237,66.1633083285382,50 41 55 7
ilids,2,kiss_k,4,0.1,21,55.000001192092896,66.63292195746557,30 14 41 15
ilids,2,kiss_k,4,1.0,21,51.66666507720947,64.81826175206048,30 14 41 15
ilids,2,kiss_k,4,0.1,22,53.33333611488342,66.01895847711066,2 26 58 35
ilids,2,kiss_k,4,1.0,22,53.33333611488342,65.80059537460208,2 26 58 35
ilids,2,kiss_k,4,0.1,23,56.66666626930237,66.5652019914951,52 4 5 24
ilids,2,kiss_k,4,1.0,23,55.000001192092896,65.6101659442985,52 4 5 24
ilids,2,kiss_k,4,0.1,24,56.66666626930237,67.07138971977177,16 51 38 48
ilids,2,kiss_k,4,1.0,24,55.000001192092896,65.96882319572536,16 51 38 48
ilids,2,kiss_k,4,0.1,25,55.000001192092896,66.30346249610956,24 45 5 28
ilids,2,kiss_k,4,1.0,25,55.000001192092896,66.29224846504258,24 45 5 28
ilids,2,kiss_k,4,0.1,26,58.33333134651184,67.73591075610653,13 49 42 14
ilids,2,kiss_k,4,1.0,26,56.66666626930237,66.90779829489507,13 49 42 14
ilids,2,kiss_k,4,0.1,27,56.66666626930237,66.20566329095739,11 22 31 46
ilids,2,kiss_k,4,1.0,27,56.66666626930237,66.3156629554656,11 22 31 46
ilids,2,kiss_k,4,0.1,28,55.000001192092896,66.7635381593715,44 45 31 46
ilids,2,kiss_k,4,1.0,28,55.000001192092896,66.50375060038317,44 45 31 46
ilids,2,kiss_k,4,0.1,29,55.000001192092896,66.4925947332681,17 58 33 42
ilids,2,kiss_k,4,1.0,29,51.66666507720947,64.72524530937788,17 58 33 42
ilids,2,kiss_k,8,0.1,0,51.66666507720947,63.87188644688645,22 43 6 14 33 53 18 28
ilids,2,kiss_k,8,1.0,0,55.000001192092896,65.54739161804378,22 43 6 14 33 53 18 28
ilids,2,kiss_k,8,0.1,1,53.33333611488342,65.75272232354277,1 5 20 35 42 52 44 51
ilids,2,kiss_k,8,1.0,1,55.000001192092896,66.66017984471287,1 5 20 35 42 52 44 51
ilids,2,kiss_k,8,0.1,2,51.66666507720947,65.26485453868008,47 2 8 11 53 33 6 16
ilids,2,kiss_k,8,1.0,2,53.33333611488342,66.40380676016642,47 2 8 11 53 33 6 16
ilids,2,kiss_k,8,0.1,3,51.66666507720947,65.30506746939813,33 38 58 48 26 14 53 5
ilids,2,kiss_k,8,1.0,3,50.0,64.21606855302507,33 38 58 48 26 14 53 5
ilids,2,kiss_k,8,0.1,4,56.66666626930237,65.97537601287601,27 31 53 40 46 11 12 58
ilids,2,kiss_k,8,1.0,4,55.000001192092896,65.5186151811152,27 31 53 40 46 11 12 58
ilids,2,kiss_k,8,0.1,5,53.33333611488342,65.47680396945103,42 50 30 26 27 25 2 58
ilids,2,kiss_k,8,1.0,5,50.0,63.82372464137169,42 50 30 26 27 25 2 58
ilids,2,kiss_k,8,0.1,6,50.0,64.083531955565,12 57 9 39 7 48 38 56
ilids,2,kiss_k,8,1.0,6,50.0,63.53884803468137,12 57 9 39 7 48 38 56
ilids,2,kiss_k,8,0.1,7,56.66666626930237,67.83513691331031,44 42 6 5 19 13 30 48
ilids,2,kiss_k,8,1.0,7,56.66666626930237,67.5422273378795,44 42 6 5 19 13 30 48
ilids,2,kiss_k,8,0.1,8,58.33333134651184,68.36303849816159,21 41 7 26 44 45 55 14
ilids,2,kiss_k,8,1.0,8,58.33333134651184,68.2742110216019,21 41 7 26 44 45 55 14
ilids,2,kiss_k,8,0.1,9,50.0,63.80830658133291,16 37 35 12 53 49 19 28
ilids,2,kiss_k,8,1.0,9,50.0,63.863241129785244,16 37 35 12 53 49 19 28
ilids,2,kiss_k,8,0.1,10,51.66666507720947,64.91883647398353,37 15 34 6 51 4 24 56
ilids,2,kiss_k,8,1.0,10,53.33333611488342,65.495226995227,37 15 34 6 51 4 24 56
ilids,2,kiss_k,8,0.1,11,53.33333611488342,65.34962556830405,18 6 37 47 43 54 50 17
ilids,2,kiss_k,8,1.0,11,51.66666507720947,64.25387520617784,18 6 37 47 43 54 50 17
ilids,2,kiss_k,8,0.1,12,55.000001192092896,66.71757655762529,34 33 42 20 32 11 52 38
ilids,2,kiss_k,8,1.0,12,56.66666626930237,66.68323805823805,34 33 42 20 32 11 52 38
ilids,2,kiss_k,8,0.1,13,53.33333611488342,64.92271532074163,5 31 50 32 14 17 15 54
ilids,2,kiss_k,8,1.0,13,50.0,63.362258792405854,5 31 50 32 14 17 15 54
ilids,2,kiss_k,8,0.1,14,51.66666507720947,65.11870841198368,1 14 38 16 42 8 3 51
ilids,2,kiss_k,8,1.0,14,51.66666507720947,64.65927157900198,1 14 38 16 42 8 3 51
ilids,2,kiss_k,8,0.1,15,51.66666507720947,64.14870777370777,45 42 39 57 9 26 5 23
ilids,2,kiss_k,8,1.0,15,51.66666507720947,64.15542011594641,45 42 39 57 9 26 5 23
ilids,2,kiss_k,8,0.1,16,50.0,64.77369574869573,11 54 42 6 33 36 48 13
ilids,2,kiss_k,8,1.0,16,50.0,63.786687604334666,11 54 42 6 33 36 48 13
ilids,2,kiss_k,8,0.1,17,56.66666626930237,67.27949978765196,54 57 28 36 12 0 24 2
ilids,2,kiss_k,8,1.0,17,55.000001192092896,66.60628394260951,54 57 28 36 12 0 24 2
ilids,2,kiss_k,8,0.1,18,56.66666626930237,68.35150249217588,2 30 13 57 49 17 48 44
ilids,2,kiss_k,8,1.0,18,56.66666626930237,67.9374897977839,2 30 13 57 49 17 48 44
ilids,2,kiss_k,8,0.1,19,53.33333611488342,65.22126499881372,19 34 46 14 16 53 6 31
ilids,2,kiss_k,8,1.0,19,55.000001192092896,65.90074855699855,19 34 46 14 16 53 6 31
ilids,2,kiss_k,8,0.1,20,56.66666626930237,66.7750769186393,11 26 29 20 43 39 52 56
ilids,2,kiss_k,8,1.0,20,56.66666626930237,66.93006746939813,11 26 29 20 43 39 52 56
ilids,2,kiss_k,8,0.1,21,55.000001192092896,66.5396411322882,29 31 18 7 11 17 34 54
ilids,2,kiss_k,8,1.0,21,55.000001192092896,66.66234929944606,29 31 18 7 11 17 34 54
ilids,2,kiss_k,8,0.1,22,51.66666507720947,65.10021346225707,41 23 40 54 1 30 33 56
ilids,2,kiss_k,8,1.0,22,55.000001192092896,66.88215981549315,41 23 40 54 1 30 33 56
ilids,2,kiss_k,8,0.1,23,58.33333134651184,67.57555407555408,14 30 48 54 33 18 47 20
ilids,2,kiss_k,8,1.0,23,56.66666626930237,66.58664946164947,14 30 48 54 33 18 47 20
ilids,2,kiss_k,8,0.1,24,55.000001192092896,66.56786970496647,47 23 51 34 19 55 9 20
ilids,2,kiss_k,8,1.0,24,55.000001192092896,66.50177070131431,47 23 51 34 19 55 9 20
ilids,2,kiss_k,8,0.1,25,55.000001192092896,66.96798687423687,30 46 39 24 8 49 54 0
ilids,2,kiss_k,8,1.0,25,55.000001192092896,66.59582442180482,30 46 39 24 8 49 54 0
ilids,2,kiss_k,8,0.1,26,50.0,63.20804954218211,14 57 23 12 10 13 26 42
ilids,2,kiss_k,8,1.0,26,51.66666507720947,63.950408692185,14 57 23 12 10 13 26 42
ilids,2,kiss_k,8,0.1,27,53.33333611488342,65.34080872476014,1 44 33 39 15 0 32 31
ilids,2,kiss_k,8,1.0,27,53.33333611488342,65.61543314441866,1 44 33 39 15 0 32 31
ilids,2,kiss_k,8,0.1,28,53.33333611488342,64.94032965085597,43 29 10 32 50 47 26 55
ilids,2,kiss_k,8,1.0,28,51.66666507720947,63.85511710511711,43 29 10 32 50 47 26 55
ilids,2,kiss_k,8,0.1,29,53.33333611488342,65.73722026024657,30 29 19 48 32 10 15 33
ilids,2,kiss_k,8,1.0,29,51.66666507720947,64.95553073307946,30 29 19 48 32 10 15 33
ilids,2,kiss_k,16,0.1,0,50.0,63.577522333410016,9 41 2 50 54 35 48 37 53 20 43 40 28 36 0 11
ilids,2,kiss_k,16,1.0,0,48.33333194255829,62.58083608956543,9 41 2 50 54 35 48 37 53 20 43 40 28 36 0 11
ilids,2,kiss_k,16,0.1,1,55.000001192092896,66.25035245724901,37 32 49 53 34 42 57 27 5 31 44 28 55 29 3 15
ilids,2,kiss_k,16,1.0,1,55.000001192092896,66.07080334382967,37 32 49 53 34 42 57 27 5 31 44 28 55 29 3 15
ilids,2,kiss_k,16,0.1,2,51.66666507720947,65.10264654829872,48 36 23 29 37 40 27 39 15 21 18 1 2 7 5 42
ilids,2,kiss_k,16,1.0,2,51.66666507720947,64.85241756294387,48 36 23 29 37 40 27 39 15 21 18 1 2 7 5 42
ilids,2,kiss_k,16,0.1,3,51.66666507720947,64.83154191487526,37 39 48 38 16 30 32 44 1 27 17 11 13 15 29 42
ilids,2,kiss_k,16,1.0,3,48.33333194255829,63.230344222991285,37 39 48 38 16 30 32 44 1 27 17 11 13 15 29 42
ilids,2,kiss_k,16,0.1,4,58.33333134651184,68.11855247149364,52 58 21 51 53 23 35 6 14 8 2 37 12 5 25 44
ilids,2,kiss_k,16,1.0,4,55.000001192092896,66.63187884240517,52 58 21 51 53 23 35 6 14 8 2 37 12 5 25 44
ilids,2,kiss_k,16,0.1,5,53.33333611488342,65.6486687654451,21 41 33 30 57 54 50 3 25 52 19 53 13 32 28 51
ilids,2,kiss_k,16,1.0,5,50.0,63.85200551082906,21 41 33 30 57 54 50 3 25 52 19 53 13 32 28 51
ilids,2,kiss_k,16,0.1,6,56.66666626930237,67.01200180586146,41 25 4 15 37 33 21 12 11 58 29 7 20 23 48 1
ilids,2,kiss_k,16,1.0,6,58.33333134651184,67.75003484008357,41 25 4 15 37 33 21 12 11 58 29 7 20 23 48 1
ilids,2,kiss_k,16,0.1,7,56.66666626930237,67.46458810844776,41 20 38 12 45 50 22 14 48 35 32 9 44 33 16 39
ilids,2,kiss_k,16,1.0,7,55.000001192092896,66.59330065359478,41 20 38 12 45 50 22 14 48 35 32 9 44 33 16 39
ilids,2,kiss_k,16,0.1,8,60.00000238418579,69.02433514198219,3 10 46 31 44 42 29 23 51 48 58 25 21 30 14 24
ilids,2,kiss_k,16,1.0,8,60.00000238418579,68.93881500946718,3 10 46 31 44 42 29 23 51 48 58 25 21 30 14 24
ilids,2,kiss_k,16,0.1,9,55.000001192092896,66.98913968479185,46 16 44 26 19 35 3 37 14 57 5 23 39 25 43 49
ilids,2,kiss_k,16,1.0,9,55.000001192092896,66.95310245310246,46 16 44 26 19 35 3 37 14 57 5 23 39 25 43 49
ilids,2,kiss_k,16,0.1,10,56.66666626930237,68.08466915532132,13 34 51 46 53 54 44 7 12 36 18 41 2 31 49 40
ilids,2,kiss_k,16,1.0,10,56.66666626930237,67.82635347160242,13 34 51 46 53 54 44 7 12 36 18 41 2 31 49 40
ilids,2,kiss_k,16,0.1,11,56.66666626930237,68.47874347874348,57 9 10 44 27 26 0 32 48 24 15 45 49 16 47 50
ilids,2,kiss_k,16,1.0,11,55.000001192092896,67.56844217873629,57 9 10 44 27 26 0 32 48 24 15 45 49 16 47 50
ilids,2,kiss_k,16,0.1,12,55.000001192092896,65.70189686201995,33 13 31 50 46 54 0 44 41 55 11 24 18 10 56 47
ilids,2,kiss_k,16,1.0,12,55.000001192092896,65.51074735449735,33 13 31 50 46 54 0 44 41 55 11 24 18 10 56 47
ilids,2,kiss_k,16,0.1,13,53.33333611488342,66.35825316658651,37 6 49 13 3 27 58 50 11 42 48 57 2 32 52 15
ilids,2,kiss_k,16,1.0,13,50.0,64.11454964433437,37 6 49 13 3 27 58 50 11 42 48 57 2 32 52 15
ilids,2,kiss_k,16,0.1,14,56.66666626930237,68.2955395643992,48 13 40 32 8 16 43 36 26 44 50 54 37 11 6 49
ilids,2,kiss_k,16,1.0,14,56.66666626930237,67.83313579446133,48 13 40 32 8 16 43 36 26 44 50 54 37 11 6 49
ilids,2,kiss_k,16,0.1,15,56.66666626930237,68.01665471625148,48 21 53 27 40 46 47 39 34 6 24 17 13 50 44 4
ilids,2,kiss_k,16,1.0,15,53.33333611488342,66.19710545914906,48 21 53 27 40 46 47 39 34 6 24 17 13 50 44 4
ilids,2,kiss_k,16,0.1,16,55.000001192092896,65.96747384408243,36 25 26 6 18 50 22 55 14 57 34 16 38 8 45 47
ilids,2,kiss_k,16,1.0,16,53.33333611488342,65.02353084800295,36 25 26 6 18 50 22 55 14 57 34 16 38 8 45 47
ilids,2,kiss_k,16,0.1,17,46.666666865348816,62.7320387945388,19 49 42 16 15 5 32 53 2 47 44 33 11 27 37 50
ilids,2,kiss_k,16,1.0,17,48.33333194255829,63.529486595276076,19 49 42 16 15 5 32 53 2 47 44 33 11 27 37 50
ilids,2,kiss_k,16,0.1,18,56.66666626930237,67.6274544864059,55 52 50 14 25 11 44 28 58 21 35 17 15 22 36 8
ilids,2,kiss_k,16,1.0,18,55.000001192092896,66.56400055148765,55 52 50 14 25 11 44 28 58 21 35 17 15 22 36 8
ilids,2,kiss_k,16,0.1,19,51.66666507720947,64.65094083476438,21 36 17 25 53 55 37 45 18 6 52 14 12 0 8 58
ilids,2,kiss_k,16,1.0,19,51.66666507720947,64.4086997082965,21 36 17 25 53 55 37 45 18 6 52 14 12 0 8 58
ilids,2,kiss_k,16,0.1,20,51.66666507720947,65.4128178155348,54 39 35 58 12 40 49 18 56 22 20 47 37 30 24 48
ilids,2,kiss_k,16,1.0,20,51.66666507720947,65.04419866090348,54 39 35 58 12 40 49 18 56 22 20 47 37 30 24 48
ilids,2,kiss_k,16,0.1,21,50.0,64.165928978429,12 16 29 2 13 10 5 19 42 57 38 15 27 28 37 14
ilids,2,kiss_k,16,1.0,21,48.33333194255829,63.89369572922205,12 16 29 2 13 10 5 19 42 57 38 15 27 28 37 14
ilids,2,kiss_k,16,0.1,22,53.33333611488342,66.31732838062763,39 5 48 12 50 49 24 27 18 43 23 57 47 54 36 35
ilids,2,kiss_k,16,1.0,22,53.33333611488342,65.69391638956856,39 5 48 12 50 49 24 27 18 43 23 57 47 54 36 35
ilids,2,kiss_k,16,0.1,23,55.000001192092896,66.1264561467051,52 25 44 46 20 17 11 2 18 24 51 23 50 38 55 16
ilids,2,kiss_k,16,1.0,23,56.66666626930237,66.93737349252056,52 25 44 46 20 17 11 2 18 24 51 23 50 38 55 16
ilids,2,kiss_k,16,0.1,24,56.66666626930237,66.63629949713486,5 47 48 13 53 31 41 3 24 58 39 25 32 7 22 10
ilids,2,kiss_k,16,1.0,24,56.66666626930237,66.63733094247799,5 47 48 13 53 31 41 3 24 58 39 25 32 7 22 10
ilids,2,kiss_k,16,0.1,25,56.66666626930237,68.1444610672552,43 48 57 19 10 29 33 53 18 36 40 49 17 24 47 9
ilids,2,kiss_k,16,1.0,25,56.66666626930237,67.6721798402229,43 48 57 19 10 29 33 53 18 36 40 49 17 24 47 9
ilids,2,kiss_k,16,0.1,26,53.33333611488342,65.9974426407179,21 49 45 17 20 5 7 3 13 57 16 9 8 36 54 12
ilids,2,kiss_k,16,1.0,26,51.66666507720947,64.29233527456566,21 49 45 17 20 5 7 3 13 57 16 9 8 36 54 12
ilids,2,kiss_k,16,0.1,27,53.33333611488342,65.43400975855337,53 20 57 15 13 0 41 51 43 24 44 26 56 48 47 32
ilids,2,kiss_k,16,1.0,27,53.33333611488342,65.68856987239342,53 20 57 15 13 0 41 51 43 24 44 26 56 48 47 32
ilids,2,kiss_k,16,0.1,28,50.0,63.554959963783496,55 14 8 24 13 5 39 18 20 29 4 42 33 21 31 41
ilids,2,kiss_k,16,1.0,28,53.33333611488342,65.04714968424646,55 14 8 24 13 5 39 18 20 29 4 42 33 21 31 41
ilids,2,kiss_k,16,0.1,29,53.33333611488342,65.40101911976912,46 17 36 41 1 26 57 28 44 10 32 13 6 29 15 39
ilids,2,kiss_k,16,1.0,29,53.33333611488342,65.71995604455282,46 17 36 41 1 26 57 28 44 10 32 13 6 29 15 39
ilids,2,kiss_k,32,0.1,0,53.33333611488342,65.94673382173382,46 54 19 23 37 52 10 20 8 47 45 48 33 12 41 35 44 25 51 16 9 0 11 32 1 31 14 26 3 17 22 36
ilids,2,kiss_k,32,1.0,0,51.66666507720947,65.81632696938425,46 54 19 23 37 52 10 20 8 47 45 48 33 12 41 35 44 25 51 16 9 0 11 32 1 31 14 26 3 17 22 36
ilids,2,kiss_k,32,0.1,1,55.000001192092896,66.80244195126748,44 34 26 46 1 52 9 19 50 47 5 2 42 32 17 21 16 30 29 56 15 6 40 24 45 41 35 7 14 53 39 20
ilids,2,kiss_k,32,1.0,1,53.33333611488342,65.98727103506515,44 34 26 46 1 52 9 19 50 47 5 2 42 32 17 21 16 30 29 56 15 6 40 24 45 41 35 7 14 53 39 20
ilids,2,kiss_k,32,0.1,2,55.000001192092896,65.76047328945882,20 50 38 33 0 16 58 13 37 3 7 53 56 46 32 12 2 40 41 4 48 47 28 24 21 54 10 49 5 23 26 22
ilids,2,kiss_k,32,1.0,2,55.000001192092896,66.41785671986855,20 50 38 33 0 16 58 13 37 3 7 53 56 46 32 12 2 40 41 4 48 47 28 24 21 54 10 49 5 23 26 22
ilids,2,kiss_k,32,0.1,3,48.33333194255829,63.32571296275656,44 1 28 48 15 34 58 20 50 32 36 7 26 27 21 46 57 8 53 18 0 5 51 29 3 10 19 35 42 6 33 49
ilids,2,kiss_k,32,1.0,3,51.66666507720947,64.7720096404129,44 1 28 48 15 34 58 20 50 32 36 7 26 27 21 46 57 8 53 18 0 5 51 29 3 10 19 35 42 6 33 49
ilids,2,kiss_k,32,0.1,4,48.33333194255829,63.32810864902895,23 1 22 28 53 54 46 0 48 12 31 51 47 40 43 11 9 50 21 52 38 10 8 45 7 32 58 15 6 56 35 42
ilids,2,kiss_k,32,1.0,4,50.0,63.96905909793219,23 1 22 28 53 54 46 0 48 12 31 51 47 40 43 11 9 50 21 52 38 10 8 45 7 32 58 15 6 56 35 42
ilids,2,kiss_k,32,0.1,5,51.66666507720947,64.25426953701849,50 9 46 8 2 28 25 5 30 55 10 15 18 1 41 21 4 38 33 12 24 13 57 40 44 37 39 31 29 7 58 20
ilids,2,kiss_k,32,1.0,5,48.33333194255829,62.36287258607349,50 9 46 8 2 28 25 5 30 55 10 15 18 1 41 21 4 38 33 12 24 13 57 40 44 37 39 31 29 7 58 20
ilids,2,kiss_k,32,0.1,6,53.33333611488342,64.48034731587363,53 8 24 38 25 16 31 18 22 45 57 4 39 47 56 17 6 27 34 28 52 29 42 30 55 5 41 32 2 1 12 40
ilids,2,kiss_k,32,1.0,6,53.33333611488342,64.24331720839074,53 8 24 38 25 16 31 18 22 45 57 4 39 47 56 17 6 27 34 28 52 29 42 30 55 5 41 32 2 1 12 40
ilids,2,kiss_k,32,0.1,7,55.000001192092896,67.22463859963861,32 47 56 12 37 10 45 26 51 19 18 44 5 55 58 46 33 6 34 22 16 36 21 43 39 29 15 53 11 4 14 8
ilids,2,kiss_k,32,1.0,7,55.000001192092896,67.35810150612784,32 47 56 12 37 10 45 26 51 19 18 44 5 55 58 46 33 6 34 22 16 36 21 43 39 29 15 53 11 4 14 8
ilids,2,kiss_k,32,0.1,8,55.000001192092896,66.8721153439303,38 37 10 17 23 52 4 53 48 29 28 24 12 47 50 1 7 33 21 14 9 34 40 51 27 58 31 20 55 44 8 18
ilids,2,kiss_k,32,1.0,8,55.000001192092896,66.67626721058217,38 37 10 17 23 52 4 53 48 29 28 24 12 47 50 1 7 33 21 14 9 34 40 51 27 58 31 20 55 44 8 18
ilids,2,kiss_k,32,0.1,9,56.66666626930237,67.39121825886531,40 37 20 15 18 32 13 30 48 44 38 14 22 9 36 1 50 47 2 27 19 34 56 6 45 31 23 11 58 7 24 16
ilids,2,kiss_k,32,1.0,9,55.000001192092896,66.32792358607577,40 37 20 15 18 32 13 30 48 44 38 14 22 9 36 1 50 47 2 27 19 34 56 6 45 31 23 11 58 7 24 16
ilids,2,kiss_k,32,0.1,10,48.33333194255829,62.95502637244924,0 13 53 37 35 8 50 42 41 49 20 46 56 5 36 12 6 10 18 26 34 44 58 16 4 25 1 24 45 22 57 55
ilids,2,kiss_k,32,1.0,10,48.33333194255829,61.92351150168488,0 13 53 37 35 8 50 42 41 49 20 46 56 5 36 12 6 10 18 26 34 44 58 16 4 25 1 24 45 22 57 55
ilids,2,kiss_k,32,0.1,11,51.66666507720947,65.44373408024722,8 43 54 13 29 51 56 26 23 27 48 57 35 24 46 14 34 49 37 25 5 42 33 32 4 1 28 38 22 10 45 11
ilids,2,kiss_k,32,1.0,11,53.33333611488342,66.0444437944438,8 43 54 13 29 51 56 26 23 27 48 57 35 24 46 14 34 49 37 25 5 42 33 32 4 1 28 38 22 10 45 11
ilids,2,kiss_k,32,0.1,12,55.000001192092896,67.27027982910336,7 18 48 34 49 25 27 4 22 40 13 10 36 1 24 29 43 58 37 44 31 41 32 11 51 9 52 57 42 23 45 3
ilids,2,kiss_k,32,1.0,12,53.33333611488342,65.9689824064824,7 18 48 34 49 25 27 4 22 40 13 10 36 1 24 29 43 58 37 44 31 41 32 11 51 9 52 57 42 23 45 3
ilids,2,kiss_k,32,0.1,13,53.33333611488342,65.80405500931818,24 27 55 23 48 14 16 10 40 15 3 36 29 5 51 6 25 19 9 2 56 45 58 7 44 26 30 53 33 46 17 1
ilids,2,kiss_k,32,1.0,13,51.66666507720947,64.95566756093072,24 27 55 23 48 14 16 10 40 15 3 36 29 5 51 6 25 19 9 2 56 45 58 7 44 26 30 53 33 46 17 1
ilids,2,kiss_k,32,0.1,14,50.0,61.254214059361125,24 41 23 31 14 50 6 33 18 25 42 40 55 8 20 32 12 5 28 0 10 37 53 51 7 36 48 34 56 3 13 21
ilids,2,kiss_k,32,1.0,14,51.66666507720947,62.35343347923271,24 41 23 31 14 50 6 33 18 25 42 40 55 8 20 32 12 5 28 0 10 37 53 51 7 36 48 34 56 3 13 21
ilids,2,kiss_k,32,0.1,15,51.66666507720947,65.2949000375471,23 57 52 43 15 47 56 33 29 35 31 28 0 1 39 2 7 36 45 46 44 40 6 5 58 38 27 10 11 41 19 9
ilids,2,kiss_k,32,1.0,15,48.33333194255829,63.3373809043566,23 57 52 43 15 47 56 33 29 35 31 28 0 1 39 2 7 36 45 46 44 40 6 5 58 38 27 10 11 41 19 9
ilids,2,kiss_k,32,0.1,16,55.000001192092896,66.63973450813778,37 13 6 57 43 49 0 38 54 16 52 31 5 58 33 1 10 22 12 17 2 34 50 56 53 40 42 55 21 14 35 28
ilids,2,kiss_k,32,1.0,16,58.33333134651184,68.96973157609122,37 13 6 57 43 49 0 38 54 16 52 31 5 58 33 1 10 22 12 17 2 34 50 56 53 40 42 55 21 14 35 28
ilids,2,kiss_k,32,0.1,17,55.000001192092896,67.12509773593311,4 26 13 8 53 55 19 41 45 48 52 46 24 7 18 17 28 51 1 21 56 0 5 33 14 39 29 40 43 16 2 20
ilids,2,kiss_k,32,1.0,17,53.33333611488342,65.31597044169817,4 26 13 8 53 55 19 41 45 48 52 46 24 7 18 17 28 51 1 21 56 0 5 33 14 39 29 40 43 16 2 20
ilids,2,kiss_k,32,0.1,18,56.66666626930237,66.96662272100869,50 34 18 49 15 58 39 52 20 54 13 41 42 11 57 46 1 51 55 2 25 38 6 19 21 29 53 5 0 35 14 9
ilids,2,kiss_k,32,1.0,18,55.000001192092896,66.26643739888709,50 34 18 49 15 58 39 52 20 54 13 41 42 11 57 46 1 51 55 2 25 38 6 19 21 29 53 5 0 35 14 9
ilids,2,kiss_k,32,0.1,19,56.66666626930237,68.45786871404721,14 4 3 5 46 9 37 30 50 19 43 52 7 1 28 10 34 41 53 24 36 58 18 39 51 44 56 15 20 25 42 22
ilids,2,kiss_k,32,1.0,19,55.000001192092896,67.28123331241181,14 4 3 5 46 9 37 30 50 19 43 52 7 1 28 10 34 41 53 24 36 58 18 39 51 44 56 15 20 25 42 22
ilids,2,kiss_k,32,0.1,20,53.33333611488342,65.48941857275192,38 36 3 53 8 1 31 56 46 17 43 29 12 49 48 27 2 16 23 58 18 37 30 25 47 19 11 41 13 15 5 57
ilids,2,kiss_k,32,1.0,20,53.33333611488342,66.2007975802733,38 36 3 53 8 1 31 56 46 17 43 29 12 49 48 27 2 16 23 58 18 37 30 25 47 19 11 41 13 15 5 57
ilids,2,kiss_k,32,0.1,21,56.66666626930237,67.42787999037999,39 44 52 14 1 27 29 38 7 53 46 43 36 6 13 5 21 47 40 12 45 54 49 30 17 33 55 10 51 48 31 26
ilids,2,kiss_k,32,1.0,21,60.00000238418579,69.50716577768286,39 44 52 14 1 27 29 38 7 53 46 43 36 6 13 5 21 47 40 12 45 54 49 30 17 33 55 10 51 48 31 26
ilids,2,kiss_k,32,0.1,22,50.0,63.988744588744595,6 34 33 20 32 12 21 30 43 23 15 45 49 36 58 41 7 28 48 42 27 1 24 17 39 52 50 37 29 3 26 11
ilids,2,kiss_k,32,1.0,22,48.33333194255829,62.69836213025868,6 34 33 20 32 12 21 30 43 23 15 45 49 36 58 41 7 28 48 42 27 1 24 17 39 52 50 37 29 3 26 11
ilids,2,kiss_k,32,0.1,23,55.000001192092896,66.63769776269775,50 1 12 36 52 49 48 4 26 13 0 34 56 35 22 20 42 21 11 38 5 43 19 14 30 44 33 23 10 28 8 54
ilids,2,kiss_k,32,1.0,23,53.33333611488342,65.80591929856635,50 1 12 36 52 49 48 4 26 13 0 34 56 35 22 20 42 21 11 38 5 43 19 14 30 44 33 23 10 28 8 54
ilids,2,kiss_k,32,0.1,24,53.33333611488342,66.13248325748326,58 30 43 8 53 50 11 12 34 6 37 1 16 5 26 41 4 56 57 14 25 51 42 27 9 15 10 54 22 52 32 45
ilids,2,kiss_k,32,1.0,24,51.66666507720947,65.35725766218053,58 30 43 8 53 50 11 12 34 6 37 1 16 5 26 41 4 56 57 14 25 51 42 27 9 15 10 54 22 52 32 45
ilids,2,kiss_k,32,0.1,25,51.66666507720947,65.19546259209517,6 49 51 52 17 25 46 57 38 14 42 58 32 29 1 8 34 39 12 20 2 37 48 47 30 11 10 7 9 45 41 15
ilids,2,kiss_k,32,1.0,25,55.000001192092896,66.79020220882967,6 49 51 52 17 25 46 57 38 14 42 58 32 29 1 8 34 39 12 20 2 37 48 47 30 11 10 7 9 45 41 15
ilids,2,kiss_k,32,0.1,26,51.66666507720947,65.7659075886578,40 29 27 5 31 25 46 55 16 11 14 50 6 13 18 4 32 44 8 43 3 9 20 49 54 42 37 45 21 15 7 52
ilids,2,kiss_k,32,1.0,26,50.0,64.64037650802356,40 29 27 5 31 25 46 55 16 11 14 50 6 13 18 4 32 44 8 43 3 9 20 49 54 42 37 45 21 15 7 52
ilids,2,kiss_k,32,0.1,27,51.66666507720947,63.930930861077925,28 5 15 52 38 47 8 6 26 34 18 55 13 35 44 14 0 32 1 36 4 37 54 42 25 3 29 11 24 51 22 50
ilids,2,kiss_k,32,1.0,27,51.66666507720947,63.73045919723551,28 5 15 52 38 47 8 6 26 34 18 55 13 35 44 14 0 32 1 36 4 37 54 42 25 3 29 11 24 51 22 50
ilids,2,kiss_k,32,0.1,28,55.000001192092896,66.6204104537438,42 47 5 14 46 50 57 37 38 43 28 45 39 23 22 33 16 35 4 11 15 12 18 36 7 56 13 30 2 27 29 25
ilids,2,kiss_k,32,1.0,28,55.000001192092896,66.956505994006,42 47 5 14 46 50 57 37 38 43 28 45 39 23 22 33 16 35 4 11 15 12 18 36 7 56 13 30 2 27 29 25
ilids,2,kiss_k,32,0.1,29,53.33333611488342,65.34547701324018,55 54 58 26 47 35 5 25 2 33 34 17 3 38 20 57 14 29 30 50 13 41 32 46 9 31 21 37 12 8 56 23
ilids,2,kiss_k,32,1.0,29,53.33333611488342,65.33873497940836,55 54 58 26 47 35 5 25 2 33 34 17 3 38 20 57 14 29 30 50 13 41 32 46 9 31 21 37 12 8 56 23
ilids,3,raw,0,-1,-1,55.000001192092896,70.53775853775855,
ilids,3,center,0,-1,-1,55.000001192092896,70.53775853775855,
ilids,3,unlab,0,0.1,-1,53.33333611488342,69.03035486225141,
ilids,3,kiss_all,59,0.1,-1,43.33333373069763,59.87681022681024,
ilids,3,unlab,0,1.0,-1,58.33333134651184,71.02591724491057,
ilids,3,kiss_all,59,1.0,-1,51.66666507720947,66.03465007215007,
ilids,3,kiss_k,2,0.1,0,51.66666507720947,68.1547202797203,22 45
ilids,3,kiss_k,2,1.0,0,55.000001192092896,69.12784437784438,22 45
ilids,3,kiss_k,2,0.1,1,51.66666507720947,67.84221180054514,27 34
ilids,3,kiss_k,2,1.0,1,55.000001192092896,69.14973316912972,27 34
ilids,3,kiss_k,2,0.1,2,55.000001192092896,69.74927626137304,3 28
ilids,3,kiss_k,2,1.0,2,55.000001192092896,68.8375714084917,3 28
ilids,3,kiss_k,2,0.1,3,51.66666507720947,67.53074431953742,35 51
ilids,3,kiss_k,2,1.0,3,55.000001192092896,68.66930387620044,35 51
ilids,3,kiss_k,2,0.1,4,55.000001192092896,69.68376068376068,19 53
ilids,3,kiss_k,2,1.0,4,55.000001192092896,68.96450145714853,19 53
ilids,3,kiss_k,2,0.1,5,55.000001192092896,70.27579365079364,0 49
ilids,3,kiss_k,2,1.0,5,56.66666626930237,70.76058201058201,0 49
ilids,3,kiss_k,2,0.1,6,55.000001192092896,69.53077573767229,27 28
ilids,3,kiss_k,2,1.0,6,55.000001192092896,69.5713601532567,27 28
ilids,3,kiss_k,2,0.1,7,56.66666626930237,71.17613440303657,27 46
ilids,3,kiss_k,2,1.0,7,60.00000238418579,72.61913788123466,27 46
ilids,3,kiss_k,2,0.1,8,53.33333611488342,69.0427553927554,37 39
ilids,3,kiss_k,2,1.0,8,55.000001192092896,69.45131033840713,37 39
ilids,3,kiss_k,2,0.1,9,51.66666507720947,67.20726271935949,55 45
ilids,3,kiss_k,2,1.0,9,56.66666626930237,68.97416472416472,55 45
ilids,3,kiss_k,2,0.1,10,55.000001192092896,69.37897989107668,27 44
ilids,3,kiss_k,2,1.0,10,55.000001192092896,68.66417155126832,27 44
ilids,3,kiss_k,2,0.1,11,56.66666626930237,70.5343769839206,2 41
ilids,3,kiss_k,2,1.0,11,58.33333134651184,70.73604269293924,2 41
ilids,3,kiss_k,2,0.1,12,53.33333611488342,68.82334428024083,25 26
ilids,3,kiss_k,2,1.0,12,56.66666626930237,69.89863588678243,25 26
ilids,3,kiss_k,2,0.1,13,50.0,66.73733211233211,23 34
ilids,3,kiss_k,2,1.0,13,56.66666626930237,69.57426608636287,23 34
ilids,3,kiss_k,2,0.1,14,56.66666626930237,71.17724038413694,38 13
ilids,3,kiss_k,2,1.0,14,56.66666626930237,70.4107152426118,38 13
ilids,3,kiss_k,2,0.1,15,53.33333611488342,68.47340629800308,18 29
ilids,3,kiss_k,2,1.0,15,56.66666626930237,69.84420767610425,18 29
ilids,3,kiss_k,2,0.1,16,55.000001192092896,69.57259869759869,54 30
ilids,3,kiss_k,2,1.0,16,56.66666626930237,69.9338541407507,54 30
ilids,3,kiss_k,2,0.1,17,55.000001192092896,70.50432900432902,5 28
ilids,3,kiss_k,2,1.0,17,58.33333134651184,71.03233898923554,5 28
ilids,3,kiss_k,2,0.1,18,50.0,67.03062693317567,34 21
ilids,3,kiss_k,2,1.0,18,56.66666626930237,69.71070827320827,34 21
ilids,3,kiss_k,2,0.1,19,55.000001192092896,70.05958354668033,49 7
ilids,3,kiss_k,2,1.0,19,53.33333611488342,68.86664261664262,49 7
ilids,3,kiss_k,2,0.1,20,58.33333134651184,72.69309848695814,17 50
ilids,3,kiss_k,2,1.0,20,60.00000238418579,72.76800918323907,17 50
ilids,3,kiss_k,2,0.1,21,55.000001192092896,70.45288140977797,7 14
ilids,3,kiss_k,2,1.0,21,56.66666626930237,70.58127106206467,7 14
ilids,3,kiss_k,2,0.1,22,50.0,67.99146224146226,19 31
ilids,3,kiss_k,2,1.0,22,53.33333611488342,68.8831569664903,19 31
ilids,3,kiss_k,2,0.1,23,53.33333611488342,69.09258429948085,33 38
ilids,3,kiss_k,2,1.0,23,58.33333134651184,71.01051359241013,33 38
ilids,3,kiss_k,2,0.1,24,55.000001192092896,69.58033728723386,3 44
ilids,3,kiss_k,2,1.0,24,53.33333611488342,68.65134498324153,3 44
ilids,3,kiss_k,2,0.1,25,51.66666507720947,67.8061753061753,51 29
ilids,3,kiss_k,2,1.0,25,55.000001192092896,68.94221827555162,51 29
ilids,3,kiss_k,2,0.1,26,55.000001192092896,69.55515318015318,26 35
ilids,3,kiss_k,2,1.0,26,58.33333134651184,70.81457622836933,26 35
ilids,3,kiss_k,2,0.1,27,53.33333611488342,68.85753231442887,37 6
ilids,3,kiss_k,2,1.0,27,56.66666626930237,70.45624398749399,37 6
ilids,3,kiss_k,2,0.1,28,56.66666626930237,70.85706581481477,12 44
ilids,3,kiss_k,2,1.0,28,56.66666626930237,70.7505051593287,12 44
ilids,3,kiss_k,2,0.1,29,51.66666507720947,67.16384726384726,45 32
ilids,3,kiss_k,2,1.0,29,55.000001192092896,68.5807746241214,45 32
ilids,3,kiss_k,4,0.1,0,53.33333611488342,69.25181048995704,15 25 51 42
ilids,3,kiss_k,4,1.0,0,56.66666626930237,70.46110847682857,15 25 51 42
ilids,3,kiss_k,4,0.1,1,51.66666507720947,67.67571413261068,36 37 45 47
ilids,3,kiss_k,4,1.0,1,55.000001192092896,69.13481059170715,36 37 45 47
ilids,3,kiss_k,4,0.1,2,55.000001192092896,69.94419082393466,13 35 51 17
ilids,3,kiss_k,4,1.0,2,56.66666626930237,70.35957799667477,13 35 51 17
ilids,3,kiss_k,4,0.1,3,56.66666626930237,70.63841809531465,41 27 33 9
ilids,3,kiss_k,4,1.0,3,58.33333134651184,70.76523348422683,41 27 33 9
ilids,3,kiss_k,4,0.1,4,60.00000238418579,71.64606227106228,33 8 27 38
ilids,3,kiss_k,4,1.0,4,58.33333134651184,70.5987971108939,33 8 27 38
ilids,3,kiss_k,4,0.1,5,53.33333611488342,69.38961385836386,53 16 12 0
ilids,3,kiss_k,4,1.0,5,55.000001192092896,69.68714537096889,53 16 12 0
ilids,3,kiss_k,4,0.1,6,56.66666626930237,70.62988176697857,18 37 49 41
ilids,3,kiss_k,4,1.0,6,56.66666626930237,70.16405469530471,18 37 49 41
ilids,3,kiss_k,4,0.1,7,51.66666507720947,68.10234788359789,9 35 20 6
ilids,3,kiss_k,4,1.0,7,56.66666626930237,70.31726756359109,9 35 20 6
ilids,3,kiss_k,4,0.1,8,51.66666507720947,66.63700872727887,55 28 21 7
ilids,3,kiss_k,4,1.0,8,56.66666626930237,69.3345238095238,55 28 21 7
ilids,3,kiss_k,4,0.1,9,55.000001192092896,69.66093002857708,48 40 22 36
ilids,3,kiss_k,4,1.0,9,56.66666626930237,70.06122038187256,48 40 22 36
ilids,3,kiss_k,4,0.1,10,53.33333611488342,69.04325168764825,31 12 22 53
ilids,3,kiss_k,4,1.0,10,51.66666507720947,67.40296979006656,31 12 22 53
ilids,3,kiss_k,4,0.1,11,53.33333611488342,69.07027540360873,56 3 12 2
ilids,3,kiss_k,4,1.0,11,55.000001192092896,69.51696200510857,56 3 12 2
ilids,3,kiss_k,4,0.1,12,55.000001192092896,69.57762249827468,10 6 27 43
ilids,3,kiss_k,4,1.0,12,56.66666626930237,70.76912072601728,10 6 27 43
ilids,3,kiss_k,4,0.1,13,50.0,66.58614937637925,41 44 34 51
ilids,3,kiss_k,4,1.0,13,55.000001192092896,68.25885002094681,41 44 34 51
ilids,3,kiss_k,4,0.1,14,53.33333611488342,68.90017927992312,9 55 46 36
ilids,3,kiss_k,4,1.0,14,51.66666507720947,68.19819023569025,9 55 46 36
ilids,3,kiss_k,4,0.1,15,53.33333611488342,68.03944395323707,51 21 34 57
ilids,3,kiss_k,4,1.0,15,53.33333611488342,67.81408502098158,51 21 34 57
ilids,3,kiss_k,4,0.1,16,51.66666507720947,68.1848827417793,4 58 45 3
ilids,3,kiss_k,4,1.0,16,55.000001192092896,69.02792816502495,4 58 45 3
ilids,3,kiss_k,4,0.1,17,55.000001192092896,68.97200499619855,32 24 13 8
ilids,3,kiss_k,4,1.0,17,56.66666626930237,69.88589427299104,32 24 13 8
ilids,3,kiss_k,4,0.1,18,60.00000238418579,72.23871460081138,26 21 13 8
ilids,3,kiss_k,4,1.0,18,58.33333134651184,70.7323717948718,26 21 13 8
ilids,3,kiss_k,4,0.1,19,50.0,66.63023954546944,25 27 40 45
ilids,3,kiss_k,4,1.0,19,53.33333611488342,68.23772619462277,25 27 40 45
ilids,3,kiss_k,4,0.1,20,55.000001192092896,69.47929385429386,42 1 46 54
ilids,3,kiss_k,4,1.0,20,55.000001192092896,69.51867576867576,42 1 46 54
ilids,3,kiss_k,4,0.1,21,53.33333611488342,68.28359788359788,3 10 26 57
ilids,3,kiss_k,4,1.0,21,55.000001192092896,68.43668001857658,3 10 26 57
ilids,3,kiss_k,4,0.1,22,55.000001192092896,69.37392006611074,46 30 14 3
ilids,3,kiss_k,4,1.0,22,56.66666626930237,70.54077152891807,46 30 14 3
ilids,3,kiss_k,4,0.1,23,51.66666507720947,67.77854956877945,56 32 10 24
ilids,3,kiss_k,4,1.0,23,51.66666507720947,67.87706609605944,56 32 10 24
ilids,3,kiss_k,4,0.1,24,53.33333611488342,67.48226310726312,38 26 41 51
ilids,3,kiss_k,4,1.0,24,53.33333611488342,67.7532902920834,38 26 41 51
ilids,3,kiss_k,4,0.1,25,50.0,66.51957601222307,45 23 25 14
ilids,3,kiss_k,4,1.0,25,55.000001192092896,69.05952064504694,45 23 25 14
ilids,3,kiss_k,4,0.1,26,51.66666507720947,68.431619455813,9 27 42 8
ilids,3,kiss_k,4,1.0,26,56.66666626930237,69.74288130170483,9 27 42 8
ilids,3,kiss_k,4,0.1,27,53.33333611488342,68.64295414375337,36 48 46 47
ilids,3,kiss_k,4,1.0,27,56.66666626930237,69.80999429314647,36 48 46 47
ilids,3,kiss_k,4,0.1,28,53.33333611488342,68.29578530788208,17 4 21 1
ilids,3,kiss_k,4,1.0,28,55.000001192092896,69.72898636608315,17 4 21 1
ilids,3,kiss_k,4,0.1,29,56.66666626930237,70.25832053251409,33 49 46 54
ilids,3,kiss_k,4,1.0,29,55.000001192092896,68.66201044326046,33 49 46 54
ilids,3,kiss_k,8,0.1,0,53.33333611488342,66.98381806571462,39 2 7 15 55 44 51 29
ilids,3,kiss_k,8,1.0,0,53.33333611488342,66.71857956857957,39 2 7 15 55 44 51 29
ilids,3,kiss_k,8,0.1,1,53.33333611488342,68.91596366596367,0 15 39 50 16 1 31 25
ilids,3,kiss_k,8,1.0,1,55.000001192092896,69.25160407225626,0 15 39 50 16 1 31 25
ilids,3,kiss_k,8,0.1,2,55.000001192092896,69.06511525261526,7 40 45 30 38 32 41 46
ilids,3,kiss_k,8,1.0,2,56.66666626930237,70.07827425842132,7 40 45 30 38 32 41 46
ilids,3,kiss_k,8,0.1,3,55.000001192092896,68.7495590828924,34 13 31 38 3 25 2 1
ilids,3,kiss_k,8,1.0,3,56.66666626930237,68.78639900404607,34 13 31 38 3 25 2 1
ilids,3,kiss_k,8,0.1,4,53.33333611488342,67.36536660801366,52 3 46 9 45 42 33 55
ilids,3,kiss_k,8,1.0,4,56.66666626930237,69.75701594451594,52 3 46 9 45 42 33 55
ilids,3,kiss_k,8,0.1,5,48.33333194255829,65.07488277442638,21 45 49 20 17 6 34 47
ilids,3,kiss_k,8,1.0,5,50.0,65.67848338165675,21 45 49 20 17 6 34 47
ilids,3,kiss_k,8,0.1,6,53.33333611488342,67.71922657952071,32 1 45 15 40 5 36 4
ilids,3,kiss_k,8,1.0,6,53.33333611488342,68.14015682030387,32 1 45 15 40 5 36 4
ilids,3,kiss_k,8,0.1,7,55.000001192092896,69.15262515262516,1 20 57 5 54 35 51 10
ilids,3,kiss_k,8,1.0,7,55.000001192092896,68.29105086559449,1 20 57 5 54 35 51 10
ilids,3,kiss_k,8,0.1,8,51.66666507720947,68.86959876543212,10 56 4 20 58 25 36 26
ilids,3,kiss_k,8,1.0,8,48.33333194255829,66.7003552003552,10 56 4 20 58 25 36 26
ilids,3,kiss_k,8,0.1,9,55.000001192092896,69.6911976911977,28 7 8 3 9 19 15 13
ilids,3,kiss_k,8,1.0,9,56.66666626930237,70.03518934768937,28 7 8 3 9 19 15 13
ilids,3,kiss_k,8,0.1,10,53.33333611488342,69.3788665038665,32 6 18 30 16 49 41 29
ilids,3,kiss_k,8,1.0,10,55.000001192092896,69.74280833545541,32 6 18 30 16 49 41 29
ilids,3,kiss_k,8,0.1,11,53.33333611488342,67.98534798534797,18 13 0 53 32 25 7 1
ilids,3,kiss_k,8,1.0,11,53.33333611488342,67.75066137566138,18 13 0 53 32 25 7 1
ilids,3,kiss_k,8,0.1,12,55.000001192092896,69.44730568995276,12 47 48 1 52 56 40 29
ilids,3,kiss_k,8,1.0,12,55.000001192092896,68.79442925495557,12 47 48 1 52 56 40 29
ilids,3,kiss_k,8,0.1,13,56.66666626930237,71.27503052503053,3 56 36 1 40 0 50 30
ilids,3,kiss_k,8,1.0,13,58.33333134651184,71.76204351204352,3 56 36 1 40 0 50 30
ilids,3,kiss_k,8,0.1,14,58.33333134651184,72.01563860116492,50 47 55 7 28 22 17 30
ilids,3,kiss_k,8,1.0,14,56.66666626930237,70.66639957264958,50 47 55 7 28 22 17 30
ilids,3,kiss_k,8,0.1,15,53.33333611488342,69.19858076950108,56 8 49 51 42 58 1 35
ilids,3,kiss_k,8,1.0,15,53.33333611488342,68.49093275302953,56 8 49 51 42 58 1 35
ilids,3,kiss_k,8,0.1,16,53.33333611488342,66.70634920634922,3 20 47 54 37 4 6 45
ilids,3,kiss_k,8,1.0,16,50.0,64.96513884013886,3 20 47 54 37 4 6 45
ilids,3,kiss_k,8,0.1,17,55.000001192092896,70.2010582010582,52 26 40 49 2 35 38 13
ilids,3,kiss_k,8,1.0,17,55.000001192092896,69.87418253043252,52 26 40 49 2 35 38 13
ilids,3,kiss_k,8,0.1,18,56.66666626930237,70.22326815341522,16 18 37 38 31 50 6 22
ilids,3,kiss_k,8,1.0,18,55.000001192092896,68.91441197691198,16 18 37 38 31 50 6 22
ilids,3,kiss_k,8,0.1,19,51.66666507720947,67.20371295371295,56 18 28 36 38 37 2 40
ilids,3,kiss_k,8,1.0,19,53.33333611488342,67.89809727309728,56 18 28 36 38 37 2 40
ilids,3,kiss_k,8,0.1,20,56.66666626930237,69.46723184223185,10 23 33 38 6 42 51 18
ilids,3,kiss_k,8,1.0,20,53.33333611488342,68.22021415403768,10 23 33 38 6 42 51 18
ilids,3,kiss_k,8,0.1,21,53.33333611488342,68.55645743145745,24 15 37 9 29 10 12 23
ilids,3,kiss_k,8,1.0,21,53.33333611488342,67.81399734524737,24 15 37 9 29 10 12 23
ilids,3,kiss_k,8,0.1,22,51.66666507720947,67.71259065009065,45 5 22 44 58 24 29 49
ilids,3,kiss_k,8,1.0,22,51.66666507720947,66.9691738816739,45 5 22 44 58 24 29 49
ilids,3,kiss_k,8,0.1,23,56.66666626930237,71.1613247863248,11 37 40 27 14 53 12 54
ilids,3,kiss_k,8,1.0,23,58.33333134651184,71.59363799283155,11 37 40 27 14 53 12 54
ilids,3,kiss_k,8,0.1,24,53.33333611488342,68.08881635091313,12 49 0 20 9 41 36 7
ilids,3,kiss_k,8,1.0,24,56.66666626930237,70.24007107196762,12 49 0 20 9 41 36 7
ilids,3,kiss_k,8,0.1,25,51.66666507720947,67.38806731624068,35 10 37 57 6 44 29 5
ilids,3,kiss_k,8,1.0,25,51.66666507720947,66.9232387982388,35 10 37 57 6 44 29 5
ilids,3,kiss_k,8,0.1,26,51.66666507720947,66.96205792258425,2 20 28 31 27 10 49 7
ilids,3,kiss_k,8,1.0,26,51.66666507720947,67.26041301041302,2 20 28 31 27 10 49 7
ilids,3,kiss_k,8,0.1,27,56.66666626930237,68.62074645627277,52 29 44 50 38 27 20 46
ilids,3,kiss_k,8,1.0,27,55.000001192092896,67.6512925012925,52 29 44 50 38 27 20 46
ilids,3,kiss_k,8,0.1,28,55.000001192092896,70.39060592185592,50 16 17 0 49 33 10 14
ilids,3,kiss_k,8,1.0,28,55.000001192092896,69.80759008148715,50 16 17 0 49 33 10 14
ilids,3,kiss_k,8,0.1,29,56.66666626930237,71.01549222382553,42 24 2 0 49 3 39 28
ilids,3,kiss_k,8,1.0,29,56.66666626930237,70.82685832685833,42 24 2 0 49 3 39 28
ilids,3,kiss_k,16,0.1,0,53.33333611488342,66.54364984144398,4 7 55 8 19 1 26 53 54 5 0 12 10 13 58 48
ilids,3,kiss_k,16,1.0,0,55.000001192092896,67.216796819738,4 7 55 8 19 1 26 53 54 5 0 12 10 13 58 48
ilids,3,kiss_k,16,0.1,1,51.66666507720947,66.34355937110809,20 17 37 26 14 6 35 38 36 51 2 21 58 9 50 31
ilids,3,kiss_k,16,1.0,1,50.0,65.71900254354615,20 17 37 26 14 6 35 38 36 51 2 21 58 9 50 31
ilids,3,kiss_k,16,0.1,2,53.33333611488342,67.18087151639784,40 4 13 31 8 1 35 26 12 22 32 51 0 37 29 50
ilids,3,kiss_k,16,1.0,2,51.66666507720947,66.70313259022936,40 4 13 31 8 1 35 26 12 22 32 51 0 37 29 50
ilids,3,kiss_k,16,0.1,3,53.33333611488342,67.29219576719578,39 15 58 4 33 14 27 31 32 45 36 20 10 38 41 2
ilids,3,kiss_k,16,1.0,3,53.33333611488342,68.51387433841795,39 15 58 4 33 14 27 31 32 45 36 20 10 38 41 2
ilids,3,kiss_k,16,0.1,4,58.33333134651184,69.89017001517003,36 4 48 38 42 9 16 5 6 26 31 1 39 32 15 58
ilids,3,kiss_k,16,1.0,4,58.33333134651184,70.16783978548685,36 4 48 38 42 9 16 5 6 26 31 1 39 32 15 58
ilids,3,kiss_k,16,0.1,5,50.0,66.92461378490792,36 23 19 14 48 8 50 49 7 15 51 25 4 31 26 44
ilids,3,kiss_k,16,1.0,5,51.66666507720947,67.89105022657654,36 23 19 14 48 8 50 49 7 15 51 25 4 31 26 44
ilids,3,kiss_k,16,0.1,6,56.66666626930237,69.94188596491229,5 11 6 15 0 31 24 22 3 20 7 9 46 42 21 50
ilids,3,kiss_k,16,1.0,6,60.00000238418579,72.14307833873053,5 11 6 15 0 31 24 22 3 20 7 9 46 42 21 50
ilids,3,kiss_k,16,0.1,7,53.33333611488342,67.25970393985101,28 58 45 9 2 34 38 19 10 50 26 40 32 14 39 31
ilids,3,kiss_k,16,1.0,7,50.0,65.81178000743219,28 58 45 9 2 34 38 19 10 50 26 40 32 14 39 31
ilids,3,kiss_k,16,0.1,8,60.00000238418579,72.02284080298786,22 41 31 3 11 32 26 57 27 23 43 25 2 24 5 42
ilids,3,kiss_k,16,1.0,8,56.66666626930237,70.80743793243794,22 41 31 3 11 32 26 57 27 23 43 25 2 24 5 42
ilids,3,kiss_k,16,0.1,9,55.000001192092896,69.78933712486344,23 5 25 11 19 22 39 21 0 15 41 3 54 35 42 27
ilids,3,kiss_k,16,1.0,9,56.66666626930237,70.68631599881601,23 5 25 11 19 22 39 21 0 15 41 3 54 35 42 27
ilids,3,kiss_k,16,0.1,10,51.66666507720947,67.09218335428012,1 49 43 27 54 48 58 0 29 24 30 50 39 56 51 36
ilids,3,kiss_k,16,1.0,10,56.66666626930237,68.72263222710794,1 49 43 27 54 48 58 0 29 24 30 50 39 56 51 36
ilids,3,kiss_k,16,0.1,11,51.66666507720947,66.2715847247581,54 9 18 10 4 37 34 28 45 20 46 2 14 57 39 3
ilids,3,kiss_k,16,1.0,11,53.33333611488342,67.49653292470632,54 9 18 10 4 37 34 28 45 20 46 2 14 57 39 3
ilids,3,kiss_k,16,0.1,12,51.66666507720947,67.94691487706194,49 34 36 54 31 58 51 14 0 16 47 20 50 1 5 43
ilids,3,kiss_k,16,1.0,12,56.66666626930237,69.97189153439155,49 34 36 54 31 58 51 14 0 16 47 20 50 1 5 43
ilids,3,kiss_k,16,0.1,13,51.66666507720947,66.95634223532775,41 11 26 8 30 25 32 10 0 51 55 47 31 46 22 9
ilids,3,kiss_k,16,1.0,13,51.66666507720947,66.93564926839822,41 11 26 8 30 25 32 10 0 51 55 47 31 46 22 9
ilids,3,kiss_k,16,0.1,14,56.66666626930237,69.9388195868459,34 50 36 4 19 13 12 33 51 27 49 11 38 53 24 37
ilids,3,kiss_k,16,1.0,14,60.00000238418579,71.60016835016836,34 50 36 4 19 13 12 33 51 27 49 11 38 53 24 37
ilids,3,kiss_k,16,0.1,15,56.66666626930237,70.48926767676768,16 36 20 28 37 18 40 19 0 5 48 58 25 51 50 17
ilids,3,kiss_k,16,1.0,15,53.33333611488342,68.8061753061753,16 36 20 28 37 18 40 19 0 5 48 58 25 51 50 17
ilids,3,kiss_k,16,0.1,16,55.000001192092896,68.77241835431491,23 58 21 25 30 34 53 33 4 20 9 17 42 5 1 54
ilids,3,kiss_k,16,1.0,16,55.000001192092896,68.85646143979477,23 58 21 25 30 34 53 33 4 20 9 17 42 5 1 54
ilids,3,kiss_k,16,0.1,17,55.000001192092896,68.2470407517846,19 30 20 2 4 35 12 55 16 51 26 6 29 36 50 38
ilids,3,kiss_k,16,1.0,17,51.66666507720947,67.13073915463622,19 30 20 2 4 35 12 55 16 51 26 6 29 36 50 38
ilids,3,kiss_k,16,0.1,18,55.000001192092896,67.99136049136048,22 3 42 51 4 34 49 0 30 18 44 45 40 23 13 12
ilids,3,kiss_k,16,1.0,18,55.000001192092896,68.97996689738977,22 3 42 51 4 34 49 0 30 18 44 45 40 23 13 12
ilids,3,kiss_k,16,0.1,19,55.000001192092896,70.33871136173767,8 25 5 12 52 6 20 57 26 37 38 4 15 18 2 49
ilids,3,kiss_k,16,1.0,19,53.33333611488342,68.9243156199678,8 25 5 12 52 6 20 57 26 37 38 4 15 18 2 49
ilids,3,kiss_k,16,0.1,20,50.0,65.27188552188554,12 36 25 16 32 30 38 44 52 22 58 10 8 1 20 29
ilids,3,kiss_k,16,1.0,20,56.66666626930237,68.86264960529667,12 36 25 16 32 30 38 44 52 22 58 10 8 1 20 29
ilids,3,kiss_k,16,0.1,21,56.66666626930237,69.85226646991353,24 19 4 56 16 15 33 57 50 55 0 14 27 44 54 30
ilids,3,kiss_k,16,1.0,21,55.000001192092896,69.23043080108297,24 19 4 56 16 15 33 57 50 55 0 14 27 44 54 30
ilids,3,kiss_k,16,0.1,22,56.66666626930237,69.26465500730207,42 1 8 39 55 43 49 24 22 6 41 56 11 26 52 3
ilids,3,kiss_k,16,1.0,22,55.000001192092896,67.87985509860512,42 1 8 39 55 43 49 24 22 6 41 56 11 26 52 3
ilids,3,kiss_k,16,0.1,23,56.66666626930237,69.2889887889888,4 28 44 8 18 48 50 14 7 35 22 25 5 31 15 16
ilids,3,kiss_k,16,1.0,23,53.33333611488342,67.59143470908177,4 28 44 8 18 48 50 14 7 35 22 25 5 31 15 16
ilids,3,kiss_k,16,0.1,24,55.000001192092896,69.25958782826632,10 25 40 56 3 5 16 44 35 17 15 49 46 53 30 55
ilids,3,kiss_k,16,1.0,24,56.66666626930237,70.22878717143423,10 25 40 56 3 5 16 44 35 17 15 49 46 53 30 55
ilids,3,kiss_k,16,0.1,25,51.66666507720947,66.28863960113961,51 36 20 32 48 2 26 40 3 47 1 5 0 21 38 39
ilids,3,kiss_k,16,1.0,25,51.66666507720947,65.9322274947275,51 36 20 32 48 2 26 40 3 47 1 5 0 21 38 39
ilids,3,kiss_k,16,0.1,26,58.33333134651184,71.04488335738336,40 38 52 13 14 11 30 43 0 58 46 10 19 2 24 1
ilids,3,kiss_k,16,1.0,26,56.66666626930237,70.96648558413264,40 38 52 13 14 11 30 43 0 58 46 10 19 2 24 1
ilids,3,kiss_k,16,0.1,27,55.000001192092896,68.60117809750163,13 6 9 3 39 56 45 14 32 40 58 8 55 54 0 24
ilids,3,kiss_k,16,1.0,27,51.66666507720947,66.65916795193111,13 6 9 3 39 56 45 14 32 40 58 8 55 54 0 24
ilids,3,kiss_k,16,0.1,28,55.000001192092896,68.23829365079365,21 2 23 37 52 11 40 30 44 55 16 25 32 24 47 41
ilids,3,kiss_k,16,1.0,28,55.000001192092896,68.58692255456961,21 2 23 37 52 11 40 30 44 55 16 25 32 24 47 41
ilids,3,kiss_k,16,0.1,29,56.66666626930237,69.34671646436354,16 1 54 51 12 48 13 9 22 25 23 57 6 27 7 35
ilids,3,kiss_k,16,1.0,29,55.000001192092896,68.19156144781145,16 1 54 51 12 48 13 9 22 25 23 57 6 27 7 35
ilids,3,kiss_k,32,0.1,0,55.000001192092896,69.33317669172932,35 4 19 39 43 42 31 45 12 58 30 8 29 34 5 54 15 37 0 6 7 26 27 9 44 11 52 51 21 24 20 22
ilids,3,kiss_k,32,1.0,0,60.00000238418579,71.40339390142022,35 4 19 39 43 42 31 45 12 58 30 8 29 34 5 54 15 37 0 6 7 26 27 9 44 11 52 51 21 24 20 22
ilids,3,kiss_k,32,0.1,1,53.33333611488342,66.67858067858067,42 16 1 4 18 55 29 6 47 14 36 20 43 51 8 3 7 58 39 11 34 45 40 38 44 52 57 46 24 37 21 32
ilids,3,kiss_k,32,1.0,1,50.0,65.1179675086409,42 16 1 4 18 55 29 6 47 14 36 20 43 51 8 3 7 58 39 11 34 45 40 38 44 52 57 46 24 37 21 32
ilids,3,kiss_k,32,0.1,2,55.000001192092896,66.92257116521823,53 0 36 7 58 11 14 44 24 48 4 37 5 52 51 18 16 27 39 26 13 12 38 32 55 17 41 20 45 47 21 33
ilids,3,kiss_k,32,1.0,2,53.33333611488342,66.53390420495684,53 0 36 7 58 11 14 44 24 48 4 37 5 52 51 18 16 27 39 26 13 12 38 32 55 17 41 20 45 47 21 33
ilids,3,kiss_k,32,0.1,3,55.000001192092896,67.44829892329894,51 14 22 47 36 3 9 37 48 2 33 5 18 34 55 15 11 28 17 10 29 21 27 53 26 6 56 19 40 8 25 52
ilids,3,kiss_k,32,1.0,3,55.000001192092896,67.8106722711986,51 14 22 47 36 3 9 37 48 2 33 5 18 34 55 15 11 28 17 10 29 21 27 53 26 6 56 19 40 8 25 52
ilids,3,kiss_k,32,0.1,4,55.000001192092896,67.59479246243953,51 12 47 13 3 31 15 40 0 11 45 48 22 42 30 38 54 34 57 35 37 39 19 55 53 5 36 7 29 33 4 23
ilids,3,kiss_k,32,1.0,4,51.66666507720947,66.79274575327209,51 12 47 13 3 31 15 40 0 11 45 48 22 42 30 38 54 34 57 35 37 39 19 55 53 5 36 7 29 33 4 23
ilids,3,kiss_k,32,0.1,5,53.33333611488342,67.87787431617355,47 20 41 16 2 50 29 40 18 43 13 57 35 52 49 10 53 5 21 8 26 48 15 34 27 46 14 37 32 12 28 17
ilids,3,kiss_k,32,1.0,5,55.000001192092896,68.70985483565407,47 20 41 16 2 50 29 40 18 43 13 57 35 52 49 10 53 5 21 8 26 48 15 34 27 46 14 37 32 12 28 17
ilids,3,kiss_k,32,0.1,6,55.000001192092896,66.61123737373738,39 4 15 20 16 58 35 46 1 9 41 13 34 27 40 52 37 24 54 25 10 7 31 29 19 48 45 22 23 3 43 57
ilids,3,kiss_k,32,1.0,6,55.000001192092896,67.54790764790766,39 4 15 20 16 58 35 46 1 9 41 13 34 27 40 52 37 24 54 25 10 7 31 29 19 48 45 22 23 3 43 57
ilids,3,kiss_k,32,0.1,7,56.66666626930237,68.3617577597841,44 6 4 42 19 22 28 12 21 36 41 8 51 53 0 25 57 55 52 23 29 35 34 40 3 49 18 48 16 9 10 30
ilids,3,kiss_k,32,1.0,7,55.000001192092896,67.4656685906686,44 6 4 42 19 22 28 12 21 36 41 8 51 53 0 25 57 55 52 23 29 35 34 40 3 49 18 48 16 9 10 30
ilids,3,kiss_k,32,0.1,8,53.33333611488342,67.1525756640173,31 7 0 58 2 27 49 41 30 1 4 12 45 32 20 8 52 55 22 10 11 46 15 28 23 18 19 34 35 43 3 17
ilids,3,kiss_k,32,1.0,8,53.33333611488342,68.09039177053883,31 7 0 58 2 27 49 41 30 1 4 12 45 32 20 8 52 55 22 10 11 46 15 28 23 18 19 34 35 43 3 17
ilids,3,kiss_k,32,0.1,9,55.000001192092896,69.21486615236616,3 44 33 34 8 17 39 56 31 28 16 41 53 52 57 37 7 12 19 51 5 27 0 49 55 26 29 2 30 11 45 24
ilids,3,kiss_k,32,1.0,9,55.000001192092896,68.64414135103793,3 44 33 34 8 17 39 56 31 28 16 41 53 52 57 37 7 12 19 51 5 27 0 49 55 26 29 2 30 11 45 24
ilids,3,kiss_k,32,0.1,10,55.000001192092896,68.46690030242662,46 5 33 19 42 52 13 29 8 25 16 18 54 58 36 14 10 9 47 27 0 39 56 11 50 28 32 12 4 2 34 20
ilids,3,kiss_k,32,1.0,10,56.66666626930237,69.7942735369206,46 5 33 19 42 52 13 29 8 25 16 18 54 58 36 14 10 9 47 27 0 39 56 11 50 28 32 12 4 2 34 20
ilids,3,kiss_k,32,0.1,11,51.66666507720947,66.68417839470472,49 26 41 3 52 14 18 46 53 19 8 16 5 15 4 34 23 50 48 54 21 1 58 56 25 40 22 37 55 36 13 6
ilids,3,kiss_k,32,1.0,11,51.66666507720947,67.74674698939405,49 26 41 3 52 14 18 46 53 19 8 16 5 15 4 34 23 50 48 54 21 1 58 56 25 40 22 37 55 36 13 6
ilids,3,kiss_k,32,0.1,12,53.33333611488342,67.56686908770243,15 7 40 30 38 54 23 56 16 47 2 21 58 5 27 12 53 57 36 45 14 52 51 25 49 41 31 39 18 33 6 32
ilids,3,kiss_k,32,1.0,12,55.000001192092896,68.72037367135407,15 7 40 30 38 54 23 56 16 47 2 21 58 5 27 12 53 57 36 45 14 52 51 25 49 41 31 39 18 33 6 32
ilids,3,kiss_k,32,0.1,13,55.000001192092896,66.96793341474837,31 52 54 5 41 58 36 44 6 4 35 7 29 43 24 30 45 23 32 46 34 16 28 3 56 26 40 47 37 57 42 1
ilids,3,kiss_k,32,1.0,13,53.33333611488342,66.49039121972739,31 52 54 5 41 58 36 44 6 4 35 7 29 43 24 30 45 23 32 46 34 16 28 3 56 26 40 47 37 57 42 1
ilids,3,kiss_k,32,0.1,14,56.66666626930237,67.09104241169457,27 56 16 42 19 31 32 54 7 15 39 52 9 34 6 12 44 29 20 3 11 55 45 14 17 2 37 1 24 41 38 21
ilids,3,kiss_k,32,1.0,14,58.33333134651184,68.53120174172805,27 56 16 42 19 31 32 54 7 15 39 52 9 34 6 12 44 29 20 3 11 55 45 14 17 2 37 1 24 41 38 21
ilids,3,kiss_k,32,0.1,15,56.66666626930237,68.38581959745999,15 58 55 41 25 11 8 20 46 3 45 27 38 18 52 42 7 49 54 30 10 39 36 50 56 32 37 53 17 21 12 2
ilids,3,kiss_k,32,1.0,15,55.000001192092896,68.3367097274298,15 58 55 41 25 11 8 20 46 3 45 27 38 18 52 42 7 49 54 30 10 39 36 50 56 32 37 53 17 21 12 2
ilids,3,kiss_k,32,0.1,16,60.00000238418579,70.70436507936509,48 18 14 34 13 11 8 22 9 32 3 31 15 4 0 44 38 26 42 16 33 17 30 58 1 45 39 21 23 2 53 41
ilids,3,kiss_k,32,1.0,16,56.66666626930237,69.28943887496519,48 18 14 34 13 11 8 22 9 32 3 31 15 4 0 44 38 26 42 16 33 17 30 58 1 45 39 21 23 2 53 41
ilids,3,kiss_k,32,0.1,17,53.33333611488342,66.82122722239004,57 34 2 41 46 50 42 15 6 7 0 22 4 43 26 3 35 38 52 5 44 39 1 45 11 33 18 32 51 55 24 31
ilids,3,kiss_k,32,1.0,17,53.33333611488342,66.82198107198109,57 34 2 41 46 50 42 15 6 7 0 22 4 43 26 3 35 38 52 5 44 39 1 45 11 33 18 32 51 55 24 31
ilids,3,kiss_k,32,0.1,18,50.0,66.22895622895622,45 50 34 3 8 31 20 39 46 16 57 21 49 47 24 40 9 43 44 32 2 54 0 5 53 29 4 56 10 14 18 11
ilids,3,kiss_k,32,1.0,18,51.66666507720947,67.15542328042329,45 50 34 3 8 31 20 39 46 16 57 21 49 47 24 40 9 43 44 32 2 54 0 5 53 29 4 56 10 14 18 11
ilids,3,kiss_k,32,0.1,19,56.66666626930237,70.22367203697128,22 1 27 6 50 43 34 11 10 40 7 25 33 46 30 20 3 18 56 31 4 12 38 8 17 13 23 39 54 42 29 47
ilids,3,kiss_k,32,1.0,19,61.666667461395264,73.18062875128093,22 1 27 6 50 43 34 11 10 40 7 25 33 46 30 20 3 18 56 31 4 12 38 8 17 13 23 39 54 42 29 47
ilids,3,kiss_k,32,0.1,20,60.00000238418579,71.56278906278905,24 58 18 27 49 42 38 48 44 23 39 0 1 53 6 17 25 4 43 37 31 30 56 47 33 15 45 22 52 3 20 11
ilids,3,kiss_k,32,1.0,20,56.66666626930237,70.12673736938441,24 58 18 27 49 42 38 48 44 23 39 0 1 53 6 17 25 4 43 37 31 30 56 47 33 15 45 22 52 3 20 11
ilids,3,kiss_k,32,0.1,21,55.000001192092896,67.55214692714692,53 16 49 31 58 19 46 42 52 28 2 47 35 7 43 25 39 41 22 27 20 24 34 51 15 1 40 0 50 38 48 23
ilids,3,kiss_k,32,1.0,21,53.33333611488342,66.74199507389163,53 16 49 31 58 19 46 42 52 28 2 47 35 7 43 25 39 41 22 27 20 24 34 51 15 1 40 0 50 38 48 23
ilids,3,kiss_k,32,0.1,22,53.33333611488342,66.49661830544183,35 10 12 14 50 45 4 0 44 56 38 40 54 51 21 18 46 16 22 31 8 27 37 7 57 52 20 3 58 28 23 33
ilids,3,kiss_k,32,1.0,22,48.33333194255829,64.77706934772152,35 10 12 14 50 45 4 0 44 56 38 40 54 51 21 18 46 16 22 31 8 27 37 7 57 52 20 3 58 28 23 33
ilids,3,kiss_k,32,0.1,23,60.00000238418579,71.6207880813144,13 10 35 28 37 40 32 49 1 48 22 43 12 19 41 7 14 29 54 25 39 0 53 2 34 52 51 45 4 23 16 56
ilids,3,kiss_k,32,1.0,23,60.00000238418579,71.43312937062939,13 10 35 28 37 40 32 49 1 48 22 43 12 19 41 7 14 29 54 25 39 0 53 2 34 52 51 45 4 23 16 56
ilids,3,kiss_k,32,0.1,24,53.33333611488342,67.46522989537696,54 25 36 47 58 17 16 8 55 56 4 45 12 42 26 1 23 48 41 29 10 22 52 31 27 14 21 51 49 6 53 18
ilids,3,kiss_k,32,1.0,24,55.000001192092896,67.93392255892256,54 25 36 47 58 17 16 8 55 56 4 45 12 42 26 1 23 48 41 29 10 22 52 31 27 14 21 51 49 6 53 18
ilids,3,kiss_k,32,0.1,25,53.33333611488342,67.25749559082892,56 9 35 16 1 50 42 33 45 6 38 19 22 12 54 58 43 27 2 10 8 28 0 25 24 44 4 31 13 37 34 15
ilids,3,kiss_k,32,1.0,25,55.000001192092896,68.53282828282829,56 9 35 16 1 50 42 33 45 6 38 19 22 12 54 58 43 27 2 10 8 28 0 25 24 44 4 31 13 37 34 15
ilids,3,kiss_k,32,0.1,26,53.33333611488342,68.48906310491677,44 33 15 34 42 47 25 9 19 31 2 50 21 56 43 13 23 10 55 26 58 18 4 39 27 52 7 49 54 0 57 8
ilids,3,kiss_k,32,1.0,26,51.66666507720947,67.89932967549247,44 33 15 34 42 47 25 9 19 31 2 50 21 56 43 13 23 10 55 26 58 18 4 39 27 52 7 49 54 0 57 8
ilids,3,kiss_k,32,0.1,27,55.000001192092896,67.73495868061087,9 5 58 56 7 36 43 47 22 54 10 14 6 46 50 8 13 53 30 16 52 35 37 41 57 18 17 38 3 25 42 27
ilids,3,kiss_k,32,1.0,27,50.0,66.11184186184185,9 5 58 56 7 36 43 47 22 54 10 14 6 46 50 8 13 53 30 16 52 35 37 41 57 18 17 38 3 25 42 27
ilids,3,kiss_k,32,0.1,28,58.33333134651184,69.46602093645106,42 40 7 10 38 50 27 24 53 34 4 44 18 47 55 0 3 15 33 22 37 9 12 30 17 58 8 20 25 31 2 32
ilids,3,kiss_k,32,1.0,28,55.000001192092896,68.32539682539684,42 40 7 10 38 50 27 24 53 34 4 44 18 47 55 0 3 15 33 22 37 9 12 30 17 58 8 20 25 31 2 32
ilids,3,kiss_k,32,0.1,29,56.66666626930237,68.6369153722095,51 28 57 14 15 35 33 3 34 8 53 22 45 49 55 4 6 10 29 24 46 7 2 16 25 42 23 17 47 54 58 36
ilids,3,kiss_k,32,1.0,29,60.00000238418579,70.32343963226317,51 28 57 14 15 35 33 3 34 8 53 22 45 49 55 4 6 10 29 24 46 7 2 16 25 42 23 17 47 54 58 36
ilids,4,raw,0,-1,-1,61.666667461395264,69.75773581463237,
ilids,4,center,0,-1,-1,61.666667461395264,69.75773581463237,
ilids,4,unlab,0,0.1,-1,61.666667461395264,69.91268322320956,
ilids,4,kiss_all,59,0.1,-1,43.33333373069763,59.4689355221089,
ilids,4,unlab,0,1.0,-1,58.33333134651184,67.96545598117606,
ilids,4,kiss_all,59,1.0,-1,50.0,63.20172256936962,
ilids,4,kiss_k,2,0.1,0,61.666667461395264,69.70081269039603,5 26
ilids,4,kiss_k,2,1.0,0,58.33333134651184,68.08235059444738,5 26
ilids,4,kiss_k,2,0.1,1,60.00000238418579,68.64076082599634,39 42
ilids,4,kiss_k,2,1.0,1,58.33333134651184,67.32248879230617,39 42
ilids,4,kiss_k,2,0.1,2,60.00000238418579,68.65405697553688,11 43
ilids,4,kiss_k,2,1.0,2,60.00000238418579,67.97002086921444,11 43
ilids,4,kiss_k,2,0.1,3,61.666667461395264,69.55671943796943,8 58
ilids,4,kiss_k,2,1.0,3,60.00000238418579,68.11833883708884,8 58
ilids,4,kiss_k,2,0.1,4,61.666667461395264,69.27295078110295,54 27
ilids,4,kiss_k,2,1.0,4,60.00000238418579,68.17396950362637,54 27
ilids,4,kiss_k,2,0.1,5,61.666667461395264,69.35481963774974,57 17
ilids,4,kiss_k,2,1.0,5,58.33333134651184,67.24334380216733,57 17
ilids,4,kiss_k,2,0.1,6,60.00000238418579,68.96242491932149,6 20
ilids,4,kiss_k,2,1.0,6,58.33333134651184,68.0150223550959,6 20
ilids,4,kiss_k,2,0.1,7,61.666667461395264,70.38328566227118,41 23
ilids,4,kiss_k,2,1.0,7,61.666667461395264,70.06329300079301,41 23
ilids,4,kiss_k,2,0.1,8,63.333332538604736,71.08922576874542,58 29
ilids,4,kiss_k,2,1.0,8,61.666667461395264,69.75018861813217,58 29
ilids,4,kiss_k,2,0.1,9,60.00000238418579,68.48313417905449,22 46
ilids,4,kiss_k,2,1.0,9,60.00000238418579,68.42342856414864,22 46
ilids,4,kiss_k,2,0.1,10,61.666667461395264,70.28541301041301,44 7
ilids,4,kiss_k,2,1.0,10,58.33333134651184,68.23700734647744,44 7
ilids,4,kiss_k,2,0.1,11,61.666667461395264,69.78676635183987,46 50
ilids,4,kiss_k,2,1.0,11,58.33333134651184,67.53301385449375,46 50
ilids,4,kiss_k,2,0.1,12,61.666667461395264,69.71377590290284,36 14
ilids,4,kiss_k,2,1.0,12,58.33333134651184,67.73734213317547,36 14
ilids,4,kiss_k,2,0.1,13,61.666667461395264,70.15436214613847,18 54
ilids,4,kiss_k,2,1.0,13,58.33333134651184,67.68752368041407,18 54
ilids,4,kiss_k,2,0.1,14,60.00000238418579,68.94562035187036,0 26
ilids,4,kiss_k,2,1.0,14,58.33333134651184,67.84489911429569,0 26
ilids,4,kiss_k,2,0.1,15,61.666667461395264,69.77605118487472,28 17
ilids,4,kiss_k,2,1.0,15,58.33333134651184,67.39026020276019,28 17
ilids,4,kiss_k,2,0.1,16,58.33333134651184,67.70917103121052,43 21
ilids,4,kiss_k,2,1.0,16,58.33333134651184,67.77358331325361,43 21
ilids,4,kiss_k,2,0.1,17,60.00000238418579,68.64762683142557,19 30
ilids,4,kiss_k,2,1.0,17,58.33333134651184,67.44981723274735,19 30
ilids,4,kiss_k,2,0.1,18,60.00000238418579,69.00592000592002,31 26
ilids,4,kiss_k,2,1.0,18,58.33333134651184,68.16804909899906,31 26
ilids,4,kiss_k,2,0.1,19,61.666667461395264,68.79355355565033,13 12
ilids,4,kiss_k,2,1.0,19,58.33333134651184,66.81386834959405,13 12
ilids,4,kiss_k,2,0.1,20,60.00000238418579,69.13563011063012,5 19
ilids,4,kiss_k,2,1.0,20,58.33333134651184,68.0454251766752,5 19
ilids,4,kiss_k,2,0.1,21,58.33333134651184,68.36988921166554,34 50
ilids,4,kiss_k,2,1.0,21,58.33333134651184,67.89608655233656,34 50
ilids,4,kiss_k,2,0.1,22,60.00000238418579,69.13345788277731,20 1
ilids,4,kiss_k,2,1.0,22,58.33333134651184,67.89085805920485,20 1
ilids,4,kiss_k,2,0.1,23,61.666667461395264,69.64622240096625,6 45
ilids,4,kiss_k,2,1.0,23,58.33333134651184,68.2428515434514,6 45
ilids,4,kiss_k,2,0.1,24,60.00000238418579,69.01711934402154,22 50
ilids,4,kiss_k,2,1.0,24,60.00000238418579,68.81132042446698,22 50
ilids,4,kiss_k,2,0.1,25,60.00000238418579,69.10542668232885,42 52
ilids,4,kiss_k,2,1.0,25,58.33333134651184,68.03838829593141,42 52
ilids,4,kiss_k,2,0.1,26,60.00000238418579,68.79891993914983,31 30
ilids,4,kiss_k,2,1.0,26,58.33333134651184,67.77552481575471,31 30
ilids,4,kiss_k,2,0.1,27,61.666667461395264,70.16187804337137,5 3
ilids,4,kiss_k,2,1.0,27,60.00000238418579,69.4460866611602,5 3
ilids,4,kiss_k,2,0.1,28,61.666667461395264,69.7497972300604,56 24
ilids,4,kiss_k,2,1.0,28,60.00000238418579,68.55118827018161,56 24
ilids,4,kiss_k,2,0.1,29,60.00000238418579,68.40262407097086,39 11
ilids,4,kiss_k,2,1.0,29,58.33333134651184,67.3070890488654,39 11
ilids,4,kiss_k,4,0.1,0,60.00000238418579,68.8796799199098,14 31 53 40
ilids,4,kiss_k,4,1.0,0,56.66666626930237,67.02751684794696,14 31 53 40
ilids,4,kiss_k,4,0.1,1,61.666667461395264,69.56663575444479,33 0 31 39
ilids,4,kiss_k,4,1.0,1,61.666667461395264,68.89832042957043,33 0 31 39
ilids,4,kiss_k,4,0.1,2,60.00000238418579,68.61712859403076,51 30 5 52
ilids,4,kiss_k,4,1.0,2,56.66666626930237,66.99961438359426,51 30 5 52
ilids,4,kiss_k,4,0.1,3,60.00000238418579,68.95976847049418,42 26 58 28
ilids,4,kiss_k,4,1.0,3,58.33333134651184,67.86874680624682,42 26 58 28
ilids,4,kiss_k,4,0.1,4,61.666667461395264,68.96032435725418,48 49 34 10
ilids,4,kiss_k,4,1.0,4,58.33333134651184,66.96362120994475,48 49 34 10
ilids,4,kiss_k,4,0.1,5,61.666667461395264,69.52574516284194,28 29 58 1
ilids,4,kiss_k,4,1.0,5,56.66666626930237,67.25023459655813,28 29 58 1
ilids,4,kiss_k,4,0.1,6,61.666667461395264,70.7165243690731,9 47 13 0
ilids,4,kiss_k,4,1.0,6,60.00000238418579,69.63532242555232,9 47 13 0
ilids,4,kiss_k,4,0.1,7,60.00000238418579,68.40004729569948,12 2 27 38
ilids,4,kiss_k,4,1.0,7,58.33333134651184,67.06566915966249,12 2 27 38
ilids,4,kiss_k,4,0.1,8,61.666667461395264,70.56697688027612,43 29 27 38
ilids,4,kiss_k,4,1.0,8,60.00000238418579,69.11042109693426,43 29 27 38
ilids,4,kiss_k,4,0.1,9,61.666667461395264,69.5643402893403,11 5 35 13
ilids,4,kiss_k,4,1.0,9,61.666667461395264,69.1183441422412,11 5 35 13
ilids,4,kiss_k,4,0.1,10,60.00000238418579,68.37704425204426,3 25 34 6
ilids,4,kiss_k,4,1.0,10,58.33333134651184,67.47289708748043,3 25 34 6
ilids,4,kiss_k,4,0.1,11,61.666667461395264,69.39589333596687,0 51 43 1
ilids,4,kiss_k,4,1.0,11,58.33333134651184,67.71076685660019,0 51 43 1
ilids,4,kiss_k,4,0.1,12,61.666667461395264,70.5877257732521,34 20 50 0
ilids,4,kiss_k,4,1.0,12,61.666667461395264,70.40123541333219,34 20 50 0
ilids,4,kiss_k,4,0.1,13,61.666667461395264,69.13108452514078,33 12 51 2
ilids,4,kiss_k,4,1.0,13,60.00000238418579,68.43676007385685,33 12 51 2
ilids,4,kiss_k,4,0.1,14,60.00000238418579,69.03333378990753,54 43 42 28
ilids,4,kiss_k,4,1.0,14,58.33333134651184,67.80310834333824,54 43 42 28
ilids,4,kiss_k,4,0.1,15,61.666667461395264,69.98432777032161,13 8 11 50
ilids,4,kiss_k,4,1.0,15,60.00000238418579,68.60750972883326,13 8 11 50
ilids,4,kiss_k,4,0.1,16,60.00000238418579,69.37837771618676,48 5 3 38
ilids,4,kiss_k,4,1.0,16,58.33333134651184,68.19718721290731,48 5 3 38
ilids,4,kiss_k,4,0.1,17,60.00000238418579,68.88683608058608,10 24 34 32
ilids,4,kiss_k,4,1.0,17,58.33333134651184,67.7687397143919,10 24 34 32
ilids,4,kiss_k,4,0.1,18,58.33333134651184,68.41840990550668,44 9 29 25
ilids,4,kiss_k,4,1.0,18,60.00000238418579,68.8236412492878,44 9 29 25
ilids,4,kiss_k,4,0.1,19,60.00000238418579,68.54388975222308,18 22 34 6
ilids,4,kiss_k,4,1.0,19,58.33333134651184,67.61157029536903,18 22 34 6
ilids,4,kiss_k,4,0.1,20,63.333332538604736,70.63535695627726,2 19 18 17
ilids,4,kiss_k,4,1.0,20,60.00000238418579,68.53175544615763,2 19 18 17
ilids,4,kiss_k,4,0.1,21,60.00000238418579,69.72419590694486,46 51 43 24
ilids,4,kiss_k,4,1.0,21,58.33333134651184,68.18936240979254,46 51 43 24
ilids,4,kiss_k,4,0.1,22,60.00000238418579,68.67528771637001,1 33 18 46
ilids,4,kiss_k,4,1.0,22,58.33333134651184,67.2312758959214,1 33 18 46
ilids,4,kiss_k,4,0.1,23,60.00000238418579,69.09606672581056,16 9 41 17
ilids,4,kiss_k,4,1.0,23,60.00000238418579,69.22847360794931,16 9 41 17
ilids,4,kiss_k,4,0.1,24,60.00000238418579,68.83221185431552,38 7 49 11
ilids,4,kiss_k,4,1.0,24,58.33333134651184,67.7893861525327,38 7 49 11
ilids,4,kiss_k,4,0.1,25,61.666667461395264,68.96640990020863,34 6 18 38
ilids,4,kiss_k,4,1.0,25,58.33333134651184,67.24384566051232,34 6 18 38
ilids,4,kiss_k,4,0.1,26,60.00000238418579,70.15148169482846,45 57 19 24
ilids,4,kiss_k,4,1.0,26,60.00000238418579,69.64949756784435,45 57 19 24
ilids,4,kiss_k,4,0.1,27,60.00000238418579,68.87821302260959,21 41 50 0
ilids,4,kiss_k,4,1.0,27,60.00000238418579,68.21864342553997,21 41 50 0
ilids,4,kiss_k,4,0.1,28,60.00000238418579,69.16452410727995,0 21 39 46
ilids,4,kiss_k,4,1.0,28,60.00000238418579,68.4054673705409,0 21 39 46
ilids,4,kiss_k,4,0.1,29,61.666667461395264,69.63587331178864,14 7 28 44
ilids,4,kiss_k,4,1.0,29,60.00000238418579,68.71555843598856,14 7 28 44
ilids,4,kiss_k,8,0.1,0,60.00000238418579,69.18795889567949,12 30 57 20 15 22 42 17
ilids,4,kiss_k,8,1.0,0,58.33333134651184,68.24677652097007,12 30 57 20 15 22 42 17
ilids,4,kiss_k,8,0.1,1,60.00000238418579,69.12269606418158,57 27 55 40 12 11 46 25
ilids,4,kiss_k,8,1.0,1,58.33333134651184,67.60151416508154,57 27 55 40 12 11 46 25
ilids,4,kiss_k,8,0.1,2,60.00000238418579,69.4798080752382,31 32 24 25 37 33 35 17
ilids,4,kiss_k,8,1.0,2,58.33333134651184,68.3396446465412,31 32 24 25 37 33 35 17
ilids,4,kiss_k,8,0.1,3,61.666667461395264,70.43996685519674,0 33 10 25 35 55 7 20
ilids,4,kiss_k,8,1.0,3,60.00000238418579,69.68187008836341,0 33 10 25 35 55 7 20
ilids,4,kiss_k,8,0.1,4,63.333332538604736,71.27141957096319,7 32 49 46 23 53 44 20
ilids,4,kiss_k,8,1.0,4,56.66666626930237,67.85725732600733,7 32 49 46 23 53 44 20
ilids,4,kiss_k,8,0.1,5,58.33333134651184,68.33436805336139,33 38 22 28 3 47 25 21
ilids,4,kiss_k,8,1.0,5,61.666667461395264,69.4268028952126,33 38 22 28 3 47 25 21
ilids,4,kiss_k,8,0.1,6,60.00000238418579,69.50764196816829,0 4 32 6 19 9 30 13
ilids,4,kiss_k,8,1.0,6,60.00000238418579,69.07769560524434,0 4 32 6 19 9 30 13
ilids,4,kiss_k,8,0.1,7,60.00000238418579,68.79846716305049,37 43 35 22 39 21 54 27
ilids,4,kiss_k,8,1.0,7,58.33333134651184,67.92296128998092,37 43 35 22 39 21 54 27
ilids,4,kiss_k,8,0.1,8,60.00000238418579,69.8862667289138,15 57 19 54 14 7 30 53
ilids,4,kiss_k,8,1.0,8,58.33333134651184,68.9963273609107,15 57 19 54 14 7 30 53
ilids,4,kiss_k,8,0.1,9,60.00000238418579,69.32421135385812,33 57 23 10 54 19 39 35
ilids,4,kiss_k,8,1.0,9,58.33333134651184,68.2887499759097,33 57 23 10 54 19 39 35
ilids,4,kiss_k,8,0.1,10,58.33333134651184,67.27948668203543,51 8 18 54 30 3 28 57
ilids,4,kiss_k,8,1.0,10,56.66666626930237,66.58273632231968,51 8 18 54 30 3 28 57
ilids,4,kiss_k,8,0.1,11,63.333332538604736,70.47973800393156,2 16 19 48 17 51 31 8
ilids,4,kiss_k,8,1.0,11,60.00000238418579,68.60824880472869,2 16 19 48 17 51 31 8
ilids,4,kiss_k,8,0.1,12,63.333332538604736,71.46484916050133,13 41 53 26 47 2 17 22
ilids,4,kiss_k,8,1.0,12,58.33333134651184,69.04288048552753,13 41 53 26 47 2 17 22
ilids,4,kiss_k,8,0.1,13,63.333332538604736,72.31586700336699,56 19 35 5 50 40 31 6
ilids,4,kiss_k,8,1.0,13,61.666667461395264,71.10933541766875,56 19 35 5 50 40 31 6
ilids,4,kiss_k,8,0.1,14,61.666667461395264,70.33653645331277,31 22 55 4 48 42 10 46
ilids,4,kiss_k,8,1.0,14,60.00000238418579,69.03420961754296,31 22 55 4 48 42 10 46
ilids,4,kiss_k,8,0.1,15,58.33333134651184,68.64250564250565,21 51 19 1 30 26 17 41
ilids,4,kiss_k,8,1.0,15,56.66666626930237,67.47269243102578,21 51 19 1 30 26 17 41
ilids,4,kiss_k,8,0.1,16,63.333332538604736,70.7412110902645,39 4 23 14 5 51 22 46
ilids,4,kiss_k,8,1.0,16,61.666667461395264,69.1852940523137,39 4 23 14 5 51 22 46
ilids,4,kiss_k,8,0.1,17,60.00000238418579,68.2717004405601,37 17 26 7 54 5 4 34
ilids,4,kiss_k,8,1.0,17,56.66666626930237,66.5645904671392,37 17 26 7 54 5 4 34
ilids,4,kiss_k,8,0.1,18,58.33333134651184,68.1493324099924,7 15 44 55 22 18 51 50
ilids,4,kiss_k,8,1.0,18,58.33333134651184,68.25515763490147,7 15 44 55 22 18 51 50
ilids,4,kiss_k,8,0.1,19,61.666667461395264,69.96409219435536,3 2 39 55 22 0 45 23
ilids,4,kiss_k,8,1.0,19,60.00000238418579,68.85194996614632,3 2 39 55 22 0 45 23
ilids,4,kiss_k,8,0.1,20,63.333332538604736,71.21757628336577,7 16 55 41 9 17 22 11
ilids,4,kiss_k,8,1.0,20,61.666667461395264,70.03097141806819,7 16 55 41 9 17 22 11
ilids,4,kiss_k,8,0.1,21,56.66666626930237,67.11727422450463,11 15 54 13 24 7 50 30
ilids,4,kiss_k,8,1.0,21,56.66666626930237,66.66033171577527,11 15 54 13 24 7 50 30
ilids,4,kiss_k,8,0.1,22,60.00000238418579,69.5409451348386,30 34 15 20 0 51 42 10
ilids,4,kiss_k,8,1.0,22,56.66666626930237,67.46290661093293,30 34 15 20 0 51 42 10
ilids,4,kiss_k,8,0.1,23,63.333332538604736,70.71250815755126,25 32 38 8 31 58 49 33
ilids,4,kiss_k,8,1.0,23,60.00000238418579,69.11706156249167,25 32 38 8 31 58 49 33
ilids,4,kiss_k,8,0.1,24,61.666667461395264,70.36499346111029,41 23 42 18 36 25 24 53
ilids,4,kiss_k,8,1.0,24,60.00000238418579,68.8594237552571,41 23 42 18 36 25 24 53
ilids,4,kiss_k,8,0.1,25,58.33333134651184,69.39736898741772,37 47 38 8 5 26 42 44
ilids,4,kiss_k,8,1.0,25,58.33333134651184,68.89074293097282,37 47 38 8 5 26 42 44
ilids,4,kiss_k,8,0.1,26,61.666667461395264,70.38677633688599,52 43 33 35 16 23 1 3
ilids,4,kiss_k,8,1.0,26,56.66666626930237,67.5349778283246,52 43 33 35 16 23 1 3
ilids,4,kiss_k,8,0.1,27,58.33333134651184,67.89901602620901,43 9 7 31 16 49 34 33
ilids,4,kiss_k,8,1.0,27,58.33333134651184,67.37992804735093,43 9 7 31 16 49 34 33
ilids,4,kiss_k,8,0.1,28,61.666667461395264,69.99889257915574,6 15 38 39 9 58 26 27
ilids,4,kiss_k,8,1.0,28,60.00000238418579,69.0127416919465,6 15 38 39 9 58 26 27
ilids,4,kiss_k,8,0.1,29,61.666667461395264,70.35060926727593,0 17 46 11 20 44 15 7
ilids,4,kiss_k,8,1.0,29,58.33333134651184,68.4612064729098,0 17 46 11 20 44 15 7
ilids,4,kiss_k,16,0.1,0,58.33333134651184,68.13873028312683,25 22 52 5 6 24 47 55 17 2 20 7 45 33 28 10
ilids,4,kiss_k,16,1.0,0,56.66666626930237,67.43901768166477,25 22 52 5 6 24 47 55 17 2 20 7 45 33 28 10
ilids,4,kiss_k,16,0.1,1,64.99999761581421,72.4219437969438,6 48 57 51 9 19 58 23 13 4 34 39 50 1 45 0
ilids,4,kiss_k,16,1.0,1,61.666667461395264,70.60365168245603,6 48 57 51 9 19 58 23 13 4 34 39 50 1 45 0
ilids,4,kiss_k,16,0.1,2,61.666667461395264,69.4336496272353,22 58 10 6 14 47 28 50 55 15 32 4 7 25 41 52
ilids,4,kiss_k,16,1.0,2,61.666667461395264,69.78224721940693,22 58 10 6 14 47 28 50 55 15 32 4 7 25 41 52
ilids,4,kiss_k,16,0.1,3,58.33333134651184,65.73661403253435,42 56 43 38 20 11 12 51 55 28 49 32 14 34 53 48
ilids,4,kiss_k,16,1.0,3,58.33333134651184,65.42476998310333,42 56 43 38 20 11 12 51 55 28 49 32 14 34 53 48
ilids,4,kiss_k,16,0.1,4,55.000001192092896,66.69526307026307,58 7 10 9 36 27 31 18 28 5 22 56 54 40 2 19
ilids,4,kiss_k,16,1.0,4,56.66666626930237,67.18687468577174,58 7 10 9 36 27 31 18 28 5 22 56 54 40 2 19
ilids,4,kiss_k,16,0.1,5,55.000001192092896,66.53000336189993,15 10 4 23 19 57 35 36 55 41 24 47 11 28 7 44
ilids,4,kiss_k,16,1.0,5,56.66666626930237,67.06977531833853,15 10 4 23 19 57 35 36 55 41 24 47 11 28 7 44
ilids,4,kiss_k,16,0.1,6,61.666667461395264,69.6797113047113,8 47 29 11 20 58 40 18 9 4 48 44 3 41 25 6
ilids,4,kiss_k,16,1.0,6,58.33333134651184,68.16029121682547,8 47 29 11 20 58 40 18 9 4 48 44 3 41 25 6
ilids,4,kiss_k,16,0.1,7,58.33333134651184,69.4270733635792,36 20 4 39 9 21 31 49 15 28 43 30 17 10 7 54
ilids,4,kiss_k,16,1.0,7,56.66666626930237,68.00061145750801,36 20 4 39 9 21 31 49 15 28 43 30 17 10 7 54
ilids,4,kiss_k,16,0.1,8,61.666667461395264,70.82969359541367,53 0 3 28 9 58 22 55 20 57 26 13 35 8 27 31
ilids,4,kiss_k,16,1.0,8,60.00000238418579,69.82263406528112,53 0 3 28 9 58 22 55 20 57 26 13 35 8 27 31
ilids,4,kiss_k,16,0.1,9,61.666667461395264,70.59429181929183,38 11 41 31 37 30 4 1 43 19 54 9 16 57 39 22
ilids,4,kiss_k,16,1.0,9,58.33333134651184,69.01662465372144,38 11 41 31 37 30 4 1 43 19 54 9 16 57 39 22
ilids,4,kiss_k,16,0.1,10,56.66666626930237,68.51508803031791,31 10 11 15 12 20 54 26 37 53 47 51 38 25 4 17
ilids,4,kiss_k,16,1.0,10,56.66666626930237,68.24008914106955,31 10 11 15 12 20 54 26 37 53 47 51 38 25 4 17
ilids,4,kiss_k,16,0.1,11,61.666667461395264,70.6074997533331,2 36 9 33 15 16 18 1 7 49 55 50 5 26 6 20
ilids,4,kiss_k,16,1.0,11,60.00000238418579,69.28203076177459,2 36 9 33 15 16 18 1 7 49 55 50 5 26 6 20
ilids,4,kiss_k,16,0.1,12,60.00000238418579,67.5785664013925,3 25 38 45 49 52 22 2 53 30 42 33 56 43 37 0
ilids,4,kiss_k,16,1.0,12,60.00000238418579,67.61083777333778,3 25 38 45 49 52 22 2 53 30 42 33 56 43 37 0
ilids,4,kiss_k,16,0.1,13,63.333332538604736,71.49495087890227,9 23 26 38 57 24 7 50 46 21 53 11 41 14 16 15
ilids,4,kiss_k,16,1.0,13,63.333332538604736,71.12362386532868,9 23 26 38 57 24 7 50 46 21 53 11 41 14 16 15
ilids,4,kiss_k,16,0.1,14,60.00000238418579,70.06763278944776,51 11 35 33 0 41 15 26 21 44 16 22 34 40 20 49
ilids,4,kiss_k,16,1.0,14,60.00000238418579,70.4532657887921,51 11 35 33 0 41 15 26 21 44 16 22 34 40 20 49
ilids,4,kiss_k,16,0.1,15,56.66666626930237,67.57749252148585,28 10 4 12 24 39 43 35 0 32 25 41 55 29 54 45
ilids,4,kiss_k,16,1.0,15,60.00000238418579,68.37608004350292,28 10 4 12 24 39 43 35 0 32 25 41 55 29 54 45
ilids,4,kiss_k,16,0.1,16,60.00000238418579,68.82666275264314,35 54 37 27 50 56 20 52 55 47 34 51 36 39 2 25
ilids,4,kiss_k,16,1.0,16,61.666667461395264,69.97644935224858,35 54 37 27 50 56 20 52 55 47 34 51 36 39 2 25
ilids,4,kiss_k,16,0.1,17,56.66666626930237,67.11106603560964,27 30 48 0 45 33 13 50 12 35 47 38 49 6 55 2
ilids,4,kiss_k,16,1.0,17,55.000001192092896,65.66795675741878,27 30 48 0 45 33 13 50 12 35 47 38 49 6 55 2
ilids,4,kiss_k,16,0.1,18,58.33333134651184,67.45563695563696,29 39 8 19 37 56 35 20 26 49 15 11 12 2 32 42
ilids,4,kiss_k,16,1.0,18,58.33333134651184,67.38604221683582,29 39 8 19 37 56 35 20 26 49 15 11 12 2 32 42
ilids,4,kiss_k,16,0.1,19,61.666667461395264,70.18180988870645,15 25 6 28 31 24 27 48 53 11 8 1 30 5 46 21
ilids,4,kiss_k,16,1.0,19,61.666667461395264,69.61658922973578,15 25 6 28 31 24 27 48 53 11 8 1 30 5 46 21
ilids,4,kiss_k,16,0.1,20,58.33333134651184,68.47807584572291,50 47 23 41 30 32 5 14 10 46 9 12 7 54 44 15
ilids,4,kiss_k,16,1.0,20,56.66666626930237,67.24605192422531,50 47 23 41 30 32 5 14 10 46 9 12 7 54 44 15
ilids,4,kiss_k,16,0.1,21,60.00000238418579,69.58664922880611,57 20 13 7 42 27 12 29 52 5 47 24 18 8 35 36
ilids,4,kiss_k,16,1.0,21,55.000001192092896,66.63949623913393,57 20 13 7 42 27 12 29 52 5 47 24 18 8 35 36
ilids,4,kiss_k,16,0.1,22,60.00000238418579,68.95482916257812,36 10 12 38 46 31 25 8 23 24 35 32 42 34 48 30
ilids,4,kiss_k,16,1.0,22,60.00000238418579,68.81485434322711,36 10 12 38 46 31 25 8 23 24 35 32 42 34 48 30
ilids,4,kiss_k,16,0.1,23,63.333332538604736,71.11363636363637,49 57 9 10 39 5 35 12 20 51 13 48 32 15 4 36
ilids,4,kiss_k,16,1.0,23,63.333332538604736,71.45203523328524,49 57 9 10 39 5 35 12 20 51 13 48 32 15 4 36
ilids,4,kiss_k,16,0.1,24,56.66666626930237,67.2949190787426,2 26 10 41 27 5 34 43 29 0 33 25 30 52 7 45
ilids,4,kiss_k,16,1.0,24,56.66666626930237,66.81737343085383,2 26 10 41 27 5 34 43 29 0 33 25 30 52 7 45
ilids,4,kiss_k,16,0.1,25,56.66666626930237,69.45305071404455,51 39 49 48 3 5 19 50 47 7 26 18 34 22 32 13
ilids,4,kiss_k,16,1.0,25,58.33333134651184,70.19327414644752,51 39 49 48 3 5 19 50 47 7 26 18 34 22 32 13
ilids,4,kiss_k,16,0.1,26,53.33333611488342,66.66624717519858,31 23 54 9 28 47 35 48 22 36 0 11 30 44 40 27
ilids,4,kiss_k,16,1.0,26,56.66666626930237,67.83763227513228,31 23 54 9 28 47 35 48 22 36 0 11 30 44 40 27
ilids,4,kiss_k,16,0.1,27,58.33333134651184,70.21112637362637,2 54 13 16 19 24 55 38 21 48 29 30 28 46 49 25
ilids,4,kiss_k,16,1.0,27,58.33333134651184,68.86740422546357,2 54 13 16 19 24 55 38 21 48 29 30 28 46 49 25
ilids,4,kiss_k,16,0.1,28,63.333332538604736,71.89469326969328,45 9 26 18 50 51 8 48 47 41 13 10 20 43 49 42
ilids,4,kiss_k,16,1.0,28,64.99999761581421,72.55586946686331,45 9 26 18 50 51 8 48 47 41 13 10 20 43 49 42
ilids,4,kiss_k,16,0.1,29,58.33333134651184,68.46090003907341,2 26 3 10 45 17 14 6 43 29 15 35 32 46 21 41
ilids,4,kiss_k,16,1.0,29,56.66666626930237,66.79173388647328,2 26 3 10 45 17 14 6 43 29 15 35 32 46 21 41
ilids,4,kiss_k,32,0.1,0,58.33333134651184,68.3948618389408,34 41 18 36 3 37 27 17 38 11 15 57 6 47 10 50 51 48 32 5 55 45 33 56 7 23 12 31 9 39 58 4
ilids,4,kiss_k,32,1.0,0,58.33333134651184,67.63863541142953,34 41 18 36 3 37 27 17 38 11 15 57 6 47 10 50 51 48 32 5 55 45 33 56 7 23 12 31 9 39 58 4
ilids,4,kiss_k,32,0.1,1,56.66666626930237,67.98326654576654,22 43 42 0 37 50 57 34 40 36 38 15 41 16 9 58 8 7 24 6 29 25 47 33 11 35 53 19 49 10 27 30
ilids,4,kiss_k,32,1.0,1,56.66666626930237,67.32570075168115,22 43 42 0 37 50 57 34 40 36 38 15 41 16 9 58 8 7 24 6 29 25 47 33 11 35 53 19 49 10 27 30
ilids,4,kiss_k,32,0.1,2,58.33333134651184,68.90676299009631,16 46 35 20 54 6 8 33 15 32 39 29 47 41 5 31 40 1 10 13 50 37 28 11 22 42 14 45 57 18 30 12
ilids,4,kiss_k,32,1.0,2,55.000001192092896,66.92225308555231,16 46 35 20 54 6 8 33 15 32 39 29 47 41 5 31 40 1 10 13 50 37 28 11 22 42 14 45 57 18 30 12
ilids,4,kiss_k,32,0.1,3,60.00000238418579,68.61857586857586,14 37 6 41 42 47 10 26 30 9 21 46 17 52 2 20 13 8 12 34 58 15 23 0 33 43 35 32 19 1 3 25
ilids,4,kiss_k,32,1.0,3,56.66666626930237,66.63312613312615,14 37 6 41 42 47 10 26 30 9 21 46 17 52 2 20 13 8 12 34 58 15 23 0 33 43 35 32 19 1 3 25
ilids,4,kiss_k,32,0.1,4,61.666667461395264,70.85888733932433,5 33 15 3 36 14 12 6 46 16 45 37 48 58 30 31 26 17 4 0 56 49 13 50 44 39 19 25 2 42 54 29
ilids,4,kiss_k,32,1.0,4,63.333332538604736,71.03424690010057,5 33 15 3 36 14 12 6 46 16 45 37 48 58 30 31 26 17 4 0 56 49 13 50 44 39 19 25 2 42 54 29
ilids,4,kiss_k,32,0.1,5,56.66666626930237,69.3909522971308,16 47 49 42 11 56 38 4 34 0 13 5 54 57 37 3 46 22 6 20 51 45 10 7 33 12 19 40 44 29 31 39
ilids,4,kiss_k,32,1.0,5,60.00000238418579,69.87827269909313,16 47 49 42 11 56 38 4 34 0 13 5 54 57 37 3 46 22 6 20 51 45 10 7 33 12 19 40 44 29 31 39
ilids,4,kiss_k,32,0.1,6,58.33333134651184,67.72183481598442,24 57 50 58 27 56 38 53 48 12 0 14 16 9 55 26 54 43 3 15 18 44 20 47 25 13 45 29 8 39 40 42
ilids,4,kiss_k,32,1.0,6,55.000001192092896,66.06907109822487,24 57 50 58 27 56 38 53 48 12 0 14 16 9 55 26 54 43 3 15 18 44 20 47 25 13 45 29 8 39 40 42
ilids,4,kiss_k,32,0.1,7,56.66666626930237,67.15213518023417,1 58 39 42 34 7 3 16 30 46 55 53 9 52 43 0 21 54 37 41 26 45 25 13 56 18 57 12 28 49 2 14
ilids,4,kiss_k,32,1.0,7,58.33333134651184,68.00119578134284,1 58 39 42 34 7 3 16 30 46 55 53 9 52 43 0 21 54 37 41 26 45 25 13 56 18 57 12 28 49 2 14
ilids,4,kiss_k,32,0.1,8,61.666667461395264,71.01668556311415,13 7 58 0 38 14 4 45 34 15 1 29 22 32 2 35 48 52 26 12 39 6 55 41 40 17 9 33 51 50 57 56
ilids,4,kiss_k,32,1.0,8,61.666667461395264,71.16017235582454,13 7 58 0 38 14 4 45 34 15 1 29 22 32 2 35 48 52 26 12 39 6 55 41 40 17 9 33 51 50 57 56
ilids,4,kiss_k,32,0.1,9,58.33333134651184,68.90347222222223,53 25 5 30 7 52 58 56 51 35 46 11 18 34 20 4 0 57 33 14 9 31 54 38 44 27 8 45 6 3 17 32
ilids,4,kiss_k,32,1.0,9,60.00000238418579,69.44549877367216,53 25 5 30 7 52 58 56 51 35 46 11 18 34 20 4 0 57 33 14 9 31 54 38 44 27 8 45 6 3 17 32
ilids,4,kiss_k,32,0.1,10,63.333332538604736,72.68136693056049,2 47 57 5 22 3 54 24 26 8 45 55 25 40 30 44 11 9 52 19 14 20 33 32 18 16 13 53 37 0 4 56
ilids,4,kiss_k,32,1.0,10,56.66666626930237,69.25136975611359,2 47 57 5 22 3 54 24 26 8 45 55 25 40 30 44 11 9 52 19 14 20 33 32 18 16 13 53 37 0 4 56
ilids,4,kiss_k,32,0.1,11,53.33333611488342,65.24831298275828,40 15 22 14 47 36 34 3 37 23 39 32 21 46 52 11 45 42 53 5 4 2 58 28 16 25 35 55 7 54 24 8
ilids,4,kiss_k,32,1.0,11,51.66666507720947,64.75736219118572,40 15 22 14 47 36 34 3 37 23 39 32 21 46 52 11 45 42 53 5 4 2 58 28 16 25 35 55 7 54 24 8
ilids,4,kiss_k,32,0.1,12,60.00000238418579,68.30785166272783,21 51 31 50 7 13 9 55 26 33 54 35 6 28 29 57 34 15 53 14 38 5 19 46 1 37 4 0 47 23 8 18
ilids,4,kiss_k,32,1.0,12,58.33333134651184,67.20959595959599,21 51 31 50 7 13 9 55 26 33 54 35 6 28 29 57 34 15 53 14 38 5 19 46 1 37 4 0 47 23 8 18
ilids,4,kiss_k,32,0.1,13,55.000001192092896,67.46632444400763,27 51 21 23 19 35 12 22 25 24 53 52 31 36 42 46 50 17 6 11 45 55 40 39 58 37 28 13 9 8 15 33
ilids,4,kiss_k,32,1.0,13,60.00000238418579,69.75562468577175,27 51 21 23 19 35 12 22 25 24 53 52 31 36 42 46 50 17 6 11 45 55 40 39 58 37 28 13 9 8 15 33
ilids,4,kiss_k,32,0.1,14,61.666667461395264,69.56908831908831,6 11 10 32 47 44 15 38 49 33 9 13 31 3 43 25 8 24 42 17 51 53 37 14 5 50 29 28 22 30 40 57
ilids,4,kiss_k,32,1.0,14,58.33333134651184,67.91086990351698,6 11 10 32 47 44 15 38 49 33 9 13 31 3 43 25 8 24 42 17 51 53 37 14 5 50 29 28 22 30 40 57
ilids,4,kiss_k,32,0.1,15,58.33333134651184,68.34156339303398,33 48 21 15 25 7 3 18 13 30 54 36 53 31 6 47 52 5 39 51 38 23 55 11 2 26 9 14 27 19 58 16
ilids,4,kiss_k,32,1.0,15,58.33333134651184,68.38535458100677,33 48 21 15 25 7 3 18 13 30 54 36 53 31 6 47 52 5 39 51 38 23 55 11 2 26 9 14 27 19 58 16
ilids,4,kiss_k,32,0.1,16,60.00000238418579,69.6944597799861,26 18 16 58 3 32 11 48 36 14 39 7 29 33 52 27 8 51 49 43 47 57 9 45 5 37 46 22 6 55 1 38
ilids,4,kiss_k,32,1.0,16,60.00000238418579,68.98059706612337,26 18 16 58 3 32 11 48 36 14 39 7 29 33 52 27 8 51 49 43 47 57 9 45 5 37 46 22 6 55 1 38
ilids,4,kiss_k,32,0.1,17,63.333332538604736,71.49242994987677,48 41 47 33 46 10 52 32 53 6 51 50 30 34 7 38 27 40 20 15 37 21 19 42 1 57 44 54 0 11 3 5
ilids,4,kiss_k,32,1.0,17,63.333332538604736,71.31336588907229,48 41 47 33 46 10 52 32 53 6 51 50 30 34 7 38 27 40 20 15 37 21 19 42 1 57 44 54 0 11 3 5
ilids,4,kiss_k,32,0.1,18,60.00000238418579,69.2259299682899,3 35 46 51 54 7 5 2 40 58 9 26 57 32 49 55 0 16 18 53 19 48 31 20 44 47 38 4 11 14 39 12
ilids,4,kiss_k,32,1.0,18,58.33333134651184,67.68261483886484,3 35 46 51 54 7 5 2 40 58 9 26 57 32 49 55 0 16 18 53 19 48 31 20 44 47 38 4 11 14 39 12
ilids,4,kiss_k,32,0.1,19,58.33333134651184,68.39997207814544,28 23 1 50 16 21 18 0 58 38 40 53 13 22 49 9 30 51 17 2 34 46 39 15 11 3 8 44 32 6 47 10
ilids,4,kiss_k,32,1.0,19,58.33333134651184,67.38153458789424,28 23 1 50 16 21 18 0 58 38 40 53 13 22 49 9 30 51 17 2 34 46 39 15 11 3 8 44 32 6 47 10
ilids,4,kiss_k,32,0.1,20,61.666667461395264,68.96138691883374,43 45 6 12 42 41 48 18 7 54 3 20 23 40 0 37 13 38 21 8 47 34 9 24 56 49 2 50 30 39 36 53
ilids,4,kiss_k,32,1.0,20,60.00000238418579,68.15811503311502,43 45 6 12 42 41 48 18 7 54 3 20 23 40 0 37 13 38 21 8 47 34 9 24 56 49 2 50 30 39 36 53
ilids,4,kiss_k,32,0.1,21,60.00000238418579,69.19024470740158,40 34 39 4 28 1 8 36 53 12 22 44 52 2 41 9 24 27 30 49 6 32 3 14 57 20 35 55 48 7 37 11
ilids,4,kiss_k,32,1.0,21,60.00000238418579,68.46285972970034,40 34 39 4 28 1 8 36 53 12 22 44 52 2 41 9 24 27 30 49 6 32 3 14 57 20 35 55 48 7 37 11
ilids,4,kiss_k,32,0.1,22,61.666667461395264,70.26589073694338,48 51 46 57 2 40 33 45 23 25 7 38 35 4 54 56 42 49 6 58 32 19 24 14 31 16 39 28 26 11 20 12
ilids,4,kiss_k,32,1.0,22,58.33333134651184,68.20937049062049,48 51 46 57 2 40 33 45 23 25 7 38 35 4 54 56 42 49 6 58 32 19 24 14 31 16 39 28 26 11 20 12
ilids,4,kiss_k,32,0.1,23,58.33333134651184,68.86549231192089,23 25 16 1 37 39 34 3 10 0 26 19 29 15 35 33 28 9 6 20 8 12 4 36 44 48 40 14 11 18 38 32
ilids,4,kiss_k,32,1.0,23,58.33333134651184,68.44084857794536,23 25 16 1 37 39 34 3 10 0 26 19 29 15 35 33 28 9 6 20 8 12 4 36 44 48 40 14 11 18 38 32
ilids,4,kiss_k,32,0.1,24,61.666667461395264,70.5336453669787,0 39 40 29 22 16 38 26 19 2 17 30 55 46 5 32 54 11 27 43 6 52 57 33 8 41 31 35 4 36 53 7
ilids,4,kiss_k,32,1.0,24,58.33333134651184,67.85281274765192,0 39 40 29 22 16 38 26 19 2 17 30 55 46 5 32 54 11 27 43 6 52 57 33 8 41 31 35 4 36 53 7
ilids,4,kiss_k,32,0.1,25,53.33333611488342,65.78800366300366,37 40 2 51 35 21 12 57 31 58 18 53 55 42 3 39 32 52 38 43 49 24 26 25 19 20 1 44 30 13 7 34
ilids,4,kiss_k,32,1.0,25,58.33333134651184,67.89084276584276,37 40 2 51 35 21 12 57 31 58 18 53 55 42 3 39 32 52 38 43 49 24 26 25 19 20 1 44 30 13 7 34
ilids,4,kiss_k,32,0.1,26,60.00000238418579,69.54227385109738,45 47 53 18 44 2 40 8 7 10 25 30 22 15 26 52 57 20 19 17 28 12 11 32 46 41 49 24 5 51 0 54
ilids,4,kiss_k,32,1.0,26,56.66666626930237,67.90526727112093,45 47 53 18 44 2 40 8 7 10 25 30 22 15 26 52 57 20 19 17 28 12 11 32 46 41 49 24 5 51 0 54
ilids,4,kiss_k,32,0.1,27,56.66666626930237,67.57398230424546,53 24 18 5 52 32 21 17 31 36 55 50 40 27 58 15 44 56 13 4 41 49 26 45 0 43 3 22 38 8 48 30
ilids,4,kiss_k,32,1.0,27,55.000001192092896,65.6734224839488,53 24 18 5 52 32 21 17 31 36 55 50 40 27 58 15 44 56 13 4 41 49 26 45 0 43 3 22 38 8 48 30
ilids,4,kiss_k,32,0.1,28,60.00000238418579,70.17757586281138,38 50 22 34 47 17 49 55 54 37 8 25 20 58 48 12 27 31 23 0 32 57 7 36 16 13 11 43 19 33 21 53
ilids,4,kiss_k,32,1.0,28,58.33333134651184,68.7727406381232,38 50 22 34 47 17 49 55 54 37 8 25 20 58 48 12 27 31 23 0 32 57 7 36 16 13 11 43 19 33 21 53
ilids,4,kiss_k,32,0.1,29,63.333332538604736,71.32770998388848,31 50 7 15 18 33 22 52 35 34 36 40 27 44 45 37 3 13 1 49 25 55 54 12 20 2 5 16 29 39 48 58
ilids,4,kiss_k,32,1.0,29,63.333332538604736,70.69817188647112,31 50 7 15 18 33 22 52 35 34 36 40 27 44 45 37 3 13 1 49 25 55 54 12 20 2 5 16 29 39 48 58
ilids,5,raw,0,-1,-1,68.33333373069763,75.59962406015036,
ilids,5,center,0,-1,-1,68.33333373069763,75.59962406015036,
ilids,5,unlab,0,0.1,-1,69.9999988079071,75.98743386243386,
ilids,5,kiss_all,59,0.1,-1,50.0,62.96380557273415,
ilids,5,unlab,0,1.0,-1,69.9999988079071,75.54363624317985,
ilids,5,kiss_all,59,1.0,-1,56.66666626930237,68.05293028845661,
ilids,5,kiss_k,2,0.1,0,68.33333373069763,74.92330866770523,4 27
ilids,5,kiss_k,2,1.0,0,64.99999761581421,73.20735660538293,4 27
ilids,5,kiss_k,2,0.1,1,68.33333373069763,75.48150855605216,6 46
ilids,5,kiss_k,2,1.0,1,66.66666865348816,73.96351429541085,6 46
ilids,5,kiss_k,2,0.1,2,69.9999988079071,75.51195015043054,35 53
ilids,5,kiss_k,2,1.0,2,64.99999761581421,72.56675105939811,35 53
ilids,5,kiss_k,2,0.1,3,73.33333492279053,77.50138282677884,23 2
ilids,5,kiss_k,2,1.0,3,66.66666865348816,73.64440031267557,23 2
ilids,5,kiss_k,2,0.1,4,68.33333373069763,75.79668307594804,29 12
ilids,5,kiss_k,2,1.0,4,68.33333373069763,74.60850850542055,29 12
ilids,5,kiss_k,2,0.1,5,73.33333492279053,78.36878093423013,20 39
ilids,5,kiss_k,2,1.0,5,71.66666388511658,77.15621184371186,20 39
ilids,5,kiss_k,2,0.1,6,66.66666865348816,74.50713012477718,44 14
ilids,5,kiss_k,2,1.0,6,66.66666865348816,73.9728119103119,44 14
ilids,5,kiss_k,2,0.1,7,73.33333492279053,77.11830136094842,26 24
ilids,5,kiss_k,2,1.0,7,66.66666865348816,72.98914116928823,26 24
ilids,5,kiss_k,2,0.1,8,73.33333492279053,78.5506379585327,3 12
ilids,5,kiss_k,2,1.0,8,68.33333373069763,75.0602949681897,3 12
ilids,5,kiss_k,2,0.1,9,69.9999988079071,75.92339913173247,43 47
ilids,5,kiss_k,2,1.0,9,66.66666865348816,73.60373422873423,43 47
ilids,5,kiss_k,2,0.1,10,68.33333373069763,75.03707395593361,50 26
ilids,5,kiss_k,2,1.0,10,66.66666865348816,73.79777938111272,50 26
ilids,5,kiss_k,2,0.1,11,69.9999988079071,76.45241579246452,13 46
ilids,5,kiss_k,2,1.0,11,68.33333373069763,75.27314965630183,13 46
ilids,5,kiss_k,2,0.1,12,69.9999988079071,76.08976671476671,17 56
ilids,5,kiss_k,2,1.0,12,66.66666865348816,74.18610556110556,17 56
ilids,5,kiss_k,2,0.1,13,69.9999988079071,75.83692825062793,16 31
ilids,5,kiss_k,2,1.0,13,68.33333373069763,74.99553088992744,16 31
ilids,5,kiss_k,2,0.1,14,71.66666388511658,76.83314150056437,22 46
ilids,5,kiss_k,2,1.0,14,69.9999988079071,75.54467996210283,22 46
ilids,5,kiss_k,2,0.1,15,68.33333373069763,74.98103431656062,19 11
ilids,5,kiss_k,2,1.0,15,71.66666388511658,76.13076748569036,19 11
ilids,5,kiss_k,2,0.1,16,66.66666865348816,74.26922529225162,3 24
ilids,5,kiss_k,2,1.0,16,68.33333373069763,74.70026488856412,3 24
ilids,5,kiss_k,2,0.1,17,69.9999988079071,76.03889620775584,50 54
ilids,5,kiss_k,2,1.0,17,68.33333373069763,74.18452380952381,50 54
ilids,5,kiss_k,2,0.1,18,71.66666388511658,76.99243956841997,51 9
ilids,5,kiss_k,2,1.0,18,68.33333373069763,74.78510677775384,51 9
ilids,5,kiss_k,2,0.1,19,71.66666388511658,77.04887338076993,41 10
ilids,5,kiss_k,2,1.0,19,68.33333373069763,75.15368669610957,41 10
ilids,5,kiss_k,2,0.1,20,69.9999988079071,76.79935438125092,8 41
ilids,5,kiss_k,2,1.0,20,68.33333373069763,75.18802126991783,8 41
ilids,5,kiss_k,2,0.1,21,71.66666388511658,76.85305118857751,22 41
ilids,5,kiss_k,2,1.0,21,69.9999988079071,75.54127962680593,22 41
ilids,5,kiss_k,2,0.1,22,68.33333373069763,74.7769729458326,56 41
ilids,5,kiss_k,2,1.0,22,66.66666865348816,73.6404289342886,56 41
ilids,5,kiss_k,2,0.1,23,68.33333373069763,75.39237813737242,4 44
ilids,5,kiss_k,2,1.0,23,66.66666865348816,74.01594056528268,4 44
ilids,5,kiss_k,2,0.1,24,69.9999988079071,76.3104984683932,18 20
ilids,5,kiss_k,2,1.0,24,69.9999988079071,75.94069040121671,18 20
ilids,5,kiss_k,2,0.1,25,69.9999988079071,76.1852453102453,32 31
ilids,5,kiss_k,2,1.0,25,68.33333373069763,74.35504868694525,32 31
ilids,5,kiss_k,2,0.1,26,66.66666865348816,74.5950129209933,8 9
ilids,5,kiss_k,2,1.0,26,66.66666865348816,73.76741314241315,8 9
ilids,5,kiss_k,2,0.1,27,66.66666865348816,74.33100695600695,30 14
ilids,5,kiss_k,2,1.0,27,66.66666865348816,73.73434762874417,30 14
ilids,5,kiss_k,2,0.1,28,68.33333373069763,74.94828928381561,38 25
ilids,5,kiss_k,2,1.0,28,66.66666865348816,73.85120897620897,38 25
ilids,5,kiss_k,2,0.1,29,71.66666388511658,77.31057116773005,46 37
ilids,5,kiss_k,2,1.0,29,68.33333373069763,74.90318696648619,46 37
ilids,5,kiss_k,4,0.1,0,68.33333373069763,75.53830891330891,54 52 13 16
ilids,5,kiss_k,4,1.0,0,66.66666865348816,74.58284600389862,54 52 13 16
ilids,5,kiss_k,4,0.1,1,68.33333373069763,74.98647031980366,29 58 44 56
ilids,5,kiss_k,4,1.0,1,64.99999761581421,72.64112658677875,29 58 44 56
ilids,5,kiss_k,4,0.1,2,68.33333373069763,75.37347377281588,13 17 46 29
ilids,5,kiss_k,4,1.0,2,68.33333373069763,75.14880404683036,13 17 46 29
ilids,5,kiss_k,4,0.1,3,69.9999988079071,76.18949632888717,25 47 58 36
ilids,5,kiss_k,4,1.0,3,68.33333373069763,75.07216076589943,25 47 58 36
ilids,5,kiss_k,4,0.1,4,68.33333373069763,75.024619670453,2 44 19 20
ilids,5,kiss_k,4,1.0,4,66.66666865348816,73.43953950283874,2 44 19 20
ilids,5,kiss_k,4,0.1,5,68.33333373069763,75.22614885114885,43 48 10 46
ilids,5,kiss_k,4,1.0,5,68.33333373069763,75.28617216117216,43 48 10 46
ilids,5,kiss_k,4,0.1,6,69.9999988079071,76.34877391127391,0 50 54 49
ilids,5,kiss_k,4,1.0,6,68.33333373069763,74.95447281476693,0 50 54 49
ilids,5,kiss_k,4,0.1,7,66.66666865348816,75.14101609208747,8 9 13 42
ilids,5,kiss_k,4,1.0,7,64.99999761581421,74.1604396509847,8 9 13 42
ilids,5,kiss_k,4,0.1,8,68.33333373069763,74.86257309941521,4 15 21 52
ilids,5,kiss_k,4,1.0,8,68.33333373069763,74.55347664031875,4 15 21 52
ilids,5,kiss_k,4,0.1,9,71.66666388511658,76.6044856677849,23 22 13 16
ilids,5,kiss_k,4,1.0,9,69.9999988079071,75.76838658168582,23 22 13 16
ilids,5,kiss_k,4,0.1,10,68.33333373069763,75.96997438883403,36 26 23 39
ilids,5,kiss_k,4,1.0,10,69.9999988079071,76.02978367418022,36 26 23 39
ilids,5,kiss_k,4,0.1,11,69.9999988079071,76.10187641222123,6 58 44 9
ilids,5,kiss_k,4,1.0,11,69.9999988079071,76.04708861582726,6 58 44 9
ilids,5,kiss_k,4,0.1,12,68.33333373069763,74.72560229625446,56 25 23 6
ilids,5,kiss_k,4,1.0,12,69.9999988079071,75.23680732685605,56 25 23 6
ilids,5,kiss_k,4,0.1,13,69.9999988079071,76.86553724053724,34 15 32 39
ilids,5,kiss_k,4,1.0,13,69.9999988079071,76.23158074725413,34 15 32 39
ilids,5,kiss_k,4,0.1,14,69.9999988079071,75.87952520189363,49 27 33 10
ilids,5,kiss_k,4,1.0,14,68.33333373069763,75.04685592185592,49 27 33 10
ilids,5,kiss_k,4,0.1,15,68.33333373069763,75.42187750521083,13 16 23 49
ilids,5,kiss_k,4,1.0,15,68.33333373069763,74.99063899063898,13 16 23 49
ilids,5,kiss_k,4,0.1,16,68.33333373069763,75.20778075020363,31 28 26 9
ilids,5,kiss_k,4,1.0,16,68.33333373069763,75.01797900605405,31 28 26 9
ilids,5,kiss_k,4,0.1,17,66.66666865348816,74.57037502727158,14 32 46 29
ilids,5,kiss_k,4,1.0,17,63.333332538604736,71.74286688726343,14 32 46 29
ilids,5,kiss_k,4,0.1,18,66.66666865348816,74.12255946882495,29 14 41 6
ilids,5,kiss_k,4,1.0,18,66.66666865348816,73.94991612919245,29 14 41 6
ilids,5,kiss_k,4,0.1,19,68.33333373069763,75.20824845089551,53 27 20 4
ilids,5,kiss_k,4,1.0,19,64.99999761581421,72.4823935642901,53 27 20 4
ilids,5,kiss_k,4,0.1,20,68.33333373069763,75.46165881658169,35 14 50 51
ilids,5,kiss_k,4,1.0,20,64.99999761581421,72.85712830667191,35 14 50 51
ilids,5,kiss_k,4,0.1,21,71.66666388511658,76.76205623315158,22 32 11 18
ilids,5,kiss_k,4,1.0,21,69.9999988079071,75.82024505708716,22 32 11 18
ilids,5,kiss_k,4,0.1,22,68.33333373069763,75.47770449579662,53 57 49 36
ilids,5,kiss_k,4,1.0,22,68.33333373069763,75.4060135299524,53 57 49 36
ilids,5,kiss_k,4,0.1,23,66.66666865348816,74.30553713013389,31 40 53 47
ilids,5,kiss_k,4,1.0,23,64.99999761581421,72.42012393222072,31 40 53 47
ilids,5,kiss_k,4,0.1,24,68.33333373069763,75.00803350883274,2 26 24 50
ilids,5,kiss_k,4,1.0,24,68.33333373069763,74.8849060844497,2 26 24 50
ilids,5,kiss_k,4,0.1,25,64.99999761581421,73.59400930453562,11 34 24 1
ilids,5,kiss_k,4,1.0,25,68.33333373069763,74.60821055775416,11 34 24 1
ilids,5,kiss_k,4,0.1,26,66.66666865348816,74.66623304970771,20 15 57 32
ilids,5,kiss_k,4,1.0,26,68.33333373069763,74.63828186777103,20 15 57 32
ilids,5,kiss_k,4,0.1,27,73.33333492279053,78.25207962010022,51 50 3 0
ilids,5,kiss_k,4,1.0,27,73.33333492279053,78.27382648215982,51 50 3 0
ilids,5,kiss_k,4,0.1,28,66.66666865348816,74.51014176638043,55 13 19 20
ilids,5,kiss_k,4,1.0,28,66.66666865348816,73.79500273874142,55 13 19 20
ilids,5,kiss_k,4,0.1,29,66.66666865348816,74.54734712924368,8 41 10 32
ilids,5,kiss_k,4,1.0,29,66.66666865348816,74.34496753246755,8 41 10 32
ilids,5,kiss_k,8,0.1,0,63.333332538604736,72.4783506599723,58 48 23 2 24 54 20 28
ilids,5,kiss_k,8,1.0,0,63.333332538604736,71.60487923239472,58 48 23 2 24 54 20 28
ilids,5,kiss_k,8,0.1,1,66.66666865348816,74.72741147741148,36 34 26 0 39 58 3 48
ilids,5,kiss_k,8,1.0,1,69.9999988079071,76.30405890405892,36 34 26 0 39 58 3 48
ilids,5,kiss_k,8,0.1,2,71.66666388511658,77.22069597069596,43 32 30 12 55 36 39 22
ilids,5,kiss_k,8,1.0,2,71.66666388511658,77.16350085569152,43 32 30 12 55 36 39 22
ilids,5,kiss_k,8,0.1,3,69.9999988079071,76.28533966033966,51 26 37 50 46 57 3 16
ilids,5,kiss_k,8,1.0,3,69.9999988079071,76.06112736210775,51 26 37 50 46 57 3 16
ilids,5,kiss_k,8,0.1,4,66.66666865348816,74.93956092640303,3 22 45 38 0 19 8 6
ilids,5,kiss_k,8,1.0,4,66.66666865348816,74.68799833101892,3 22 45 38 0 19 8 6
ilids,5,kiss_k,8,0.1,5,66.66666865348816,74.43521359139208,14 58 26 56 24 12 39 32
ilids,5,kiss_k,8,1.0,5,66.66666865348816,73.71868392185729,14 58 26 56 24 12 39 32
ilids,5,kiss_k,8,0.1,6,63.333332538604736,72.08684147393824,41 38 18 53 50 58 22 6
ilids,5,kiss_k,8,1.0,6,60.00000238418579,69.18772893772895,41 38 18 53 50 58 22 6
ilids,5,kiss_k,8,0.1,7,69.9999988079071,76.72730346123203,7 39 12 27 2 50 38 13
ilids,5,kiss_k,8,1.0,7,71.66666388511658,77.06163811678518,7 39 12 27 2 50 38 13
ilids,5,kiss_k,8,0.1,8,69.9999988079071,76.26338870471922,27 5 4 45 22 23 58 46
ilids,5,kiss_k,8,1.0,8,64.99999761581421,73.50252170668837,27 5 4 45 22 23 58 46
ilids,5,kiss_k,8,0.1,9,71.66666388511658,76.92572783579776,54 36 41 45 22 29 31 18
ilids,5,kiss_k,8,1.0,9,71.66666388511658,76.89371817878812,54 36 41 45 22 29 31 18
ilids,5,kiss_k,8,0.1,10,69.9999988079071,76.55247075206752,27 34 45 32 15 39 22 10
ilids,5,kiss_k,8,1.0,10,71.66666388511658,76.97563623038006,27 34 45 32 15 39 22 10
ilids,5,kiss_k,8,0.1,11,66.66666865348816,74.68152526485859,10 5 2 43 9 27 46 24
ilids,5,kiss_k,8,1.0,11,66.66666865348816,74.20411255411256,10 5 2 43 9 27 46 24
ilids,5,kiss_k,8,0.1,12,60.00000238418579,69.66733395603364,24 13 5 17 29 58 19 8
ilids,5,kiss_k,8,1.0,12,56.66666626930237,67.58689132218544,24 13 5 17 29 58 19 8
ilids,5,kiss_k,8,0.1,13,71.66666388511658,76.98150842010492,52 42 49 48 3 1 33 25
ilids,5,kiss_k,8,1.0,13,68.33333373069763,74.64574528641866,52 42 49 48 3 1 33 25
ilids,5,kiss_k,8,0.1,14,64.99999761581421,73.71280491919624,32 18 19 23 35 52 9 30
ilids,5,kiss_k,8,1.0,14,68.33333373069763,74.45735909205737,32 18 19 23 35 52 9 30
ilids,5,kiss_k,8,0.1,15,64.99999761581421,74.57342407342406,7 55 49 48 50 12 19 4
ilids,5,kiss_k,8,1.0,15,63.333332538604736,73.74975791752108,7 55 49 48 50 12 19 4
ilids,5,kiss_k,8,0.1,16,69.9999988079071,75.89836544222509,11 44 25 37 34 18 56 54
ilids,5,kiss_k,8,1.0,16,69.9999988079071,75.2888429295163,11 44 25 37 34 18 56 54
ilids,5,kiss_k,8,0.1,17,64.99999761581421,73.90258217197872,44 15 27 3 34 33 13 25
ilids,5,kiss_k,8,1.0,17,63.333332538604736,71.90023938050254,44 15 27 3 34 33 13 25
ilids,5,kiss_k,8,0.1,18,68.33333373069763,74.87028748292882,16 5 49 41 15 1 12 40
ilids,5,kiss_k,8,1.0,18,66.66666865348816,73.00490945314863,16 5 49 41 15 1 12 40
ilids,5,kiss_k,8,0.1,19,68.33333373069763,76.27682884748101,29 39 6 10 17 4 5 27
ilids,5,kiss_k,8,1.0,19,68.33333373069763,75.96089078906417,29 39 6 10 17 4 5 27
ilids,5,kiss_k,8,0.1,20,68.33333373069763,74.30155673898523,32 19 18 57 12 46 31 33
ilids,5,kiss_k,8,1.0,20,68.33333373069763,74.22260595158914,32 19 18 57 12 46 31 33
ilids,5,kiss_k,8,0.1,21,68.33333373069763,74.38070042312329,18 46 38 8 30 35 33 49
ilids,5,kiss_k,8,1.0,21,68.33333373069763,74.13475046664702,18 46 38 8 30 35 33 49
ilids,5,kiss_k,8,0.1,22,64.99999761581421,74.05714751404405,9 58 41 44 42 56 8 30
ilids,5,kiss_k,8,1.0,22,66.66666865348816,74.40846980286636,9 58 41 44 42 56 8 30
ilids,5,kiss_k,8,0.1,23,68.33333373069763,75.17414526563077,47 7 48 21 51 37 4 44
ilids,5,kiss_k,8,1.0,23,68.33333373069763,74.85416666666666,47 7 48 21 51 37 4 44
ilids,5,kiss_k,8,0.1,24,66.66666865348816,74.60249020741307,16 8 20 28 0 44 21 25
ilids,5,kiss_k,8,1.0,24,66.66666865348816,74.11675824175823,16 8 20 28 0 44 21 25
ilids,5,kiss_k,8,0.1,25,69.9999988079071,76.53374865874866,19 48 5 26 42 36 29 4
ilids,5,kiss_k,8,1.0,25,69.9999988079071,76.0755772005772,19 48 5 26 42 36 29 4
ilids,5,kiss_k,8,0.1,26,66.66666865348816,74.13246571436225,20 46 17 43 16 23 4 55
ilids,5,kiss_k,8,1.0,26,64.99999761581421,72.51545445764513,20 46 17 43 16 23 4 55
ilids,5,kiss_k,8,0.1,27,71.66666388511658,77.6373494424965,45 18 39 41 17 51 23 7
ilids,5,kiss_k,8,1.0,27,71.66666388511658,77.48350175652807,45 18 39 41 17 51 23 7
ilids,5,kiss_k,8,0.1,28,64.99999761581421,73.64023159121199,45 29 46 53 13 52 51 25
ilids,5,kiss_k,8,1.0,28,63.333332538604736,71.43219280719282,45 29 46 53 13 52 51 25
ilids,5,kiss_k,8,0.1,29,64.99999761581421,73.42947942580295,21 25 2 40 8 47 19 27
ilids,5,kiss_k,8,1.0,29,64.99999761581421,72.72329821594528,21 25 2 40 8 47 19 27
ilids,5,kiss_k,16,0.1,0,69.9999988079071,76.59633720027014,3 8 10 5 47 17 2 12 7 30 55 58 49 52 38 39
ilids,5,kiss_k,16,1.0,0,71.66666388511658,77.47317862762002,3 8 10 5 47 17 2 12 7 30 55 58 49 52 38 39
ilids,5,kiss_k,16,0.1,1,69.9999988079071,76.36415450018391,36 35 15 25 5 34 23 56 27 33 45 46 50 12 16 17
ilids,5,kiss_k,16,1.0,1,69.9999988079071,75.8846015096015,36 35 15 25 5 34 23 56 27 33 45 46 50 12 16 17
ilids,5,kiss_k,16,0.1,2,68.33333373069763,75.62145992160126,54 52 49 31 33 11 22 36 30 24 19 25 51 44 7 29
ilids,5,kiss_k,16,1.0,2,66.66666865348816,74.53029677294384,54 52 49 31 33 11 22 36 30 24 19 25 51 44 7 29
ilids,5,kiss_k,16,0.1,3,68.33333373069763,76.31941391941392,15 18 12 49 28 9 27 46 6 14 30 10 32 53 34 5
ilids,5,kiss_k,16,1.0,3,63.333332538604736,73.5624046894857,15 18 12 49 28 9 27 46 6 14 30 10 32 53 34 5
ilids,5,kiss_k,16,0.1,4,69.9999988079071,77.10770144322777,58 10 37 25 29 32 5 12 14 4 34 22 13 57 17 33
ilids,5,kiss_k,16,1.0,4,68.33333373069763,75.9622881991303,58 10 37 25 29 32 5 12 14 4 34 22 13 57 17 33
ilids,5,kiss_k,16,0.1,5,69.9999988079071,76.56346595655805,20 8 38 47 9 41 44 37 29 42 52 32 45 21 2 31
ilids,5,kiss_k,16,1.0,5,69.9999988079071,76.01686564080453,20 8 38 47 9 41 44 37 29 42 52 32 45 21 2 31
ilids,5,kiss_k,16,0.1,6,68.33333373069763,74.84777999529345,37 2 7 40 46 51 17 11 45 55 13 58 35 41 36 52
ilids,5,kiss_k,16,1.0,6,64.99999761581421,72.85747855539522,37 2 7 40 46 51 17 11 45 55 13 58 35 41 36 52
ilids,5,kiss_k,16,0.1,7,69.9999988079071,76.28674479878842,40 24 0 29 31 25 43 46 47 37 55 49 33 16 45 36
ilids,5,kiss_k,16,1.0,7,69.9999988079071,75.8668498898762,40 24 0 29 31 25 43 46 47 37 55 49 33 16 45 36
ilids,5,kiss_k,16,0.1,8,64.99999761581421,73.4427664065107,21 41 48 26 7 51 37 17 12 33 5 10 47 36 42 19
ilids,5,kiss_k,16,1.0,8,64.99999761581421,72.84569991789819,21 41 48 26 7 51 37 17 12 33 5 10 47 36 42 19
ilids,5,kiss_k,16,0.1,9,61.666667461395264,71.58234009177406,5 52 16 20 3 9 40 0 30 10 48 56 24 50 6 14
ilids,5,kiss_k,16,1.0,9,61.666667461395264,70.79739704739706,5 52 16 20 3 9 40 0 30 10 48 56 24 50 6 14
ilids,5,kiss_k,16,0.1,10,66.66666865348816,74.79727181294518,46 55 18 32 24 42 50 53 8 6 15 47 27 2 4 5
ilids,5,kiss_k,16,1.0,10,68.33333373069763,75.57801207801208,46 55 18 32 24 42 50 53 8 6 15 47 27 2 4 5
ilids,5,kiss_k,16,0.1,11,66.66666865348816,73.5616054988436,28 17 43 27 19 40 47 21 11 50 55 9 23 48 37 35
ilids,5,kiss_k,16,1.0,11,68.33333373069763,74.22064280748492,28 17 43 27 19 40 47 21 11 50 55 9 23 48 37 35
ilids,5,kiss_k,16,0.1,12,66.66666865348816,73.0689313772647,35 8 47 49 6 3 52 48 18 9 37 42 19 13 0 24
ilids,5,kiss_k,16,1.0,12,66.66666865348816,72.68748527301159,35 8 47 49 6 3 52 48 18 9 37 42 19 13 0 24
ilids,5,kiss_k,16,0.1,13,63.333332538604736,72.86217177883844,33 28 15 8 41 50 37 47 17 58 43 0 42 5 38 35
ilids,5,kiss_k,16,1.0,13,63.333332538604736,73.09937413807383,33 28 15 8 41 50 37 47 17 58 43 0 42 5 38 35
ilids,5,kiss_k,16,0.1,14,64.99999761581421,72.31103754633168,36 12 8 32 40 50 13 44 21 29 25 52 24 11 27 31
ilids,5,kiss_k,16,1.0,14,63.333332538604736,71.84940205992838,36 12 8 32 40 50 13 44 21 29 25 52 24 11 27 31
ilids,5,kiss_k,16,0.1,15,63.333332538604736,71.70803863534128,58 41 33 0 54 50 26 46 55 27 12 23 13 22 42 43
ilids,5,kiss_k,16,1.0,15,61.666667461395264,70.46040834165834,58 41 33 0 54 50 26 46 55 27 12 23 13 22 42 43
ilids,5,kiss_k,16,0.1,16,66.66666865348816,74.55619564559505,3 18 2 15 20 55 37 0 22 35 29 10 24 4 57 40
ilids,5,kiss_k,16,1.0,16,66.66666865348816,73.16678729566038,3 18 2 15 20 55 37 0 22 35 29 10 24 4 57 40
ilids,5,kiss_k,16,0.1,17,69.9999988079071,75.56571352623983,36 2 43 34 26 9 45 49 14 0 21 24 20 6 33 52
ilids,5,kiss_k,16,1.0,17,66.66666865348816,73.86248851051482,36 2 43 34 26 9 45 49 14 0 21 24 20 6 33 52
ilids,5,kiss_k,16,0.1,18,68.33333373069763,75.74965458518092,31 15 12 23 46 58 48 0 55 32 43 8 17 44 33 19
ilids,5,kiss_k,16,1.0,18,68.33333373069763,75.13898438163143,31 15 12 23 46 58 48 0 55 32 43 8 17 44 33 19
ilids,5,kiss_k,16,0.1,19,71.66666388511658,77.28974010227547,36 12 54 8 31 39 53 16 44 21 5 37 42 6 14 32
ilids,5,kiss_k,16,1.0,19,73.33333492279053,77.78737683637864,36 12 54 8 31 39 53 16 44 21 5 37 42 6 14 32
ilids,5,kiss_k,16,0.1,20,68.33333373069763,75.90999789684001,34 6 38 27 9 1 48 55 16 23 47 43 39 26 45 8
ilids,5,kiss_k,16,1.0,20,68.33333373069763,75.67597817063216,34 6 38 27 9 1 48 55 16 23 47 43 39 26 45 8
ilids,5,kiss_k,16,0.1,21,71.66666388511658,76.92728616412826,49 4 11 46 41 27 20 14 36 1 22 55 32 33 38 31
ilids,5,kiss_k,16,1.0,21,68.33333373069763,75.3656185036234,49 4 11 46 41 27 20 14 36 1 22 55 32 33 38 31
ilids,5,kiss_k,16,0.1,22,60.00000238418579,71.46309903546747,28 48 17 32 54 55 34 36 30 53 51 45 14 13 25 56
ilids,5,kiss_k,16,1.0,22,60.00000238418579,70.46689362208251,28 48 17 32 54 55 34 36 30 53 51 45 14 13 25 56
ilids,5,kiss_k,16,0.1,23,66.66666865348816,75.20791756136585,23 39 34 17 24 1 41 55 20 13 14 30 18 28 44 31
ilids,5,kiss_k,16,1.0,23,66.66666865348816,74.42478432047643,23 39 34 17 24 1 41 55 20 13 14 30 18 28 44 31
ilids,5,kiss_k,16,0.1,24,68.33333373069763,75.48707424650821,50 55 7 56 45 18 42 12 27 17 53 25 43 10 40 26
ilids,5,kiss_k,16,1.0,24,66.66666865348816,74.49073940133616,50 55 7 56 45 18 42 12 27 17 53 25 43 10 40 26
ilids,5,kiss_k,16,0.1,25,66.66666865348816,74.03732281114837,19 14 24 41 38 0 5 54 23 47 33 30 46 53 3 44
ilids,5,kiss_k,16,1.0,25,66.66666865348816,73.63051994301996,19 14 24 41 38 0 5 54 23 47 33 30 46 53 3 44
ilids,5,kiss_k,16,0.1,26,71.66666388511658,77.10974826724255,33 3 38 36 24 1 42 27 47 44 13 55 6 29 32 28
ilids,5,kiss_k,16,1.0,26,68.33333373069763,75.59005163099991,33 3 38 36 24 1 42 27 47 44 13 55 6 29 32 28
ilids,5,kiss_k,16,0.1,27,66.66666865348816,75.12873517807729,38 48 14 12 30 52 29 42 49 5 58 36 46 40 27 4
ilids,5,kiss_k,16,1.0,27,64.99999761581421,73.60797939817516,38 48 14 12 30 52 29 42 49 5 58 36 46 40 27 4
ilids,5,kiss_k,16,0.1,28,64.99999761581421,73.6499236666094,2 46 19 23 17 51 35 18 31 36 52 7 11 53 40 29
ilids,5,kiss_k,16,1.0,28,68.33333373069763,74.64138159455497,2 46 19 23 17 51 35 18 31 36 52 7 11 53 40 29
ilids,5,kiss_k,16,0.1,29,66.66666865348816,75.49577651386862,39 55 54 34 30 42 27 38 26 25 20 57 9 44 48 31
ilids,5,kiss_k,16,1.0,29,68.33333373069763,75.79702973346862,39 55 54 34 30 42 27 38 26 25 20 57 9 44 48 31
ilids,5,kiss_k,32,0.1,0,63.333332538604736,73.33042635658916,36 55 28 50 22 54 2 9 12 48 31 45 52 57 24 4 10 15 11 26 53 17 25 42 23 34 43 30 7 29 38 51
ilids,5,kiss_k,32,1.0,0,63.333332538604736,72.88331619482203,36 55 28 50 22 54 2 9 12 48 31 45 52 57 24 4 10 15 11 26 53 17 25 42 23 34 43 30 7 29 38 51
ilids,5,kiss_k,32,0.1,1,66.66666865348816,75.88025303956802,57 5 22 53 55 35 13 54 7 18 41 42 14 6 11 10 31 19 30 50 38 36 1 20 34 52 37 45 27 2 9 48
ilids,5,kiss_k,32,1.0,1,64.99999761581421,74.81439660764015,57 5 22 53 55 35 13 54 7 18 41 42 14 6 11 10 31 19 30 50 38 36 1 20 34 52 37 45 27 2 9 48
ilids,5,kiss_k,32,0.1,2,71.66666388511658,77.97963379213378,14 58 3 46 27 43 15 45 12 25 2 37 16 20 21 28 13 5 30 53 49 50 26 6 56 7 38 29 55 18 48 23
ilids,5,kiss_k,32,1.0,2,69.9999988079071,76.4645831751095,14 58 3 46 27 43 15 45 12 25 2 37 16 20 21 28 13 5 30 53 49 50 26 6 56 7 38 29 55 18 48 23
ilids,5,kiss_k,32,0.1,3,61.666667461395264,72.16233518849798,40 58 14 18 26 37 47 22 52 9 30 11 3 35 19 6 46 39 16 10 31 45 57 41 1 7 20 43 15 48 5 25
ilids,5,kiss_k,32,1.0,3,64.99999761581421,74.27932098765433,40 58 14 18 26 37 47 22 52 9 30 11 3 35 19 6 46 39 16 10 31 45 57 41 1 7 20 43 15 48 5 25
ilids,5,kiss_k,32,0.1,4,68.33333373069763,76.16089230304917,16 10 8 42 55 4 5 49 33 25 15 43 3 54 44 52 48 9 19 39 58 30 7 53 50 46 21 20 22 24 57 28
ilids,5,kiss_k,32,1.0,4,66.66666865348816,74.79876871317089,16 10 8 42 55 4 5 49 33 25 15 43 3 54 44 52 48 9 19 39 58 30 7 53 50 46 21 20 22 24 57 28
ilids,5,kiss_k,32,0.1,5,64.99999761581421,72.57956185477596,25 0 14 5 52 27 54 23 43 24 2 35 30 3 16 55 11 50 41 58 49 18 45 10 36 12 15 53 40 26 1 34
ilids,5,kiss_k,32,1.0,5,63.333332538604736,71.34862313612315,25 0 14 5 52 27 54 23 43 24 2 35 30 3 16 55 11 50 41 58 49 18 45 10 36 12 15 53 40 26 1 34
ilids,5,kiss_k,32,0.1,6,68.33333373069763,75.53100949311144,12 23 34 1 54 42 10 0 35 53 41 27 21 25 11 40 48 58 33 44 55 28 15 31 50 7 6 22 16 45 56 49
ilids,5,kiss_k,32,1.0,6,66.66666865348816,74.19615482746468,12 23 34 1 54 42 10 0 35 53 41 27 21 25 11 40 48 58 33 44 55 28 15 31 50 7 6 22 16 45 56 49
ilids,5,kiss_k,32,0.1,7,64.99999761581421,74.11718886938185,0 32 55 25 6 8 11 42 30 16 58 46 24 13 27 49 40 57 17 5 7 14 26 19 56 28 4 2 29 10 54 50
ilids,5,kiss_k,32,1.0,7,66.66666865348816,74.63475845760361,0 32 55 25 6 8 11 42 30 16 58 46 24 13 27 49 40 57 17 5 7 14 26 19 56 28 4 2 29 10 54 50
ilids,5,kiss_k,32,0.1,8,64.99999761581421,73.86826363542049,54 37 6 58 2 27 50 36 57 1 15 12 28 42 33 45 29 34 23 30 26 0 3 17 4 55 49 38 10 53 41 47
ilids,5,kiss_k,32,1.0,8,61.666667461395264,72.4387217720551,54 37 6 58 2 27 50 36 57 1 15 12 28 42 33 45 29 34 23 30 26 0 3 17 4 55 49 38 10 53 41 47
ilids,5,kiss_k,32,0.1,9,63.333332538604736,72.98233856786489,20 18 56 46 34 14 23 29 1 49 57 30 43 22 33 15 24 58 39 36 13 6 41 5 10 54 48 4 42 16 55 8
ilids,5,kiss_k,32,1.0,9,64.99999761581421,73.87375587375587,20 18 56 46 34 14 23 29 1 49 57 30 43 22 33 15 24 58 39 36 13 6 41 5 10 54 48 4 42 16 55 8
ilids,5,kiss_k,32,0.1,10,60.00000238418579,70.91650527834739,44 31 16 47 19 32 0 23 27 2 54 17 18 57 29 7 43 49 14 48 55 13 15 9 51 33 36 46 24 41 35 30
ilids,5,kiss_k,32,1.0,10,63.333332538604736,72.44352983655044,44 31 16 47 19 32 0 23 27 2 54 17 18 57 29 7 43 49 14 48 55 13 15 9 51 33 36 46 24 41 35 30
ilids,5,kiss_k,32,0.1,11,64.99999761581421,74.02326417896593,57 13 41 38 20 56 48 35 30 47 22 4 11 36 32 15 9 40 24 33 16 42 54 53 28 17 37 45 0 27 7 10
ilids,5,kiss_k,32,1.0,11,64.99999761581421,73.8798721248664,57 13 41 38 20 56 48 35 30 47 22 4 11 36 32 15 9 40 24 33 16 42 54 53 28 17 37 45 0 27 7 10
ilids,5,kiss_k,32,0.1,12,63.333332538604736,73.04718798151002,0 58 6 28 36 57 25 31 18 52 27 49 37 38 2 51 19 33 16 1 42 26 9 53 3 34 41 20 12 10 17 47
ilids,5,kiss_k,32,1.0,12,68.33333373069763,75.13226494158698,0 58 6 28 36 57 25 31 18 52 27 49 37 38 2 51 19 33 16 1 42 26 9 53 3 34 41 20 12 10 17 47
ilids,5,kiss_k,32,0.1,13,61.666667461395264,72.31890766085992,18 52 34 56 7 41 13 54 8 29 12 26 21 5 37 25 20 15 16 17 48 47 38 35 4 0 57 53 10 23 49 42
ilids,5,kiss_k,32,1.0,13,66.66666865348816,74.30029461279462,18 52 34 56 7 41 13 54 8 29 12 26 21 5 37 25 20 15 16 17 48 47 38 35 4 0 57 53 10 23 49 42
ilids,5,kiss_k,32,0.1,14,64.99999761581421,74.99510986246979,29 41 57 21 22 34 49 12 26 36 39 24 45 6 50 42 2 10 40 44 16 11 28 25 48 32 3 37 38 35 30 27
ilids,5,kiss_k,32,1.0,14,68.33333373069763,76.0371446292499,29 41 57 21 22 34 49 12 26 36 39 24 45 6 50 42 2 10 40 44 16 11 28 25 48 32 3 37 38 35 30 27
ilids,5,kiss_k,32,0.1,15,60.00000238418579,71.57833718282636,7 57 36 58 37 14 47 28 3 1 23 30 45 19 54 41 42 11 49 44 33 9 12 52 26 17 56 4 24 43 27 13
ilids,5,kiss_k,32,1.0,15,61.666667461395264,72.34306667990879,7 57 36 58 37 14 47 28 3 1 23 30 45 19 54 41 42 11 49 44 33 9 12 52 26 17 56 4 24 43 27 13
ilids,5,kiss_k,32,0.1,16,66.66666865348816,73.3964599500021,31 55 30 23 4 36 57 48 27 8 52 24 22 5 12 11 28 17 26 39 20 47 10 42 6 32 33 9 50 58 29 2
ilids,5,kiss_k,32,1.0,16,68.33333373069763,74.57919280028814,31 55 30 23 4 36 57 48 27 8 52 24 22 5 12 11 28 17 26 39 20 47 10 42 6 32 33 9 50 58 29 2
ilids,5,kiss_k,32,0.1,17,66.66666865348816,74.72580710912754,30 9 23 50 11 42 14 39 3 35 45 46 57 40 1 5 4 51 43 38 32 33 12 31 29 44 54 22 49 48 0 24
ilids,5,kiss_k,32,1.0,17,64.99999761581421,73.5485447286918,30 9 23 50 11 42 14 39 3 35 45 46 57 40 1 5 4 51 43 38 32 33 12 31 29 44 54 22 49 48 0 24
ilids,5,kiss_k,32,0.1,18,69.9999988079071,76.9568833943834,49 46 22 13 55 39 33 45 2 7 48 52 17 1 0 47 40 3 18 29 42 28 27 35 34 43 10 44 26 25 14 30
ilids,5,kiss_k,32,1.0,18,68.33333373069763,76.05590712893344,49 46 22 13 55 39 33 45 2 7 48 52 17 1 0 47 40 3 18 29 42 28 27 35 34 43 10 44 26 25 14 30
ilids,5,kiss_k,32,0.1,19,63.333332538604736,71.04474233978384,3 46 27 5 23 25 22 11 37 13 35 57 40 4 31 7 54 43 56 33 52 45 2 47 17 36 50 34 21 41 0 1
ilids,5,kiss_k,32,1.0,19,63.333332538604736,70.97223406270722,3 46 27 5 23 25 22 11 37 13 35 57 40 4 31 7 54 43 56 33 52 45 2 47 17 36 50 34 21 41 0 1
ilids,5,kiss_k,32,0.1,20,64.99999761581421,73.08041661791661,10 36 49 57 45 19 56 12 8 0 34 2 46 52 25 38 54 48 5 47 15 22 32 6 43 27 3 40 18 51 33 17
ilids,5,kiss_k,32,1.0,20,64.99999761581421,72.89326028765683,10 36 49 57 45 19 56 12 8 0 34 2 46 52 25 38 54 48 5 47 15 22 32 6 43 27 3 40 18 51 33 17
ilids,5,kiss_k,32,0.1,21,66.66666865348816,75.75574695366362,1 27 47 11 26 7 22 39 30 21 15 41 36 45 18 54 33 13 55 57 20 8 50 42 31 46 23 10 6 3 25 0
ilids,5,kiss_k,32,1.0,21,66.66666865348816,75.69223391631338,1 27 47 11 26 7 22 39 30 21 15 41 36 45 18 54 33 13 55 57 20 8 50 42 31 46 23 10 6 3 25 0
ilids,5,kiss_k,32,0.1,22,66.66666865348816,75.19451747788895,0 54 40 46 15 39 49 57 52 38 6 19 53 32 29 18 30 13 14 36 20 37 41 5 58 16 3 9 24 45 31 34
ilids,5,kiss_k,32,1.0,22,68.33333373069763,75.93331128747795,0 54 40 46 15 39 49 57 52 38 6 19 53 32 29 18 30 13 14 36 20 37 41 5 58 16 3 9 24 45 31 34
ilids,5,kiss_k,32,0.1,23,69.9999988079071,76.88353552063228,28 32 50 19 13 31 24 3 12 10 45 18 52 21 2 5 34 36 56 16 54 27 38 48 57 20 49 4 37 53 42 15
ilids,5,kiss_k,32,1.0,23,69.9999988079071,75.95006700385957,28 32 50 19 13 31 24 3 12 10 45 18 52 21 2 5 34 36 56 16 54 27 38 48 57 20 49 4 37 53 42 15
ilids,5,kiss_k,32,0.1,24,63.333332538604736,72.23718070428596,55 38 58 50 44 49 48 45 6 7 37 34 52 0 26 43 42 36 40 21 4 23 30 33 35 51 32 1 57 46 8 16
ilids,5,kiss_k,32,1.0,24,63.333332538604736,72.0324924531581,55 38 58 50 44 49 48 45 6 7 37 34 52 0 26 43 42 36 40 21 4 23 30 33 35 51 32 1 57 46 8 16
ilids,5,kiss_k,32,0.1,25,75.0,79.94700713351297,1 15 31 20 32 42 39 16 41 35 43 46 25 26 33 4 34 55 9 58 13 29 2 11 37 17 22 36 21 49 5 51
ilids,5,kiss_k,32,1.0,25,73.33333492279053,79.07679588929588,1 15 31 20 32 42 39 16 41 35 43 46 25 26 33 4 34 55 9 58 13 29 2 11 37 17 22 36 21 49 5 51
ilids,5,kiss_k,32,0.1,26,66.66666865348816,74.888766539952,19 37 58 36 26 11 30 43 32 14 0 16 49 44 22 55 45 5 25 15 57 53 2 21 35 20 40 17 41 8 13 48
ilids,5,kiss_k,32,1.0,26,66.66666865348816,75.11553691120255,19 37 58 36 26 11 30 43 32 14 0 16 49 44 22 55 45 5 25 15 57 53 2 21 35 20 40 17 41 8 13 48
ilids,5,kiss_k,32,0.1,27,68.33333373069763,75.33241943241943,34 48 7 27 0 10 38 31 58 56 6 4 22 23 52 18 26 41 30 29 15 39 37 24 16 50 55 19 9 32 43 57
ilids,5,kiss_k,32,1.0,27,66.66666865348816,74.30803918303917,34 48 7 27 0 10 38 31 58 56 6 4 22 23 52 18 26 41 30 29 15 39 37 24 16 50 55 19 9 32 43 57
ilids,5,kiss_k,32,0.1,28,64.99999761581421,73.29556645708576,2 9 38 58 17 34 43 54 32 50 37 26 3 45 39 13 14 18 42 6 16 27 53 35 24 40 19 4 47 23 10 25
ilids,5,kiss_k,32,1.0,28,64.99999761581421,74.0249166276124,2 9 38 58 17 34 43 54 32 50 37 26 3 45 39 13 14 18 42 6 16 27 53 35 24 40 19 4 47 23 10 25
ilids,5,kiss_k,32,0.1,29,66.66666865348816,74.54995390412056,37 14 18 44 27 13 36 49 43 21 53 4 31 1 10 40 9 6 12 56 48 24 2 33 22 20 8 30 39 54 46 29
ilids,5,kiss_k,32,1.0,29,68.33333373069763,75.99607487922705,37 14 18 44 27 13 36 49 43 21 53 4 31 1 10 40 9 6 12 56 48 24 2 33 22 20 8 30 39 54 46 29
ilids,6,raw,0,-1,-1,56.66666626930237,69.44669365721997,
ilids,6,center,0,-1,-1,56.66666626930237,69.44669365721997,
ilids,6,unlab,0,0.1,-1,58.33333134651184,70.04629120879122,
ilids,6,kiss_all,59,0.1,-1,56.66666626930237,67.55672486554839,
ilids,6,unlab,0,1.0,-1,56.66666626930237,69.00425685425685,
ilids,6,kiss_all,59,1.0,-1,56.66666626930237,69.48625825928457,
ilids,6,kiss_k,2,0.1,0,56.66666626930237,68.70908323071579,13 3
ilids,6,kiss_k,2,1.0,0,56.66666626930237,68.04539306478962,13 3
ilids,6,kiss_k,2,0.1,1,56.66666626930237,68.76819708069708,46 15
ilids,6,kiss_k,2,1.0,1,58.33333134651184,69.22662590677295,46 15
ilids,6,kiss_k,2,0.1,2,56.66666626930237,68.53534496549202,2 40
ilids,6,kiss_k,2,1.0,2,55.000001192092896,68.0193038361898,2 40
ilids,6,kiss_k,2,0.1,3,58.33333134651184,69.48390344223677,50 28
ilids,6,kiss_k,2,1.0,3,56.66666626930237,68.68558932944899,50 28
ilids,6,kiss_k,2,0.1,4,56.66666626930237,69.35133878467212,36 15
ilids,6,kiss_k,2,1.0,4,55.000001192092896,67.51584773089647,36 15
ilids,6,kiss_k,2,0.1,5,56.66666626930237,68.30044261294262,43 37
ilids,6,kiss_k,2,1.0,5,58.33333134651184,69.47375263625263,43 37
ilids,6,kiss_k,2,0.1,6,58.33333134651184,71.28118939883646,20 47
ilids,6,kiss_k,2,1.0,6,60.00000238418579,71.32883927981966,20 47
ilids,6,kiss_k,2,0.1,7,56.66666626930237,68.5782708032708,13 1
ilids,6,kiss_k,2,1.0,7,56.66666626930237,68.12202757300795,13 1
ilids,6,kiss_k,2,0.1,8,60.00000238418579,71.34726535541753,58 34
ilids,6,kiss_k,2,1.0,8,56.66666626930237,69.37229588044805,58 34
ilids,6,kiss_k,2,0.1,9,56.66666626930237,68.95505711656382,14 12
ilids,6,kiss_k,2,1.0,9,58.33333134651184,69.77969021719022,14 12
ilids,6,kiss_k,2,0.1,10,58.33333134651184,70.23526692356616,33 14
ilids,6,kiss_k,2,1.0,10,56.66666626930237,69.18400997150997,33 14
ilids,6,kiss_k,2,0.1,11,58.33333134651184,70.10783682548389,36 14
ilids,6,kiss_k,2,1.0,11,58.33333134651184,69.51858635191968,36 14
ilids,6,kiss_k,2,0.1,12,58.33333134651184,70.557208994709,40 14
ilids,6,kiss_k,2,1.0,12,58.33333134651184,69.74642006504752,40 14
ilids,6,kiss_k,2,0.1,13,56.66666626930237,69.10850097614802,51 39
ilids,6,kiss_k,2,1.0,13,55.000001192092896,67.74935040449746,51 39
ilids,6,kiss_k,2,0.1,14,58.33333134651184,69.99634239217572,57 31
ilids,6,kiss_k,2,1.0,14,58.33333134651184,69.48214285714286,57 31
ilids,6,kiss_k,2,0.1,15,60.00000238418579,70.87719212799136,38 28
ilids,6,kiss_k,2,1.0,15,60.00000238418579,70.32381121964455,38 28
ilids,6,kiss_k,2,0.1,16,55.000001192092896,68.42828612926652,33 34
ilids,6,kiss_k,2,1.0,16,53.33333611488342,66.92705965106637,33 34
ilids,6,kiss_k,2,0.1,17,56.66666626930237,69.404588004588,42 48
ilids,6,kiss_k,2,1.0,17,58.33333134651184,69.97446670976082,42 48
ilids,6,kiss_k,2,0.1,18,58.33333134651184,70.78143384393384,23 52
ilids,6,kiss_k,2,1.0,18,58.33333134651184,69.84364478114479,23 52
ilids,6,kiss_k,2,0.1,19,53.33333611488342,67.86865894683233,15 0
ilids,6,kiss_k,2,1.0,19,56.66666626930237,69.00673084225716,15 0
ilids,6,kiss_k,2,0.1,20,58.33333134651184,69.46536596119928,9 4
ilids,6,kiss_k,2,1.0,20,58.33333134651184,69.63858826358825,9 4
ilids,6,kiss_k,2,0.1,21,60.00000238418579,70.69884004884005,9 40
ilids,6,kiss_k,2,1.0,21,60.00000238418579,70.46998985314202,9 40
ilids,6,kiss_k,2,0.1,22,58.33333134651184,69.82464903517536,1 26
ilids,6,kiss_k,2,1.0,22,58.33333134651184,69.3918142043142,1 26
ilids,6,kiss_k,2,0.1,23,56.66666626930237,68.71597530150162,22 2
ilids,6,kiss_k,2,1.0,23,56.66666626930237,68.64798232812939,22 2
ilids,6,kiss_k,2,0.1,24,56.66666626930237,69.60236985236985,5 4
ilids,6,kiss_k,2,1.0,24,58.33333134651184,69.88482813482814,5 4
ilids,6,kiss_k,2,0.1,25,56.66666626930237,68.3913984622189,49 41
ilids,6,kiss_k,2,1.0,25,58.33333134651184,69.30313899063898,49 41
ilids,6,kiss_k,2,0.1,26,58.33333134651184,69.20457882760513,29 26
ilids,6,kiss_k,2,1.0,26,58.33333134651184,69.21144432909139,29 26
ilids,6,kiss_k,2,0.1,27,58.33333134651184,70.76999688764393,54 38
ilids,6,kiss_k,2,1.0,27,58.33333134651184,70.22740299823634,54 38
ilids,6,kiss_k,2,0.1,28,53.33333611488342,67.14848808598808,31 57
ilids,6,kiss_k,2,1.0,28,55.000001192092896,67.86808861073567,31 57
ilids,6,kiss_k,2,0.1,29,56.66666626930237,68.8028983661976,24 26
ilids,6,kiss_k,2,1.0,29,56.66666626930237,68.42697139461845,24 26
ilids,6,kiss_k,4,0.1,0,55.000001192092896,68.16642300194931,49 3 29 4
ilids,6,kiss_k,4,1.0,0,56.66666626930237,69.404476605457,49 3 29 4
ilids,6,kiss_k,4,0.1,1,56.66666626930237,69.4284197603163,55 19 39 34
ilids,6,kiss_k,4,1.0,1,56.66666626930237,68.6907351907352,55 19 39 34
ilids,6,kiss_k,4,0.1,2,61.666667461395264,72.12872458925091,40 52 29 55
ilids,6,kiss_k,4,1.0,2,61.666667461395264,71.19909549514813,40 52 29 55
ilids,6,kiss_k,4,0.1,3,56.66666626930237,69.15351712671803,16 18 38 4
ilids,6,kiss_k,4,1.0,3,56.66666626930237,68.96929943694649,16 18 38 4
ilids,6,kiss_k,4,0.1,4,56.66666626930237,69.15850815850816,25 44 53 12
ilids,6,kiss_k,4,1.0,4,58.33333134651184,70.0105051979337,25 44 53 12
ilids,6,kiss_k,4,0.1,5,55.000001192092896,68.77622360439698,46 50 29 25
ilids,6,kiss_k,4,1.0,5,58.33333134651184,69.8773000878264,46 50 29 25
ilids,6,kiss_k,4,0.1,6,58.33333134651184,69.44735503288135,28 10 3 34
ilids,6,kiss_k,4,1.0,6,60.00000238418579,70.69976385594234,28 10 3 34
ilids,6,kiss_k,4,0.1,7,56.66666626930237,69.74609822189746,48 38 15 56
ilids,6,kiss_k,4,1.0,7,56.66666626930237,69.61181787529827,48 38 15 56
ilids,6,kiss_k,4,0.1,8,56.66666626930237,69.76367827935165,56 48 14 55
ilids,6,kiss_k,4,1.0,8,58.33333134651184,69.92954830257462,56 48 14 55
ilids,6,kiss_k,4,0.1,9,58.33333134651184,69.96775443423995,24 44 31 51
ilids,6,kiss_k,4,1.0,9,60.00000238418579,70.69232021171675,24 44 31 51
ilids,6,kiss_k,4,0.1,10,56.66666626930237,69.2713844797178,7 48 13 58
ilids,6,kiss_k,4,1.0,10,56.66666626930237,68.689776459173,7 48 13 58
ilids,6,kiss_k,4,0.1,11,61.666667461395264,71.94936313686313,36 38 37 57
ilids,6,kiss_k,4,1.0,11,60.00000238418579,70.85394562334218,36 38 37 57
ilids,6,kiss_k,4,0.1,12,58.33333134651184,69.38103940406572,24 35 25 49
ilids,6,kiss_k,4,1.0,12,58.33333134651184,69.41327490592197,24 35 25 49
ilids,6,kiss_k,4,0.1,13,58.33333134651184,69.89897984463201,28 22 24 5
ilids,6,kiss_k,4,1.0,13,56.66666626930237,69.59726535541752,28 22 24 5
ilids,6,kiss_k,4,0.1,14,56.66666626930237,69.80565255645179,8 3 47 13
ilids,6,kiss_k,4,1.0,14,55.000001192092896,68.52716980731687,8 3 47 13
ilids,6,kiss_k,4,0.1,15,58.33333134651184,70.09388904486944,37 16 47 41
ilids,6,kiss_k,4,1.0,15,58.33333134651184,69.63849336985302,37 16 47 41
ilids,6,kiss_k,4,0.1,16,53.33333611488342,67.56153388235433,31 18 35 38
ilids,6,kiss_k,4,1.0,16,53.33333611488342,67.45519132283839,31 18 35 38
ilids,6,kiss_k,4,0.1,17,55.000001192092896,68.02349733599733,58 13 20 30
ilids,6,kiss_k,4,1.0,17,56.66666626930237,68.35191348506565,58 13 20 30
ilids,6,kiss_k,4,0.1,18,56.66666626930237,68.57952186702187,32 46 43 31
ilids,6,kiss_k,4,1.0,18,56.66666626930237,68.09843474426809,32 46 43 31
ilids,6,kiss_k,4,0.1,19,56.66666626930237,69.04945054945055,33 14 12 38
ilids,6,kiss_k,4,1.0,19,56.66666626930237,68.86547865714532,33 14 12 38
ilids,6,kiss_k,4,0.1,20,58.33333134651184,70.17563437880774,11 32 3 20
ilids,6,kiss_k,4,1.0,20,58.33333134651184,69.77563816949781,11 32 3 20
ilids,6,kiss_k,4,0.1,21,56.66666626930237,68.38620176120176,6 50 11 8
ilids,6,kiss_k,4,1.0,21,56.66666626930237,68.27275533108866,6 50 11 8
ilids,6,kiss_k,4,0.1,22,53.33333611488342,67.27600786153418,34 33 42 10
ilids,6,kiss_k,4,1.0,22,53.33333611488342,66.74654811419516,34 33 42 10
ilids,6,kiss_k,4,0.1,23,56.66666626930237,68.27769452769454,32 39 30 50
ilids,6,kiss_k,4,1.0,23,55.000001192092896,66.96882846685477,32 39 30 50
ilids,6,kiss_k,4,0.1,24,56.66666626930237,68.59438582753799,55 18 21 49
ilids,6,kiss_k,4,1.0,24,58.33333134651184,69.05087505087505,55 18 21 49
ilids,6,kiss_k,4,0.1,25,56.66666626930237,69.34104466702506,27 12 30 4
ilids,6,kiss_k,4,1.0,25,55.000001192092896,68.30059523809524,27 12 30 4
ilids,6,kiss_k,4,0.1,26,56.66666626930237,68.76072954822955,12 4 24 42
ilids,6,kiss_k,4,1.0,26,55.000001192092896,67.80771003687671,12 4 24 42
ilids,6,kiss_k,4,0.1,27,60.00000238418579,70.5497064328586,58 33 30 42
ilids,6,kiss_k,4,1.0,27,58.33333134651184,69.74084548349254,58 33 30 42
ilids,6,kiss_k,4,0.1,28,58.33333134651184,71.12041893291892,39 41 43 23
ilids,6,kiss_k,4,1.0,28,56.66666626930237,70.42812742812742,39 41 43 23
ilids,6,kiss_k,4,0.1,29,58.33333134651184,70.8207742381971,0 10 56 6
ilids,6,kiss_k,4,1.0,29,60.00000238418579,71.42648555148556,0 10 56 6
ilids,6,kiss_k,8,0.1,0,58.33333134651184,70.43918976373337,44 16 6 38 18 4 36 12
ilids,6,kiss_k,8,1.0,0,56.66666626930237,68.91066341066342,44 16 6 38 18 4 36 12
ilids,6,kiss_k,8,0.1,1,58.33333134651184,70.40758145363408,12 17 8 45 34 44 15 47
ilids,6,kiss_k,8,1.0,1,56.66666626930237,69.22485569985571,12 17 8 45 34 44 15 47
ilids,6,kiss_k,8,0.1,2,53.33333611488342,67.37236374736374,47 46 17 2 56 19 43 33
ilids,6,kiss_k,8,1.0,2,55.000001192092896,67.60647612672507,47 46 17 2 56 19 43 33
ilids,6,kiss_k,8,0.1,3,58.33333134651184,69.45274778827411,21 11 25 26 20 41 53 52
ilids,6,kiss_k,8,1.0,3,58.33333134651184,69.38838327708297,21 11 25 26 20 41 53 52
ilids,6,kiss_k,8,0.1,4,58.33333134651184,69.19674440806996,38 57 43 29 7 21 34 42
ilids,6,kiss_k,8,1.0,4,58.33333134651184,68.98322194374826,38 57 43 29 7 21 34 42
ilids,6,kiss_k,8,0.1,5,53.33333611488342,66.62310606060605,27 32 25 26 13 9 43 51
ilids,6,kiss_k,8,1.0,5,56.66666626930237,68.2812049062049,27 32 25 26 13 9 43 51
ilids,6,kiss_k,8,0.1,6,58.33333134651184,70.54057285307285,37 39 52 0 16 57 40 1
ilids,6,kiss_k,8,1.0,6,60.00000238418579,71.0070314675578,37 39 52 0 16 57 40 1
ilids,6,kiss_k,8,0.1,7,60.00000238418579,71.49268324268324,39 18 44 20 16 53 46 52
ilids,6,kiss_k,8,1.0,7,58.33333134651184,70.77286059351276,39 18 44 20 16 53 46 52
ilids,6,kiss_k,8,0.1,8,58.33333134651184,70.08345222784878,50 17 25 14 18 41 9 22
ilids,6,kiss_k,8,1.0,8,58.33333134651184,69.48290749105968,50 17 25 14 18 41 9 22
ilids,6,kiss_k,8,0.1,9,53.33333611488342,66.80134355024062,56 4 55 12 2 51 17 44
ilids,6,kiss_k,8,1.0,9,53.33333611488342,66.54103381186715,56 4 55 12 2 51 17 44
ilids,6,kiss_k,8,0.1,10,58.33333134651184,70.14908385006424,38 43 57 35 9 15 28 53
ilids,6,kiss_k,8,1.0,10,58.33333134651184,69.53850843514098,38 43 57 35 9 15 28 53
ilids,6,kiss_k,8,0.1,11,56.66666626930237,67.87392652282358,57 15 23 33 42 7 53 25
ilids,6,kiss_k,8,1.0,11,56.66666626930237,67.87173012173011,57 15 23 33 42 7 53 25
ilids,6,kiss_k,8,0.1,12,56.66666626930237,69.70439005439005,34 19 14 39 11 40 33 42
ilids,6,kiss_k,8,1.0,12,55.000001192092896,68.09718386658041,34 19 14 39 11 40 33 42
ilids,6,kiss_k,8,0.1,13,58.33333134651184,71.25140621905328,5 27 26 54 58 0 51 39
ilids,6,kiss_k,8,1.0,13,56.66666626930237,70.68780445064729,5 27 26 54 58 0 51 39
ilids,6,kiss_k,8,0.1,14,53.33333611488342,66.8769658446129,50 33 31 10 30 39 54 52
ilids,6,kiss_k,8,1.0,14,53.33333611488342,67.36985538615973,50 33 31 10 30 39 54 52
ilids,6,kiss_k,8,0.1,15,55.000001192092896,67.27580852383484,43 26 17 3 11 49 56 51
ilids,6,kiss_k,8,1.0,15,56.66666626930237,68.18729946847796,43 26 17 3 11 49 56 51
ilids,6,kiss_k,8,0.1,16,53.33333611488342,67.23479897009308,31 15 2 45 50 29 51 32
ilids,6,kiss_k,8,1.0,16,55.000001192092896,68.02605162725132,31 15 2 45 50 29 51 32
ilids,6,kiss_k,8,0.1,17,58.33333134651184,69.49978330493036,6 57 4 14 2 58 29 27
ilids,6,kiss_k,8,1.0,17,58.33333134651184,69.47795907795907,6 57 4 14 2 58 29 27
ilids,6,kiss_k,8,0.1,18,56.66666626930237,68.60693241943243,6 56 15 24 46 21 58 52
ilids,6,kiss_k,8,1.0,18,56.66666626930237,68.80600472512238,6 56 15 24 46 21 58 52
ilids,6,kiss_k,8,0.1,19,56.66666626930237,68.96924753989971,54 52 8 22 33 5 43 44
ilids,6,kiss_k,8,1.0,19,58.33333134651184,70.49630381695599,54 52 8 22 33 5 43 44
ilids,6,kiss_k,8,0.1,20,55.000001192092896,68.079792768092,44 9 48 33 15 11 32 4
ilids,6,kiss_k,8,1.0,20,56.66666626930237,68.19619488449412,44 9 48 33 15 11 32 4
ilids,6,kiss_k,8,0.1,21,56.66666626930237,70.49192909487026,52 48 17 55 30 23 15 41
ilids,6,kiss_k,8,1.0,21,60.00000238418579,71.87946943264281,52 48 17 55 30 23 15 41
ilids,6,kiss_k,8,0.1,22,53.33333611488342,65.3922196772896,32 56 31 3 23 37 45 13
ilids,6,kiss_k,8,1.0,22,53.33333611488342,65.44812740865372,32 56 31 3 23 37 45 13
ilids,6,kiss_k,8,0.1,23,55.000001192092896,67.69371138121139,33 4 15 58 41 14 57 20
ilids,6,kiss_k,8,1.0,23,55.000001192092896,67.50230325230325,33 4 15 58 41 14 57 20
ilids,6,kiss_k,8,0.1,24,56.66666626930237,69.31066674161303,11 7 56 55 46 47 33 2
ilids,6,kiss_k,8,1.0,24,56.66666626930237,68.93457767722474,11 7 56 55 46 47 33 2
ilids,6,kiss_k,8,0.1,25,58.33333134651184,69.51775144789852,3 11 8 22 39 23 35 19
ilids,6,kiss_k,8,1.0,25,56.66666626930237,69.13038727841358,3 11 8 22 39 23 35 19
ilids,6,kiss_k,8,0.1,26,53.33333611488342,67.50047783600415,13 10 55 2 41 17 31 20
ilids,6,kiss_k,8,1.0,26,53.33333611488342,67.21828462979133,13 10 55 2 41 17 31 20
ilids,6,kiss_k,8,0.1,27,58.33333134651184,69.78959449276786,22 12 38 37 7 20 46 40
ilids,6,kiss_k,8,1.0,27,58.33333134651184,69.42131163183795,22 12 38 37 7 20 46 40
ilids,6,kiss_k,8,0.1,28,58.33333134651184,69.89327485380116,10 13 52 12 49 36 29 7
ilids,6,kiss_k,8,1.0,28,56.66666626930237,68.40598290598291,10 13 52 12 49 36 29 7
ilids,6,kiss_k,8,0.1,29,61.666667461395264,72.262987012987,51 4 24 40 10 21 53 55
ilids,6,kiss_k,8,1.0,29,63.333332538604736,72.79986217486218,51 4 24 40 10 21 53 55
ilids,6,kiss_k,16,0.1,0,58.33333134651184,70.09932343484977,15 32 57 38 47 11 13 24 33 55 18 5 44 8 51 17
ilids,6,kiss_k,16,1.0,0,58.33333134651184,70.0345818157603,15 32 57 38 47 11 13 24 33 55 18 5 44 8 51 17
ilids,6,kiss_k,16,0.1,1,56.66666626930237,68.34456515706516,10 2 45 44 43 22 5 54 37 13 32 34 29 26 0 7
ilids,6,kiss_k,16,1.0,1,55.000001192092896,67.48680089297937,10 2 45 44 43 22 5 54 37 13 32 34 29 26 0 7
ilids,6,kiss_k,16,0.1,2,61.666667461395264,71.65196676961382,7 33 5 25 55 20 21 26 57 34 0 11 43 46 30 47
ilids,6,kiss_k,16,1.0,2,58.33333134651184,69.58202908202907,7 33 5 25 55 20 21 26 57 34 0 11 43 46 30 47
ilids,6,kiss_k,16,0.1,3,58.33333134651184,70.42284949350166,53 10 18 33 14 13 0 5 2 19 45 30 11 17 23 7
ilids,6,kiss_k,16,1.0,3,58.33333134651184,69.83975619790837,53 10 18 33 14 13 0 5 2 19 45 30 11 17 23 7
ilids,6,kiss_k,16,0.1,4,56.66666626930237,70.7216248400281,49 9 33 38 22 13 46 39 54 56 52 21 47 37 44 28
ilids,6,kiss_k,16,1.0,4,55.000001192092896,69.70421245421244,49 9 33 38 22 13 46 39 54 56 52 21 47 37 44 28
ilids,6,kiss_k,16,0.1,5,55.000001192092896,68.0723753829017,19 14 53 30 1 13 3 15 32 44 9 29 46 36 11 45
ilids,6,kiss_k,16,1.0,5,55.000001192092896,68.09122476576837,19 14 53 30 1 13 3 15 32 44 9 29 46 36 11 45
ilids,6,kiss_k,16,0.1,6,58.33333134651184,70.08331513759146,20 57 8 18 31 32 0 30 36 7 56 12 47 51 35 22
ilids,6,kiss_k,16,1.0,6,58.33333134651184,70.32041205483543,20 57 8 18 31 32 0 30 36 7 56 12 47 51 35 22
ilids,6,kiss_k,16,0.1,7,56.66666626930237,68.21969542802876,49 8 45 16 3 34 6 25 48 30 54 47 31 55 53 21
ilids,6,kiss_k,16,1.0,7,60.00000238418579,70.33820450885668,49 8 45 16 3 34 6 25 48 30 54 47 31 55 53 21
ilids,6,kiss_k,16,0.1,8,55.000001192092896,69.0276455026455,28 18 9 29 15 19 26 30 32 38 45 33 2 39 53 43
ilids,6,kiss_k,16,1.0,8,56.66666626930237,69.32475879240585,28 18 9 29 15 19 26 30 32 38 45 33 2 39 53 43
ilids,6,kiss_k,16,0.1,9,53.33333611488342,67.33008658008657,49 9 1 33 28 4 24 50 39 54 17 0 11 55 48 38
ilids,6,kiss_k,16,1.0,9,53.33333611488342,67.3987678987679,49 9 1 33 28 4 24 50 39 54 17 0 11 55 48 38
ilids,6,kiss_k,16,0.1,10,56.66666626930237,67.6503612128612,16 55 23 44 34 41 26 32 50 29 5 45 4 3 6 33
ilids,6,kiss_k,16,1.0,10,55.000001192092896,66.762772045649,16 55 23 44 34 41 26 32 50 29 5 45 4 3 6 33
ilids,6,kiss_k,16,0.1,11,53.33333611488342,66.20006764571983,25 51 37 15 14 44 31 48 49 41 36 32 38 53 23 28
ilids,6,kiss_k,16,1.0,11,56.66666626930237,67.95161782661782,25 51 37 15 14 44 31 48 49 41 36 32 38 53 23 28
ilids,6,kiss_k,16,0.1,12,55.000001192092896,69.00941487706194,10 26 2 38 1 32 16 49 42 24 58 6 48 46 52 40
ilids,6,kiss_k,16,1.0,12,56.66666626930237,70.02885686438319,10 26 2 38 1 32 16 49 42 24 58 6 48 46 52 40
ilids,6,kiss_k,16,0.1,13,60.00000238418579,69.85030864197532,29 4 16 2 47 41 14 32 31 46 48 42 57 10 39 28
ilids,6,kiss_k,16,1.0,13,58.33333134651184,69.07163074761112,29 4 16 2 47 41 14 32 31 46 48 42 57 10 39 28
ilids,6,kiss_k,16,0.1,14,58.33333134651184,70.78926166426167,13 32 27 40 6 57 11 9 44 2 24 52 45 12 22 3
ilids,6,kiss_k,16,1.0,14,56.66666626930237,70.00976733431095,13 32 27 40 6 57 11 9 44 2 24 52 45 12 22 3
ilids,6,kiss_k,16,0.1,15,56.66666626930237,68.81128276226316,43 48 47 14 23 30 17 1 29 5 53 42 15 24 20 39
ilids,6,kiss_k,16,1.0,15,55.000001192092896,67.14923546096148,43 48 47 14 23 30 17 1 29 5 53 42 15 24 20 39
ilids,6,kiss_k,16,0.1,16,56.66666626930237,67.60859233359234,53 20 23 49 47 41 11 44 5 39 46 32 55 56 38 10
ilids,6,kiss_k,16,1.0,16,53.33333611488342,65.89357682547337,53 20 23 49 47 41 11 44 5 39 46 32 55 56 38 10
ilids,6,kiss_k,16,0.1,17,55.000001192092896,67.65594128094128,23 26 48 9 42 21 56 11 25 17 19 49 15 22 44 51
ilids,6,kiss_k,16,1.0,17,55.000001192092896,67.35656704406705,23 26 48 9 42 21 56 11 25 17 19 49 15 22 44 51
ilids,6,kiss_k,16,0.1,18,60.00000238418579,70.86948156513375,8 15 43 29 2 58 7 57 28 49 21 27 37 24 22 56
ilids,6,kiss_k,16,1.0,18,58.33333134651184,70.08822183902107,8 15 43 29 2 58 7 57 28 49 21 27 37 24 22 56
ilids,6,kiss_k,16,0.1,19,58.33333134651184,70.30660774410774,4 32 1 16 42 11 44 23 3 52 31 35 34 39 26 28
ilids,6,kiss_k,16,1.0,19,61.666667461395264,71.55090116854822,4 32 1 16 42 11 44 23 3 52 31 35 34 39 26 28
ilids,6,kiss_k,16,0.1,20,56.66666626930237,69.01281638221293,33 3 41 30 54 22 35 58 49 42 21 46 20 15 50 55
ilids,6,kiss_k,16,1.0,20,55.000001192092896,67.74421248685954,33 3 41 30 54 22 35 58 49 42 21 46 20 15 50 55
ilids,6,kiss_k,16,0.1,21,60.00000238418579,70.95117690951025,44 2 22 15 4 0 49 27 56 3 16 19 9 18 53 52
ilids,6,kiss_k,16,1.0,21,61.666667461395264,71.27750173802805,44 2 22 15 4 0 49 27 56 3 16 19 9 18 53 52
ilids,6,kiss_k,16,0.1,22,55.000001192092896,67.16570551113563,25 17 30 36 20 31 55 18 8 38 57 42 29 58 6 41
ilids,6,kiss_k,16,1.0,22,56.66666626930237,67.99150328173317,25 17 30 36 20 31 55 18 8 38 57 42 29 58 6 41
ilids,6,kiss_k,16,0.1,23,61.666667461395264,72.19357956857958,28 7 34 35 21 55 40 52 24 17 4 36 14 46 22 5
ilids,6,kiss_k,16,1.0,23,58.33333134651184,70.66986331569665,28 7 34 35 21 55 40 52 24 17 4 36 14 46 22 5
ilids,6,kiss_k,16,0.1,24,55.000001192092896,67.34678932178933,53 14 43 8 49 2 51 33 37 6 13 26 22 16 56 25
ilids,6,kiss_k,16,1.0,24,56.66666626930237,67.52051488816196,53 14 43 8 49 2 51 33 37 6 13 26 22 16 56 25
ilids,6,kiss_k,16,0.1,25,55.000001192092896,67.67278508528508,19 30 10 22 7 3 39 11 27 33 21 12 32 36 28 41
ilids,6,kiss_k,16,1.0,25,55.000001192092896,68.00491946325279,19 30 10 22 7 3 39 11 27 33 21 12 32 36 28 41
ilids,6,kiss_k,16,0.1,26,60.00000238418579,70.16866773591157,21 17 34 12 57 22 5 44 47 25 28 8 16 36 37 49
ilids,6,kiss_k,16,1.0,26,61.666667461395264,71.16233766233768,21 17 34 12 57 22 5 44 47 25 28 8 16 36 37 49
ilids,6,kiss_k,16,0.1,27,56.66666626930237,69.43712768712768,37 24 58 47 34 13 55 27 15 38 48 46 43 7 57 28
ilids,6,kiss_k,16,1.0,27,56.66666626930237,69.23830944883576,37 24 58 47 34 13 55 27 15 38 48 46 43 7 57 28
ilids,6,kiss_k,16,0.1,28,55.000001192092896,68.29726441858796,4 51 14 32 56 40 58 46 19 52 11 12 44 37 35 39
ilids,6,kiss_k,16,1.0,28,55.000001192092896,68.24238394188083,4 51 14 32 56 40 58 46 19 52 11 12 44 37 35 39
ilids,6,kiss_k,16,0.1,29,58.33333134651184,68.87909544159544,33 16 24 56 48 19 49 10 9 54 6 30 44 7 26 22
ilids,6,kiss_k,16,1.0,29,58.33333134651184,68.6043956043956,33 16 24 56 48 19 49 10 9 54 6 30 44 7 26 22
ilids,6,kiss_k,32,0.1,0,60.00000238418579,69.17124147638852,39 28 50 5 43 38 30 29 44 8 1 2 57 35 56 27 45 25 48 26 32 46 18 34 58 53 49 15 47 14 7 42
ilids,6,kiss_k,32,1.0,0,58.33333134651184,68.2250931938432,39 28 50 5 43 38 30 29 44 8 1 2 57 35 56 27 45 25 48 26 32 46 18 34 58 53 49 15 47 14 7 42
ilids,6,kiss_k,32,0.1,1,55.000001192092896,66.70174552256594,35 46 14 23 31 40 26 7 42 5 36 51 37 49 38 18 34 22 47 53 50 11 1 24 10 2 0 6 30 44 27 12
ilids,6,kiss_k,32,1.0,1,53.33333611488342,66.20279866332498,35 46 14 23 31 40 26 7 42 5 36 51 37 49 38 18 34 22 47 53 50 11 1 24 10 2 0 6 30 44 27 12
ilids,6,kiss_k,32,0.1,2,63.333332538604736,72.55795739348372,30 19 55 10 49 35 52 28 57 21 44 25 0 23 8 58 43 53 50 41 11 3 34 24 20 16 14 31 9 12 2 5
ilids,6,kiss_k,32,1.0,2,64.99999761581421,73.78201810267026,30 19 55 10 49 35 52 28 57 21 44 25 0 23 8 58 43 53 50 41 11 3 34 24 20 16 14 31 9 12 2 5
ilids,6,kiss_k,32,0.1,3,61.666667461395264,71.87228495045832,57 21 16 40 27 14 46 1 33 56 9 3 54 17 0 52 31 18 50 2 26 5 23 7 51 30 35 24 12 29 25 11
ilids,6,kiss_k,32,1.0,3,63.333332538604736,73.25375781625782,57 21 16 40 27 14 46 1 33 56 9 3 54 17 0 52 31 18 50 2 26 5 23 7 51 30 35 24 12 29 25 11
ilids,6,kiss_k,32,0.1,4,63.333332538604736,72.51328763828764,56 14 35 54 36 16 25 9 3 49 4 47 6 55 13 11 8 12 22 39 50 37 10 52 26 38 20 0 23 7 42 44
ilids,6,kiss_k,32,1.0,4,64.99999761581421,72.94298906431258,56 14 35 54 36 16 25 9 3 49 4 47 6 55 13 11 8 12 22 39 50 37 10 52 26 38 20 0 23 7 42 44
ilids,6,kiss_k,32,0.1,5,61.666667461395264,69.93695887445888,27 35 49 19 0 48 5 10 20 41 29 42 6 43 1 14 11 37 25 39 53 34 9 21 3 2 40 51 47 45 44 46
ilids,6,kiss_k,32,1.0,5,58.33333134651184,68.07414726979944,27 35 49 19 0 48 5 10 20 41 29 42 6 43 1 14 11 37 25 39 53 34 9 21 3 2 40 51 47 45 44 46
ilids,6,kiss_k,32,0.1,6,53.33333611488342,65.52178013120351,28 32 42 29 51 49 35 26 44 33 21 47 36 17 9 37 10 2 3 4 31 5 12 11 55 38 53 34 13 19 56 8
ilids,6,kiss_k,32,1.0,6,53.33333611488342,65.53637044966969,28 32 42 29 51 49 35 26 44 33 21 47 36 17 9 37 10 2 3 4 31 5 12 11 55 38 53 34 13 19 56 8
ilids,6,kiss_k,32,0.1,7,55.000001192092896,67.84420767610423,42 34 29 13 37 11 48 4 20 7 6 15 35 22 41 17 51 58 45 23 38 53 9 28 56 39 1 36 25 26 30 47
ilids,6,kiss_k,32,1.0,7,55.000001192092896,67.29670017985235,42 34 29 13 37 11 48 4 20 7 6 15 35 22 41 17 51 58 45 23 38 53 9 28 56 39 1 36 25 26 30 47
ilids,6,kiss_k,32,0.1,8,55.000001192092896,66.71618230625583,25 15 36 46 32 4 53 6 8 27 26 21 2 41 30 5 22 20 57 56 11 10 44 7 16 45 12 39 3 52 48 42
ilids,6,kiss_k,32,1.0,8,55.000001192092896,67.21089130096483,25 15 36 46 32 4 53 6 8 27 26 21 2 41 30 5 22 20 57 56 11 10 44 7 16 45 12 39 3 52 48 42
ilids,6,kiss_k,32,0.1,9,55.000001192092896,66.81853794353795,20 15 44 17 29 52 36 37 0 46 7 35 22 51 28 27 1 45 40 53 21 6 8 5 2 49 13 16 54 14 30 41
ilids,6,kiss_k,32,1.0,9,56.66666626930237,67.72528397528397,20 15 44 17 29 52 36 37 0 46 7 35 22 51 28 27 1 45 40 53 21 6 8 5 2 49 13 16 54 14 30 41
ilids,6,kiss_k,32,0.1,10,61.666667461395264,71.13808066933066,12 49 25 35 6 43 40 9 33 30 16 8 15 21 52 23 1 26 17 5 18 36 38 55 45 44 20 22 57 58 53 2
ilids,6,kiss_k,32,1.0,10,58.33333134651184,69.70478753753649,12 49 25 35 6 43 40 9 33 30 16 8 15 21 52 23 1 26 17 5 18 36 38 55 45 44 20 22 57 58 53 2
ilids,6,kiss_k,32,0.1,11,56.66666626930237,69.21957671957674,41 44 5 37 3 27 36 4 42 54 18 14 49 6 57 1 53 46 32 35 31 33 13 11 28 15 29 12 55 20 52 30
ilids,6,kiss_k,32,1.0,11,53.33333611488342,67.50704995803035,41 44 5 37 3 27 36 4 42 54 18 14 49 6 57 1 53 46 32 35 31 33 13 11 28 15 29 12 55 20 52 30
ilids,6,kiss_k,32,0.1,12,58.33333134651184,70.10383597883599,30 1 22 15 18 4 25 35 21 23 55 43 24 38 56 57 42 46 48 49 31 0 14 17 19 50 20 34 47 6 28 16
ilids,6,kiss_k,32,1.0,12,58.33333134651184,70.73061036008606,30 1 22 15 18 4 25 35 21 23 55 43 24 38 56 57 42 46 48 49 31 0 14 17 19 50 20 34 47 6 28 16
ilids,6,kiss_k,32,0.1,13,64.99999761581421,74.34612794612794,10 38 13 43 46 28 47 20 9 12 6 57 21 54 8 17 16 49 40 50 1 44 23 26 35 31 25 51 0 24 11 18
ilids,6,kiss_k,32,1.0,13,63.333332538604736,73.24928774928775,10 38 13 43 46 28 47 20 9 12 6 57 21 54 8 17 16 49 40 50 1 44 23 26 35 31 25 51 0 24 11 18
ilids,6,kiss_k,32,0.1,14,60.00000238418579,71.0031265031265,32 23 19 13 39 25 26 6 55 27 0 16 21 30 3 45 11 49 22 54 51 29 42 53 7 58 38 41 35 15 33 50
ilids,6,kiss_k,32,1.0,14,60.00000238418579,70.02594926859634,32 23 19 13 39 25 26 6 55 27 0 16 21 30 3 45 11 49 22 54 51 29 42 53 7 58 38 41 35 15 33 50
ilids,6,kiss_k,32,0.1,15,55.000001192092896,68.89280626780628,41 18 28 31 38 11 4 50 14 7 45 15 52 3 53 51 16 32 34 19 46 56 8 37 0 2 36 49 54 25 17 58
ilids,6,kiss_k,32,1.0,15,58.33333134651184,70.54672364672363,41 18 28 31 38 11 4 50 14 7 45 15 52 3 53 51 16 32 34 19 46 56 8 37 0 2 36 49 54 25 17 58
ilids,6,kiss_k,32,0.1,16,63.333332538604736,72.62819826529504,43 0 19 49 3 37 42 45 38 48 30 50 25 39 36 32 6 17 52 18 35 24 8 54 7 31 22 2 14 33 46 26
ilids,6,kiss_k,32,1.0,16,60.00000238418579,70.64386614860997,43 0 19 49 3 37 42 45 38 48 30 50 25 39 36 32 6 17 52 18 35 24 8 54 7 31 22 2 14 33 46 26
ilids,6,kiss_k,32,0.1,17,58.33333134651184,69.33634883634883,16 26 27 44 30 12 23 28 19 40 55 51 36 29 21 57 3 14 42 56 18 4 0 47 50 13 32 43 34 38 45 35
ilids,6,kiss_k,32,1.0,17,58.33333134651184,68.80143467643467,16 26 27 44 30 12 23 28 19 40 55 51 36 29 21 57 3 14 42 56 18 4 0 47 50 13 32 43 34 38 45 35
ilids,6,kiss_k,32,0.1,18,55.000001192092896,67.23240740740741,8 34 23 19 2 16 45 1 38 13 0 3 20 6 4 46 48 57 11 55 50 44 24 7 47 22 43 51 5 29 12 52
ilids,6,kiss_k,32,1.0,18,56.66666626930237,68.42505094807726,8 34 23 19 2 16 45 1 38 13 0 3 20 6 4 46 48 57 11 55 50 44 24 7 47 22 43 51 5 29 12 52
ilids,6,kiss_k,32,0.1,19,55.000001192092896,65.63112883493318,0 48 57 39 44 46 49 25 45 54 24 51 28 41 12 22 34 55 9 40 26 47 8 53 36 31 33 42 4 1 15 56
ilids,6,kiss_k,32,1.0,19,53.33333611488342,65.09765604765605,0 48 57 39 44 46 49 25 45 54 24 51 28 41 12 22 34 55 9 40 26 47 8 53 36 31 33 42 4 1 15 56
ilids,6,kiss_k,32,0.1,20,56.66666626930237,68.42168710918712,29 27 7 51 25 37 13 42 15 35 1 22 4 57 47 49 45 32 9 52 21 40 12 30 17 2 44 46 31 5 53 33
ilids,6,kiss_k,32,1.0,20,56.66666626930237,68.06706072323921,29 27 7 51 25 37 13 42 15 35 1 22 4 57 47 49 45 32 9 52 21 40 12 30 17 2 44 46 31 5 53 33
ilids,6,kiss_k,32,0.1,21,55.000001192092896,67.05437776212672,8 27 48 0 2 44 58 45 31 5 57 53 1 51 4 35 10 18 38 13 43 29 9 14 32 26 21 46 56 40 50 25
ilids,6,kiss_k,32,1.0,21,53.33333611488342,66.62196519261737,8 27 48 0 2 44 58 45 31 5 57 53 1 51 4 35 10 18 38 13 43 29 9 14 32 26 21 46 56 40 50 25
ilids,6,kiss_k,32,0.1,22,61.666667461395264,70.72920203735144,30 41 53 40 2 9 44 49 54 39 36 38 6 33 23 57 51 11 4 22 43 14 48 58 13 56 42 46 31 8 16 3
ilids,6,kiss_k,32,1.0,22,61.666667461395264,70.77674080056634,30 41 53 40 2 9 44 49 54 39 36 38 6 33 23 57 51 11 4 22 43 14 48 58 13 56 42 46 31 8 16 3
ilids,6,kiss_k,32,0.1,23,61.666667461395264,72.12922725422726,48 21 20 58 41 57 27 40 25 33 56 52 24 47 29 45 14 1 35 22 16 5 23 39 10 36 15 49 12 19 50 46
ilids,6,kiss_k,32,1.0,23,58.33333134651184,70.91348003848005,48 21 20 58 41 57 27 40 25 33 56 52 24 47 29 45 14 1 35 22 16 5 23 39 10 36 15 49 12 19 50 46
ilids,6,kiss_k,32,0.1,24,60.00000238418579,70.75384793694417,22 58 21 53 54 52 48 57 1 38 13 16 18 5 17 35 19 4 31 55 43 30 49 29 2 7 32 8 6 0 56 34
ilids,6,kiss_k,32,1.0,24,58.33333134651184,69.60462994265394,22 58 21 53 54 52 48 57 1 38 13 16 18 5 17 35 19 4 31 55 43 30 49 29 2 7 32 8 6 0 56 34
ilids,6,kiss_k,32,0.1,25,55.000001192092896,66.81667869167869,50 35 1 18 45 31 43 49 54 10 24 20 5 37 22 42 26 23 48 39 53 12 41 52 29 21 15 7 36 14 13 28
ilids,6,kiss_k,32,1.0,25,56.66666626930237,68.19894440211779,50 35 1 18 45 31 43 49 54 10 24 20 5 37 22 42 26 23 48 39 53 12 41 52 29 21 15 7 36 14 13 28
ilids,6,kiss_k,32,0.1,26,56.66666626930237,68.31440557650235,29 43 5 3 13 36 21 48 32 23 18 26 10 30 11 6 7 42 37 15 50 24 27 49 25 45 35 31 17 8 19 16
ilids,6,kiss_k,32,1.0,26,55.000001192092896,67.2006300781788,29 43 5 3 13 36 21 48 32 23 18 26 10 30 11 6 7 42 37 15 50 24 27 49 25 45 35 31 17 8 19 16
ilids,6,kiss_k,32,0.1,27,58.33333134651184,69.33590076684708,16 15 19 18 29 43 21 25 28 35 44 54 51 42 1 56 31 2 37 46 47 33 4 53 23 36 52 0 57 17 49 58
ilids,6,kiss_k,32,1.0,27,61.666667461395264,71.25289304531591,16 15 19 18 29 43 21 25 28 35 44 54 51 42 1 56 31 2 37 46 47 33 4 53 23 36 52 0 57 17 49 58
ilids,6,kiss_k,32,0.1,28,58.33333134651184,69.53994072376426,37 20 21 4 23 26 28 56 33 44 49 40 17 5 29 2 38 53 14 46 24 32 19 6 27 35 8 54 10 31 42 47
ilids,6,kiss_k,32,1.0,28,60.00000238418579,70.4116515292986,37 20 21 4 23 26 28 56 33 44 49 40 17 5 29 2 38 53 14 46 24 32 19 6 27 35 8 54 10 31 42 47
ilids,6,kiss_k,32,0.1,29,58.33333134651184,71.2535210890474,21 18 23 41 34 1 13 30 43 29 42 10 7 5 38 28 16 58 3 26 32 48 45 27 33 47 22 31 44 20 35 37
ilids,6,kiss_k,32,1.0,29,60.00000238418579,71.38264496081833,21 18 23 41 34 1 13 30 43 29 42 10 7 5 38 28 16 58 3 26 32 48 45 27 33 47 22 31 44 20 35 37
ilids,7,raw,0,-1,-1,63.333332538604736,72.7337229881987,
ilids,7,center,0,-1,-1,63.333332538604736,72.7337229881987,
ilids,7,unlab,0,0.1,-1,58.33333134651184,69.0808182787285,
ilids,7,kiss_all,59,0.1,-1,53.33333611488342,64.22504071502367,
ilids,7,unlab,0,1.0,-1,58.33333134651184,68.87070414010068,
ilids,7,kiss_all,59,1.0,-1,58.33333134651184,69.2452380952381,
ilids,7,kiss_k,2,0.1,0,60.00000238418579,70.12132878492528,40 24
ilids,7,kiss_k,2,1.0,0,60.00000238418579,69.98461935961937,40 24
ilids,7,kiss_k,2,0.1,1,60.00000238418579,69.46905204931521,56 24
ilids,7,kiss_k,2,1.0,1,58.33333134651184,68.03214546930518,56 24
ilids,7,kiss_k,2,0.1,2,60.00000238418579,70.0280525030525,4 24
ilids,7,kiss_k,2,1.0,2,60.00000238418579,69.81273891800208,4 24
ilids,7,kiss_k,2,0.1,3,60.00000238418579,69.52842087106794,0 43
ilids,7,kiss_k,2,1.0,3,60.00000238418579,69.43918350168352,0 43
ilids,7,kiss_k,2,0.1,4,58.33333134651184,69.2587350514982,57 16
ilids,7,kiss_k,2,1.0,4,58.33333134651184,69.11914624524275,57 16
ilids,7,kiss_k,2,0.1,5,56.66666626930237,67.84865828667039,42 32
ilids,7,kiss_k,2,1.0,5,60.00000238418579,69.00999213499213,42 32
ilids,7,kiss_k,2,0.1,6,60.00000238418579,70.33066388948743,40 30
ilids,7,kiss_k,2,1.0,6,60.00000238418579,69.88754219636574,40 30
ilids,7,kiss_k,2,0.1,7,58.33333134651184,68.65341698531354,53 10
ilids,7,kiss_k,2,1.0,7,61.666667461395264,70.08258353239594,53 10
ilids,7,kiss_k,2,0.1,8,58.33333134651184,68.67470330895198,35 21
ilids,7,kiss_k,2,1.0,8,60.00000238418579,69.58249149991437,35 21
ilids,7,kiss_k,2,0.1,9,60.00000238418579,69.82073694573695,45 31
ilids,7,kiss_k,2,1.0,9,60.00000238418579,70.18243793243795,45 31
ilids,7,kiss_k,2,0.1,10,56.66666626930237,67.91399091399092,48 33
ilids,7,kiss_k,2,1.0,10,56.66666626930237,67.70336145336147,48 33
ilids,7,kiss_k,2,0.1,11,60.00000238418579,69.93033120787993,48 4
ilids,7,kiss_k,2,1.0,11,58.33333134651184,69.18253968253968,48 4
ilids,7,kiss_k,2,0.1,12,58.33333134651184,68.75280289829594,1 26
ilids,7,kiss_k,2,1.0,12,58.33333134651184,69.31912663977882,1 26
ilids,7,kiss_k,2,0.1,13,58.33333134651184,68.67952984312635,20 17
ilids,7,kiss_k,2,1.0,13,58.33333134651184,68.48027580481943,20 17
ilids,7,kiss_k,2,0.1,14,58.33333134651184,68.8469180105145,27 33
ilids,7,kiss_k,2,1.0,14,58.33333134651184,68.8563710647044,27 33
ilids,7,kiss_k,2,0.1,15,58.33333134651184,68.89238458098107,15 6
ilids,7,kiss_k,2,1.0,15,60.00000238418579,70.17206609092574,15 6
ilids,7,kiss_k,2,0.1,16,56.66666626930237,68.1546851934783,39 26
ilids,7,kiss_k,2,1.0,16,56.66666626930237,68.00529950575846,39 26
ilids,7,kiss_k,2,0.1,17,56.66666626930237,67.90330472749172,38 42
ilids,7,kiss_k,2,1.0,17,60.00000238418579,69.65476652976653,38 42
ilids,7,kiss_k,2,0.1,18,58.33333134651184,68.53596892873209,16 57
ilids,7,kiss_k,2,1.0,18,58.33333134651184,68.1526559454191,16 57
ilids,7,kiss_k,2,0.1,19,56.66666626930237,68.21113087636077,51 26
ilids,7,kiss_k,2,1.0,19,56.66666626930237,67.73015415996093,51 26
ilids,7,kiss_k,2,0.1,20,58.33333134651184,68.44758840811474,56 46
ilids,7,kiss_k,2,1.0,20,58.33333134651184,68.43162542794896,56 46
ilids,7,kiss_k,2,0.1,21,58.33333134651184,69.3559933487565,23 30
ilids,7,kiss_k,2,1.0,21,60.00000238418579,69.79151299249338,23 30
ilids,7,kiss_k,2,0.1,22,58.33333134651184,69.0748758870356,43 39
ilids,7,kiss_k,2,1.0,22,58.33333134651184,68.6285909083977,43 39
ilids,7,kiss_k,2,0.1,23,60.00000238418579,70.3973334973335,27 30
ilids,7,kiss_k,2,1.0,23,60.00000238418579,70.26085787850495,27 30
ilids,7,kiss_k,2,0.1,24,61.666667461395264,70.62180662092943,7 33
ilids,7,kiss_k,2,1.0,24,61.666667461395264,70.80047584612802,7 33
ilids,7,kiss_k,2,0.1,25,58.33333134651184,69.49862714446049,30 29
ilids,7,kiss_k,2,1.0,25,60.00000238418579,69.84847655537311,30 29
ilids,7,kiss_k,2,0.1,26,58.33333134651184,69.46749252965225,40 25
ilids,7,kiss_k,2,1.0,26,58.33333134651184,69.34846000852993,40 25
ilids,7,kiss_k,2,0.1,27,56.66666626930237,68.86813186813187,22 57
ilids,7,kiss_k,2,1.0,27,56.66666626930237,68.6783423033423,22 57
ilids,7,kiss_k,2,0.1,28,61.666667461395264,70.95243124266113,3 41
ilids,7,kiss_k,2,1.0,28,61.666667461395264,70.63015873015873,3 41
ilids,7,kiss_k,2,0.1,29,58.33333134651184,68.18663499993424,18 8
ilids,7,kiss_k,2,1.0,29,58.33333134651184,68.24036513919069,18 8
ilids,7,kiss_k,4,0.1,0,58.33333134651184,69.60694497685778,3 10 41 44
ilids,7,kiss_k,4,1.0,0,58.33333134651184,69.53661946903227,3 10 41 44
ilids,7,kiss_k,4,0.1,1,58.33333134651184,68.56169821787671,56 42 52 57
ilids,7,kiss_k,4,1.0,1,56.66666626930237,67.0256214861478,56 42 52 57
ilids,7,kiss_k,4,0.1,2,56.66666626930237,68.01592464566848,51 36 18 15
ilids,7,kiss_k,4,1.0,2,56.66666626930237,67.90966046531965,51 36 18 15
ilids,7,kiss_k,4,0.1,3,60.00000238418579,69.91848598064571,32 20 51 27
ilids,7,kiss_k,4,1.0,3,60.00000238418579,69.48250342000341,32 20 51 27
ilids,7,kiss_k,4,0.1,4,60.00000238418579,69.42472088600465,11 8 29 41
ilids,7,kiss_k,4,1.0,4,61.666667461395264,70.063869001369,11 8 29 41
ilids,7,kiss_k,4,0.1,5,55.000001192092896,66.73329503924134,52 49 29 6
ilids,7,kiss_k,4,1.0,5,55.000001192092896,66.85410495936812,52 49 29 6
ilids,7,kiss_k,4,0.1,6,61.666667461395264,70.66748602274919,16 54 36 42
ilids,7,kiss_k,4,1.0,6,60.00000238418579,70.40108089372796,16 54 36 42
ilids,7,kiss_k,4,0.1,7,60.00000238418579,70.16437341844951,44 41 37 47
ilids,7,kiss_k,4,1.0,7,60.00000238418579,69.58155810239145,44 41 37 47
ilids,7,kiss_k,4,0.1,8,58.33333134651184,68.1768511444982,46 5 19 16
ilids,7,kiss_k,4,1.0,8,58.33333134651184,68.27694917219812,46 5 19 16
ilids,7,kiss_k,4,0.1,9,60.00000238418579,70.61958403844369,40 24 55 42
ilids,7,kiss_k,4,1.0,9,61.666667461395264,71.70200016033348,40 24 55 42
ilids,7,kiss_k,4,0.1,10,58.33333134651184,68.04735985985987,14 46 8 37
ilids,7,kiss_k,4,1.0,10,58.33333134651184,68.62101093351093,14 46 8 37
ilids,7,kiss_k,4,0.1,11,58.33333134651184,70.02163114663115,12 13 14 11
ilids,7,kiss_k,4,1.0,11,60.00000238418579,70.81672024263558,12 13 14 11
ilids,7,kiss_k,4,0.1,12,60.00000238418579,70.28561253561256,30 40 53 58
ilids,7,kiss_k,4,1.0,12,58.33333134651184,69.48413623413624,30 40 53 58
ilids,7,kiss_k,4,0.1,13,58.33333134651184,68.8456684383155,46 43 47 13
ilids,7,kiss_k,4,1.0,13,58.33333134651184,68.4751905731008,46 43 47 13
ilids,7,kiss_k,4,0.1,14,58.33333134651184,69.38083547482881,50 54 23 15
ilids,7,kiss_k,4,1.0,14,61.666667461395264,71.24080086580088,50 54 23 15
ilids,7,kiss_k,4,0.1,15,60.00000238418579,69.84418804736143,2 55 47 33
ilids,7,kiss_k,4,1.0,15,60.00000238418579,69.69977236863201,2 55 47 33
ilids,7,kiss_k,4,0.1,16,58.33333134651184,68.25544031426385,55 33 51 53
ilids,7,kiss_k,4,1.0,16,56.66666626930237,67.55758724141077,55 33 51 53
ilids,7,kiss_k,4,0.1,17,58.33333134651184,69.10226406059739,44 40 47 53
ilids,7,kiss_k,4,1.0,17,58.33333134651184,68.43618183873058,44 40 47 53
ilids,7,kiss_k,4,0.1,18,58.33333134651184,68.65263028208119,43 6 19 35
ilids,7,kiss_k,4,1.0,18,60.00000238418579,69.91459039149255,43 6 19 35
ilids,7,kiss_k,4,0.1,19,56.66666626930237,68.09328017661352,31 58 9 12
ilids,7,kiss_k,4,1.0,19,56.66666626930237,67.99835597525815,31 58 9 12
ilids,7,kiss_k,4,0.1,20,58.33333134651184,69.31132140217507,55 2 26 48
ilids,7,kiss_k,4,1.0,20,56.66666626930237,68.19123122248124,55 2 26 48
ilids,7,kiss_k,4,0.1,21,56.66666626930237,67.88105948632264,57 9 48 42
ilids,7,kiss_k,4,1.0,21,58.33333134651184,69.5246866423337,57 9 48 42
ilids,7,kiss_k,4,0.1,22,61.666667461395264,70.4769784665618,57 49 34 48
ilids,7,kiss_k,4,1.0,22,58.33333134651184,69.12753688963366,57 49 34 48
ilids,7,kiss_k,4,0.1,23,60.00000238418579,69.89485630110632,56 22 41 28
ilids,7,kiss_k,4,1.0,23,58.33333134651184,69.06737937987938,56 22 41 28
ilids,7,kiss_k,4,0.1,24,58.33333134651184,69.0484977984978,46 17 27 51
ilids,7,kiss_k,4,1.0,24,58.33333134651184,68.62097925045497,46 17 27 51
ilids,7,kiss_k,4,0.1,25,58.33333134651184,69.78319923110945,16 14 42 0
ilids,7,kiss_k,4,1.0,25,60.00000238418579,70.5762972865914,16 14 42 0
ilids,7,kiss_k,4,0.1,26,58.33333134651184,68.55021556172872,49 30 36 4
ilids,7,kiss_k,4,1.0,26,60.00000238418579,68.83972274227148,49 30 36 4
ilids,7,kiss_k,4,0.1,27,58.33333134651184,67.8905340349306,28 35 46 33
ilids,7,kiss_k,4,1.0,27,58.33333134651184,67.63467387732092,28 35 46 33
ilids,7,kiss_k,4,0.1,28,55.000001192092896,67.08701628799668,0 22 15 5
ilids,7,kiss_k,4,1.0,28,56.66666626930237,67.87378050693269,0 22 15 5
ilids,7,kiss_k,4,0.1,29,60.00000238418579,69.97665330820956,29 37 48 43
ilids,7,kiss_k,4,1.0,29,61.666667461395264,70.61991785018103,29 37 48 43
ilids,7,kiss_k,8,0.1,0,60.00000238418579,69.29509312496928,42 19 57 36 48 45 32 28
ilids,7,kiss_k,8,1.0,0,60.00000238418579,69.28793960491532,42 19 57 36 48 45 32 28
ilids,7,kiss_k,8,0.1,1,60.00000238418579,69.22989445489446,57 45 35 40 53 3 28 18
ilids,7,kiss_k,8,1.0,1,61.666667461395264,70.23068718068718,57 45 35 40 53 3 28 18
ilids,7,kiss_k,8,0.1,2,60.00000238418579,69.7956852109151,30 34 24 43 14 4 40 53
ilids,7,kiss_k,8,1.0,2,61.666667461395264,70.90654533844189,30 34 24 43 14 4 40 53
ilids,7,kiss_k,8,0.1,3,56.66666626930237,68.5780612645671,27 2 26 38 44 31 0 43
ilids,7,kiss_k,8,1.0,3,58.33333134651184,69.47005155338489,27 2 26 38 44 31 0 43
ilids,7,kiss_k,8,0.1,4,58.33333134651184,69.1077959396925,13 40 16 58 47 43 38 21
ilids,7,kiss_k,8,1.0,4,58.33333134651184,68.80509768009769,13 40 16 58 47 43 38 21
ilids,7,kiss_k,8,0.1,5,61.666667461395264,72.8575023295418,19 26 25 8 14 15 9 0
ilids,7,kiss_k,8,1.0,5,61.666667461395264,73.08888308114312,19 26 25 8 14 15 9 0
ilids,7,kiss_k,8,0.1,6,58.33333134651184,68.8498037002939,16 45 17 22 13 39 0 46
ilids,7,kiss_k,8,1.0,6,56.66666626930237,67.83998389063045,16 45 17 22 13 39 0 46
ilids,7,kiss_k,8,0.1,7,55.000001192092896,65.96974552570195,12 57 33 24 17 44 39 2
ilids,7,kiss_k,8,1.0,7,58.33333134651184,68.01628773214141,12 57 33 24 17 44 39 2
ilids,7,kiss_k,8,0.1,8,56.66666626930237,68.37675343269972,12 9 45 51 5 23 44 21
ilids,7,kiss_k,8,1.0,8,58.33333134651184,69.09658306949329,12 9 45 51 5 23 44 21
ilids,7,kiss_k,8,0.1,9,60.00000238418579,70.25243452834987,38 21 11 20 40 27 19 7
ilids,7,kiss_k,8,1.0,9,60.00000238418579,69.94571632071633,38 21 11 20 40 27 19 7
ilids,7,kiss_k,8,0.1,10,58.33333134651184,69.61683606248825,7 48 10 40 45 14 46 33
ilids,7,kiss_k,8,1.0,10,58.33333134651184,69.02843915343915,7 48 10 40 45 14 46 33
ilids,7,kiss_k,8,0.1,11,58.33333134651184,70.37446221845553,21 10 25 50 47 35 45 6
ilids,7,kiss_k,8,1.0,11,58.33333134651184,70.07568542568542,21 10 25 50 47 35 45 6
ilids,7,kiss_k,8,0.1,12,56.66666626930237,67.76883073132353,46 9 16 8 35 52 22 41
ilids,7,kiss_k,8,1.0,12,55.000001192092896,66.76741784201462,46 9 16 8 35 52 22 41
ilids,7,kiss_k,8,0.1,13,60.00000238418579,69.98371138283417,40 33 45 44 6 24 57 37
ilids,7,kiss_k,8,1.0,13,58.33333134651184,68.83902347546513,40 33 45 44 6 24 57 37
ilids,7,kiss_k,8,0.1,14,60.00000238418579,70.3289017627253,14 3 9 50 5 29 40 17
ilids,7,kiss_k,8,1.0,14,58.33333134651184,68.80641499023852,14 3 9 50 5 29 40 17
ilids,7,kiss_k,8,0.1,15,56.66666626930237,68.33833678398896,8 14 11 20 43 35 36 34
ilids,7,kiss_k,8,1.0,15,56.66666626930237,67.94930600445306,8 14 11 20 43 35 36 34
ilids,7,kiss_k,8,0.1,16,60.00000238418579,71.28940651511292,41 58 50 17 6 25 16 37
ilids,7,kiss_k,8,1.0,16,61.666667461395264,72.11652082485416,41 58 50 17 6 25 16 37
ilids,7,kiss_k,8,0.1,17,61.666667461395264,70.4456359664693,20 55 42 52 3 37 5 4
ilids,7,kiss_k,8,1.0,17,58.33333134651184,68.58221870721871,20 55 42 52 3 37 5 4
ilids,7,kiss_k,8,0.1,18,55.000001192092896,67.7156685906686,58 41 21 55 15 56 39 3
ilids,7,kiss_k,8,1.0,18,56.66666626930237,68.28062454272133,58 41 21 55 15 56 39 3
ilids,7,kiss_k,8,0.1,19,58.33333134651184,69.88139830848166,0 33 51 4 58 23 28 50
ilids,7,kiss_k,8,1.0,19,58.33333134651184,70.17092242566626,0 33 51 4 58 23 28 50
ilids,7,kiss_k,8,0.1,20,60.00000238418579,69.65780755491122,11 39 37 17 53 57 3 40
ilids,7,kiss_k,8,1.0,20,58.33333134651184,69.04709642209642,11 39 37 17 53 57 3 40
ilids,7,kiss_k,8,0.1,21,60.00000238418579,69.83536475601694,9 14 46 18 30 20 13 21
ilids,7,kiss_k,8,1.0,21,60.00000238418579,69.83626607891313,9 14 46 18 30 20 13 21
ilids,7,kiss_k,8,0.1,22,58.33333134651184,69.58592796092798,40 7 4 35 3 55 36 18
ilids,7,kiss_k,8,1.0,22,61.666667461395264,71.54239306015621,40 7 4 35 3 55 36 18
ilids,7,kiss_k,8,0.1,23,60.00000238418579,70.8415750915751,2 5 19 11 33 36 50 30
ilids,7,kiss_k,8,1.0,23,58.33333134651184,70.17750767750768,2 5 19 11 33 36 50 30
ilids,7,kiss_k,8,0.1,24,56.66666626930237,68.30426286676287,29 58 6 31 49 11 21 1
ilids,7,kiss_k,8,1.0,24,56.66666626930237,67.68615643615644,29 58 6 31 49 11 21 1
ilids,7,kiss_k,8,0.1,25,60.00000238418579,69.28695713095046,58 51 13 2 12 44 3 26
ilids,7,kiss_k,8,1.0,25,58.33333134651184,68.53487550530562,58 51 13 2 12 44 3 26
ilids,7,kiss_k,8,0.1,26,58.33333134651184,69.64668973002308,2 40 44 38 53 46 24 45
ilids,7,kiss_k,8,1.0,26,58.33333134651184,69.43474800053748,2 40 44 38 53 46 24 45
ilids,7,kiss_k,8,0.1,27,60.00000238418579,69.58574742441021,45 38 32 42 18 37 58 49
ilids,7,kiss_k,8,1.0,27,58.33333134651184,68.74414054381772,45 38 32 42 18 37 58 49
ilids,7,kiss_k,8,0.1,28,58.33333134651184,68.55340193238744,53 4 25 20 54 19 10 35
ilids,7,kiss_k,8,1.0,28,58.33333134651184,68.355416690943,53 4 25 20 54 19 10 35
ilids,7,kiss_k,8,0.1,29,58.33333134651184,68.9982781426747,3 0 51 20 10 17 32 40
ilids,7,kiss_k,8,1.0,29,60.00000238418579,70.28699868139525,3 0 51 20 10 17 32 40
ilids,7,kiss_k,16,0.1,0,60.00000238418579,68.98284774436091,49 50 35 7 30 6 26 46 13 39 27 22 33 8 12 40
ilids,7,kiss_k,16,1.0,0,56.66666626930237,67.3318232627797,49 50 35 7 30 6 26 46 13 39 27 22 33 8 12 40
ilids,7,kiss_k,16,0.1,1,58.33333134651184,68.52324134199134,18 0 52 45 24 7 16 10 15 6 56 46 42 28 35 32
ilids,7,kiss_k,16,1.0,1,58.33333134651184,68.95067963082668,18 0 52 45 24 7 16 10 15 6 56 46 42 28 35 32
ilids,7,kiss_k,16,0.1,2,56.66666626930237,67.96291632749967,58 26 17 42 1 46 49 15 53 51 44 12 10 5 21 4
ilids,7,kiss_k,16,1.0,2,56.66666626930237,68.12407336672042,58 26 17 42 1 46 49 15 53 51 44 12 10 5 21 4
ilids,7,kiss_k,16,0.1,3,56.66666626930237,68.04249142564359,39 33 49 17 29 6 24 46 16 5 10 53 57 58 43 32
ilids,7,kiss_k,16,1.0,3,56.66666626930237,68.06872445187663,39 33 49 17 29 6 24 46 16 5 10 53 57 58 43 32
ilids,7,kiss_k,16,0.1,4,61.666667461395264,69.82270738520738,41 46 2 4 12 57 14 48 7 17 51 21 22 55 20 8
ilids,7,kiss_k,16,1.0,4,61.666667461395264,70.43044117129485,41 46 2 4 12 57 14 48 7 17 51 21 22 55 20 8
ilids,7,kiss_k,16,0.1,5,55.000001192092896,66.86500490073061,19 10 29 24 35 47 25 1 39 27 28 53 45 51 37 43
ilids,7,kiss_k,16,1.0,5,55.000001192092896,67.19650372775374,19 10 29 24 35 47 25 1 39 27 28 53 45 51 37 43
ilids,7,kiss_k,16,0.1,6,56.66666626930237,67.55803088992745,28 37 35 15 29 6 14 7 27 43 5 46 50 9 42 58
ilids,7,kiss_k,16,1.0,6,56.66666626930237,67.36232526827156,28 37 35 15 29 6 14 7 27 43 5 46 50 9 42 58
ilids,7,kiss_k,16,0.1,7,58.33333134651184,69.35739499449177,35 26 10 48 53 23 9 14 18 25 34 15 45 20 7 0
ilids,7,kiss_k,16,1.0,7,58.33333134651184,68.84316011255666,35 26 10 48 53 23 9 14 18 25 34 15 45 20 7 0
ilids,7,kiss_k,16,0.1,8,55.000001192092896,66.15956552801183,11 45 19 39 17 44 3 57 32 15 23 2 52 51 20 9
ilids,7,kiss_k,16,1.0,8,55.000001192092896,66.39822330447332,11 45 19 39 17 44 3 57 32 15 23 2 52 51 20 9
ilids,7,kiss_k,16,0.1,9,58.33333134651184,68.43561626751283,33 46 1 49 53 14 7 35 8 21 16 36 30 43 26 32
ilids,7,kiss_k,16,1.0,9,58.33333134651184,68.17328042328043,33 46 1 49 53 14 7 35 8 21 16 36 30 43 26 32
ilids,7,kiss_k,16,0.1,10,58.33333134651184,69.59365483601476,40 8 6 47 38 20 36 44 15 53 23 5 37 45 13 50
ilids,7,kiss_k,16,1.0,10,55.000001192092896,69.04410758429076,40 8 6 47 38 20 36 44 15 53 23 5 37 45 13 50
ilids,7,kiss_k,16,0.1,11,58.33333134651184,67.92081140107456,7 17 20 45 33 31 15 2 9 8 49 34 48 54 28 21
ilids,7,kiss_k,16,1.0,11,60.00000238418579,68.79491064491064,7 17 20 45 33 31 15 2 9 8 49 34 48 54 28 21
ilids,7,kiss_k,16,0.1,12,53.33333611488342,65.2262691012691,18 25 47 56 37 16 50 54 11 42 57 53 39 44 12 6
ilids,7,kiss_k,16,1.0,12,51.66666507720947,64.0403022903023,18 25 47 56 37 16 50 54 11 42 57 53 39 44 12 6
ilids,7,kiss_k,16,0.1,13,56.66666626930237,68.73038419913419,32 3 30 36 23 50 4 21 51 25 33 56 24 5 20 27
ilids,7,kiss_k,16,1.0,13,56.66666626930237,69.1236471861472,32 3 30 36 23 50 4 21 51 25 33 56 24 5 20 27
ilids,7,kiss_k,16,0.1,14,56.66666626930237,67.88421262379597,28 24 19 11 15 17 0 40 52 12 41 26 20 49 9 18
ilids,7,kiss_k,16,1.0,14,56.66666626930237,67.5780951986927,28 24 19 11 15 17 0 40 52 12 41 26 20 49 9 18
ilids,7,kiss_k,16,0.1,15,60.00000238418579,70.44430415263749,34 47 58 20 3 8 43 14 2 40 23 55 46 56 32 6
ilids,7,kiss_k,16,1.0,15,58.33333134651184,69.74494949494951,34 47 58 20 3 8 43 14 2 40 23 55 46 56 32 6
ilids,7,kiss_k,16,0.1,16,55.000001192092896,67.57984607984609,23 25 30 55 57 20 27 7 29 18 32 11 49 56 52 15
ilids,7,kiss_k,16,1.0,16,53.33333611488342,67.21639078336649,23 25 30 55 57 20 27 7 29 18 32 11 49 56 52 15
ilids,7,kiss_k,16,0.1,17,58.33333134651184,67.99706064822344,52 51 44 29 30 41 50 2 45 42 10 5 19 3 57 32
ilids,7,kiss_k,16,1.0,17,58.33333134651184,67.93580246913581,52 51 44 29 30 41 50 2 45 42 10 5 19 3 57 32
ilids,7,kiss_k,16,0.1,18,53.33333611488342,65.91838369963371,33 0 24 46 9 4 44 5 34 21 14 55 7 52 36 43
ilids,7,kiss_k,16,1.0,18,51.66666507720947,65.35085496400153,33 0 24 46 9 4 44 5 34 21 14 55 7 52 36 43
ilids,7,kiss_k,16,0.1,19,58.33333134651184,68.98141509906216,40 49 51 9 10 34 15 58 48 38 12 47 7 3 26 20
ilids,7,kiss_k,16,1.0,19,60.00000238418579,69.84712531477238,40 49 51 9 10 34 15 58 48 38 12 47 7 3 26 20
ilids,7,kiss_k,16,0.1,20,63.333332538604736,73.2175925925926,7 20 40 55 38 1 47 21 9 13 19 37 3 30 4 0
ilids,7,kiss_k,16,1.0,20,63.333332538604736,73.69030602220258,7 20 40 55 38 1 47 21 9 13 19 37 3 30 4 0
ilids,7,kiss_k,16,0.1,21,61.666667461395264,70.56863530993967,6 8 46 55 34 27 38 32 11 1 50 4 39 12 49 23
ilids,7,kiss_k,16,1.0,21,61.666667461395264,70.56986827671813,6 8 46 55 34 27 38 32 11 1 50 4 39 12 49 23
ilids,7,kiss_k,16,0.1,22,60.00000238418579,69.985528199191,42 31 44 24 51 41 38 48 8 55 1 19 57 58 9 21
ilids,7,kiss_k,16,1.0,22,58.33333134651184,69.74170860756227,42 31 44 24 51 41 38 48 8 55 1 19 57 58 9 21
ilids,7,kiss_k,16,0.1,23,53.33333611488342,64.34020088099037,18 7 44 36 16 39 46 48 33 25 38 21 43 17 52 34
ilids,7,kiss_k,16,1.0,23,55.000001192092896,65.13883240311203,18 7 44 36 16 39 46 48 33 25 38 21 43 17 52 34
ilids,7,kiss_k,16,0.1,24,60.00000238418579,69.97054167739152,13 55 14 15 34 35 33 38 56 8 26 36 47 37 58 21
ilids,7,kiss_k,16,1.0,24,61.666667461395264,70.89049294931648,13 55 14 15 34 35 33 38 56 8 26 36 47 37 58 21
ilids,7,kiss_k,16,0.1,25,58.33333134651184,69.04722222222223,46 4 13 34 8 19 12 47 38 7 23 21 0 54 50 45
ilids,7,kiss_k,16,1.0,25,58.33333134651184,69.41042291042291,46 4 13 34 8 19 12 47 38 7 23 21 0 54 50 45
ilids,7,kiss_k,16,0.1,26,61.666667461395264,71.21648967192878,24 36 32 6 58 46 35 52 55 7 18 4 25 31 38 57
ilids,7,kiss_k,16,1.0,26,61.666667461395264,71.60732014244323,24 36 32 6 58 46 35 52 55 7 18 4 25 31 38 57
ilids,7,kiss_k,16,0.1,27,58.33333134651184,69.32479518689196,35 29 46 24 55 28 21 42 18 23 13 57 17 37 47 40
ilids,7,kiss_k,16,1.0,27,60.00000238418579,69.85498602274919,35 29 46 24 55 28 21 42 18 23 13 57 17 37 47 40
ilids,7,kiss_k,16,0.1,28,55.000001192092896,66.65496246712217,47 49 46 48 21 15 38 37 56 1 42 11 22 8 55 52
ilids,7,kiss_k,16,1.0,28,55.000001192092896,67.05280682549285,47 49 46 48 21 15 38 37 56 1 42 11 22 8 55 52
ilids,7,kiss_k,16,0.1,29,58.33333134651184,68.75365174340246,53 35 28 22 48 54 56 0 10 21 38 26 49 9 37 55
ilids,7,kiss_k,16,1.0,29,58.33333134651184,69.42868516586238,53 35 28 22 48 54 56 0 10 21 38 26 49 9 37 55
ilids,7,kiss_k,32,0.1,0,56.66666626930237,68.21711516578802,55 15 18 36 12 19 4 48 40 47 49 11 45 23 21 35 1 26 25 27 54 56 42 50 22 7 37 20 57 44 28 17
ilids,7,kiss_k,32,1.0,0,55.000001192092896,68.11334737544415,55 15 18 36 12 19 4 48 40 47 49 11 45 23 21 35 1 26 25 27 54 56 42 50 22 7 37 20 57 44 28 17
ilids,7,kiss_k,32,0.1,1,60.00000238418579,69.83748762131114,6 7 27 52 8 2 56 33 53 38 54 24 15 12 57 1 28 5 46 36 16 40 41 14 32 45 39 55 50 37 21 47
ilids,7,kiss_k,32,1.0,1,58.33333134651184,68.82620650953984,6 7 27 52 8 2 56 33 53 38 54 24 15 12 57 1 28 5 46 36 16 40 41 14 32 45 39 55 50 37 21 47
ilids,7,kiss_k,32,0.1,2,58.33333134651184,68.38088989804676,47 1 20 45 54 33 18 36 23 35 50 19 51 42 9 57 53 5 10 15 16 31 24 25 34 13 37 30 29 12 32 49
ilids,7,kiss_k,32,1.0,2,58.33333134651184,68.99288371805767,47 1 20 45 54 33 18 36 23 35 50 19 51 42 9 57 53 5 10 15 16 31 24 25 34 13 37 30 29 12 32 49
ilids,7,kiss_k,32,0.1,3,60.00000238418579,70.03917759800113,58 42 41 19 5 32 29 37 48 55 12 57 23 38 11 25 49 15 4 13 1 7 35 26 36 16 18 0 31 51 14 54
ilids,7,kiss_k,32,1.0,3,58.33333134651184,69.72228504866503,58 42 41 19 5 32 29 37 48 55 12 57 23 38 11 25 49 15 4 13 1 7 35 26 36 16 18 0 31 51 14 54
ilids,7,kiss_k,32,0.1,4,55.000001192092896,66.27856933371639,46 35 34 41 43 18 26 12 50 2 31 49 23 47 8 22 14 15 20 38 0 39 53 28 3 44 42 6 36 45 40 13
ilids,7,kiss_k,32,1.0,4,56.66666626930237,67.44086373865787,46 35 34 41 43 18 26 12 50 2 31 49 23 47 8 22 14 15 20 38 0 39 53 28 3 44 42 6 36 45 40 13
ilids,7,kiss_k,32,0.1,5,56.66666626930237,66.68087998602704,6 54 32 16 42 14 33 13 24 3 22 45 21 8 28 0 49 46 30 34 5 9 11 52 31 17 56 15 38 18 25 44
ilids,7,kiss_k,32,1.0,5,58.33333134651184,68.29636914011915,6 54 32 16 42 14 33 13 24 3 22 45 21 8 28 0 49 46 30 34 5 9 11 52 31 17 56 15 38 18 25 44
ilids,7,kiss_k,32,0.1,6,60.00000238418579,69.5681292137814,19 31 34 15 8 52 53 22 42 10 47 13 18 43 56 46 12 25 21 54 36 51 11 38 3 16 20 17 24 40 5 26
ilids,7,kiss_k,32,1.0,6,58.33333134651184,69.64608412923631,19 31 34 15 8 52 53 22 42 10 47 13 18 43 56 46 12 25 21 54 36 51 11 38 3 16 20 17 24 40 5 26
ilids,7,kiss_k,32,0.1,7,66.66666865348816,73.70068218656426,49 26 2 7 47 55 35 32 34 4 50 0 56 39 23 57 8 24 53 9 54 33 31 29 13 41 46 19 30 42 22 36
ilids,7,kiss_k,32,1.0,7,63.333332538604736,72.56107588150599,49 26 2 7 47 55 35 32 34 4 50 0 56 39 23 57 8 24 53 9 54 33 31 29 13 41 46 19 30 42 22 36
ilids,7,kiss_k,32,0.1,8,58.33333134651184,68.40165343915345,11 30 35 34 17 49 22 1 42 41 31 8 37 12 33 5 10 57 14 50 13 7 51 3 29 20 19 0 27 39 55 21
ilids,7,kiss_k,32,1.0,8,60.00000238418579,70.09757467947124,11 30 35 34 17 49 22 1 42 41 31 8 37 12 33 5 10 57 14 50 13 7 51 3 29 20 19 0 27 39 55 21
ilids,7,kiss_k,32,0.1,9,55.000001192092896,65.83384130646441,31 10 57 43 7 5 15 18 22 38 51 0 32 6 55 20 30 50 48 4 26 29 11 28 56 16 40 53 33 1 45 9
ilids,7,kiss_k,32,1.0,9,56.66666626930237,66.86681982734615,31 10 57 43 7 5 15 18 22 38 51 0 32 6 55 20 30 50 48 4 26 29 11 28 56 16 40 53 33 1 45 9
ilids,7,kiss_k,32,0.1,10,58.33333134651184,68.62970594220594,39 2 3 0 18 52 41 53 45 36 1 20 33 57 29 15 22 46 48 21 23 4 55 47 25 17 7 5 16 27 28 40
ilids,7,kiss_k,32,1.0,10,56.66666626930237,68.67600250626566,39 2 3 0 18 52 41 53 45 36 1 20 33 57 29 15 22 46 48 21 23 4 55 47 25 17 7 5 16 27 28 40
ilids,7,kiss_k,32,0.1,11,56.66666626930237,66.5409667478633,11 2 10 31 17 7 44 22 16 27 57 28 1 0 33 36 58 54 42 41 19 39 48 24 46 26 23 5 9 4 13 18
ilids,7,kiss_k,32,1.0,11,58.33333134651184,67.35350370876687,11 2 10 31 17 7 44 22 16 27 57 28 1 0 33 36 58 54 42 41 19 39 48 24 46 26 23 5 9 4 13 18
ilids,7,kiss_k,32,0.1,12,58.33333134651184,68.61041698252063,47 6 28 4 17 48 7 15 38 43 56 42 12 40 35 57 0 14 33 20 19 24 10 44 41 9 53 5 16 11 49 8
ilids,7,kiss_k,32,1.0,12,55.000001192092896,67.12234978643647,47 6 28 4 17 48 7 15 38 43 56 42 12 40 35 57 0 14 33 20 19 24 10 44 41 9 53 5 16 11 49 8
ilids,7,kiss_k,32,0.1,13,55.000001192092896,68.61059530834551,10 23 37 44 6 57 2 4 18 40 9 21 51 29 39 22 24 1 36 20 49 27 35 43 58 56 45 15 55 34 13 5
ilids,7,kiss_k,32,1.0,13,55.000001192092896,68.26582800668166,10 23 37 44 6 57 2 4 18 40 9 21 51 29 39 22 24 1 36 20 49 27 35 43 58 56 45 15 55 34 13 5
ilids,7,kiss_k,32,0.1,14,56.66666626930237,67.13584062293741,20 44 23 28 38 21 10 57 1 42 41 49 54 27 25 36 34 33 16 50 19 47 15 39 17 3 46 11 12 31 9 30
ilids,7,kiss_k,32,1.0,14,56.66666626930237,67.53648886339103,20 44 23 28 38 21 10 57 1 42 41 49 54 27 25 36 34 33 16 50 19 47 15 39 17 3 46 11 12 31 9 30
ilids,7,kiss_k,32,0.1,15,58.33333134651184,67.34999098124098,13 36 1 54 22 16 19 15 38 58 51 37 27 52 20 53 26 35 10 43 28 55 6 21 39 23 45 3 56 24 41 32
ilids,7,kiss_k,32,1.0,15,58.33333134651184,68.03129123962458,13 36 1 54 22 16 19 15 38 58 51 37 27 52 20 53 26 35 10 43 28 55 6 21 39 23 45 3 56 24 41 32
ilids,7,kiss_k,32,0.1,16,60.00000238418579,70.0493742573869,39 19 27 8 41 56 23 10 46 35 54 26 58 47 14 12 3 53 52 45 13 51 2 15 18 22 36 16 25 11 34 49
ilids,7,kiss_k,32,1.0,16,60.00000238418579,70.7612840822044,39 19 27 8 41 56 23 10 46 35 54 26 58 47 14 12 3 53 52 45 13 51 2 15 18 22 36 16 25 11 34 49
ilids,7,kiss_k,32,0.1,17,56.66666626930237,65.75700682057418,49 45 34 54 39 19 23 18 32 36 7 38 0 53 1 9 16 17 52 5 29 40 33 28 35 56 21 31 57 25 15 44
ilids,7,kiss_k,32,1.0,17,55.000001192092896,65.29313674268036,49 45 34 54 39 19 23 18 32 36 7 38 0 53 1 9 16 17 52 5 29 40 33 28 35 56 21 31 57 25 15 44
ilids,7,kiss_k,32,0.1,18,56.66666626930237,68.07607127172345,52 37 23 33 35 26 32 9 40 7 15 4 25 27 39 17 42 28 24 5 51 46 34 12 2 36 11 38 58 16 53 29
ilids,7,kiss_k,32,1.0,18,55.000001192092896,67.27325487515705,52 37 23 33 35 26 32 9 40 7 15 4 25 27 39 17 42 28 24 5 51 46 34 12 2 36 11 38 58 16 53 29
ilids,7,kiss_k,32,0.1,19,56.66666626930237,67.37827709375023,23 54 35 6 30 1 41 47 19 39 53 58 3 27 42 32 49 44 8 26 46 10 22 2 40 29 20 16 7 37 36 52
ilids,7,kiss_k,32,1.0,19,56.66666626930237,67.65729302314669,23 54 35 6 30 1 41 47 19 39 53 58 3 27 42 32 49 44 8 26 46 10 22 2 40 29 20 16 7 37 36 52
ilids,7,kiss_k,32,0.1,20,56.66666626930237,67.42914787219092,39 41 36 58 33 7 8 3 55 31 52 51 35 49 29 34 6 54 38 19 2 21 57 27 9 12 20 0 53 17 42 11
ilids,7,kiss_k,32,1.0,20,58.33333134651184,68.90021929824563,39 41 36 58 33 7 8 3 55 31 52 51 35 49 29 34 6 54 38 19 2 21 57 27 9 12 20 0 53 17 42 11
ilids,7,kiss_k,32,0.1,21,56.66666626930237,66.63842167273539,18 16 54 46 27 49 48 56 58 29 2 44 34 40 42 57 13 28 31 23 38 24 12 30 37 52 8 33 7 6 10 11
ilids,7,kiss_k,32,1.0,21,56.66666626930237,66.54404157302707,18 16 54 46 27 49 48 56 58 29 2 44 34 40 42 57 13 28 31 23 38 24 12 30 37 52 8 33 7 6 10 11
ilids,7,kiss_k,32,0.1,22,60.00000238418579,69.25347608680943,18 38 26 29 3 36 55 1 41 35 43 7 25 30 19 56 10 5 4 27 54 15 17 13 58 28 48 49 22 6 0 16
ilids,7,kiss_k,32,1.0,22,61.666667461395264,71.10946199655878,18 38 26 29 3 36 55 1 41 35 43 7 25 30 19 56 10 5 4 27 54 15 17 13 58 28 48 49 22 6 0 16
ilids,7,kiss_k,32,0.1,23,61.666667461395264,71.37451745785079,8 16 7 20 10 11 25 29 56 28 2 44 49 1 40 30 0 34 37 47 5 57 54 9 55 43 12 38 4 53 32 48
ilids,7,kiss_k,32,1.0,23,60.00000238418579,70.7690297855739,8 16 7 20 10 11 25 29 56 28 2 44 49 1 40 30 0 34 37 47 5 57 54 9 55 43 12 38 4 53 32 48
ilids,7,kiss_k,32,0.1,24,61.666667461395264,70.38233128850977,41 8 47 52 4 16 42 31 30 24 28 25 21 36 57 5 49 14 34 53 54 18 32 51 44 56 20 11 13 6 50 26
ilids,7,kiss_k,32,1.0,24,58.33333134651184,68.30350887625909,41 8 47 52 4 16 42 31 30 24 28 25 21 36 57 5 49 14 34 53 54 18 32 51 44 56 20 11 13 6 50 26
ilids,7,kiss_k,32,0.1,25,61.666667461395264,70.17305429245084,55 32 31 6 43 36 40 51 35 26 0 19 21 11 46 58 47 13 34 3 50 48 56 17 22 41 1 12 23 14 57 2
ilids,7,kiss_k,32,1.0,25,60.00000238418579,70.00373731063387,55 32 31 6 43 36 40 51 35 26 0 19 21 11 46 58 47 13 34 3 50 48 56 17 22 41 1 12 23 14 57 2
ilids,7,kiss_k,32,0.1,26,61.666667461395264,71.48832405162328,26 7 34 6 1 13 29 11 9 3 42 25 14 47 5 36 48 35 33 32 54 52 30 12 0 58 23 51 27 18 31 17
ilids,7,kiss_k,32,1.0,26,58.33333134651184,69.84336107362424,26 7 34 6 1 13 29 11 9 3 42 25 14 47 5 36 48 35 33 32 54 52 30 12 0 58 23 51 27 18 31 17
ilids,7,kiss_k,32,0.1,27,58.33333134651184,68.37419045236382,56 25 1 57 24 50 42 36 22 7 32 9 27 43 49 55 33 20 13 19 29 51 18 26 2 39 46 0 30 14 54 58
ilids,7,kiss_k,32,1.0,27,61.666667461395264,70.1200396825397,56 25 1 57 24 50 42 36 22 7 32 9 27 43 49 55 33 20 13 19 29 51 18 26 2 39 46 0 30 14 54 58
ilids,7,kiss_k,32,0.1,28,60.00000238418579,68.29468949606947,56 7 35 9 37 55 26 6 19 32 30 50 52 48 46 40 31 18 51 3 24 38 41 8 43 44 11 49 17 14 10 54
ilids,7,kiss_k,32,1.0,28,60.00000238418579,68.7130592718828,56 7 35 9 37 55 26 6 19 32 30 50 52 48 46 40 31 18 51 3 24 38 41 8 43 44 11 49 17 14 10 54
ilids,7,kiss_k,32,0.1,29,60.00000238418579,70.35102543655175,20 50 45 26 14 52 27 33 58 16 24 10 6 40 11 56 18 36 3 48 47 46 7 38 37 25 2 5 31 39 13 12
ilids,7,kiss_k,32,1.0,29,58.33333134651184,69.62957455062718,20 50 45 26 14 52 27 33 58 16 24 10 6 40 11 56 18 36 3 48 47 46 7 38 37 25 2 5 31 39 13 12
ilids,8,raw,0,-1,-1,48.33333194255829,58.70887264076921,
ilids,8,center,0,-1,-1,48.33333194255829,58.70887264076921,
ilids,8,unlab,0,0.1,-1,43.33333373069763,55.979323823925895,
ilids,8,kiss_all,59,0.1,-1,51.66666507720947,61.928999253805195,
ilids,8,unlab,0,1.0,-1,44.999998807907104,56.65207118093569,
ilids,8,kiss_all,59,1.0,-1,51.66666507720947,62.31475960700343,
ilids,8,kiss_k,2,0.1,0,43.33333373069763,56.60939217484135,31 3
ilids,8,kiss_k,2,1.0,0,43.33333373069763,56.71917393941569,31 3
ilids,8,kiss_k,2,0.1,1,50.0,59.62373281821054,31 0
ilids,8,kiss_k,2,1.0,1,50.0,59.45501923758503,31 0
ilids,8,kiss_k,2,0.1,2,44.999998807907104,56.946175475329255,22 38
ilids,8,kiss_k,2,1.0,2,44.999998807907104,56.99994018327352,22 38
ilids,8,kiss_k,2,0.1,3,44.999998807907104,56.45766743160263,23 45
ilids,8,kiss_k,2,1.0,3,43.33333373069763,55.58005139247988,23 45
ilids,8,kiss_k,2,0.1,4,43.33333373069763,55.728353935055544,55 3
ilids,8,kiss_k,2,1.0,4,43.33333373069763,55.655389087285634,55 3
ilids,8,kiss_k,2,0.1,5,43.33333373069763,55.89190578530817,30 8
ilids,8,kiss_k,2,1.0,5,44.999998807907104,57.01703759203759,30 8
ilids,8,kiss_k,2,0.1,6,48.33333194255829,58.83506918470687,12 38
ilids,8,kiss_k,2,1.0,6,48.33333194255829,58.85557857980014,12 38
ilids,8,kiss_k,2,0.1,7,43.33333373069763,55.770031598961175,5 53
ilids,8,kiss_k,2,1.0,7,44.999998807907104,56.33709425671011,5 53
ilids,8,kiss_k,2,0.1,8,48.33333194255829,58.67714298229004,2 36
ilids,8,kiss_k,2,1.0,8,50.0,59.50126851694314,2 36
ilids,8,kiss_k,2,0.1,9,46.666666865348816,57.996578274979406,44 38
ilids,8,kiss_k,2,1.0,9,46.666666865348816,58.1062859283896,44 38
ilids,8,kiss_k,2,0.1,10,46.666666865348816,57.99113208915841,34 54
ilids,8,kiss_k,2,1.0,10,44.999998807907104,56.72681589041238,34 54
ilids,8,kiss_k,2,0.1,11,46.666666865348816,57.45468925686935,41 28
ilids,8,kiss_k,2,1.0,11,44.999998807907104,56.50004816247019,41 28
ilids,8,kiss_k,2,0.1,12,46.666666865348816,58.010764218976576,32 12
ilids,8,kiss_k,2,1.0,12,46.666666865348816,57.894681383627166,32 12
ilids,8,kiss_k,2,0.1,13,43.33333373069763,56.101369577978176,55 28
ilids,8,kiss_k,2,1.0,13,44.999998807907104,56.67247274786663,55 28
ilids,8,kiss_k,2,0.1,14,46.666666865348816,57.5547513031196,24 3
ilids,8,kiss_k,2,1.0,14,44.999998807907104,56.43812757855474,24 3
ilids,8,kiss_k,2,0.1,15,43.33333373069763,55.47874949581004,28 47
ilids,8,kiss_k,2,1.0,15,44.999998807907104,56.587939397785135,28 47
ilids,8,kiss_k,2,0.1,16,44.999998807907104,57.88885149582922,42 11
ilids,8,kiss_k,2,1.0,16,46.666666865348816,58.556707837886336,42 11
ilids,8,kiss_k,2,0.1,17,48.33333194255829,58.63303651134145,10 36
ilids,8,kiss_k,2,1.0,17,48.33333194255829,58.457919816196345,10 36
ilids,8,kiss_k,2,0.1,18,44.999998807907104,56.25788644161367,26 49
ilids,8,kiss_k,2,1.0,18,44.999998807907104,56.33372317816644,26 49
ilids,8,kiss_k,2,0.1,19,48.33333194255829,59.269144117566455,6 52
ilids,8,kiss_k,2,1.0,19,46.666666865348816,58.373850595299224,6 52
ilids,8,kiss_k,2,0.1,20,43.33333373069763,56.05103304587221,42 37
ilids,8,kiss_k,2,1.0,20,44.999998807907104,56.75504838622688,42 37
ilids,8,kiss_k,2,0.1,21,46.666666865348816,57.78377120101628,18 57
ilids,8,kiss_k,2,1.0,21,46.666666865348816,57.85017189541152,18 57
ilids,8,kiss_k,2,0.1,22,43.33333373069763,56.61405996182717,3 42
ilids,8,kiss_k,2,1.0,22,44.999998807907104,57.18631310579083,3 42
ilids,8,kiss_k,2,0.1,23,50.0,59.546893017269966,26 51
ilids,8,kiss_k,2,1.0,23,51.66666507720947,60.64028899844117,26 51
ilids,8,kiss_k,2,0.1,24,46.666666865348816,57.56945977998611,0 14
ilids,8,kiss_k,2,1.0,24,46.666666865348816,57.435082810302106,0 14
ilids,8,kiss_k,2,0.1,25,44.999998807907104,57.17553984278367,3 34
ilids,8,kiss_k,2,1.0,25,44.999998807907104,56.64327241866843,3 34
ilids,8,kiss_k,2,0.1,26,44.999998807907104,56.74262184063438,28 48
ilids,8,kiss_k,2,1.0,26,44.999998807907104,56.60943935607193,28 48
ilids,8,kiss_k,2,0.1,27,44.999998807907104,56.61074092936838,31 8
ilids,8,kiss_k,2,1.0,27,44.999998807907104,57.032784538963035,31 8
ilids,8,kiss_k,2,0.1,28,44.999998807907104,56.364456667630044,27 34
ilids,8,kiss_k,2,1.0,28,44.999998807907104,56.338802218181605,27 34
ilids,8,kiss_k,2,0.1,29,44.999998807907104,57.10922261337639,47 11
ilids,8,kiss_k,2,1.0,29,44.999998807907104,56.77628073837753,47 11
ilids,8,kiss_k,4,0.1,0,43.33333373069763,56.860902337972774,18 54 52 21
ilids,8,kiss_k,4,1.0,0,46.666666865348816,58.02012529215745,18 54 52 21
ilids,8,kiss_k,4,0.1,1,48.33333194255829,58.06636554129404,35 7 18 29
ilids,8,kiss_k,4,1.0,1,46.666666865348816,57.4865115938625,35 7 18 29
ilids,8,kiss_k,4,0.1,2,44.999998807907104,56.76141661857551,28 42 4 16
ilids,8,kiss_k,4,1.0,2,44.999998807907104,57.04189202504419,28 42 4 16
ilids,8,kiss_k,4,0.1,3,44.999998807907104,56.80596181746977,54 32 46 7
ilids,8,kiss_k,4,1.0,3,43.33333373069763,55.91412460995795,54 32 46 7
ilids,8,kiss_k,4,0.1,4,43.33333373069763,55.60139573622157,9 25 41 30
ilids,8,kiss_k,4,1.0,4,43.33333373069763,55.714508679020504,9 25 41 30
ilids,8,kiss_k,4,0.1,5,44.999998807907104,57.06183091332129,37 14 46 3
ilids,8,kiss_k,4,1.0,5,44.999998807907104,56.88564116757586,37 14 46 3
ilids,8,kiss_k,4,0.1,6,46.666666865348816,57.7144917340382,14 3 44 4
ilids,8,kiss_k,4,1.0,6,44.999998807907104,57.04236812570147,14 3 44 4
ilids,8,kiss_k,4,0.1,7,44.999998807907104,57.17142912106681,39 42 46 4
ilids,8,kiss_k,4,1.0,7,43.33333373069763,56.01292889092234,39 42 46 4
ilids,8,kiss_k,4,0.1,8,46.666666865348816,57.843687402439414,32 8 57 40
ilids,8,kiss_k,4,1.0,8,44.999998807907104,56.874474439476465,32 8 57 40
ilids,8,kiss_k,4,0.1,9,46.666666865348816,57.761316200015024,19 16 50 35
ilids,8,kiss_k,4,1.0,9,46.666666865348816,57.99446221314071,19 16 50 35
ilids,8,kiss_k,4,0.1,10,48.33333194255829,58.52948801774759,14 37 38 31
ilids,8,kiss_k,4,1.0,10,48.33333194255829,58.81922711504755,14 37 38 31
ilids,8,kiss_k,4,0.1,11,50.0,59.505547592504115,36 50 31 53
ilids,8,kiss_k,4,1.0,11,48.33333194255829,58.775191698961315,36 50 31 53
ilids,8,kiss_k,4,0.1,12,50.0,60.4582672687936,36 13 48 31
ilids,8,kiss_k,4,1.0,12,50.0,60.04159155229245,36 13 48 31
ilids,8,kiss_k,4,0.1,13,44.999998807907104,56.7007910375255,34 10 49 15
ilids,8,kiss_k,4,1.0,13,46.666666865348816,57.3120373352785,34 10 49 15
ilids,8,kiss_k,4,0.1,14,46.666666865348816,58.00944028859318,54 45 55 44
ilids,8,kiss_k,4,1.0,14,44.999998807907104,57.427290691170676,54 45 55 44
ilids,8,kiss_k,4,0.1,15,48.33333194255829,58.053333389168735,2 18 53 27
ilids,8,kiss_k,4,1.0,15,48.33333194255829,58.56727435267726,2 18 53 27
ilids,8,kiss_k,4,0.1,16,48.33333194255829,58.70540293040294,13 28 1 0
ilids,8,kiss_k,4,1.0,16,46.666666865348816,57.91118027116312,13 28 1 0
ilids,8,kiss_k,4,0.1,17,44.999998807907104,56.30276649670666,15 40 54 3
ilids,8,kiss_k,4,1.0,17,44.999998807907104,56.45769095397891,15 40 54 3
ilids,8,kiss_k,4,0.1,18,43.33333373069763,56.18736323880903,27 10 30 43
ilids,8,kiss_k,4,1.0,18,43.33333373069763,56.32008913049202,27 10 30 43
ilids,8,kiss_k,4,0.1,19,44.999998807907104,56.20017771977154,47 21 31 32
ilids,8,kiss_k,4,1.0,19,46.666666865348816,57.30536685536687,47 21 31 32
ilids,8,kiss_k,4,0.1,20,46.666666865348816,57.49418395710677,56 49 45 2
ilids,8,kiss_k,4,1.0,20,44.999998807907104,56.535317143869776,56 49 45 2
ilids,8,kiss_k,4,0.1,21,46.666666865348816,57.09234486059177,6 35 18 49
ilids,8,kiss_k,4,1.0,21,46.666666865348816,57.33998176403519,6 35 18 49
ilids,8,kiss_k,4,0.1,22,50.0,59.486393310990096,30 24 11 47
ilids,8,kiss_k,4,1.0,22,46.666666865348816,57.748840244089195,30 24 11 47
ilids,8,kiss_k,4,0.1,23,48.33333194255829,58.16656279774129,1 15 4 41
ilids,8,kiss_k,4,1.0,23,48.33333194255829,58.02004172622021,1 15 4 41
ilids,8,kiss_k,4,0.1,24,46.666666865348816,58.46855321195559,5 7 14 27
ilids,8,kiss_k,4,1.0,24,46.666666865348816,58.25351487931412,5 7 14 27
ilids,8,kiss_k,4,0.1,25,46.666666865348816,57.518631872214165,19 4 36 37
ilids,8,kiss_k,4,1.0,25,48.33333194255829,58.117698137016724,19 4 36 37
ilids,8,kiss_k,4,0.1,26,46.666666865348816,57.494968188052965,51 41 57 15
ilids,8,kiss_k,4,1.0,26,43.33333373069763,55.516599683123324,51 41 57 15
ilids,8,kiss_k,4,0.1,27,46.666666865348816,57.978418804560896,24 39 21 1
ilids,8,kiss_k,4,1.0,27,46.666666865348816,57.93694502378713,24 39 21 1
ilids,8,kiss_k,4,0.1,28,48.33333194255829,59.216087612720194,24 0 18 14
ilids,8,kiss_k,4,1.0,28,46.666666865348816,58.0208670446926,24 0 18 14
ilids,8,kiss_k,4,0.1,29,44.999998807907104,56.022781563739166,21 16 48 6
ilids,8,kiss_k,4,1.0,29,44.999998807907104,56.47605893837778,21 16 48 6
ilids,8,kiss_k,8,0.1,0,48.33333194255829,59.535481157681566,24 31 51 42 58 18 54 3
ilids,8,kiss_k,8,1.0,0,50.0,60.09460429777768,24 31 51 42 58 18 54 3
ilids,8,kiss_k,8,0.1,1,44.999998807907104,56.6393095314416,20 51 11 9 46 40 58 8
ilids,8,kiss_k,8,1.0,1,48.33333194255829,58.28632937879165,20 51 11 9 46 40 58 8
ilids,8,kiss_k,8,0.1,2,51.66666507720947,62.16815382799156,54 50 2 52 40 33 10 49
ilids,8,kiss_k,8,1.0,2,53.33333611488342,62.25587629071402,54 50 2 52 40 33 10 49
ilids,8,kiss_k,8,0.1,3,48.33333194255829,59.48223405456633,42 3 58 39 8 17 36 21
ilids,8,kiss_k,8,1.0,3,48.33333194255829,58.918017476862914,42 3 58 39 8 17 36 21
ilids,8,kiss_k,8,0.1,4,46.666666865348816,57.09812740865373,18 26 50 9 43 47 42 45
ilids,8,kiss_k,8,1.0,4,46.666666865348816,57.6696832153354,18 26 50 9 43 47 42 45
ilids,8,kiss_k,8,0.1,5,46.666666865348816,58.61028940033813,52 18 29 23 32 40 1 48
ilids,8,kiss_k,8,1.0,5,46.666666865348816,57.68020744350668,52 18 29 23 32 40 1 48
ilids,8,kiss_k,8,0.1,6,53.33333611488342,61.97681837044582,49 16 9 45 8 11 2 21
ilids,8,kiss_k,8,1.0,6,58.33333134651184,64.58979861581714,49 16 9 45 8 11 2 21
ilids,8,kiss_k,8,0.1,7,46.666666865348816,57.866563343429945,23 14 53 33 26 21 43 0
ilids,8,kiss_k,8,1.0,7,50.0,59.880275169677354,23 14 53 33 26 21 43 0
ilids,8,kiss_k,8,0.1,8,43.33333373069763,55.51011256518811,16 49 20 14 30 34 12 26
ilids,8,kiss_k,8,1.0,8,46.666666865348816,57.53723548057367,16 49 20 14 30 34 12 26
ilids,8,kiss_k,8,0.1,9,44.999998807907104,56.22091110481949,27 3 44 0 16 41 15 9
ilids,8,kiss_k,8,1.0,9,44.999998807907104,55.97519974035167,27 3 44 0 16 41 15 9
ilids,8,kiss_k,8,0.1,10,44.999998807907104,58.368421041884076,29 12 21 45 4 36 26 42
ilids,8,kiss_k,8,1.0,10,46.666666865348816,58.81943916114397,29 12 21 45 4 36 26 42
ilids,8,kiss_k,8,0.1,11,44.999998807907104,57.759625144516036,50 18 54 6 28 23 7 20
ilids,8,kiss_k,8,1.0,11,46.666666865348816,58.63102409687205,50 18 54 6 28 23 7 20
ilids,8,kiss_k,8,0.1,12,46.666666865348816,58.435169909066964,42 24 0 40 26 14 1 6
ilids,8,kiss_k,8,1.0,12,46.666666865348816,58.306341646343675,42 24 0 40 26 14 1 6
ilids,8,kiss_k,8,0.1,13,46.666666865348816,57.71285345329817,37 43 57 29 3 1 9 28
ilids,8,kiss_k,8,1.0,13,48.33333194255829,58.553143690952716,37 43 57 29 3 1 9 28
ilids,8,kiss_k,8,0.1,14,46.666666865348816,58.636688909111754,47 16 8 19 13 29 20 22
ilids,8,kiss_k,8,1.0,14,48.33333194255829,59.12491566507404,47 16 8 19 13 29 20 22
ilids,8,kiss_k,8,0.1,15,46.666666865348816,57.93234645256705,16 44 7 37 35 39 26 38
ilids,8,kiss_k,8,1.0,15,43.33333373069763,55.74465108492122,16 44 7 37 35 39 26 38
ilids,8,kiss_k,8,0.1,16,48.33333194255829,58.40214501107359,37 42 39 5 4 54 17 58
ilids,8,kiss_k,8,1.0,16,46.666666865348816,57.76279016876843,37 42 39 5 4 54 17 58
ilids,8,kiss_k,8,0.1,17,48.33333194255829,58.33043243619757,58 5 56 53 6 21 16 13
ilids,8,kiss_k,8,1.0,17,48.33333194255829,58.369098152250324,58 5 56 53 6 21 16 13
ilids,8,kiss_k,8,0.1,18,46.666666865348816,57.85066958398916,4 0 11 23 25 57 51 40
ilids,8,kiss_k,8,1.0,18,46.666666865348816,58.00456889389955,4 0 11 23 25 57 51 40
ilids,8,kiss_k,8,0.1,19,44.999998807907104,57.514595767544954,26 27 44 23 51 45 56 42
ilids,8,kiss_k,8,1.0,19,46.666666865348816,58.50750145668846,26 27 44 23 51 45 56 42
ilids,8,kiss_k,8,0.1,20,46.666666865348816,58.58912842268106,43 27 57 14 23 3 58 18
ilids,8,kiss_k,8,1.0,20,46.666666865348816,58.5524131732465,43 27 57 14 23 3 58 18
ilids,8,kiss_k,8,0.1,21,50.0,61.24573369315258,55 44 49 40 17 10 19 36
ilids,8,kiss_k,8,1.0,21,48.33333194255829,59.86503397525659,55 44 49 40 17 10 19 36
ilids,8,kiss_k,8,0.1,22,46.666666865348816,57.26451577069427,42 16 46 4 9 13 54 49
ilids,8,kiss_k,8,1.0,22,48.33333194255829,58.40103473418691,42 16 46 4 9 13 54 49
ilids,8,kiss_k,8,0.1,23,44.999998807907104,56.64568822706612,34 10 4 58 27 28 11 50
ilids,8,kiss_k,8,1.0,23,44.999998807907104,56.54232053172272,34 10 4 58 27 28 11 50
ilids,8,kiss_k,8,0.1,24,43.33333373069763,55.55574717994072,22 36 34 25 8 35 50 20
ilids,8,kiss_k,8,1.0,24,43.33333373069763,55.973002057937535,22 36 34 25 8 35 50 20
ilids,8,kiss_k,8,0.1,25,48.33333194255829,58.433525534015715,15 22 18 25 4 6 19 56
ilids,8,kiss_k,8,1.0,25,46.666666865348816,57.28454431209305,15 22 18 25 4 6 19 56
ilids,8,kiss_k,8,0.1,26,44.999998807907104,56.89970392613137,24 27 31 11 34 38 32 23
ilids,8,kiss_k,8,1.0,26,44.999998807907104,56.84046370647447,24 27 31 11 34 38 32 23
ilids,8,kiss_k,8,0.1,27,46.666666865348816,57.898550579860434,10 14 1 56 25 22 49 18
ilids,8,kiss_k,8,1.0,27,46.666666865348816,58.01671995518658,10 14 1 56 25 22 49 18
ilids,8,kiss_k,8,0.1,28,50.0,60.37033555863479,49 8 31 58 1 44 2 26
ilids,8,kiss_k,8,1.0,28,51.66666507720947,60.895789184847985,49 8 31 58 1 44 2 26
ilids,8,kiss_k,8,0.1,29,50.0,59.45120450194781,53 16 20 41 10 57 2 42
ilids,8,kiss_k,8,1.0,29,50.0,59.48206406023745,53 16 20 41 10 57 2 42
ilids,8,kiss_k,16,0.1,0,48.33333194255829,59.325615943840184,42 52 8 46 5 23 1 39 30 4 41 43 21 58 7 9
ilids,8,kiss_k,16,1.0,0,48.33333194255829,58.92759418851651,42 52 8 46 5 23 1 39 30 4 41 43 21 58 7 9
ilids,8,kiss_k,16,0.1,1,48.33333194255829,59.299483422946665,24 45 23 58 3 19 30 37 50 52 13 48 31 25 15 20
ilids,8,kiss_k,16,1.0,1,48.33333194255829,59.67761166173133,24 45 23 58 3 19 30 37 50 52 13 48 31 25 15 20
ilids,8,kiss_k,16,0.1,2,53.33333611488342,63.29939689939691,6 11 46 34 21 2 9 25 29 53 36 4 12 39 35 8
ilids,8,kiss_k,16,1.0,2,53.33333611488342,63.100868737101464,6 11 46 34 21 2 9 25 29 53 36 4 12 39 35 8
ilids,8,kiss_k,16,0.1,3,48.33333194255829,60.05191032109723,56 26 28 1 41 9 0 20 44 11 3 34 17 43 23 55
ilids,8,kiss_k,16,1.0,3,50.0,61.3232263978641,56 26 28 1 41 9 0 20 44 11 3 34 17 43 23 55
ilids,8,kiss_k,16,0.1,4,44.999998807907104,57.251553343258145,15 17 57 29 30 45 27 42 33 35 49 38 23 13 50 6
ilids,8,kiss_k,16,1.0,4,48.33333194255829,59.10341609189648,15 17 57 29 30 45 27 42 33 35 49 38 23 13 50 6
ilids,8,kiss_k,16,0.1,5,48.33333194255829,59.43603840130856,48 46 16 23 26 52 32 18 37 42 41 14 54 34 56 8
ilids,8,kiss_k,16,1.0,5,50.0,60.572144595170904,48 46 16 23 26 52 32 18 37 42 41 14 54 34 56 8
ilids,8,kiss_k,16,0.1,6,46.666666865348816,58.674198394394175,41 11 28 14 36 23 55 24 47 6 56 29 13 34 33 30
ilids,8,kiss_k,16,1.0,6,50.0,60.184996663297916,41 11 28 14 36 23 55 24 47 6 56 29 13 34 33 30
ilids,8,kiss_k,16,0.1,7,46.666666865348816,57.65869240209566,33 44 39 47 28 49 9 37 58 53 51 43 57 26 36 56
ilids,8,kiss_k,16,1.0,7,50.0,59.5309196180164,33 44 39 47 28 49 9 37 58 53 51 43 57 26 36 56
ilids,8,kiss_k,16,0.1,8,51.66666507720947,60.35645962168952,3 27 17 54 50 0 39 43 48 20 18 14 24 33 1 32
ilids,8,kiss_k,16,1.0,8,51.66666507720947,60.586183016330075,3 27 17 54 50 0 39 43 48 20 18 14 24 33 1 32
ilids,8,kiss_k,16,0.1,9,50.0,59.50567659231698,42 13 44 50 51 48 30 16 31 5 35 46 24 26 38 23
ilids,8,kiss_k,16,1.0,9,50.0,60.05602862129231,42 13 44 50 51 48 30 16 31 5 35 46 24 26 38 23
ilids,8,kiss_k,16,0.1,10,51.66666507720947,61.04394102923515,24 23 42 14 5 22 46 20 50 7 57 21 26 28 0 27
ilids,8,kiss_k,16,1.0,10,51.66666507720947,60.79692444495076,24 23 42 14 5 22 46 20 50 7 57 21 26 28 0 27
ilids,8,kiss_k,16,0.1,11,50.0,60.00122357493948,8 52 54 14 48 55 5 56 29 22 9 0 12 35 13 41
ilids,8,kiss_k,16,1.0,11,46.666666865348816,58.270075712983314,8 52 54 14 48 55 5 56 29 22 9 0 12 35 13 41
ilids,8,kiss_k,16,0.1,12,48.33333194255829,59.00016783877611,53 19 39 17 44 49 5 31 52 14 22 57 36 16 50 20
ilids,8,kiss_k,16,1.0,12,48.33333194255829,59.300940588136875,53 19 39 17 44 49 5 31 52 14 22 57 36 16 50 20
ilids,8,kiss_k,16,0.1,13,48.33333194255829,58.96011100373845,6 24 39 1 2 12 54 31 3 11 5 20 32 45 33 48
ilids,8,kiss_k,16,1.0,13,48.33333194255829,58.769352355677896,6 24 39 1 2 12 54 31 3 11 5 20 32 45 33 48
ilids,8,kiss_k,16,0.1,14,50.0,59.83070343150268,7 14 18 30 48 40 3 5 34 52 38 1 46 21 16 20
ilids,8,kiss_k,16,1.0,14,48.33333194255829,59.29392096532934,7 14 18 30 48 40 3 5 34 52 38 1 46 21 16 20
ilids,8,kiss_k,16,0.1,15,50.0,59.71849010619117,54 0 7 48 52 57 35 46 5 24 41 20 27 25 9 58
ilids,8,kiss_k,16,1.0,15,50.0,59.578682019930426,54 0 7 48 52 57 35 46 5 24 41 20 27 25 9 58
ilids,8,kiss_k,16,0.1,16,48.33333194255829,59.855716043216034,17 1 56 8 16 54 40 33 14 24 6 0 11 19 5 36
ilids,8,kiss_k,16,1.0,16,50.0,60.40096063375048,17 1 56 8 16 54 40 33 14 24 6 0 11 19 5 36
ilids,8,kiss_k,16,0.1,17,44.999998807907104,57.092587498543935,40 47 54 17 14 15 20 53 6 41 7 36 45 21 46 42
ilids,8,kiss_k,16,1.0,17,48.33333194255829,58.98641164572537,40 47 54 17 14 15 20 53 6 41 7 36 45 21 46 42
ilids,8,kiss_k,16,0.1,18,43.33333373069763,56.13618022070346,46 13 54 31 20 30 5 21 34 22 53 29 10 52 14 33
ilids,8,kiss_k,16,1.0,18,43.33333373069763,56.31497908651731,46 13 54 31 20 30 5 21 34 22 53 29 10 52 14 33
ilids,8,kiss_k,16,0.1,19,43.33333373069763,55.45278418745089,4 40 15 10 31 25 34 27 51 20 5 38 13 50 21 14
ilids,8,kiss_k,16,1.0,19,46.666666865348816,57.76371468038135,4 40 15 10 31 25 34 27 51 20 5 38 13 50 21 14
ilids,8,kiss_k,16,0.1,20,48.33333194255829,58.860694047557736,51 43 17 40 30 27 36 37 10 12 34 33 18 53 24 3
ilids,8,kiss_k,16,1.0,20,46.666666865348816,58.267954798593294,51 43 17 40 30 27 36 37 10 12 34 33 18 53 24 3
ilids,8,kiss_k,16,0.1,21,44.999998807907104,57.834422554140055,55 24 40 30 11 29 3 22 2 41 50 12 4 43 25 16
ilids,8,kiss_k,16,1.0,21,43.33333373069763,57.03198320928584,55 24 40 30 11 29 3 22 2 41 50 12 4 43 25 16
ilids,8,kiss_k,16,0.1,22,44.999998807907104,56.608851284247294,37 24 49 32 39 27 11 0 52 17 6 30 33 29 55 10
ilids,8,kiss_k,16,1.0,22,46.666666865348816,57.77693449950443,37 24 49 32 39 27 11 0 52 17 6 30 33 29 55 10
ilids,8,kiss_k,16,0.1,23,43.33333373069763,55.56607792542979,58 12 0 41 25 53 40 34 38 45 10 1 11 51 29 52
ilids,8,kiss_k,16,1.0,23,44.999998807907104,57.13374287943319,58 12 0 41 25 53 40 34 38 45 10 1 11 51 29 52
ilids,8,kiss_k,16,0.1,24,48.33333194255829,58.598144738818114,38 16 31 4 47 39 49 55 6 43 34 41 56 17 7 18
ilids,8,kiss_k,16,1.0,24,48.33333194255829,58.793870975767526,38 16 31 4 47 39 49 55 6 43 34 41 56 17 7 18
ilids,8,kiss_k,16,0.1,25,50.0,60.84000636354479,52 32 51 49 27 31 42 0 55 7 21 29 26 50 36 39
ilids,8,kiss_k,16,1.0,25,48.33333194255829,59.83837230016692,52 32 51 49 27 31 42 0 55 7 21 29 26 50 36 39
ilids,8,kiss_k,16,0.1,26,50.0,61.1754228694499,33 11 30 51 43 34 8 49 20 28 3 36 12 14 0 25
ilids,8,kiss_k,16,1.0,26,51.66666507720947,62.89393636596938,33 11 30 51 43 34 8 49 20 28 3 36 12 14 0 25
ilids,8,kiss_k,16,0.1,27,46.666666865348816,57.3605082041867,6 42 21 50 45 56 17 15 37 46 7 28 9 39 23 3
ilids,8,kiss_k,16,1.0,27,46.666666865348816,57.35908584343772,6 42 21 50 45 56 17 15 37 46 7 28 9 39 23 3
ilids,8,kiss_k,16,0.1,28,46.666666865348816,58.434737239884306,53 37 8 1 55 5 56 26 13 46 32 29 23 33 48 38
ilids,8,kiss_k,16,1.0,28,48.33333194255829,59.054938433339565,53 37 8 1 55 5 56 26 13 46 32 29 23 33 48 38
ilids,8,kiss_k,16,0.1,29,44.999998807907104,57.35880614531285,0 40 15 42 36 35 52 43 18 48 1 45 46 37 3 38
ilids,8,kiss_k,16,1.0,29,48.33333194255829,59.34284021041575,0 40 15 42 36 35 52 43 18 48 1 45 46 37 3 38
ilids,8,kiss_k,32,0.1,0,51.66666507720947,61.973916702206175,12 37 26 27 6 33 49 4 58 1 22 23 3 36 47 30 10 54 31 20 41 0 14 46 11 45 24 43 2 55 15 42
ilids,8,kiss_k,32,1.0,0,48.33333194255829,60.37775705870334,12 37 26 27 6 33 49 4 58 1 22 23 3 36 47 30 10 54 31 20 41 0 14 46 11 45 24 43 2 55 15 42
ilids,8,kiss_k,32,0.1,1,46.666666865348816,59.13049303842315,29 37 51 19 45 24 39 10 2 55 36 15 22 27 3 1 16 25 53 49 57 12 31 17 54 38 41 43 50 0 7 6
ilids,8,kiss_k,32,1.0,1,50.0,61.02226820501716,29 37 51 19 45 24 39 10 2 55 36 15 22 27 3 1 16 25 53 49 57 12 31 17 54 38 41 43 50 0 7 6
ilids,8,kiss_k,32,0.1,2,46.666666865348816,58.379253848003856,46 8 15 0 45 31 24 30 5 32 34 53 35 42 40 36 27 18 3 23 57 17 51 39 49 50 4 43 2 29 13 52
ilids,8,kiss_k,32,1.0,2,46.666666865348816,58.00621801086198,46 8 15 0 45 31 24 30 5 32 34 53 35 42 40 36 27 18 3 23 57 17 51 39 49 50 4 43 2 29 13 52
ilids,8,kiss_k,32,0.1,3,50.0,61.19223972764994,51 41 21 39 8 36 37 0 6 42 50 20 44 47 12 10 17 22 1 23 13 55 40 32 16 34 58 30 14 48 7 43
ilids,8,kiss_k,32,1.0,3,53.33333611488342,62.99250778935968,51 41 21 39 8 36 37 0 6 42 50 20 44 47 12 10 17 22 1 23 13 55 40 32 16 34 58 30 14 48 7 43
ilids,8,kiss_k,32,0.1,4,48.33333194255829,59.69222110343056,23 39 41 15 5 20 51 36 22 53 49 13 25 55 11 1 48 3 2 9 57 46 30 12 45 26 54 29 35 19 50 28
ilids,8,kiss_k,32,1.0,4,50.0,59.580513359667144,23 39 41 15 5 20 51 36 22 53 49 13 25 55 11 1 48 3 2 9 57 46 30 12 45 26 54 29 35 19 50 28
ilids,8,kiss_k,32,0.1,5,48.33333194255829,58.46754072953764,7 1 22 25 10 2 57 30 5 16 44 21 55 33 23 4 38 40 51 32 15 14 8 20 12 41 58 26 34 17 49 56
ilids,8,kiss_k,32,1.0,5,48.33333194255829,58.652109901335905,7 1 22 25 10 2 57 30 5 16 44 21 55 33 23 4 38 40 51 32 15 14 8 20 12 41 58 26 34 17 49 56
ilids,8,kiss_k,32,0.1,6,48.33333194255829,59.55058242864616,12 57 55 52 49 34 41 51 54 40 25 38 16 46 18 35 26 4 33 58 7 44 37 30 6 10 1 2 11 29 48 13
ilids,8,kiss_k,32,1.0,6,48.33333194255829,59.50237793252501,12 57 55 52 49 34 41 51 54 40 25 38 16 46 18 35 26 4 33 58 7 44 37 30 6 10 1 2 11 29 48 13
ilids,8,kiss_k,32,0.1,7,55.000001192092896,63.784871543023726,13 58 48 25 12 57 41 6 56 1 24 5 27 4 22 50 2 45 33 43 47 42 3 15 40 34 20 19 36 11 30 39
ilids,8,kiss_k,32,1.0,7,55.000001192092896,63.61401810836795,13 58 48 25 12 57 41 6 56 1 24 5 27 4 22 50 2 45 33 43 47 42 3 15 40 34 20 19 36 11 30 39
ilids,8,kiss_k,32,0.1,8,48.33333194255829,58.130763827073594,33 21 41 3 40 38 56 50 42 24 30 0 11 55 12 45 53 15 17 43 44 54 48 35 37 1 29 5 16 2 4 47
ilids,8,kiss_k,32,1.0,8,50.0,59.64991970676955,33 21 41 3 40 38 56 50 42 24 30 0 11 55 12 45 53 15 17 43 44 54 48 35 37 1 29 5 16 2 4 47
ilids,8,kiss_k,32,0.1,9,48.33333194255829,58.82005485436858,41 25 40 8 28 22 49 46 57 12 4 16 26 55 53 56 13 39 52 38 54 51 10 37 42 47 23 2 24 21 1 33
ilids,8,kiss_k,32,1.0,9,48.33333194255829,59.43082556513929,41 25 40 8 28 22 49 46 57 12 4 16 26 55 53 56 13 39 52 38 54 51 10 37 42 47 23 2 24 21 1 33
ilids,8,kiss_k,32,0.1,10,48.33333194255829,59.636440230380394,12 49 1 16 3 24 52 26 14 19 33 44 40 13 47 48 8 25 5 57 37 20 36 55 50 35 23 27 4 45 53 29
ilids,8,kiss_k,32,1.0,10,48.33333194255829,59.35510665804784,12 49 1 16 3 24 52 26 14 19 33 44 40 13 47 48 8 25 5 57 37 20 36 55 50 35 23 27 4 45 53 29
ilids,8,kiss_k,32,0.1,11,50.0,60.99145861448493,6 2 25 54 55 13 31 34 16 47 37 39 48 42 53 36 7 15 19 41 5 17 35 28 21 33 52 3 24 8 51 29
ilids,8,kiss_k,32,1.0,11,50.0,61.05862261376968,6 2 25 54 55 13 31 34 16 47 37 39 48 42 53 36 7 15 19 41 5 17 35 28 21 33 52 3 24 8 51 29
ilids,8,kiss_k,32,0.1,12,50.0,60.69442570328737,6 5 38 47 26 1 14 22 49 40 32 24 11 28 57 34 51 43 0 55 25 30 45 7 16 15 31 13 10 8 27 2
ilids,8,kiss_k,32,1.0,12,48.33333194255829,59.36907096171801,6 5 38 47 26 1 14 22 49 40 32 24 11 28 57 34 51 43 0 55 25 30 45 7 16 15 31 13 10 8 27 2
ilids,8,kiss_k,32,0.1,13,48.33333194255829,58.904965670954525,52 2 24 23 51 29 11 47 34 15 37 39 13 22 42 28 27 48 21 46 43 36 25 50 14 32 35 5 0 4 56 31
ilids,8,kiss_k,32,1.0,13,50.0,60.093079726744016,52 2 24 23 51 29 11 47 34 15 37 39 13 22 42 28 27 48 21 46 43 36 25 50 14 32 35 5 0 4 56 31
ilids,8,kiss_k,32,0.1,14,51.66666507720947,63.017179070061644,49 52 46 33 0 2 53 19 28 17 15 11 20 1 36 43 13 18 48 4 25 6 56 44 39 34 23 29 7 8 9 38
ilids,8,kiss_k,32,1.0,14,51.66666507720947,62.67840014517645,49 52 46 33 0 2 53 19 28 17 15 11 20 1 36 43 13 18 48 4 25 6 56 44 39 34 23 29 7 8 9 38
ilids,8,kiss_k,32,0.1,15,44.999998807907104,58.03159641107211,14 56 19 8 32 1 42 44 40 38 27 57 20 29 54 16 46 7 48 26 9 31 34 45 10 49 22 35 41 18 36 37
ilids,8,kiss_k,32,1.0,15,44.999998807907104,57.83076512768851,14 56 19 8 32 1 42 44 40 38 27 57 20 29 54 16 46 7 48 26 9 31 34 45 10 49 22 35 41 18 36 37
ilids,8,kiss_k,32,0.1,16,46.666666865348816,56.83425623707309,38 24 48 8 22 7 47 29 50 26 53 11 18 46 43 1 31 40 3 56 25 33 28 35 27 16 41 44 55 6 19 45
ilids,8,kiss_k,32,1.0,16,46.666666865348816,57.51719368416938,38 24 48 8 22 7 47 29 50 26 53 11 18 46 43 1 31 40 3 56 25 33 28 35 27 16 41 44 55 6 19 45
ilids,8,kiss_k,32,0.1,17,46.666666865348816,57.65466885697149,34 11 22 36 17 9 53 1 10 24 56 50 55 32 13 14 3 23 7 57 47 44 6 38 37 12 54 27 28 18 25 16
ilids,8,kiss_k,32,1.0,17,46.666666865348816,57.8731930837194,34 11 22 36 17 9 53 1 10 24 56 50 55 32 13 14 3 23 7 57 47 44 6 38 37 12 54 27 28 18 25 16
ilids,8,kiss_k,32,0.1,18,48.33333194255829,58.374181402529366,34 24 40 50 21 14 38 8 57 56 28 9 33 31 54 42 19 6 44 26 17 5 49 52 32 39 29 13 45 18 51 25
ilids,8,kiss_k,32,1.0,18,50.0,59.85066249272305,34 24 40 50 21 14 38 8 57 56 28 9 33 31 54 42 19 6 44 26 17 5 49 52 32 39 29 13 45 18 51 25
ilids,8,kiss_k,32,0.1,19,50.0,61.75603134956818,23 9 58 38 18 33 55 3 16 2 17 51 8 42 29 34 6 1 26 31 46 54 24 5 21 11 37 43 19 12 7 35
ilids,8,kiss_k,32,1.0,19,51.66666507720947,61.982723903776524,23 9 58 38 18 33 55 3 16 2 17 51 8 42 29 34 6 1 26 31 46 54 24 5 21 11 37 43 19 12 7 35
ilids,8,kiss_k,32,0.1,20,51.66666507720947,62.35482870319786,12 40 26 38 1 48 4 23 47 13 6 2 0 51 45 42 37 9 29 44 24 30 7 22 27 17 34 5 33 10 57 31
ilids,8,kiss_k,32,1.0,20,51.66666507720947,62.4405900144128,12 40 26 38 1 48 4 23 47 13 6 2 0 51 45 42 37 9 29 44 24 30 7 22 27 17 34 5 33 10 57 31
ilids,8,kiss_k,32,0.1,21,51.66666507720947,63.990694291340844,31 45 34 28 58 20 11 21 53 37 9 18 56 8 3 10 13 38 52 19 55 39 23 29 36 14 22 26 2 35 48 16
ilids,8,kiss_k,32,1.0,21,51.66666507720947,63.3257059298726,31 45 34 28 58 20 11 21 53 37 9 18 56 8 3 10 13 38 52 19 55 39 23 29 36 14 22 26 2 35 48 16
ilids,8,kiss_k,32,0.1,22,44.999998807907104,57.99118160685498,3 15 29 2 21 43 36 18 54 39 6 35 12 10 55 48 31 20 19 17 56 50 1 7 32 41 40 8 51 28 52 26
ilids,8,kiss_k,32,1.0,22,44.999998807907104,56.93018492386064,3 15 29 2 21 43 36 18 54 39 6 35 12 10 55 48 31 20 19 17 56 50 1 7 32 41 40 8 51 28 52 26
ilids,8,kiss_k,32,0.1,23,50.0,59.98937947606077,3 0 5 50 26 43 17 51 21 48 30 45 56 39 28 38 41 34 6 2 24 35 32 7 27 20 54 42 10 47 29 44
ilids,8,kiss_k,32,1.0,23,48.33333194255829,59.311617207269386,3 0 5 50 26 43 17 51 21 48 30 45 56 39 28 38 41 34 6 2 24 35 32 7 27 20 54 42 10 47 29 44
ilids,8,kiss_k,32,0.1,24,48.33333194255829,59.27383508198727,22 51 50 14 23 24 20 2 12 42 31 7 49 10 28 0 55 36 41 19 13 38 5 32 45 35 9 54 37 30 21 18
ilids,8,kiss_k,32,1.0,24,50.0,60.55671804641103,22 51 50 14 23 24 20 2 12 42 31 7 49 10 28 0 55 36 41 19 13 38 5 32 45 35 9 54 37 30 21 18
ilids,8,kiss_k,32,0.1,25,48.33333194255829,59.84237407766819,48 37 47 34 52 29 6 16 35 17 21 33 22 15 25 13 14 49 44 51 0 54 36 1 7 27 11 32 19 50 20 5
ilids,8,kiss_k,32,1.0,25,48.33333194255829,59.679445382618766,48 37 47 34 52 29 6 16 35 17 21 33 22 15 25 13 14 49 44 51 0 54 36 1 7 27 11 32 19 50 20 5
ilids,8,kiss_k,32,0.1,26,44.999998807907104,57.11259480368255,37 49 13 46 44 6 53 52 3 2 42 48 19 47 50 54 26 15 40 51 33 30 55 12 41 29 8 56 31 34 17 39
ilids,8,kiss_k,32,1.0,26,46.666666865348816,58.35135987457636,37 49 13 46 44 6 53 52 3 2 42 48 19 47 50 54 26 15 40 51 33 30 55 12 41 29 8 56 31 34 17 39
ilids,8,kiss_k,32,0.1,27,48.33333194255829,59.52808867410283,16 18 55 32 13 43 35 46 4 42 9 54 45 57 8 33 37 19 20 50 36 11 6 0 58 29 41 5 10 49 21 14
ilids,8,kiss_k,32,1.0,27,46.666666865348816,59.03135223389818,16 18 55 32 13 43 35 46 4 42 9 54 45 57 8 33 37 19 20 50 36 11 6 0 58 29 41 5 10 49 21 14
ilids,8,kiss_k,32,0.1,28,44.999998807907104,58.64292601864809,18 40 6 56 31 43 54 49 28 12 10 36 45 19 13 32 51 50 0 22 58 33 1 53 46 25 3 2 48 17 21 38
ilids,8,kiss_k,32,1.0,28,50.0,60.191989500585244,18 40 6 56 31 43 54 49 28 12 10 36 45 19 13 32 51 50 0 22 58 33 1 53 46 25 3 2 48 17 21 38
ilids,8,kiss_k,32,0.1,29,51.66666507720947,61.91413673953274,1 48 35 5 2 11 27 42 0 46 55 6 41 23 29 50 18 21 4 53 14 31 45 22 57 30 34 17 24 15 9 58
ilids,8,kiss_k,32,1.0,29,46.666666865348816,59.47095333860039,1 48 35 5 2 11 27 42 0 46 55 6 41 23 29 50 18 21 4 53 14 31 45 22 57 30 34 17 24 15 9 58
ilids,9,raw,0,-1,-1,64.99999761581421,73.48217244356951,
ilids,9,center,0,-1,-1,64.99999761581421,73.48217244356951,
ilids,9,unlab,0,0.1,-1,61.666667461395264,71.52696759761977,
ilids,9,kiss_all,59,0.1,-1,50.0,61.56146631146632,
ilids,9,unlab,0,1.0,-1,63.333332538604736,71.39101439690208,
ilids,9,kiss_all,59,1.0,-1,60.00000238418579,69.84033941099158,
ilids,9,kiss_k,2,0.1,0,64.99999761581421,72.69373758708436,58 49
ilids,9,kiss_k,2,1.0,0,63.333332538604736,71.22738095238094,58 49
ilids,9,kiss_k,2,0.1,1,61.666667461395264,72.04001322751323,12 9
ilids,9,kiss_k,2,1.0,1,58.33333134651184,69.79437537627192,12 9
ilids,9,kiss_k,2,0.1,2,60.00000238418579,70.86868061132766,39 10
ilids,9,kiss_k,2,1.0,2,58.33333134651184,69.9988845965077,39 10
ilids,9,kiss_k,2,0.1,3,61.666667461395264,71.9175553141879,56 9
ilids,9,kiss_k,2,1.0,3,63.333332538604736,71.72564094607107,56 9
ilids,9,kiss_k,2,0.1,4,63.333332538604736,72.83725071225071,29 42
ilids,9,kiss_k,2,1.0,4,61.666667461395264,71.80285917785919,29 42
ilids,9,kiss_k,2,0.1,5,63.333332538604736,73.13812880640407,9 8
ilids,9,kiss_k,2,1.0,5,63.333332538604736,72.38677248677249,9 8
ilids,9,kiss_k,2,0.1,6,63.333332538604736,72.2791440406572,26 30
ilids,9,kiss_k,2,1.0,6,64.99999761581421,72.99290207842841,26 30
ilids,9,kiss_k,2,0.1,7,63.333332538604736,71.05523088797983,14 21
ilids,9,kiss_k,2,1.0,7,60.00000238418579,69.51336544718897,14 21
ilids,9,kiss_k,2,0.1,8,64.99999761581421,72.36196449906129,48 4
ilids,9,kiss_k,2,1.0,8,61.666667461395264,71.00102212602212,48 4
ilids,9,kiss_k,2,0.1,9,61.666667461395264,70.97447617039647,35 0
ilids,9,kiss_k,2,1.0,9,60.00000238418579,69.4312885852741,35 0
ilids,9,kiss_k,2,0.1,10,61.666667461395264,71.3275890775891,26 34
ilids,9,kiss_k,2,1.0,10,61.666667461395264,70.4811348474392,26 34
ilids,9,kiss_k,2,0.1,11,63.333332538604736,71.64854242979243,13 43
ilids,9,kiss_k,2,1.0,11,63.333332538604736,71.35221078410734,13 43
ilids,9,kiss_k,2,0.1,12,63.333332538604736,72.9476911976912,42 26
ilids,9,kiss_k,2,1.0,12,64.99999761581421,73.15361255759807,42 26
ilids,9,kiss_k,2,0.1,13,61.666667461395264,71.31203518703518,48 53
ilids,9,kiss_k,2,1.0,13,61.666667461395264,70.42615748305404,48 53
ilids,9,kiss_k,2,0.1,14,63.333332538604736,72.00122100122101,40 57
ilids,9,kiss_k,2,1.0,14,63.333332538604736,71.60178475577027,40 57
ilids,9,kiss_k,2,0.1,15,63.333332538604736,72.31876526251527,42 58
ilids,9,kiss_k,2,1.0,15,61.666667461395264,71.48757499967179,42 58
ilids,9,kiss_k,2,0.1,16,61.666667461395264,70.98184223184222,9 6
ilids,9,kiss_k,2,1.0,16,63.333332538604736,71.45503716784619,9 6
ilids,9,kiss_k,2,0.1,17,61.666667461395264,70.94349253892265,45 7
ilids,9,kiss_k,2,1.0,17,61.666667461395264,70.90587344754013,45 7
ilids,9,kiss_k,2,0.1,18,64.99999761581421,74.1472639560875,24 58
ilids,9,kiss_k,2,1.0,18,64.99999761581421,73.70975934291152,24 58
ilids,9,kiss_k,2,0.1,19,61.666667461395264,70.90908562893135,8 30
ilids,9,kiss_k,2,1.0,19,63.333332538604736,71.98144606419503,8 30
ilids,9,kiss_k,2,0.1,20,64.99999761581421,73.82834052609074,23 22
ilids,9,kiss_k,2,1.0,20,64.99999761581421,73.07356847125452,23 22
ilids,9,kiss_k,2,0.1,21,63.333332538604736,72.25324144066992,14 46
ilids,9,kiss_k,2,1.0,21,60.00000238418579,70.47337480527138,14 46
ilids,9,kiss_k,2,0.1,22,61.666667461395264,70.61611917494271,4 12
ilids,9,kiss_k,2,1.0,22,60.00000238418579,69.86793334483554,4 12
ilids,9,kiss_k,2,0.1,23,63.333332538604736,71.08762375589903,41 39
ilids,9,kiss_k,2,1.0,23,63.333332538604736,70.94317865370498,41 39
ilids,9,kiss_k,2,0.1,24,63.333332538604736,72.38948308907986,54 51
ilids,9,kiss_k,2,1.0,24,61.666667461395264,71.46515074269946,54 51
ilids,9,kiss_k,2,0.1,25,63.333332538604736,72.77502062502063,33 23
ilids,9,kiss_k,2,1.0,25,64.99999761581421,73.23015098830315,33 23
ilids,9,kiss_k,2,0.1,26,61.666667461395264,70.62717297479605,4 47
ilids,9,kiss_k,2,1.0,26,63.333332538604736,71.58731005993315,4 47
ilids,9,kiss_k,2,0.1,27,61.666667461395264,71.54231657575312,2 42
ilids,9,kiss_k,2,1.0,27,60.00000238418579,70.33547544073859,2 42
ilids,9,kiss_k,2,0.1,28,63.333332538604736,71.8072449230986,27 23
ilids,9,kiss_k,2,1.0,28,61.666667461395264,70.76132244782829,27 23
ilids,9,kiss_k,2,0.1,29,64.99999761581421,73.55227943175512,49 19
ilids,9,kiss_k,2,1.0,29,63.333332538604736,72.07691316505972,49 19
ilids,9,kiss_k,4,0.1,0,61.666667461395264,70.743138651472,57 34 19 45
ilids,9,kiss_k,4,1.0,0,60.00000238418579,69.85466693800028,57 34 19 45
ilids,9,kiss_k,4,0.1,1,61.666667461395264,71.90654561487897,21 44 45 1
ilids,9,kiss_k,4,1.0,1,61.666667461395264,71.51349572749469,21 44 45 1
ilids,9,kiss_k,4,0.1,2,64.99999761581421,73.1278409090909,21 52 6 45
ilids,9,kiss_k,4,1.0,2,63.333332538604736,71.8704304954305,21 52 6 45
ilids,9,kiss_k,4,0.1,3,60.00000238418579,69.7864768129474,58 14 4 11
ilids,9,kiss_k,4,1.0,3,61.666667461395264,70.1084804815068,58 14 4 11
ilids,9,kiss_k,4,0.1,4,63.333332538604736,72.44326521745876,49 16 56 22
ilids,9,kiss_k,4,1.0,4,61.666667461395264,72.03158068783068,49 16 56 22
ilids,9,kiss_k,4,0.1,5,63.333332538604736,72.81369198434416,25 13 1 24
ilids,9,kiss_k,4,1.0,5,63.333332538604736,72.21353197925207,25 13 1 24
ilids,9,kiss_k,4,0.1,6,64.99999761581421,73.16560592185594,52 9 20 40
ilids,9,kiss_k,4,1.0,6,69.9999988079071,75.42265095609395,52 9 20 40
ilids,9,kiss_k,4,0.1,7,61.666667461395264,72.71354789479145,11 3 49 42
ilids,9,kiss_k,4,1.0,7,60.00000238418579,71.5242534431131,11 3 49 42
ilids,9,kiss_k,4,0.1,8,63.333332538604736,72.98072774644784,24 14 2 17
ilids,9,kiss_k,4,1.0,8,61.666667461395264,71.63376996566652,24 14 2 17
ilids,9,kiss_k,4,0.1,9,60.00000238418579,70.13837851785422,8 28 45 39
ilids,9,kiss_k,4,1.0,9,60.00000238418579,70.23009031198687,8 28 45 39
ilids,9,kiss_k,4,0.1,10,61.666667461395264,71.7365544479267,46 4 16 25
ilids,9,kiss_k,4,1.0,10,63.333332538604736,71.92943298823171,46 4 16 25
ilids,9,kiss_k,4,0.1,11,61.666667461395264,71.01771676036381,35 27 13 4
ilids,9,kiss_k,4,1.0,11,61.666667461395264,70.65324490324491,35 27 13 4
ilids,9,kiss_k,4,0.1,12,63.333332538604736,73.29533728798435,2 29 30 8
ilids,9,kiss_k,4,1.0,12,66.66666865348816,74.1662230181252,2 29 30 8
ilids,9,kiss_k,4,0.1,13,61.666667461395264,71.42565883190883,20 11 50 12
ilids,9,kiss_k,4,1.0,13,61.666667461395264,71.26138213638214,20 11 50 12
ilids,9,kiss_k,4,0.1,14,66.66666865348816,74.1748436748437,23 36 57 24
ilids,9,kiss_k,4,1.0,14,63.333332538604736,72.13001561816219,23 36 57 24
ilids,9,kiss_k,4,0.1,15,61.666667461395264,70.91703042328044,51 50 21 34
ilids,9,kiss_k,4,1.0,15,61.666667461395264,70.59081694271913,51 50 21 34
ilids,9,kiss_k,4,0.1,16,61.666667461395264,71.09755572880573,53 12 43 11
ilids,9,kiss_k,4,1.0,16,63.333332538604736,71.57136862588828,53 12 43 11
ilids,9,kiss_k,4,0.1,17,63.333332538604736,71.8802974802975,29 33 28 20
ilids,9,kiss_k,4,1.0,17,63.333332538604736,71.88044825544826,29 33 28 20
ilids,9,kiss_k,4,0.1,18,61.666667461395264,71.56902472527472,29 40 13 57
ilids,9,kiss_k,4,1.0,18,63.333332538604736,72.36524593984271,29 40 13 57
ilids,9,kiss_k,4,0.1,19,60.00000238418579,69.88306010205343,28 5 6 35
ilids,9,kiss_k,4,1.0,19,61.666667461395264,70.33195746905425,28 5 6 35
ilids,9,kiss_k,4,0.1,20,63.333332538604736,72.01402822236156,23 56 44 33
ilids,9,kiss_k,4,1.0,20,63.333332538604736,71.85116653499007,23 56 44 33
ilids,9,kiss_k,4,0.1,21,61.666667461395264,70.94307968017645,6 9 16 41
ilids,9,kiss_k,4,1.0,21,61.666667461395264,70.48857423440757,6 9 16 41
ilids,9,kiss_k,4,0.1,22,64.99999761581421,73.35319371268983,6 30 32 53
ilids,9,kiss_k,4,1.0,22,64.99999761581421,73.02393968011816,6 30 32 53
ilids,9,kiss_k,4,0.1,23,64.99999761581421,72.85841395603705,55 39 21 51
ilids,9,kiss_k,4,1.0,23,61.666667461395264,70.64567472757129,55 39 21 51
ilids,9,kiss_k,4,0.1,24,63.333332538604736,70.94240019240019,24 11 21 35
ilids,9,kiss_k,4,1.0,24,63.333332538604736,70.91559944684944,24 11 21 35
ilids,9,kiss_k,4,0.1,25,64.99999761581421,73.4518463018463,10 36 9 48
ilids,9,kiss_k,4,1.0,25,64.99999761581421,73.14938157003375,10 36 9 48
ilids,9,kiss_k,4,0.1,26,60.00000238418579,70.64186456746441,12 27 41 36
ilids,9,kiss_k,4,1.0,26,58.33333134651184,68.97596161305839,12 27 41 36
ilids,9,kiss_k,4,0.1,27,60.00000238418579,71.57615485005189,50 56 0 13
ilids,9,kiss_k,4,1.0,27,61.666667461395264,72.13783506849423,50 56 0 13
ilids,9,kiss_k,4,0.1,28,61.666667461395264,71.79017374707031,56 30 42 8
ilids,9,kiss_k,4,1.0,28,61.666667461395264,71.67956349206351,56 30 42 8
ilids,9,kiss_k,4,0.1,29,63.333332538604736,72.83997240327163,42 8 22 38
ilids,9,kiss_k,4,1.0,29,61.666667461395264,71.92590588423921,42 8 22 38
ilids,9,kiss_k,8,0.1,0,64.99999761581421,73.90820993031359,41 10 28 16 50 21 48 26
ilids,9,kiss_k,8,1.0,0,64.99999761581421,72.9905403579003,41 10 28 16 50 21 48 26
ilids,9,kiss_k,8,0.1,1,58.33333134651184,70.95417324659611,44 13 49 35 9 54 36 15
ilids,9,kiss_k,8,1.0,1,60.00000238418579,71.27985831860471,44 13 49 35 9 54 36 15
ilids,9,kiss_k,8,0.1,2,63.333332538604736,71.67677751011084,26 29 40 3 48 57 20 35
ilids,9,kiss_k,8,1.0,2,63.333332538604736,71.55100744684079,26 29 40 3 48 57 20 35
ilids,9,kiss_k,8,0.1,3,63.333332538604736,72.29701215870126,34 17 43 41 42 20 55 9
ilids,9,kiss_k,8,1.0,3,60.00000238418579,69.66810650363283,34 17 43 41 42 20 55 9
ilids,9,kiss_k,8,0.1,4,60.00000238418579,68.69288963148612,8 5 7 51 52 41 15 32
ilids,9,kiss_k,8,1.0,4,60.00000238418579,68.73672161172162,8 5 7 51 52 41 15 32
ilids,9,kiss_k,8,0.1,5,64.99999761581421,72.91271960455367,5 22 36 34 27 33 48 19
ilids,9,kiss_k,8,1.0,5,64.99999761581421,72.76282840722496,5 22 36 34 27 33 48 19
ilids,9,kiss_k,8,0.1,6,61.666667461395264,71.7063492063492,34 26 33 23 50 49 38 18
ilids,9,kiss_k,8,1.0,6,60.00000238418579,70.50964921814995,34 26 33 23 50 49 38 18
ilids,9,kiss_k,8,0.1,7,61.666667461395264,70.62505973715652,18 23 46 1 35 28 5 52
ilids,9,kiss_k,8,1.0,7,61.666667461395264,70.55319063652398,18 23 46 1 35 28 5 52
ilids,9,kiss_k,8,0.1,8,60.00000238418579,69.50816871708047,50 40 30 54 31 43 53 3
ilids,9,kiss_k,8,1.0,8,61.666667461395264,70.14592784511484,50 40 30 54 31 43 53 3
ilids,9,kiss_k,8,0.1,9,61.666667461395264,71.24384264152866,48 24 22 54 53 16 46 26
ilids,9,kiss_k,8,1.0,9,61.666667461395264,71.68751860494147,48 24 22 54 53 16 46 26
ilids,9,kiss_k,8,0.1,10,64.99999761581421,75.20398428731762,17 24 43 57 54 42 18 13
ilids,9,kiss_k,8,1.0,10,61.666667461395264,73.24930837430837,17 24 43 57 54 42 18 13
ilids,9,kiss_k,8,0.1,11,58.33333134651184,69.01832896792574,56 22 4 3 38 14 51 21
ilids,9,kiss_k,8,1.0,11,58.33333134651184,69.23013552399519,56 22 4 3 38 14 51 21
ilids,9,kiss_k,8,0.1,12,63.333332538604736,73.05082101134734,26 5 37 50 55 52 49 4
ilids,9,kiss_k,8,1.0,12,61.666667461395264,72.22719948194332,26 5 37 50 55 52 49 4
ilids,9,kiss_k,8,0.1,13,68.33333373069763,75.55947780078216,58 14 50 18 24 9 30 44
ilids,9,kiss_k,8,1.0,13,68.33333373069763,75.31804152637488,58 14 50 18 24 9 30 44
ilids,9,kiss_k,8,0.1,14,64.99999761581421,72.72717548927227,32 21 58 31 7 27 44 15
ilids,9,kiss_k,8,1.0,14,64.99999761581421,72.65739594981882,32 21 58 31 7 27 44 15
ilids,9,kiss_k,8,0.1,15,61.666667461395264,70.76156169538523,11 32 13 31 50 35 51 46
ilids,9,kiss_k,8,1.0,15,61.666667461395264,70.7882722533458,11 32 13 31 50 35 51 46
ilids,9,kiss_k,8,0.1,16,63.333332538604736,73.3037290306312,29 24 45 30 58 19 39 54
ilids,9,kiss_k,8,1.0,16,63.333332538604736,73.38220298220298,29 24 45 30 58 19 39 54
ilids,9,kiss_k,8,0.1,17,61.666667461395264,70.94174699979133,14 57 20 46 31 32 4 13
ilids,9,kiss_k,8,1.0,17,60.00000238418579,69.67819063652398,14 57 20 46 31 32 4 13
ilids,9,kiss_k,8,0.1,18,63.333332538604736,72.47984498458881,4 7 45 18 20 22 25 48
ilids,9,kiss_k,8,1.0,18,61.666667461395264,71.5441118143076,4 7 45 18 20 22 25 48
ilids,9,kiss_k,8,0.1,19,58.33333134651184,69.14343280176615,1 5 15 12 14 43 25 26
ilids,9,kiss_k,8,1.0,19,60.00000238418579,69.50251446084779,1 5 15 12 14 43 25 26
ilids,9,kiss_k,8,0.1,20,60.00000238418579,70.66587663630675,14 22 38 58 35 51 43 29
ilids,9,kiss_k,8,1.0,20,60.00000238418579,70.31244989578323,14 22 38 58 35 51 43 29
ilids,9,kiss_k,8,0.1,21,63.333332538604736,72.55409455857024,22 52 30 12 43 8 46 7
ilids,9,kiss_k,8,1.0,21,64.99999761581421,73.31583994708996,22 52 30 12 43 8 46 7
ilids,9,kiss_k,8,0.1,22,63.333332538604736,72.68296678421319,33 26 15 1 54 4 49 31
ilids,9,kiss_k,8,1.0,22,63.333332538604736,72.02063228635237,33 26 15 1 54 4 49 31
ilids,9,kiss_k,8,0.1,23,61.666667461395264,72.49855795545452,13 44 2 8 41 24 48 20
ilids,9,kiss_k,8,1.0,23,61.666667461395264,72.09447735657413,13 44 2 8 41 24 48 20
ilids,9,kiss_k,8,0.1,24,60.00000238418579,69.74425006792295,47 22 7 30 55 45 26 12
ilids,9,kiss_k,8,1.0,24,60.00000238418579,70.28049033644677,47 22 7 30 55 45 26 12
ilids,9,kiss_k,8,0.1,25,60.00000238418579,71.39840479056167,8 0 11 55 49 37 42 54
ilids,9,kiss_k,8,1.0,25,60.00000238418579,71.34697331740344,8 0 11 55 49 37 42 54
ilids,9,kiss_k,8,0.1,26,64.99999761581421,72.60803217348261,26 48 16 49 56 29 10 19
ilids,9,kiss_k,8,1.0,26,61.666667461395264,71.30813869523548,26 48 16 49 56 29 10 19
ilids,9,kiss_k,8,0.1,27,63.333332538604736,73.04804666119321,29 32 23 28 9 17 43 24
ilids,9,kiss_k,8,1.0,27,63.333332538604736,72.82880062944719,29 32 23 28 9 17 43 24
ilids,9,kiss_k,8,0.1,28,60.00000238418579,70.57563025210084,3 12 34 32 56 19 47 4
ilids,9,kiss_k,8,1.0,28,58.33333134651184,69.01896294364013,3 12 34 32 56 19 47 4
ilids,9,kiss_k,8,0.1,29,68.33333373069763,75.95759340719019,16 24 52 49 39 12 10 55
ilids,9,kiss_k,8,1.0,29,68.33333373069763,75.55674147053459,16 24 52 49 39 12 10 55
ilids,9,kiss_k,16,0.1,0,66.66666865348816,74.81819800569801,29 54 26 57 23 32 37 15 44 36 43 28 48 9 40 24
ilids,9,kiss_k,16,1.0,0,68.33333373069763,75.25910663410664,29 54 26 57 23 32 37 15 44 36 43 28 48 9 40 24
ilids,9,kiss_k,16,0.1,1,61.666667461395264,71.43352322679848,7 0 49 57 6 56 23 46 41 32 55 40 10 27 52 12
ilids,9,kiss_k,16,1.0,1,63.333332538604736,71.76630696195913,7 0 49 57 6 56 23 46 41 32 55 40 10 27 52 12
ilids,9,kiss_k,16,0.1,2,64.99999761581421,73.56097027972027,1 51 33 38 22 4 23 45 0 57 32 43 21 5 44 15
ilids,9,kiss_k,16,1.0,2,63.333332538604736,72.91845580187612,1 51 33 38 22 4 23 45 0 57 32 43 21 5 44 15
ilids,9,kiss_k,16,0.1,3,63.333332538604736,72.67135016399723,35 29 33 20 25 10 49 45 42 30 23 15 39 16 47 6
ilids,9,kiss_k,16,1.0,3,61.666667461395264,72.2012138188609,35 29 33 20 25 10 49 45 42 30 23 15 39 16 47 6
ilids,9,kiss_k,16,0.1,4,61.666667461395264,71.8422956902059,36 57 13 2 6 3 42 23 58 0 19 20 37 28 5 15
ilids,9,kiss_k,16,1.0,4,61.666667461395264,71.34553671318376,36 57 13 2 6 3 42 23 58 0 19 20 37 28 5 15
ilids,9,kiss_k,16,0.1,5,66.66666865348816,74.81638970348648,49 40 36 6 0 43 27 37 23 29 12 15 24 31 55 18
ilids,9,kiss_k,16,1.0,5,64.99999761581421,73.66133854843532,49 40 36 6 0 43 27 37 23 29 12 15 24 31 55 18
ilids,9,kiss_k,16,0.1,6,61.666667461395264,72.90576186265842,38 20 46 7 5 49 3 47 57 29 35 40 30 51 23 21
ilids,9,kiss_k,16,1.0,6,61.666667461395264,72.17450142450144,38 20 46 7 5 49 3 47 57 29 35 40 30 51 23 21
ilids,9,kiss_k,16,0.1,7,63.333332538604736,73.60773581463236,3 8 49 38 57 11 15 1 35 12 36 21 16 28 37 26
ilids,9,kiss_k,16,1.0,7,61.666667461395264,72.20264454413005,3 8 49 38 57 11 15 1 35 12 36 21 16 28 37 26
ilids,9,kiss_k,16,0.1,8,60.00000238418579,71.08240003929659,37 52 49 45 15 2 23 28 58 32 1 41 14 0 57 47
ilids,9,kiss_k,16,1.0,8,61.666667461395264,71.71424408924409,37 52 49 45 15 2 23 28 58 32 1 41 14 0 57 47
ilids,9,kiss_k,16,0.1,9,60.00000238418579,70.48891386391387,50 3 11 14 45 31 58 24 53 15 23 19 52 44 28 57
ilids,9,kiss_k,16,1.0,9,61.666667461395264,71.52250527250528,50 3 11 14 45 31 58 24 53 15 23 19 52 44 28 57
ilids,9,kiss_k,16,0.1,10,64.99999761581421,73.18267135914195,53 17 38 3 2 24 21 34 14 10 58 47 13 1 29 42
ilids,9,kiss_k,16,1.0,10,63.333332538604736,71.84965077432798,53 17 38 3 2 24 21 34 14 10 58 47 13 1 29 42
ilids,9,kiss_k,16,0.1,11,58.33333134651184,70.76189268728871,56 29 3 2 30 41 42 32 25 12 44 10 50 17 31 5
ilids,9,kiss_k,16,1.0,11,58.33333134651184,70.98119010619011,56 29 3 2 30 41 42 32 25 12 44 10 50 17 31 5
ilids,9,kiss_k,16,0.1,12,60.00000238418579,71.3687869982627,34 29 4 39 33 24 30 40 0 38 35 2 47 41 56 14
ilids,9,kiss_k,16,1.0,12,61.666667461395264,72.10977448477448,34 29 4 39 33 24 30 40 0 38 35 2 47 41 56 14
ilids,9,kiss_k,16,0.1,13,63.333332538604736,72.28054036606667,18 10 40 12 31 1 3 58 19 16 14 20 30 53 41 0
ilids,9,kiss_k,16,1.0,13,64.99999761581421,72.53935185185186,18 10 40 12 31 1 3 58 19 16 14 20 30 53 41 0
ilids,9,kiss_k,16,0.1,14,63.333332538604736,72.63162023162025,19 5 45 50 8 33 4 56 35 17 58 12 46 38 36 13
ilids,9,kiss_k,16,1.0,14,61.666667461395264,71.0537270463741,19 5 45 50 8 33 4 56 35 17 58 12 46 38 36 13
ilids,9,kiss_k,16,0.1,15,61.666667461395264,71.55226717726718,0 39 53 4 24 45 26 40 56 36 28 41 48 44 21 33
ilids,9,kiss_k,16,1.0,15,58.33333134651184,70.23759746588695,0 39 53 4 24 45 26 40 56 36 28 41 48 44 21 33
ilids,9,kiss_k,16,0.1,16,61.666667461395264,73.033222162966,47 30 2 53 17 58 7 4 15 9 42 21 10 57 40 31
ilids,9,kiss_k,16,1.0,16,60.00000238418579,71.80661779897774,47 30 2 53 17 58 7 4 15 9 42 21 10 57 40 31
ilids,9,kiss_k,16,0.1,17,61.666667461395264,72.17668279432986,35 26 28 44 16 46 38 11 34 37 36 9 55 33 54 42
ilids,9,kiss_k,16,1.0,17,63.333332538604736,73.01842297617192,35 26 28 44 16 46 38 11 34 37 36 9 55 33 54 42
ilids,9,kiss_k,16,0.1,18,61.666667461395264,69.97124287749288,1 34 7 20 56 23 46 48 52 37 39 41 54 47 6 19
ilids,9,kiss_k,16,1.0,18,61.666667461395264,69.41454197143852,1 34 7 20 56 23 46 48 52 37 39 41 54 47 6 19
ilids,9,kiss_k,16,0.1,19,64.99999761581421,73.97608772903816,40 3 11 26 21 27 0 17 13 6 20 16 37 34 42 19
ilids,9,kiss_k,16,1.0,19,63.333332538604736,73.40146427646427,40 3 11 26 21 27 0 17 13 6 20 16 37 34 42 19
ilids,9,kiss_k,16,0.1,20,61.666667461395264,71.95898641588296,57 3 18 38 8 43 6 5 47 15 41 11 30 55 33 2
ilids,9,kiss_k,16,1.0,20,61.666667461395264,71.27043422733077,57 3 18 38 8 43 6 5 47 15 41 11 30 55 33 2
ilids,9,kiss_k,16,0.1,21,63.333332538604736,70.97462077976785,13 56 7 46 34 51 50 42 53 15 52 20 3 31 44 16
ilids,9,kiss_k,16,1.0,21,61.666667461395264,70.57672804935115,13 56 7 46 34 51 50 42 53 15 52 20 3 31 44 16
ilids,9,kiss_k,16,0.1,22,60.00000238418579,69.76664261664261,50 43 52 25 45 6 9 41 12 33 44 46 8 20 29 10
ilids,9,kiss_k,16,1.0,22,61.666667461395264,70.157693001443,50 43 52 25 45 6 9 41 12 33 44 46 8 20 29 10
ilids,9,kiss_k,16,0.1,23,61.666667461395264,71.78541974594607,33 6 28 48 22 1 32 31 49 41 42 47 17 45 0 19
ilids,9,kiss_k,16,1.0,23,60.00000238418579,71.41158782681771,33 6 28 48 22 1 32 31 49 41 42 47 17 45 0 19
ilids,9,kiss_k,16,0.1,24,61.666667461395264,70.42681225866211,4 19 52 11 34 7 5 46 51 25 30 48 31 32 3 12
ilids,9,kiss_k,16,1.0,24,61.666667461395264,70.2284897478396,4 19 52 11 34 7 5 46 51 25 30 48 31 32 3 12
ilids,9,kiss_k,16,0.1,25,63.333332538604736,73.43599125664343,10 15 12 6 18 50 31 52 45 13 48 58 22 34 3 0
ilids,9,kiss_k,16,1.0,25,61.666667461395264,73.03790492920928,10 15 12 6 18 50 31 52 45 13 48 58 22 34 3 0
ilids,9,kiss_k,16,0.1,26,63.333332538604736,72.67480042699341,4 43 14 0 31 42 20 46 6 49 57 44 38 36 25 39
ilids,9,kiss_k,16,1.0,26,63.333332538604736,71.81167752001085,4 43 14 0 31 42 20 46 6 49 57 44 38 36 25 39
ilids,9,kiss_k,16,0.1,27,68.33333373069763,75.59776176552492,40 18 10 15 30 20 8 16 4 32 6 21 2 9 7 33
ilids,9,kiss_k,16,1.0,27,63.333332538604736,72.62304965845988,40 18 10 15 30 20 8 16 4 32 6 21 2 9 7 33
ilids,9,kiss_k,16,0.1,28,58.33333134651184,68.60323156375789,10 7 6 17 36 51 21 46 26 50 1 27 55 18 41 5
ilids,9,kiss_k,16,1.0,28,61.666667461395264,70.58924057088657,10 7 6 17 36 51 21 46 26 50 1 27 55 18 41 5
ilids,9,kiss_k,16,0.1,29,63.333332538604736,74.05075141660508,1 18 24 26 43 22 55 29 13 7 34 44 42 54 8 2
ilids,9,kiss_k,16,1.0,29,61.666667461395264,72.59543010752688,1 18 24 26 43 22 55 29 13 7 34 44 42 54 8 2
ilids,9,kiss_k,32,0.1,0,58.33333134651184,70.86781920500985,10 4 20 5 42 29 0 48 57 51 47 22 3 52 8 6 7 31 23 43 34 15 21 56 44 27 54 24 50 16 1 41
ilids,9,kiss_k,32,1.0,0,60.00000238418579,71.91902318111994,10 4 20 5 42 29 0 48 57 51 47 22 3 52 8 6 7 31 23 43 34 15 21 56 44 27 54 24 50 16 1 41
ilids,9,kiss_k,32,0.1,1,63.333332538604736,71.3540008466479,35 25 31 49 56 52 45 58 5 8 34 33 6 26 1 21 36 11 51 12 23 38 27 9 28 47 0 42 29 7 53 41
ilids,9,kiss_k,32,1.0,1,61.666667461395264,70.01125340708673,35 25 31 49 56 52 45 58 5 8 34 33 6 26 1 21 36 11 51 12 23 38 27 9 28 47 0 42 29 7 53 41
ilids,9,kiss_k,32,0.1,2,61.666667461395264,71.25264550264549,35 23 19 8 48 20 57 32 4 3 39 29 30 9 43 58 53 17 40 56 31 2 16 36 5 11 45 52 14 7 24 25
ilids,9,kiss_k,32,1.0,2,60.00000238418579,69.99003375938362,35 23 19 8 48 20 57 32 4 3 39 29 30 9 43 58 53 17 40 56 31 2 16 36 5 11 45 52 14 7 24 25
ilids,9,kiss_k,32,0.1,3,56.66666626930237,67.83307202057203,0 25 29 54 53 41 30 8 58 11 34 33 52 32 26 9 24 6 28 37 17 21 31 44 57 39 27 23 40 50 46 45
ilids,9,kiss_k,32,1.0,3,60.00000238418579,68.9933630372227,0 25 29 54 53 41 30 8 58 11 34 33 52 32 26 9 24 6 28 37 17 21 31 44 57 39 27 23 40 50 46 45
ilids,9,kiss_k,32,0.1,4,64.99999761581421,72.95012626262626,4 0 37 47 40 25 1 51 9 38 11 30 15 20 21 17 52 13 6 50 31 35 46 22 33 58 54 41 36 7 55 19
ilids,9,kiss_k,32,1.0,4,66.66666865348816,73.84412955465585,4 0 37 47 40 25 1 51 9 38 11 30 15 20 21 17 52 13 6 50 31 35 46 22 33 58 54 41 36 7 55 19
ilids,9,kiss_k,32,0.1,5,61.666667461395264,70.66375139681075,57 46 51 7 39 20 26 22 3 19 24 43 15 41 49 5 37 36 6 48 55 45 58 16 14 4 32 27 12 13 21 34
ilids,9,kiss_k,32,1.0,5,58.33333134651184,68.83771416961072,57 46 51 7 39 20 26 22 3 19 24 43 15 41 49 5 37 36 6 48 55 45 58 16 14 4 32 27 12 13 21 34
ilids,9,kiss_k,32,0.1,6,63.333332538604736,74.59742348452026,19 29 6 7 32 36 8 41 44 48 1 30 13 37 17 20 45 3 42 46 31 47 9 27 24 5 12 22 56 35 51 16
ilids,9,kiss_k,32,1.0,6,63.333332538604736,74.60444647944648,19 29 6 7 32 36 8 41 44 48 1 30 13 37 17 20 45 3 42 46 31 47 9 27 24 5 12 22 56 35 51 16
ilids,9,kiss_k,32,0.1,7,63.333332538604736,73.70477207977208,58 30 32 21 38 55 1 20 14 29 46 44 56 39 52 57 42 54 36 43 8 22 35 19 34 10 49 24 9 13 31 5
ilids,9,kiss_k,32,1.0,7,64.99999761581421,75.01073999100316,58 30 32 21 38 55 1 20 14 29 46 44 56 39 52 57 42 54 36 43 8 22 35 19 34 10 49 24 9 13 31 5
ilids,9,kiss_k,32,0.1,8,63.333332538604736,73.48186689198998,58 29 3 44 28 57 19 7 43 46 9 55 47 45 49 26 51 35 22 48 38 23 4 0 39 33 41 52 16 13 53 31
ilids,9,kiss_k,32,1.0,8,64.99999761581421,74.0499333505332,58 29 3 44 28 57 19 7 43 46 9 55 47 45 49 26 51 35 22 48 38 23 4 0 39 33 41 52 16 13 53 31
ilids,9,kiss_k,32,0.1,9,60.00000238418579,70.094063652397,54 55 18 19 13 47 56 42 5 25 38 53 7 26 41 58 35 20 48 45 37 49 29 23 28 30 34 17 51 10 36 27
ilids,9,kiss_k,32,1.0,9,60.00000238418579,69.72067204132422,54 55 18 19 13 47 56 42 5 25 38 53 7 26 41 58 35 20 48 45 37 49 29 23 28 30 34 17 51 10 36 27
ilids,9,kiss_k,32,0.1,10,61.666667461395264,73.26174188969233,10 3 48 19 20 6 50 54 8 52 35 25 40 53 16 26 34 55 41 22 29 2 36 32 24 38 58 23 47 14 43 45
ilids,9,kiss_k,32,1.0,10,63.333332538604736,73.4118716931217,10 3 48 19 20 6 50 54 8 52 35 25 40 53 16 26 34 55 41 22 29 2 36 32 24 38 58 23 47 14 43 45
ilids,9,kiss_k,32,0.1,11,63.333332538604736,72.08870296370297,45 16 58 9 18 15 30 28 1 34 55 13 46 7 42 14 52 19 0 51 56 33 54 41 21 57 32 48 25 27 6 5
ilids,9,kiss_k,32,1.0,11,64.99999761581421,73.0608609546708,45 16 58 9 18 15 30 28 1 34 55 13 46 7 42 14 52 19 0 51 56 33 54 41 21 57 32 48 25 27 6 5
ilids,9,kiss_k,32,0.1,12,61.666667461395264,72.33629444238456,42 11 41 25 28 17 21 13 49 33 35 27 10 14 56 6 45 15 51 38 46 44 20 36 39 12 3 7 53 9 0 48
ilids,9,kiss_k,32,1.0,12,56.66666626930237,69.89823841033517,42 11 41 25 28 17 21 13 49 33 35 27 10 14 56 6 45 15 51 38 46 44 20 36 39 12 3 7 53 9 0 48
ilids,9,kiss_k,32,0.1,13,58.33333134651184,68.87607908660542,42 40 23 44 48 17 38 53 28 6 2 16 46 33 9 19 12 58 35 25 29 27 39 36 24 15 49 26 14 8 41 22
ilids,9,kiss_k,32,1.0,13,56.66666626930237,68.00240183792816,42 40 23 44 48 17 38 53 28 6 2 16 46 33 9 19 12 58 35 25 29 27 39 36 24 15 49 26 14 8 41 22
ilids,9,kiss_k,32,0.1,14,58.33333134651184,70.06157653419962,32 53 44 57 54 29 15 25 10 26 45 36 4 14 9 40 56 21 12 51 52 19 23 39 16 27 55 49 34 2 28 13
ilids,9,kiss_k,32,1.0,14,63.333332538604736,72.06332671957672,32 53 44 57 54 29 15 25 10 26 45 36 4 14 9 40 56 21 12 51 52 19 23 39 16 27 55 49 34 2 28 13
ilids,9,kiss_k,32,0.1,15,64.99999761581421,73.38605838605841,6 34 8 58 0 41 35 5 27 38 28 47 32 11 31 52 57 4 22 53 40 49 21 20 36 24 30 39 51 44 15 23
ilids,9,kiss_k,32,1.0,15,63.333332538604736,72.51416947250281,6 34 8 58 0 41 35 5 27 38 28 47 32 11 31 52 57 4 22 53 40 49 21 20 36 24 30 39 51 44 15 23
ilids,9,kiss_k,32,0.1,16,56.66666626930237,67.62696939999573,34 4 52 37 22 35 1 0 42 25 26 6 51 8 44 49 48 11 3 53 47 2 56 10 12 41 7 46 45 58 38 33
ilids,9,kiss_k,32,1.0,16,58.33333134651184,68.85148323086922,34 4 52 37 22 35 1 0 42 25 26 6 51 8 44 49 48 11 3 53 47 2 56 10 12 41 7 46 45 58 38 33
ilids,9,kiss_k,32,0.1,17,64.99999761581421,73.40065027565028,5 13 56 39 52 17 27 37 50 26 55 49 16 43 7 47 34 51 15 44 21 30 35 40 18 41 12 23 14 4 28 57
ilids,9,kiss_k,32,1.0,17,64.99999761581421,72.79396675449308,5 13 56 39 52 17 27 37 50 26 55 49 16 43 7 47 34 51 15 44 21 30 35 40 18 41 12 23 14 4 28 57
ilids,9,kiss_k,32,0.1,18,63.333332538604736,73.20459401709401,13 3 35 46 45 17 49 4 9 10 14 21 16 51 52 39 53 44 40 32 18 47 20 1 37 31 42 25 6 38 28 19
ilids,9,kiss_k,32,1.0,18,58.33333134651184,70.51381720131721,13 3 35 46 45 17 49 4 9 10 14 21 16 51 52 39 53 44 40 32 18 47 20 1 37 31 42 25 6 38 28 19
ilids,9,kiss_k,32,0.1,19,61.666667461395264,72.52867648920281,20 6 27 23 25 30 24 26 40 37 56 35 12 54 41 44 13 28 50 1 57 45 16 32 43 2 58 38 29 11 55 18
ilids,9,kiss_k,32,1.0,19,64.99999761581421,74.17186048542786,20 6 27 23 25 30 24 26 40 37 56 35 12 54 41 44 13 28 50 1 57 45 16 32 43 2 58 38 29 11 55 18
ilids,9,kiss_k,32,0.1,20,66.66666865348816,75.00270061728396,28 9 20 26 10 49 3 14 39 42 56 51 48 15 45 22 21 35 52 41 53 57 4 58 40 32 31 8 17 29 2 7
ilids,9,kiss_k,32,1.0,20,68.33333373069763,75.26908660716377,28 9 20 26 10 49 3 14 39 42 56 51 48 15 45 22 21 35 52 41 53 57 4 58 40 32 31 8 17 29 2 7
ilids,9,kiss_k,32,0.1,21,64.99999761581421,73.4732140982141,49 19 20 29 33 11 0 21 39 45 47 32 36 52 28 37 55 8 42 4 40 46 2 5 17 26 58 10 6 25 57 44
ilids,9,kiss_k,32,1.0,21,66.66666865348816,74.2466514966515,49 19 20 29 33 11 0 21 39 45 47 32 36 52 28 37 55 8 42 4 40 46 2 5 17 26 58 10 6 25 57 44
ilids,9,kiss_k,32,0.1,22,63.333332538604736,74.71002331002332,13 48 55 22 23 34 47 40 43 33 30 2 24 20 1 5 46 54 25 58 28 32 41 53 36 21 9 11 57 38 0 42
ilids,9,kiss_k,32,1.0,22,63.333332538604736,74.5075875747599,13 48 55 22 23 34 47 40 43 33 30 2 24 20 1 5 46 54 25 58 28 32 41 53 36 21 9 11 57 38 0 42
ilids,9,kiss_k,32,0.1,23,63.333332538604736,73.57790721652646,56 49 50 4 45 32 36 13 1 2 12 31 15 47 52 11 28 29 54 35 9 42 6 30 7 34 3 10 33 58 24 40
ilids,9,kiss_k,32,1.0,23,61.666667461395264,72.63170077972708,56 49 50 4 45 32 36 13 1 2 12 31 15 47 52 11 28 29 54 35 9 42 6 30 7 34 3 10 33 58 24 40
ilids,9,kiss_k,32,0.1,24,63.333332538604736,71.4486331569665,16 36 10 6 5 35 7 55 46 29 37 42 33 58 2 44 43 4 47 18 45 34 13 24 25 50 54 12 14 8 56 32
ilids,9,kiss_k,32,1.0,24,61.666667461395264,70.83394383394382,16 36 10 6 5 35 7 55 46 29 37 42 33 58 2 44 43 4 47 18 45 34 13 24 25 50 54 12 14 8 56 32
ilids,9,kiss_k,32,0.1,25,66.66666865348816,74.45310245310246,42 20 2 10 28 56 25 8 3 21 23 29 22 19 18 5 31 6 12 38 48 27 40 26 50 15 51 37 46 47 32 57
ilids,9,kiss_k,32,1.0,25,68.33333373069763,75.57767910384192,42 20 2 10 28 56 25 8 3 21 23 29 22 19 18 5 31 6 12 38 48 27 40 26 50 15 51 37 46 47 32 57
ilids,9,kiss_k,32,0.1,26,61.666667461395264,72.37797144376093,30 55 40 4 15 44 2 49 28 31 38 11 54 48 9 7 5 37 58 36 21 57 10 26 8 50 13 22 16 53 56 25
ilids,9,kiss_k,32,1.0,26,63.333332538604736,73.26937876937876,30 55 40 4 15 44 2 49 28 31 38 11 54 48 9 7 5 37 58 36 21 57 10 26 8 50 13 22 16 53 56 25
ilids,9,kiss_k,32,0.1,27,61.666667461395264,70.0946499153021,6 16 39 3 36 14 4 47 43 23 26 1 11 8 33 38 28 40 41 10 29 0 20 56 48 31 57 50 18 55 44 12
ilids,9,kiss_k,32,1.0,27,61.666667461395264,70.67651515151515,6 16 39 3 36 14 4 47 43 23 26 1 11 8 33 38 28 40 41 10 29 0 20 56 48 31 57 50 18 55 44 12
ilids,9,kiss_k,32,0.1,28,66.66666865348816,74.39228279030911,9 0 55 6 26 22 4 34 7 56 50 11 10 32 33 15 53 43 12 23 31 27 20 36 52 54 58 29 35 25 28 57
ilids,9,kiss_k,32,1.0,28,63.333332538604736,72.25271869837087,9 0 55 6 26 22 4 34 7 56 50 11 10 32 33 15 53 43 12 23 31 27 20 36 52 54 58 29 35 25 28 57
ilids,9,kiss_k,32,0.1,29,60.00000238418579,69.32158260699282,0 19 43 23 52 1 8 35 6 54 56 2 48 41 44 4 5 33 28 20 7 17 30 57 25 27 38 40 37 9 46 51
ilids,9,kiss_k,32,1.0,29,60.00000238418579,69.5377282877283,0 19 43 23 52 1 8 35 6 54 56 2 48 41 44 4 5 33 28 20 7 17 30 57 25 27 38 40 37 9 46 51
